file,track_id,genre,split
/scratch/pdoshi/audio_comp/home_migrated/audio_comp_data/raw/fma_small/000/000002.mp3,000002,Hip-Hop,training
/scratch/pdoshi/audio_comp/home_migrated/audio_comp_data/raw/fma_small/000/000005.mp3,000005,Hip-Hop,training
/scratch/pdoshi/audio_comp/home_migrated/audio_comp_data/raw/fma_small/000/000010.mp3,000010,Pop,training
/scratch/pdoshi/audio_comp/home_migrated/audio_comp_data/raw/fma_small/000/000140.mp3,000140,Folk,training
/scratch/pdoshi/audio_comp/home_migrated/audio_comp_data/raw/fma_small/000/000141.mp3,000141,Folk,training
/scratch/pdoshi/audio_comp/home_migrated/audio_comp_data/raw/fma_small/000/000148.mp3,000148,Experimental,validation
/scratch/pdoshi/audio_comp/home_migrated/audio_comp_data/raw/fma_small/000/000182.mp3,000182,Rock,test
/scratch/pdoshi/audio_comp/home_migrated/audio_comp_data/raw/fma_small/000/000190.mp3,000190,Folk,training
/scratch/pdoshi/audio_comp/home_migrated/audio_comp_data/raw/fma_small/000/000193.mp3,000193,Folk,training
/scratch/pdoshi/audio_comp/home_migrated/audio_comp_data/raw/fma_small/000/000194.mp3,000194,Folk,training
/scratch/pdoshi/audio_comp/home_migrated/audio_comp_data/raw/fma_small/000/000197.mp3,000197,Folk,training
/scratch/pdoshi/audio_comp/home_migrated/audio_comp_data/raw/fma_small/000/000200.mp3,000200,Folk,training
/scratch/pdoshi/audio_comp/home_migrated/audio_comp_data/raw/fma_small/000/000203.mp3,000203,Folk,training
/scratch/pdoshi/audio_comp/home_migrated/audio_comp_data/raw/fma_small/000/000204.mp3,000204,Folk,training
/scratch/pdoshi/audio_comp/home_migrated/audio_comp_data/raw/fma_small/000/000207.mp3,000207,Folk,training
/scratch/pdoshi/audio_comp/home_migrated/audio_comp_data/raw/fma_small/000/000210.mp3,000210,Folk,training
/scratch/pdoshi/audio_comp/home_migrated/audio_comp_data/raw/fma_small/000/000211.mp3,000211,Folk,training
/scratch/pdoshi/audio_comp/home_migrated/audio_comp_data/raw/fma_small/000/000212.mp3,000212,Folk,training
/scratch/pdoshi/audio_comp/home_migrated/audio_comp_data/raw/fma_small/000/000213.mp3,000213,Pop,training
/scratch/pdoshi/audio_comp/home_migrated/audio_comp_data/raw/fma_small/000/000255.mp3,000255,Rock,training
/scratch/pdoshi/audio_comp/home_migrated/audio_comp_data/raw/fma_small/000/000256.mp3,000256,Rock,training
/scratch/pdoshi/audio_comp/home_migrated/audio_comp_data/raw/fma_small/000/000368.mp3,000368,Rock,training
/scratch/pdoshi/audio_comp/home_migrated/audio_comp_data/raw/fma_small/000/000424.mp3,000424,Experimental,training
/scratch/pdoshi/audio_comp/home_migrated/audio_comp_data/raw/fma_small/000/000459.mp3,000459,Rock,validation
/scratch/pdoshi/audio_comp/home_migrated/audio_comp_data/raw/fma_small/000/000534.mp3,000534,Folk,training
/scratch/pdoshi/audio_comp/home_migrated/audio_comp_data/raw/fma_small/000/000540.mp3,000540,Folk,training
/scratch/pdoshi/audio_comp/home_migrated/audio_comp_data/raw/fma_small/000/000546.mp3,000546,Folk,training
/scratch/pdoshi/audio_comp/home_migrated/audio_comp_data/raw/fma_small/000/000574.mp3,000574,Rock,training
/scratch/pdoshi/audio_comp/home_migrated/audio_comp_data/raw/fma_small/000/000602.mp3,000602,Folk,validation
/scratch/pdoshi/audio_comp/home_migrated/audio_comp_data/raw/fma_small/000/000615.mp3,000615,Experimental,training
/scratch/pdoshi/audio_comp/home_migrated/audio_comp_data/raw/fma_small/000/000620.mp3,000620,Folk,training
/scratch/pdoshi/audio_comp/home_migrated/audio_comp_data/raw/fma_small/000/000621.mp3,000621,Folk,training
/scratch/pdoshi/audio_comp/home_migrated/audio_comp_data/raw/fma_small/000/000625.mp3,000625,Folk,training
/scratch/pdoshi/audio_comp/home_migrated/audio_comp_data/raw/fma_small/000/000666.mp3,000666,International,training
/scratch/pdoshi/audio_comp/home_migrated/audio_comp_data/raw/fma_small/000/000667.mp3,000667,International,training
/scratch/pdoshi/audio_comp/home_migrated/audio_comp_data/raw/fma_small/000/000676.mp3,000676,Hip-Hop,training
/scratch/pdoshi/audio_comp/home_migrated/audio_comp_data/raw/fma_small/000/000690.mp3,000690,Rock,validation
/scratch/pdoshi/audio_comp/home_migrated/audio_comp_data/raw/fma_small/000/000694.mp3,000694,Hip-Hop,training
/scratch/pdoshi/audio_comp/home_migrated/audio_comp_data/raw/fma_small/000/000695.mp3,000695,Hip-Hop,training
/scratch/pdoshi/audio_comp/home_migrated/audio_comp_data/raw/fma_small/000/000704.mp3,000704,International,test
/scratch/pdoshi/audio_comp/home_migrated/audio_comp_data/raw/fma_small/000/000705.mp3,000705,International,test
/scratch/pdoshi/audio_comp/home_migrated/audio_comp_data/raw/fma_small/000/000706.mp3,000706,International,test
/scratch/pdoshi/audio_comp/home_migrated/audio_comp_data/raw/fma_small/000/000707.mp3,000707,International,test
/scratch/pdoshi/audio_comp/home_migrated/audio_comp_data/raw/fma_small/000/000708.mp3,000708,International,test
/scratch/pdoshi/audio_comp/home_migrated/audio_comp_data/raw/fma_small/000/000709.mp3,000709,International,test
/scratch/pdoshi/audio_comp/home_migrated/audio_comp_data/raw/fma_small/000/000714.mp3,000714,Folk,training
/scratch/pdoshi/audio_comp/home_migrated/audio_comp_data/raw/fma_small/000/000715.mp3,000715,Folk,training
/scratch/pdoshi/audio_comp/home_migrated/audio_comp_data/raw/fma_small/000/000716.mp3,000716,Folk,training
/scratch/pdoshi/audio_comp/home_migrated/audio_comp_data/raw/fma_small/000/000718.mp3,000718,Folk,training
/scratch/pdoshi/audio_comp/home_migrated/audio_comp_data/raw/fma_small/000/000777.mp3,000777,Rock,training
/scratch/pdoshi/audio_comp/home_migrated/audio_comp_data/raw/fma_small/000/000814.mp3,000814,Folk,training
/scratch/pdoshi/audio_comp/home_migrated/audio_comp_data/raw/fma_small/000/000821.mp3,000821,Pop,training
/scratch/pdoshi/audio_comp/home_migrated/audio_comp_data/raw/fma_small/000/000822.mp3,000822,Pop,training
/scratch/pdoshi/audio_comp/home_migrated/audio_comp_data/raw/fma_small/000/000825.mp3,000825,Rock,training
/scratch/pdoshi/audio_comp/home_migrated/audio_comp_data/raw/fma_small/000/000853.mp3,000853,International,training
/scratch/pdoshi/audio_comp/home_migrated/audio_comp_data/raw/fma_small/000/000890.mp3,000890,Folk,test
/scratch/pdoshi/audio_comp/home_migrated/audio_comp_data/raw/fma_small/000/000892.mp3,000892,Folk,test
/scratch/pdoshi/audio_comp/home_migrated/audio_comp_data/raw/fma_small/000/000897.mp3,000897,Experimental,training
/scratch/pdoshi/audio_comp/home_migrated/audio_comp_data/raw/fma_small/000/000993.mp3,000993,Rock,validation
/scratch/pdoshi/audio_comp/home_migrated/audio_comp_data/raw/fma_small/000/000995.mp3,000995,Experimental,training
/scratch/pdoshi/audio_comp/home_migrated/audio_comp_data/raw/fma_small/000/000997.mp3,000997,Experimental,training
/scratch/pdoshi/audio_comp/home_migrated/audio_comp_data/raw/fma_small/000/000998.mp3,000998,Experimental,training
/scratch/pdoshi/audio_comp/home_migrated/audio_comp_data/raw/fma_small/001/001039.mp3,001039,Rock,training
/scratch/pdoshi/audio_comp/home_migrated/audio_comp_data/raw/fma_small/001/001040.mp3,001040,Rock,training
/scratch/pdoshi/audio_comp/home_migrated/audio_comp_data/raw/fma_small/001/001066.mp3,001066,Experimental,test
/scratch/pdoshi/audio_comp/home_migrated/audio_comp_data/raw/fma_small/001/001069.mp3,001069,Experimental,test
/scratch/pdoshi/audio_comp/home_migrated/audio_comp_data/raw/fma_small/001/001073.mp3,001073,Experimental,test
/scratch/pdoshi/audio_comp/home_migrated/audio_comp_data/raw/fma_small/001/001075.mp3,001075,Experimental,test
/scratch/pdoshi/audio_comp/home_migrated/audio_comp_data/raw/fma_small/001/001082.mp3,001082,International,training
/scratch/pdoshi/audio_comp/home_migrated/audio_comp_data/raw/fma_small/001/001083.mp3,001083,Experimental,training
/scratch/pdoshi/audio_comp/home_migrated/audio_comp_data/raw/fma_small/001/001087.mp3,001087,Rock,validation
/scratch/pdoshi/audio_comp/home_migrated/audio_comp_data/raw/fma_small/001/001102.mp3,001102,Rock,training
/scratch/pdoshi/audio_comp/home_migrated/audio_comp_data/raw/fma_small/001/001193.mp3,001193,Folk,training
/scratch/pdoshi/audio_comp/home_migrated/audio_comp_data/raw/fma_small/001/001195.mp3,001195,Folk,training
/scratch/pdoshi/audio_comp/home_migrated/audio_comp_data/raw/fma_small/001/001196.mp3,001196,Folk,training
/scratch/pdoshi/audio_comp/home_migrated/audio_comp_data/raw/fma_small/001/001197.mp3,001197,Folk,training
/scratch/pdoshi/audio_comp/home_migrated/audio_comp_data/raw/fma_small/001/001249.mp3,001249,Experimental,test
/scratch/pdoshi/audio_comp/home_migrated/audio_comp_data/raw/fma_small/001/001259.mp3,001259,Experimental,test
/scratch/pdoshi/audio_comp/home_migrated/audio_comp_data/raw/fma_small/001/001270.mp3,001270,Rock,training
/scratch/pdoshi/audio_comp/home_migrated/audio_comp_data/raw/fma_small/001/001276.mp3,001276,Experimental,training
/scratch/pdoshi/audio_comp/home_migrated/audio_comp_data/raw/fma_small/001/001277.mp3,001277,Experimental,training
/scratch/pdoshi/audio_comp/home_migrated/audio_comp_data/raw/fma_small/001/001278.mp3,001278,Experimental,training
/scratch/pdoshi/audio_comp/home_migrated/audio_comp_data/raw/fma_small/001/001417.mp3,001417,Rock,training
/scratch/pdoshi/audio_comp/home_migrated/audio_comp_data/raw/fma_small/001/001427.mp3,001427,Rock,training
/scratch/pdoshi/audio_comp/home_migrated/audio_comp_data/raw/fma_small/001/001443.mp3,001443,Experimental,training
/scratch/pdoshi/audio_comp/home_migrated/audio_comp_data/raw/fma_small/001/001482.mp3,001482,Electronic,training
/scratch/pdoshi/audio_comp/home_migrated/audio_comp_data/raw/fma_small/001/001510.mp3,001510,Experimental,training
/scratch/pdoshi/audio_comp/home_migrated/audio_comp_data/raw/fma_small/001/001544.mp3,001544,Folk,training
/scratch/pdoshi/audio_comp/home_migrated/audio_comp_data/raw/fma_small/001/001642.mp3,001642,Pop,training
/scratch/pdoshi/audio_comp/home_migrated/audio_comp_data/raw/fma_small/001/001644.mp3,001644,Pop,training
/scratch/pdoshi/audio_comp/home_migrated/audio_comp_data/raw/fma_small/001/001649.mp3,001649,Pop,training
/scratch/pdoshi/audio_comp/home_migrated/audio_comp_data/raw/fma_small/001/001661.mp3,001661,Pop,training
/scratch/pdoshi/audio_comp/home_migrated/audio_comp_data/raw/fma_small/001/001663.mp3,001663,Pop,training
/scratch/pdoshi/audio_comp/home_migrated/audio_comp_data/raw/fma_small/001/001666.mp3,001666,Pop,training
/scratch/pdoshi/audio_comp/home_migrated/audio_comp_data/raw/fma_small/001/001673.mp3,001673,Experimental,training
/scratch/pdoshi/audio_comp/home_migrated/audio_comp_data/raw/fma_small/001/001680.mp3,001680,International,training
/scratch/pdoshi/audio_comp/home_migrated/audio_comp_data/raw/fma_small/001/001681.mp3,001681,International,training
/scratch/pdoshi/audio_comp/home_migrated/audio_comp_data/raw/fma_small/001/001682.mp3,001682,International,training
/scratch/pdoshi/audio_comp/home_migrated/audio_comp_data/raw/fma_small/001/001683.mp3,001683,International,training
/scratch/pdoshi/audio_comp/home_migrated/audio_comp_data/raw/fma_small/001/001684.mp3,001684,International,training
/scratch/pdoshi/audio_comp/home_migrated/audio_comp_data/raw/fma_small/001/001685.mp3,001685,International,training
/scratch/pdoshi/audio_comp/home_migrated/audio_comp_data/raw/fma_small/001/001686.mp3,001686,International,training
/scratch/pdoshi/audio_comp/home_migrated/audio_comp_data/raw/fma_small/001/001687.mp3,001687,International,training
/scratch/pdoshi/audio_comp/home_migrated/audio_comp_data/raw/fma_small/001/001688.mp3,001688,International,training
/scratch/pdoshi/audio_comp/home_migrated/audio_comp_data/raw/fma_small/001/001689.mp3,001689,International,training
/scratch/pdoshi/audio_comp/home_migrated/audio_comp_data/raw/fma_small/001/001701.mp3,001701,Folk,training
/scratch/pdoshi/audio_comp/home_migrated/audio_comp_data/raw/fma_small/001/001702.mp3,001702,Folk,training
/scratch/pdoshi/audio_comp/home_migrated/audio_comp_data/raw/fma_small/001/001703.mp3,001703,Folk,training
/scratch/pdoshi/audio_comp/home_migrated/audio_comp_data/raw/fma_small/001/001704.mp3,001704,Folk,training
/scratch/pdoshi/audio_comp/home_migrated/audio_comp_data/raw/fma_small/001/001706.mp3,001706,Rock,training
/scratch/pdoshi/audio_comp/home_migrated/audio_comp_data/raw/fma_small/001/001720.mp3,001720,Rock,training
/scratch/pdoshi/audio_comp/home_migrated/audio_comp_data/raw/fma_small/001/001732.mp3,001732,Experimental,training
/scratch/pdoshi/audio_comp/home_migrated/audio_comp_data/raw/fma_small/001/001733.mp3,001733,Experimental,training
/scratch/pdoshi/audio_comp/home_migrated/audio_comp_data/raw/fma_small/001/001735.mp3,001735,Experimental,training
/scratch/pdoshi/audio_comp/home_migrated/audio_comp_data/raw/fma_small/001/001736.mp3,001736,Experimental,training
/scratch/pdoshi/audio_comp/home_migrated/audio_comp_data/raw/fma_small/001/001883.mp3,001883,Rock,training
/scratch/pdoshi/audio_comp/home_migrated/audio_comp_data/raw/fma_small/001/001891.mp3,001891,Rock,training
/scratch/pdoshi/audio_comp/home_migrated/audio_comp_data/raw/fma_small/001/001893.mp3,001893,Folk,validation
/scratch/pdoshi/audio_comp/home_migrated/audio_comp_data/raw/fma_small/001/001924.mp3,001924,Folk,training
/scratch/pdoshi/audio_comp/home_migrated/audio_comp_data/raw/fma_small/001/001925.mp3,001925,Folk,training
/scratch/pdoshi/audio_comp/home_migrated/audio_comp_data/raw/fma_small/001/001929.mp3,001929,Experimental,training
/scratch/pdoshi/audio_comp/home_migrated/audio_comp_data/raw/fma_small/001/001930.mp3,001930,Rock,training
/scratch/pdoshi/audio_comp/home_migrated/audio_comp_data/raw/fma_small/002/002012.mp3,002012,Experimental,validation
/scratch/pdoshi/audio_comp/home_migrated/audio_comp_data/raw/fma_small/002/002096.mp3,002096,Experimental,training
/scratch/pdoshi/audio_comp/home_migrated/audio_comp_data/raw/fma_small/002/002097.mp3,002097,Folk,training
/scratch/pdoshi/audio_comp/home_migrated/audio_comp_data/raw/fma_small/002/002099.mp3,002099,Pop,training
/scratch/pdoshi/audio_comp/home_migrated/audio_comp_data/raw/fma_small/003/003263.mp3,003263,Folk,validation
/scratch/pdoshi/audio_comp/home_migrated/audio_comp_data/raw/fma_small/003/003264.mp3,003264,Folk,validation
/scratch/pdoshi/audio_comp/home_migrated/audio_comp_data/raw/fma_small/003/003265.mp3,003265,Folk,validation
/scratch/pdoshi/audio_comp/home_migrated/audio_comp_data/raw/fma_small/003/003266.mp3,003266,Folk,validation
/scratch/pdoshi/audio_comp/home_migrated/audio_comp_data/raw/fma_small/003/003270.mp3,003270,Folk,training
/scratch/pdoshi/audio_comp/home_migrated/audio_comp_data/raw/fma_small/003/003271.mp3,003271,Folk,training
/scratch/pdoshi/audio_comp/home_migrated/audio_comp_data/raw/fma_small/003/003272.mp3,003272,Folk,training
/scratch/pdoshi/audio_comp/home_migrated/audio_comp_data/raw/fma_small/003/003273.mp3,003273,Folk,training
/scratch/pdoshi/audio_comp/home_migrated/audio_comp_data/raw/fma_small/003/003274.mp3,003274,Folk,training
/scratch/pdoshi/audio_comp/home_migrated/audio_comp_data/raw/fma_small/003/003492.mp3,003492,Rock,training
/scratch/pdoshi/audio_comp/home_migrated/audio_comp_data/raw/fma_small/003/003532.mp3,003532,Pop,training
/scratch/pdoshi/audio_comp/home_migrated/audio_comp_data/raw/fma_small/003/003533.mp3,003533,Pop,training
/scratch/pdoshi/audio_comp/home_migrated/audio_comp_data/raw/fma_small/003/003534.mp3,003534,Pop,training
/scratch/pdoshi/audio_comp/home_migrated/audio_comp_data/raw/fma_small/003/003535.mp3,003535,Pop,training
/scratch/pdoshi/audio_comp/home_migrated/audio_comp_data/raw/fma_small/003/003537.mp3,003537,Pop,training
/scratch/pdoshi/audio_comp/home_migrated/audio_comp_data/raw/fma_small/003/003538.mp3,003538,Pop,training
/scratch/pdoshi/audio_comp/home_migrated/audio_comp_data/raw/fma_small/003/003573.mp3,003573,Electronic,training
/scratch/pdoshi/audio_comp/home_migrated/audio_comp_data/raw/fma_small/003/003598.mp3,003598,Folk,training
/scratch/pdoshi/audio_comp/home_migrated/audio_comp_data/raw/fma_small/003/003624.mp3,003624,Rock,test
/scratch/pdoshi/audio_comp/home_migrated/audio_comp_data/raw/fma_small/003/003707.mp3,003707,Folk,training
/scratch/pdoshi/audio_comp/home_migrated/audio_comp_data/raw/fma_small/003/003708.mp3,003708,Folk,training
/scratch/pdoshi/audio_comp/home_migrated/audio_comp_data/raw/fma_small/003/003720.mp3,003720,Rock,training
/scratch/pdoshi/audio_comp/home_migrated/audio_comp_data/raw/fma_small/003/003721.mp3,003721,Rock,training
/scratch/pdoshi/audio_comp/home_migrated/audio_comp_data/raw/fma_small/003/003722.mp3,003722,Rock,training
/scratch/pdoshi/audio_comp/home_migrated/audio_comp_data/raw/fma_small/003/003724.mp3,003724,Rock,training
/scratch/pdoshi/audio_comp/home_migrated/audio_comp_data/raw/fma_small/003/003725.mp3,003725,Rock,training
/scratch/pdoshi/audio_comp/home_migrated/audio_comp_data/raw/fma_small/003/003761.mp3,003761,Rock,training
/scratch/pdoshi/audio_comp/home_migrated/audio_comp_data/raw/fma_small/003/003762.mp3,003762,Rock,training
/scratch/pdoshi/audio_comp/home_migrated/audio_comp_data/raw/fma_small/003/003763.mp3,003763,Rock,training
/scratch/pdoshi/audio_comp/home_migrated/audio_comp_data/raw/fma_small/003/003765.mp3,003765,Rock,training
/scratch/pdoshi/audio_comp/home_migrated/audio_comp_data/raw/fma_small/003/003766.mp3,003766,Rock,training
/scratch/pdoshi/audio_comp/home_migrated/audio_comp_data/raw/fma_small/003/003775.mp3,003775,International,training
/scratch/pdoshi/audio_comp/home_migrated/audio_comp_data/raw/fma_small/003/003776.mp3,003776,International,training
/scratch/pdoshi/audio_comp/home_migrated/audio_comp_data/raw/fma_small/003/003777.mp3,003777,International,training
/scratch/pdoshi/audio_comp/home_migrated/audio_comp_data/raw/fma_small/003/003778.mp3,003778,International,training
/scratch/pdoshi/audio_comp/home_migrated/audio_comp_data/raw/fma_small/003/003779.mp3,003779,International,training
/scratch/pdoshi/audio_comp/home_migrated/audio_comp_data/raw/fma_small/003/003832.mp3,003832,Folk,training
/scratch/pdoshi/audio_comp/home_migrated/audio_comp_data/raw/fma_small/003/003833.mp3,003833,Rock,training
/scratch/pdoshi/audio_comp/home_migrated/audio_comp_data/raw/fma_small/003/003840.mp3,003840,Rock,training
/scratch/pdoshi/audio_comp/home_migrated/audio_comp_data/raw/fma_small/003/003880.mp3,003880,Folk,training
/scratch/pdoshi/audio_comp/home_migrated/audio_comp_data/raw/fma_small/003/003895.mp3,003895,International,training
/scratch/pdoshi/audio_comp/home_migrated/audio_comp_data/raw/fma_small/003/003896.mp3,003896,International,training
/scratch/pdoshi/audio_comp/home_migrated/audio_comp_data/raw/fma_small/003/003904.mp3,003904,Folk,training
/scratch/pdoshi/audio_comp/home_migrated/audio_comp_data/raw/fma_small/003/003905.mp3,003905,Folk,training
/scratch/pdoshi/audio_comp/home_migrated/audio_comp_data/raw/fma_small/003/003906.mp3,003906,Folk,training
/scratch/pdoshi/audio_comp/home_migrated/audio_comp_data/raw/fma_small/003/003908.mp3,003908,Folk,training
/scratch/pdoshi/audio_comp/home_migrated/audio_comp_data/raw/fma_small/003/003909.mp3,003909,Folk,training
/scratch/pdoshi/audio_comp/home_migrated/audio_comp_data/raw/fma_small/003/003910.mp3,003910,Folk,training
/scratch/pdoshi/audio_comp/home_migrated/audio_comp_data/raw/fma_small/003/003911.mp3,003911,Folk,training
/scratch/pdoshi/audio_comp/home_migrated/audio_comp_data/raw/fma_small/003/003912.mp3,003912,Folk,training
/scratch/pdoshi/audio_comp/home_migrated/audio_comp_data/raw/fma_small/003/003913.mp3,003913,Folk,training
/scratch/pdoshi/audio_comp/home_migrated/audio_comp_data/raw/fma_small/003/003920.mp3,003920,Folk,training
/scratch/pdoshi/audio_comp/home_migrated/audio_comp_data/raw/fma_small/003/003921.mp3,003921,Folk,training
/scratch/pdoshi/audio_comp/home_migrated/audio_comp_data/raw/fma_small/003/003950.mp3,003950,Rock,training
/scratch/pdoshi/audio_comp/home_migrated/audio_comp_data/raw/fma_small/004/004013.mp3,004013,Folk,training
/scratch/pdoshi/audio_comp/home_migrated/audio_comp_data/raw/fma_small/004/004017.mp3,004017,Folk,training
/scratch/pdoshi/audio_comp/home_migrated/audio_comp_data/raw/fma_small/004/004022.mp3,004022,Rock,validation
/scratch/pdoshi/audio_comp/home_migrated/audio_comp_data/raw/fma_small/004/004037.mp3,004037,Folk,training
/scratch/pdoshi/audio_comp/home_migrated/audio_comp_data/raw/fma_small/004/004066.mp3,004066,Folk,training
/scratch/pdoshi/audio_comp/home_migrated/audio_comp_data/raw/fma_small/004/004067.mp3,004067,Folk,training
/scratch/pdoshi/audio_comp/home_migrated/audio_comp_data/raw/fma_small/004/004068.mp3,004068,Folk,training
/scratch/pdoshi/audio_comp/home_migrated/audio_comp_data/raw/fma_small/004/004069.mp3,004069,Folk,training
/scratch/pdoshi/audio_comp/home_migrated/audio_comp_data/raw/fma_small/004/004070.mp3,004070,International,training
/scratch/pdoshi/audio_comp/home_migrated/audio_comp_data/raw/fma_small/004/004071.mp3,004071,International,training
/scratch/pdoshi/audio_comp/home_migrated/audio_comp_data/raw/fma_small/004/004072.mp3,004072,International,training
/scratch/pdoshi/audio_comp/home_migrated/audio_comp_data/raw/fma_small/004/004073.mp3,004073,International,training
/scratch/pdoshi/audio_comp/home_migrated/audio_comp_data/raw/fma_small/004/004074.mp3,004074,International,training
/scratch/pdoshi/audio_comp/home_migrated/audio_comp_data/raw/fma_small/004/004075.mp3,004075,International,training
/scratch/pdoshi/audio_comp/home_migrated/audio_comp_data/raw/fma_small/004/004076.mp3,004076,International,training
/scratch/pdoshi/audio_comp/home_migrated/audio_comp_data/raw/fma_small/004/004077.mp3,004077,International,training
/scratch/pdoshi/audio_comp/home_migrated/audio_comp_data/raw/fma_small/004/004078.mp3,004078,International,training
/scratch/pdoshi/audio_comp/home_migrated/audio_comp_data/raw/fma_small/004/004079.mp3,004079,International,training
/scratch/pdoshi/audio_comp/home_migrated/audio_comp_data/raw/fma_small/004/004080.mp3,004080,International,training
/scratch/pdoshi/audio_comp/home_migrated/audio_comp_data/raw/fma_small/004/004091.mp3,004091,International,training
/scratch/pdoshi/audio_comp/home_migrated/audio_comp_data/raw/fma_small/004/004092.mp3,004092,International,training
/scratch/pdoshi/audio_comp/home_migrated/audio_comp_data/raw/fma_small/004/004093.mp3,004093,International,training
/scratch/pdoshi/audio_comp/home_migrated/audio_comp_data/raw/fma_small/004/004094.mp3,004094,International,training
/scratch/pdoshi/audio_comp/home_migrated/audio_comp_data/raw/fma_small/004/004095.mp3,004095,International,training
/scratch/pdoshi/audio_comp/home_migrated/audio_comp_data/raw/fma_small/004/004096.mp3,004096,International,training
/scratch/pdoshi/audio_comp/home_migrated/audio_comp_data/raw/fma_small/004/004097.mp3,004097,International,training
/scratch/pdoshi/audio_comp/home_migrated/audio_comp_data/raw/fma_small/004/004098.mp3,004098,International,training
/scratch/pdoshi/audio_comp/home_migrated/audio_comp_data/raw/fma_small/004/004099.mp3,004099,International,training
/scratch/pdoshi/audio_comp/home_migrated/audio_comp_data/raw/fma_small/004/004100.mp3,004100,International,training
/scratch/pdoshi/audio_comp/home_migrated/audio_comp_data/raw/fma_small/004/004101.mp3,004101,International,training
/scratch/pdoshi/audio_comp/home_migrated/audio_comp_data/raw/fma_small/004/004102.mp3,004102,International,training
/scratch/pdoshi/audio_comp/home_migrated/audio_comp_data/raw/fma_small/004/004103.mp3,004103,International,training
/scratch/pdoshi/audio_comp/home_migrated/audio_comp_data/raw/fma_small/004/004108.mp3,004108,Rock,test
/scratch/pdoshi/audio_comp/home_migrated/audio_comp_data/raw/fma_small/004/004232.mp3,004232,International,training
/scratch/pdoshi/audio_comp/home_migrated/audio_comp_data/raw/fma_small/004/004233.mp3,004233,International,training
/scratch/pdoshi/audio_comp/home_migrated/audio_comp_data/raw/fma_small/004/004234.mp3,004234,International,training
/scratch/pdoshi/audio_comp/home_migrated/audio_comp_data/raw/fma_small/004/004235.mp3,004235,International,training
/scratch/pdoshi/audio_comp/home_migrated/audio_comp_data/raw/fma_small/004/004236.mp3,004236,International,training
/scratch/pdoshi/audio_comp/home_migrated/audio_comp_data/raw/fma_small/004/004239.mp3,004239,International,training
/scratch/pdoshi/audio_comp/home_migrated/audio_comp_data/raw/fma_small/004/004450.mp3,004450,Folk,training
/scratch/pdoshi/audio_comp/home_migrated/audio_comp_data/raw/fma_small/004/004507.mp3,004507,International,training
/scratch/pdoshi/audio_comp/home_migrated/audio_comp_data/raw/fma_small/004/004508.mp3,004508,International,training
/scratch/pdoshi/audio_comp/home_migrated/audio_comp_data/raw/fma_small/004/004509.mp3,004509,International,training
/scratch/pdoshi/audio_comp/home_migrated/audio_comp_data/raw/fma_small/004/004510.mp3,004510,International,training
/scratch/pdoshi/audio_comp/home_migrated/audio_comp_data/raw/fma_small/004/004511.mp3,004511,International,training
/scratch/pdoshi/audio_comp/home_migrated/audio_comp_data/raw/fma_small/004/004519.mp3,004519,Electronic,training
/scratch/pdoshi/audio_comp/home_migrated/audio_comp_data/raw/fma_small/004/004520.mp3,004520,Electronic,training
/scratch/pdoshi/audio_comp/home_migrated/audio_comp_data/raw/fma_small/004/004521.mp3,004521,Electronic,training
/scratch/pdoshi/audio_comp/home_migrated/audio_comp_data/raw/fma_small/004/004522.mp3,004522,Electronic,training
/scratch/pdoshi/audio_comp/home_migrated/audio_comp_data/raw/fma_small/004/004682.mp3,004682,Hip-Hop,training
/scratch/pdoshi/audio_comp/home_migrated/audio_comp_data/raw/fma_small/004/004684.mp3,004684,Hip-Hop,training
/scratch/pdoshi/audio_comp/home_migrated/audio_comp_data/raw/fma_small/004/004685.mp3,004685,Hip-Hop,training
/scratch/pdoshi/audio_comp/home_migrated/audio_comp_data/raw/fma_small/004/004688.mp3,004688,Hip-Hop,training
/scratch/pdoshi/audio_comp/home_migrated/audio_comp_data/raw/fma_small/004/004777.mp3,004777,Rock,training
/scratch/pdoshi/audio_comp/home_migrated/audio_comp_data/raw/fma_small/004/004778.mp3,004778,Rock,training
/scratch/pdoshi/audio_comp/home_migrated/audio_comp_data/raw/fma_small/004/004779.mp3,004779,Rock,training
/scratch/pdoshi/audio_comp/home_migrated/audio_comp_data/raw/fma_small/004/004780.mp3,004780,Rock,training
/scratch/pdoshi/audio_comp/home_migrated/audio_comp_data/raw/fma_small/004/004781.mp3,004781,Rock,training
/scratch/pdoshi/audio_comp/home_migrated/audio_comp_data/raw/fma_small/004/004782.mp3,004782,Rock,training
/scratch/pdoshi/audio_comp/home_migrated/audio_comp_data/raw/fma_small/004/004784.mp3,004784,Rock,training
/scratch/pdoshi/audio_comp/home_migrated/audio_comp_data/raw/fma_small/004/004785.mp3,004785,Rock,training
/scratch/pdoshi/audio_comp/home_migrated/audio_comp_data/raw/fma_small/004/004786.mp3,004786,Rock,training
/scratch/pdoshi/audio_comp/home_migrated/audio_comp_data/raw/fma_small/004/004787.mp3,004787,Rock,training
/scratch/pdoshi/audio_comp/home_migrated/audio_comp_data/raw/fma_small/004/004788.mp3,004788,Rock,training
/scratch/pdoshi/audio_comp/home_migrated/audio_comp_data/raw/fma_small/004/004799.mp3,004799,Rock,training
/scratch/pdoshi/audio_comp/home_migrated/audio_comp_data/raw/fma_small/004/004835.mp3,004835,Rock,training
/scratch/pdoshi/audio_comp/home_migrated/audio_comp_data/raw/fma_small/004/004836.mp3,004836,Rock,training
/scratch/pdoshi/audio_comp/home_migrated/audio_comp_data/raw/fma_small/004/004838.mp3,004838,Rock,training
/scratch/pdoshi/audio_comp/home_migrated/audio_comp_data/raw/fma_small/004/004846.mp3,004846,International,training
/scratch/pdoshi/audio_comp/home_migrated/audio_comp_data/raw/fma_small/004/004848.mp3,004848,International,training
/scratch/pdoshi/audio_comp/home_migrated/audio_comp_data/raw/fma_small/004/004849.mp3,004849,International,training
/scratch/pdoshi/audio_comp/home_migrated/audio_comp_data/raw/fma_small/005/005006.mp3,005006,Rock,training
/scratch/pdoshi/audio_comp/home_migrated/audio_comp_data/raw/fma_small/005/005156.mp3,005156,Folk,training
/scratch/pdoshi/audio_comp/home_migrated/audio_comp_data/raw/fma_small/005/005157.mp3,005157,Folk,training
/scratch/pdoshi/audio_comp/home_migrated/audio_comp_data/raw/fma_small/005/005158.mp3,005158,Folk,training
/scratch/pdoshi/audio_comp/home_migrated/audio_comp_data/raw/fma_small/005/005159.mp3,005159,Folk,training
/scratch/pdoshi/audio_comp/home_migrated/audio_comp_data/raw/fma_small/005/005169.mp3,005169,Folk,training
/scratch/pdoshi/audio_comp/home_migrated/audio_comp_data/raw/fma_small/005/005170.mp3,005170,Folk,training
/scratch/pdoshi/audio_comp/home_migrated/audio_comp_data/raw/fma_small/005/005171.mp3,005171,Folk,training
/scratch/pdoshi/audio_comp/home_migrated/audio_comp_data/raw/fma_small/005/005191.mp3,005191,Pop,validation
/scratch/pdoshi/audio_comp/home_migrated/audio_comp_data/raw/fma_small/005/005264.mp3,005264,Hip-Hop,training
/scratch/pdoshi/audio_comp/home_migrated/audio_comp_data/raw/fma_small/005/005268.mp3,005268,Hip-Hop,training
/scratch/pdoshi/audio_comp/home_migrated/audio_comp_data/raw/fma_small/005/005376.mp3,005376,Folk,training
/scratch/pdoshi/audio_comp/home_migrated/audio_comp_data/raw/fma_small/005/005381.mp3,005381,Folk,training
/scratch/pdoshi/audio_comp/home_migrated/audio_comp_data/raw/fma_small/005/005521.mp3,005521,Experimental,training
/scratch/pdoshi/audio_comp/home_migrated/audio_comp_data/raw/fma_small/005/005879.mp3,005879,Folk,training
/scratch/pdoshi/audio_comp/home_migrated/audio_comp_data/raw/fma_small/005/005936.mp3,005936,Folk,training
/scratch/pdoshi/audio_comp/home_migrated/audio_comp_data/raw/fma_small/005/005940.mp3,005940,Folk,training
/scratch/pdoshi/audio_comp/home_migrated/audio_comp_data/raw/fma_small/006/006329.mp3,006329,International,training
/scratch/pdoshi/audio_comp/home_migrated/audio_comp_data/raw/fma_small/006/006330.mp3,006330,International,training
/scratch/pdoshi/audio_comp/home_migrated/audio_comp_data/raw/fma_small/006/006331.mp3,006331,International,validation
/scratch/pdoshi/audio_comp/home_migrated/audio_comp_data/raw/fma_small/006/006332.mp3,006332,International,training
/scratch/pdoshi/audio_comp/home_migrated/audio_comp_data/raw/fma_small/006/006333.mp3,006333,International,validation
/scratch/pdoshi/audio_comp/home_migrated/audio_comp_data/raw/fma_small/006/006342.mp3,006342,International,training
/scratch/pdoshi/audio_comp/home_migrated/audio_comp_data/raw/fma_small/006/006354.mp3,006354,International,training
/scratch/pdoshi/audio_comp/home_migrated/audio_comp_data/raw/fma_small/006/006357.mp3,006357,International,training
/scratch/pdoshi/audio_comp/home_migrated/audio_comp_data/raw/fma_small/006/006358.mp3,006358,International,validation
/scratch/pdoshi/audio_comp/home_migrated/audio_comp_data/raw/fma_small/006/006360.mp3,006360,International,training
/scratch/pdoshi/audio_comp/home_migrated/audio_comp_data/raw/fma_small/006/006363.mp3,006363,International,validation
/scratch/pdoshi/audio_comp/home_migrated/audio_comp_data/raw/fma_small/006/006366.mp3,006366,International,training
/scratch/pdoshi/audio_comp/home_migrated/audio_comp_data/raw/fma_small/006/006367.mp3,006367,International,training
/scratch/pdoshi/audio_comp/home_migrated/audio_comp_data/raw/fma_small/006/006368.mp3,006368,International,validation
/scratch/pdoshi/audio_comp/home_migrated/audio_comp_data/raw/fma_small/006/006370.mp3,006370,International,training
/scratch/pdoshi/audio_comp/home_migrated/audio_comp_data/raw/fma_small/006/006372.mp3,006372,International,validation
/scratch/pdoshi/audio_comp/home_migrated/audio_comp_data/raw/fma_small/006/006373.mp3,006373,International,training
/scratch/pdoshi/audio_comp/home_migrated/audio_comp_data/raw/fma_small/006/006376.mp3,006376,International,validation
/scratch/pdoshi/audio_comp/home_migrated/audio_comp_data/raw/fma_small/006/006379.mp3,006379,International,training
/scratch/pdoshi/audio_comp/home_migrated/audio_comp_data/raw/fma_small/006/006380.mp3,006380,International,validation
/scratch/pdoshi/audio_comp/home_migrated/audio_comp_data/raw/fma_small/006/006381.mp3,006381,International,training
/scratch/pdoshi/audio_comp/home_migrated/audio_comp_data/raw/fma_small/006/006382.mp3,006382,International,training
/scratch/pdoshi/audio_comp/home_migrated/audio_comp_data/raw/fma_small/006/006383.mp3,006383,International,training
/scratch/pdoshi/audio_comp/home_migrated/audio_comp_data/raw/fma_small/006/006385.mp3,006385,International,validation
/scratch/pdoshi/audio_comp/home_migrated/audio_comp_data/raw/fma_small/006/006387.mp3,006387,International,training
/scratch/pdoshi/audio_comp/home_migrated/audio_comp_data/raw/fma_small/006/006389.mp3,006389,International,training
/scratch/pdoshi/audio_comp/home_migrated/audio_comp_data/raw/fma_small/006/006390.mp3,006390,International,validation
/scratch/pdoshi/audio_comp/home_migrated/audio_comp_data/raw/fma_small/006/006393.mp3,006393,International,training
/scratch/pdoshi/audio_comp/home_migrated/audio_comp_data/raw/fma_small/006/006394.mp3,006394,International,training
/scratch/pdoshi/audio_comp/home_migrated/audio_comp_data/raw/fma_small/006/006396.mp3,006396,International,training
/scratch/pdoshi/audio_comp/home_migrated/audio_comp_data/raw/fma_small/006/006406.mp3,006406,Folk,training
/scratch/pdoshi/audio_comp/home_migrated/audio_comp_data/raw/fma_small/006/006407.mp3,006407,Folk,training
/scratch/pdoshi/audio_comp/home_migrated/audio_comp_data/raw/fma_small/006/006439.mp3,006439,Hip-Hop,training
/scratch/pdoshi/audio_comp/home_migrated/audio_comp_data/raw/fma_small/006/006440.mp3,006440,Hip-Hop,training
/scratch/pdoshi/audio_comp/home_migrated/audio_comp_data/raw/fma_small/006/006442.mp3,006442,Hip-Hop,training
/scratch/pdoshi/audio_comp/home_migrated/audio_comp_data/raw/fma_small/006/006443.mp3,006443,Hip-Hop,training
/scratch/pdoshi/audio_comp/home_migrated/audio_comp_data/raw/fma_small/006/006448.mp3,006448,Hip-Hop,training
/scratch/pdoshi/audio_comp/home_migrated/audio_comp_data/raw/fma_small/006/006459.mp3,006459,International,training
/scratch/pdoshi/audio_comp/home_migrated/audio_comp_data/raw/fma_small/006/006461.mp3,006461,Folk,validation
/scratch/pdoshi/audio_comp/home_migrated/audio_comp_data/raw/fma_small/006/006463.mp3,006463,Folk,validation
/scratch/pdoshi/audio_comp/home_migrated/audio_comp_data/raw/fma_small/006/006467.mp3,006467,Folk,validation
/scratch/pdoshi/audio_comp/home_migrated/audio_comp_data/raw/fma_small/006/006469.mp3,006469,International,training
/scratch/pdoshi/audio_comp/home_migrated/audio_comp_data/raw/fma_small/006/006517.mp3,006517,Rock,training
/scratch/pdoshi/audio_comp/home_migrated/audio_comp_data/raw/fma_small/006/006519.mp3,006519,Rock,training
/scratch/pdoshi/audio_comp/home_migrated/audio_comp_data/raw/fma_small/006/006603.mp3,006603,Hip-Hop,training
/scratch/pdoshi/audio_comp/home_migrated/audio_comp_data/raw/fma_small/006/006605.mp3,006605,Hip-Hop,training
/scratch/pdoshi/audio_comp/home_migrated/audio_comp_data/raw/fma_small/006/006606.mp3,006606,Hip-Hop,training
/scratch/pdoshi/audio_comp/home_migrated/audio_comp_data/raw/fma_small/006/006607.mp3,006607,Hip-Hop,training
/scratch/pdoshi/audio_comp/home_migrated/audio_comp_data/raw/fma_small/006/006608.mp3,006608,Hip-Hop,training
/scratch/pdoshi/audio_comp/home_migrated/audio_comp_data/raw/fma_small/006/006609.mp3,006609,Hip-Hop,training
/scratch/pdoshi/audio_comp/home_migrated/audio_comp_data/raw/fma_small/006/006610.mp3,006610,Hip-Hop,training
/scratch/pdoshi/audio_comp/home_migrated/audio_comp_data/raw/fma_small/006/006611.mp3,006611,Hip-Hop,training
/scratch/pdoshi/audio_comp/home_migrated/audio_comp_data/raw/fma_small/006/006674.mp3,006674,Experimental,training
/scratch/pdoshi/audio_comp/home_migrated/audio_comp_data/raw/fma_small/006/006675.mp3,006675,Experimental,training
/scratch/pdoshi/audio_comp/home_migrated/audio_comp_data/raw/fma_small/006/006677.mp3,006677,Experimental,training
/scratch/pdoshi/audio_comp/home_migrated/audio_comp_data/raw/fma_small/006/006679.mp3,006679,Experimental,training
/scratch/pdoshi/audio_comp/home_migrated/audio_comp_data/raw/fma_small/006/006680.mp3,006680,Experimental,training
/scratch/pdoshi/audio_comp/home_migrated/audio_comp_data/raw/fma_small/006/006684.mp3,006684,Experimental,training
/scratch/pdoshi/audio_comp/home_migrated/audio_comp_data/raw/fma_small/006/006762.mp3,006762,Folk,validation
/scratch/pdoshi/audio_comp/home_migrated/audio_comp_data/raw/fma_small/006/006776.mp3,006776,Rock,training
/scratch/pdoshi/audio_comp/home_migrated/audio_comp_data/raw/fma_small/006/006778.mp3,006778,Rock,training
/scratch/pdoshi/audio_comp/home_migrated/audio_comp_data/raw/fma_small/006/006779.mp3,006779,Folk,validation
/scratch/pdoshi/audio_comp/home_migrated/audio_comp_data/raw/fma_small/006/006782.mp3,006782,Folk,validation
/scratch/pdoshi/audio_comp/home_migrated/audio_comp_data/raw/fma_small/006/006783.mp3,006783,Folk,validation
/scratch/pdoshi/audio_comp/home_migrated/audio_comp_data/raw/fma_small/006/006788.mp3,006788,Rock,training
/scratch/pdoshi/audio_comp/home_migrated/audio_comp_data/raw/fma_small/006/006802.mp3,006802,International,training
/scratch/pdoshi/audio_comp/home_migrated/audio_comp_data/raw/fma_small/006/006803.mp3,006803,International,training
/scratch/pdoshi/audio_comp/home_migrated/audio_comp_data/raw/fma_small/006/006854.mp3,006854,Folk,training
/scratch/pdoshi/audio_comp/home_migrated/audio_comp_data/raw/fma_small/006/006855.mp3,006855,Folk,training
/scratch/pdoshi/audio_comp/home_migrated/audio_comp_data/raw/fma_small/006/006856.mp3,006856,Folk,training
/scratch/pdoshi/audio_comp/home_migrated/audio_comp_data/raw/fma_small/006/006857.mp3,006857,Folk,training
/scratch/pdoshi/audio_comp/home_migrated/audio_comp_data/raw/fma_small/007/007011.mp3,007011,Electronic,validation
/scratch/pdoshi/audio_comp/home_migrated/audio_comp_data/raw/fma_small/007/007373.mp3,007373,Experimental,test
/scratch/pdoshi/audio_comp/home_migrated/audio_comp_data/raw/fma_small/007/007374.mp3,007374,Experimental,test
/scratch/pdoshi/audio_comp/home_migrated/audio_comp_data/raw/fma_small/007/007375.mp3,007375,Experimental,test
/scratch/pdoshi/audio_comp/home_migrated/audio_comp_data/raw/fma_small/007/007376.mp3,007376,Experimental,test
/scratch/pdoshi/audio_comp/home_migrated/audio_comp_data/raw/fma_small/007/007377.mp3,007377,Experimental,test
/scratch/pdoshi/audio_comp/home_migrated/audio_comp_data/raw/fma_small/007/007378.mp3,007378,Experimental,test
/scratch/pdoshi/audio_comp/home_migrated/audio_comp_data/raw/fma_small/007/007379.mp3,007379,Experimental,test
/scratch/pdoshi/audio_comp/home_migrated/audio_comp_data/raw/fma_small/007/007381.mp3,007381,Experimental,test
/scratch/pdoshi/audio_comp/home_migrated/audio_comp_data/raw/fma_small/007/007383.mp3,007383,Experimental,test
/scratch/pdoshi/audio_comp/home_migrated/audio_comp_data/raw/fma_small/007/007385.mp3,007385,Experimental,test
/scratch/pdoshi/audio_comp/home_migrated/audio_comp_data/raw/fma_small/007/007386.mp3,007386,Experimental,test
/scratch/pdoshi/audio_comp/home_migrated/audio_comp_data/raw/fma_small/007/007388.mp3,007388,Experimental,test
/scratch/pdoshi/audio_comp/home_migrated/audio_comp_data/raw/fma_small/007/007391.mp3,007391,Experimental,test
/scratch/pdoshi/audio_comp/home_migrated/audio_comp_data/raw/fma_small/007/007393.mp3,007393,Experimental,test
/scratch/pdoshi/audio_comp/home_migrated/audio_comp_data/raw/fma_small/007/007481.mp3,007481,Hip-Hop,training
/scratch/pdoshi/audio_comp/home_migrated/audio_comp_data/raw/fma_small/007/007482.mp3,007482,Hip-Hop,training
/scratch/pdoshi/audio_comp/home_migrated/audio_comp_data/raw/fma_small/007/007483.mp3,007483,Hip-Hop,training
/scratch/pdoshi/audio_comp/home_migrated/audio_comp_data/raw/fma_small/007/007487.mp3,007487,Hip-Hop,training
/scratch/pdoshi/audio_comp/home_migrated/audio_comp_data/raw/fma_small/007/007488.mp3,007488,Hip-Hop,training
/scratch/pdoshi/audio_comp/home_migrated/audio_comp_data/raw/fma_small/007/007489.mp3,007489,Hip-Hop,training
/scratch/pdoshi/audio_comp/home_migrated/audio_comp_data/raw/fma_small/007/007490.mp3,007490,Hip-Hop,training
/scratch/pdoshi/audio_comp/home_migrated/audio_comp_data/raw/fma_small/007/007491.mp3,007491,Hip-Hop,training
/scratch/pdoshi/audio_comp/home_migrated/audio_comp_data/raw/fma_small/007/007492.mp3,007492,Hip-Hop,training
/scratch/pdoshi/audio_comp/home_migrated/audio_comp_data/raw/fma_small/007/007495.mp3,007495,Rock,training
/scratch/pdoshi/audio_comp/home_migrated/audio_comp_data/raw/fma_small/007/007526.mp3,007526,Pop,training
/scratch/pdoshi/audio_comp/home_migrated/audio_comp_data/raw/fma_small/007/007527.mp3,007527,Pop,training
/scratch/pdoshi/audio_comp/home_migrated/audio_comp_data/raw/fma_small/007/007528.mp3,007528,Pop,training
/scratch/pdoshi/audio_comp/home_migrated/audio_comp_data/raw/fma_small/007/007529.mp3,007529,Pop,training
/scratch/pdoshi/audio_comp/home_migrated/audio_comp_data/raw/fma_small/007/007548.mp3,007548,Experimental,training
/scratch/pdoshi/audio_comp/home_migrated/audio_comp_data/raw/fma_small/007/007554.mp3,007554,Experimental,training
/scratch/pdoshi/audio_comp/home_migrated/audio_comp_data/raw/fma_small/007/007709.mp3,007709,Folk,training
/scratch/pdoshi/audio_comp/home_migrated/audio_comp_data/raw/fma_small/007/007710.mp3,007710,Folk,training
/scratch/pdoshi/audio_comp/home_migrated/audio_comp_data/raw/fma_small/007/007711.mp3,007711,Folk,training
/scratch/pdoshi/audio_comp/home_migrated/audio_comp_data/raw/fma_small/007/007712.mp3,007712,Folk,training
/scratch/pdoshi/audio_comp/home_migrated/audio_comp_data/raw/fma_small/007/007713.mp3,007713,Folk,training
/scratch/pdoshi/audio_comp/home_migrated/audio_comp_data/raw/fma_small/007/007872.mp3,007872,Rock,training
/scratch/pdoshi/audio_comp/home_migrated/audio_comp_data/raw/fma_small/008/008056.mp3,008056,Rock,training
/scratch/pdoshi/audio_comp/home_migrated/audio_comp_data/raw/fma_small/008/008208.mp3,008208,Rock,training
/scratch/pdoshi/audio_comp/home_migrated/audio_comp_data/raw/fma_small/008/008256.mp3,008256,Folk,training
/scratch/pdoshi/audio_comp/home_migrated/audio_comp_data/raw/fma_small/008/008259.mp3,008259,Folk,training
/scratch/pdoshi/audio_comp/home_migrated/audio_comp_data/raw/fma_small/008/008261.mp3,008261,Folk,training
/scratch/pdoshi/audio_comp/home_migrated/audio_comp_data/raw/fma_small/008/008345.mp3,008345,Experimental,training
/scratch/pdoshi/audio_comp/home_migrated/audio_comp_data/raw/fma_small/008/008357.mp3,008357,Experimental,training
/scratch/pdoshi/audio_comp/home_migrated/audio_comp_data/raw/fma_small/008/008363.mp3,008363,Experimental,training
/scratch/pdoshi/audio_comp/home_migrated/audio_comp_data/raw/fma_small/008/008372.mp3,008372,Experimental,training
/scratch/pdoshi/audio_comp/home_migrated/audio_comp_data/raw/fma_small/008/008416.mp3,008416,Experimental,training
/scratch/pdoshi/audio_comp/home_migrated/audio_comp_data/raw/fma_small/009/009152.mp3,009152,Experimental,training
/scratch/pdoshi/audio_comp/home_migrated/audio_comp_data/raw/fma_small/009/009155.mp3,009155,Experimental,test
/scratch/pdoshi/audio_comp/home_migrated/audio_comp_data/raw/fma_small/009/009307.mp3,009307,Experimental,training
/scratch/pdoshi/audio_comp/home_migrated/audio_comp_data/raw/fma_small/009/009476.mp3,009476,Experimental,training
/scratch/pdoshi/audio_comp/home_migrated/audio_comp_data/raw/fma_small/009/009477.mp3,009477,Experimental,training
/scratch/pdoshi/audio_comp/home_migrated/audio_comp_data/raw/fma_small/009/009491.mp3,009491,Rock,training
/scratch/pdoshi/audio_comp/home_migrated/audio_comp_data/raw/fma_small/009/009505.mp3,009505,Experimental,training
/scratch/pdoshi/audio_comp/home_migrated/audio_comp_data/raw/fma_small/009/009511.mp3,009511,Rock,training
/scratch/pdoshi/audio_comp/home_migrated/audio_comp_data/raw/fma_small/009/009512.mp3,009512,International,training
/scratch/pdoshi/audio_comp/home_migrated/audio_comp_data/raw/fma_small/009/009513.mp3,009513,Rock,training
/scratch/pdoshi/audio_comp/home_migrated/audio_comp_data/raw/fma_small/009/009550.mp3,009550,Rock,validation
/scratch/pdoshi/audio_comp/home_migrated/audio_comp_data/raw/fma_small/009/009553.mp3,009553,Rock,validation
/scratch/pdoshi/audio_comp/home_migrated/audio_comp_data/raw/fma_small/009/009555.mp3,009555,Rock,validation
/scratch/pdoshi/audio_comp/home_migrated/audio_comp_data/raw/fma_small/009/009557.mp3,009557,Rock,validation
/scratch/pdoshi/audio_comp/home_migrated/audio_comp_data/raw/fma_small/009/009559.mp3,009559,Rock,validation
/scratch/pdoshi/audio_comp/home_migrated/audio_comp_data/raw/fma_small/009/009560.mp3,009560,Rock,validation
/scratch/pdoshi/audio_comp/home_migrated/audio_comp_data/raw/fma_small/009/009678.mp3,009678,Experimental,training
/scratch/pdoshi/audio_comp/home_migrated/audio_comp_data/raw/fma_small/009/009721.mp3,009721,Experimental,training
/scratch/pdoshi/audio_comp/home_migrated/audio_comp_data/raw/fma_small/009/009846.mp3,009846,Experimental,training
/scratch/pdoshi/audio_comp/home_migrated/audio_comp_data/raw/fma_small/009/009887.mp3,009887,Folk,training
/scratch/pdoshi/audio_comp/home_migrated/audio_comp_data/raw/fma_small/009/009888.mp3,009888,Folk,training
/scratch/pdoshi/audio_comp/home_migrated/audio_comp_data/raw/fma_small/009/009918.mp3,009918,Experimental,training
/scratch/pdoshi/audio_comp/home_migrated/audio_comp_data/raw/fma_small/009/009962.mp3,009962,Rock,training
/scratch/pdoshi/audio_comp/home_migrated/audio_comp_data/raw/fma_small/010/010186.mp3,010186,International,training
/scratch/pdoshi/audio_comp/home_migrated/audio_comp_data/raw/fma_small/010/010192.mp3,010192,Hip-Hop,training
/scratch/pdoshi/audio_comp/home_migrated/audio_comp_data/raw/fma_small/010/010250.mp3,010250,Instrumental,test
/scratch/pdoshi/audio_comp/home_migrated/audio_comp_data/raw/fma_small/010/010374.mp3,010374,Experimental,training
/scratch/pdoshi/audio_comp/home_migrated/audio_comp_data/raw/fma_small/010/010375.mp3,010375,Experimental,training
/scratch/pdoshi/audio_comp/home_migrated/audio_comp_data/raw/fma_small/010/010376.mp3,010376,Experimental,training
/scratch/pdoshi/audio_comp/home_migrated/audio_comp_data/raw/fma_small/010/010377.mp3,010377,Experimental,training
/scratch/pdoshi/audio_comp/home_migrated/audio_comp_data/raw/fma_small/010/010381.mp3,010381,Folk,test
/scratch/pdoshi/audio_comp/home_migrated/audio_comp_data/raw/fma_small/010/010382.mp3,010382,Folk,test
/scratch/pdoshi/audio_comp/home_migrated/audio_comp_data/raw/fma_small/010/010383.mp3,010383,Folk,test
/scratch/pdoshi/audio_comp/home_migrated/audio_comp_data/raw/fma_small/010/010384.mp3,010384,Folk,test
/scratch/pdoshi/audio_comp/home_migrated/audio_comp_data/raw/fma_small/010/010385.mp3,010385,Folk,test
/scratch/pdoshi/audio_comp/home_migrated/audio_comp_data/raw/fma_small/010/010386.mp3,010386,Folk,test
/scratch/pdoshi/audio_comp/home_migrated/audio_comp_data/raw/fma_small/010/010387.mp3,010387,Folk,test
/scratch/pdoshi/audio_comp/home_migrated/audio_comp_data/raw/fma_small/010/010388.mp3,010388,Folk,test
/scratch/pdoshi/audio_comp/home_migrated/audio_comp_data/raw/fma_small/010/010389.mp3,010389,Folk,test
/scratch/pdoshi/audio_comp/home_migrated/audio_comp_data/raw/fma_small/010/010435.mp3,010435,Experimental,training
/scratch/pdoshi/audio_comp/home_migrated/audio_comp_data/raw/fma_small/010/010438.mp3,010438,Folk,test
/scratch/pdoshi/audio_comp/home_migrated/audio_comp_data/raw/fma_small/010/010439.mp3,010439,Folk,test
/scratch/pdoshi/audio_comp/home_migrated/audio_comp_data/raw/fma_small/010/010440.mp3,010440,Folk,test
/scratch/pdoshi/audio_comp/home_migrated/audio_comp_data/raw/fma_small/010/010441.mp3,010441,Folk,test
/scratch/pdoshi/audio_comp/home_migrated/audio_comp_data/raw/fma_small/010/010442.mp3,010442,Folk,test
/scratch/pdoshi/audio_comp/home_migrated/audio_comp_data/raw/fma_small/010/010443.mp3,010443,Folk,test
/scratch/pdoshi/audio_comp/home_migrated/audio_comp_data/raw/fma_small/010/010444.mp3,010444,Folk,test
/scratch/pdoshi/audio_comp/home_migrated/audio_comp_data/raw/fma_small/010/010447.mp3,010447,Folk,test
/scratch/pdoshi/audio_comp/home_migrated/audio_comp_data/raw/fma_small/010/010458.mp3,010458,Folk,training
/scratch/pdoshi/audio_comp/home_migrated/audio_comp_data/raw/fma_small/010/010480.mp3,010480,Folk,test
/scratch/pdoshi/audio_comp/home_migrated/audio_comp_data/raw/fma_small/010/010481.mp3,010481,Folk,test
/scratch/pdoshi/audio_comp/home_migrated/audio_comp_data/raw/fma_small/010/010485.mp3,010485,Folk,test
/scratch/pdoshi/audio_comp/home_migrated/audio_comp_data/raw/fma_small/010/010521.mp3,010521,Experimental,training
/scratch/pdoshi/audio_comp/home_migrated/audio_comp_data/raw/fma_small/010/010527.mp3,010527,Experimental,training
/scratch/pdoshi/audio_comp/home_migrated/audio_comp_data/raw/fma_small/010/010535.mp3,010535,Experimental,training
/scratch/pdoshi/audio_comp/home_migrated/audio_comp_data/raw/fma_small/010/010541.mp3,010541,Experimental,training
/scratch/pdoshi/audio_comp/home_migrated/audio_comp_data/raw/fma_small/010/010575.mp3,010575,Folk,training
/scratch/pdoshi/audio_comp/home_migrated/audio_comp_data/raw/fma_small/010/010577.mp3,010577,Folk,training
/scratch/pdoshi/audio_comp/home_migrated/audio_comp_data/raw/fma_small/010/010668.mp3,010668,Rock,training
/scratch/pdoshi/audio_comp/home_migrated/audio_comp_data/raw/fma_small/010/010669.mp3,010669,Rock,training
/scratch/pdoshi/audio_comp/home_migrated/audio_comp_data/raw/fma_small/010/010670.mp3,010670,Rock,training
/scratch/pdoshi/audio_comp/home_migrated/audio_comp_data/raw/fma_small/010/010671.mp3,010671,Rock,training
/scratch/pdoshi/audio_comp/home_migrated/audio_comp_data/raw/fma_small/010/010672.mp3,010672,Rock,training
/scratch/pdoshi/audio_comp/home_migrated/audio_comp_data/raw/fma_small/010/010673.mp3,010673,Rock,training
/scratch/pdoshi/audio_comp/home_migrated/audio_comp_data/raw/fma_small/010/010674.mp3,010674,Rock,training
/scratch/pdoshi/audio_comp/home_migrated/audio_comp_data/raw/fma_small/010/010675.mp3,010675,Rock,training
/scratch/pdoshi/audio_comp/home_migrated/audio_comp_data/raw/fma_small/010/010676.mp3,010676,Rock,training
/scratch/pdoshi/audio_comp/home_migrated/audio_comp_data/raw/fma_small/010/010677.mp3,010677,Rock,training
/scratch/pdoshi/audio_comp/home_migrated/audio_comp_data/raw/fma_small/010/010678.mp3,010678,Folk,test
/scratch/pdoshi/audio_comp/home_migrated/audio_comp_data/raw/fma_small/010/010679.mp3,010679,Folk,test
/scratch/pdoshi/audio_comp/home_migrated/audio_comp_data/raw/fma_small/010/010682.mp3,010682,Folk,test
/scratch/pdoshi/audio_comp/home_migrated/audio_comp_data/raw/fma_small/010/010684.mp3,010684,Folk,test
/scratch/pdoshi/audio_comp/home_migrated/audio_comp_data/raw/fma_small/010/010693.mp3,010693,Hip-Hop,training
/scratch/pdoshi/audio_comp/home_migrated/audio_comp_data/raw/fma_small/010/010694.mp3,010694,Hip-Hop,training
/scratch/pdoshi/audio_comp/home_migrated/audio_comp_data/raw/fma_small/010/010695.mp3,010695,Hip-Hop,training
/scratch/pdoshi/audio_comp/home_migrated/audio_comp_data/raw/fma_small/010/010696.mp3,010696,Hip-Hop,training
/scratch/pdoshi/audio_comp/home_migrated/audio_comp_data/raw/fma_small/010/010697.mp3,010697,Hip-Hop,training
/scratch/pdoshi/audio_comp/home_migrated/audio_comp_data/raw/fma_small/010/010698.mp3,010698,Hip-Hop,training
/scratch/pdoshi/audio_comp/home_migrated/audio_comp_data/raw/fma_small/010/010699.mp3,010699,Hip-Hop,training
/scratch/pdoshi/audio_comp/home_migrated/audio_comp_data/raw/fma_small/010/010805.mp3,010805,Pop,training
/scratch/pdoshi/audio_comp/home_migrated/audio_comp_data/raw/fma_small/010/010806.mp3,010806,Pop,training
/scratch/pdoshi/audio_comp/home_migrated/audio_comp_data/raw/fma_small/010/010807.mp3,010807,Pop,training
/scratch/pdoshi/audio_comp/home_migrated/audio_comp_data/raw/fma_small/010/010808.mp3,010808,Pop,training
/scratch/pdoshi/audio_comp/home_migrated/audio_comp_data/raw/fma_small/010/010809.mp3,010809,Pop,training
/scratch/pdoshi/audio_comp/home_migrated/audio_comp_data/raw/fma_small/010/010810.mp3,010810,Pop,training
/scratch/pdoshi/audio_comp/home_migrated/audio_comp_data/raw/fma_small/010/010983.mp3,010983,Experimental,training
/scratch/pdoshi/audio_comp/home_migrated/audio_comp_data/raw/fma_small/010/010992.mp3,010992,Folk,test
/scratch/pdoshi/audio_comp/home_migrated/audio_comp_data/raw/fma_small/010/010993.mp3,010993,Folk,test
/scratch/pdoshi/audio_comp/home_migrated/audio_comp_data/raw/fma_small/011/011019.mp3,011019,Experimental,test
/scratch/pdoshi/audio_comp/home_migrated/audio_comp_data/raw/fma_small/011/011020.mp3,011020,Experimental,test
/scratch/pdoshi/audio_comp/home_migrated/audio_comp_data/raw/fma_small/011/011059.mp3,011059,Folk,test
/scratch/pdoshi/audio_comp/home_migrated/audio_comp_data/raw/fma_small/011/011198.mp3,011198,Pop,training
/scratch/pdoshi/audio_comp/home_migrated/audio_comp_data/raw/fma_small/011/011199.mp3,011199,Pop,training
/scratch/pdoshi/audio_comp/home_migrated/audio_comp_data/raw/fma_small/011/011200.mp3,011200,Pop,test
/scratch/pdoshi/audio_comp/home_migrated/audio_comp_data/raw/fma_small/011/011204.mp3,011204,Hip-Hop,test
/scratch/pdoshi/audio_comp/home_migrated/audio_comp_data/raw/fma_small/011/011206.mp3,011206,Electronic,training
/scratch/pdoshi/audio_comp/home_migrated/audio_comp_data/raw/fma_small/011/011234.mp3,011234,Experimental,training
/scratch/pdoshi/audio_comp/home_migrated/audio_comp_data/raw/fma_small/011/011237.mp3,011237,Experimental,training
/scratch/pdoshi/audio_comp/home_migrated/audio_comp_data/raw/fma_small/011/011239.mp3,011239,Experimental,training
/scratch/pdoshi/audio_comp/home_migrated/audio_comp_data/raw/fma_small/011/011242.mp3,011242,Experimental,training
/scratch/pdoshi/audio_comp/home_migrated/audio_comp_data/raw/fma_small/011/011261.mp3,011261,Pop,training
/scratch/pdoshi/audio_comp/home_migrated/audio_comp_data/raw/fma_small/011/011262.mp3,011262,Electronic,training
/scratch/pdoshi/audio_comp/home_migrated/audio_comp_data/raw/fma_small/011/011264.mp3,011264,Rock,training
/scratch/pdoshi/audio_comp/home_migrated/audio_comp_data/raw/fma_small/011/011268.mp3,011268,Rock,training
/scratch/pdoshi/audio_comp/home_migrated/audio_comp_data/raw/fma_small/011/011298.mp3,011298,Hip-Hop,training
/scratch/pdoshi/audio_comp/home_migrated/audio_comp_data/raw/fma_small/011/011299.mp3,011299,Hip-Hop,training
/scratch/pdoshi/audio_comp/home_migrated/audio_comp_data/raw/fma_small/011/011306.mp3,011306,Rock,training
/scratch/pdoshi/audio_comp/home_migrated/audio_comp_data/raw/fma_small/011/011333.mp3,011333,Experimental,training
/scratch/pdoshi/audio_comp/home_migrated/audio_comp_data/raw/fma_small/011/011334.mp3,011334,Experimental,training
/scratch/pdoshi/audio_comp/home_migrated/audio_comp_data/raw/fma_small/011/011503.mp3,011503,Folk,test
/scratch/pdoshi/audio_comp/home_migrated/audio_comp_data/raw/fma_small/011/011504.mp3,011504,Folk,test
/scratch/pdoshi/audio_comp/home_migrated/audio_comp_data/raw/fma_small/011/011505.mp3,011505,Folk,test
/scratch/pdoshi/audio_comp/home_migrated/audio_comp_data/raw/fma_small/011/011508.mp3,011508,Folk,test
/scratch/pdoshi/audio_comp/home_migrated/audio_comp_data/raw/fma_small/011/011544.mp3,011544,Experimental,training
/scratch/pdoshi/audio_comp/home_migrated/audio_comp_data/raw/fma_small/011/011638.mp3,011638,Instrumental,training
/scratch/pdoshi/audio_comp/home_migrated/audio_comp_data/raw/fma_small/011/011671.mp3,011671,International,training
/scratch/pdoshi/audio_comp/home_migrated/audio_comp_data/raw/fma_small/011/011672.mp3,011672,International,training
/scratch/pdoshi/audio_comp/home_migrated/audio_comp_data/raw/fma_small/011/011673.mp3,011673,International,training
/scratch/pdoshi/audio_comp/home_migrated/audio_comp_data/raw/fma_small/011/011674.mp3,011674,International,training
/scratch/pdoshi/audio_comp/home_migrated/audio_comp_data/raw/fma_small/011/011675.mp3,011675,International,training
/scratch/pdoshi/audio_comp/home_migrated/audio_comp_data/raw/fma_small/011/011677.mp3,011677,International,training
/scratch/pdoshi/audio_comp/home_migrated/audio_comp_data/raw/fma_small/011/011679.mp3,011679,International,training
/scratch/pdoshi/audio_comp/home_migrated/audio_comp_data/raw/fma_small/011/011681.mp3,011681,International,training
/scratch/pdoshi/audio_comp/home_migrated/audio_comp_data/raw/fma_small/011/011682.mp3,011682,International,training
/scratch/pdoshi/audio_comp/home_migrated/audio_comp_data/raw/fma_small/011/011683.mp3,011683,International,training
/scratch/pdoshi/audio_comp/home_migrated/audio_comp_data/raw/fma_small/011/011763.mp3,011763,Hip-Hop,training
/scratch/pdoshi/audio_comp/home_migrated/audio_comp_data/raw/fma_small/011/011764.mp3,011764,Hip-Hop,training
/scratch/pdoshi/audio_comp/home_migrated/audio_comp_data/raw/fma_small/011/011765.mp3,011765,Hip-Hop,training
/scratch/pdoshi/audio_comp/home_migrated/audio_comp_data/raw/fma_small/011/011766.mp3,011766,Hip-Hop,training
/scratch/pdoshi/audio_comp/home_migrated/audio_comp_data/raw/fma_small/011/011767.mp3,011767,Hip-Hop,training
/scratch/pdoshi/audio_comp/home_migrated/audio_comp_data/raw/fma_small/011/011768.mp3,011768,Hip-Hop,training
/scratch/pdoshi/audio_comp/home_migrated/audio_comp_data/raw/fma_small/011/011769.mp3,011769,Hip-Hop,training
/scratch/pdoshi/audio_comp/home_migrated/audio_comp_data/raw/fma_small/011/011770.mp3,011770,Hip-Hop,training
/scratch/pdoshi/audio_comp/home_migrated/audio_comp_data/raw/fma_small/011/011771.mp3,011771,Hip-Hop,training
/scratch/pdoshi/audio_comp/home_migrated/audio_comp_data/raw/fma_small/011/011772.mp3,011772,Hip-Hop,training
/scratch/pdoshi/audio_comp/home_migrated/audio_comp_data/raw/fma_small/011/011773.mp3,011773,Hip-Hop,training
/scratch/pdoshi/audio_comp/home_migrated/audio_comp_data/raw/fma_small/011/011774.mp3,011774,Hip-Hop,training
/scratch/pdoshi/audio_comp/home_migrated/audio_comp_data/raw/fma_small/011/011775.mp3,011775,Hip-Hop,training
/scratch/pdoshi/audio_comp/home_migrated/audio_comp_data/raw/fma_small/011/011776.mp3,011776,Hip-Hop,training
/scratch/pdoshi/audio_comp/home_migrated/audio_comp_data/raw/fma_small/011/011777.mp3,011777,Hip-Hop,training
/scratch/pdoshi/audio_comp/home_migrated/audio_comp_data/raw/fma_small/011/011778.mp3,011778,Hip-Hop,training
/scratch/pdoshi/audio_comp/home_migrated/audio_comp_data/raw/fma_small/011/011779.mp3,011779,Hip-Hop,training
/scratch/pdoshi/audio_comp/home_migrated/audio_comp_data/raw/fma_small/011/011780.mp3,011780,Hip-Hop,training
/scratch/pdoshi/audio_comp/home_migrated/audio_comp_data/raw/fma_small/011/011781.mp3,011781,Hip-Hop,training
/scratch/pdoshi/audio_comp/home_migrated/audio_comp_data/raw/fma_small/011/011782.mp3,011782,Hip-Hop,training
/scratch/pdoshi/audio_comp/home_migrated/audio_comp_data/raw/fma_small/011/011783.mp3,011783,Hip-Hop,training
/scratch/pdoshi/audio_comp/home_migrated/audio_comp_data/raw/fma_small/011/011784.mp3,011784,Hip-Hop,training
/scratch/pdoshi/audio_comp/home_migrated/audio_comp_data/raw/fma_small/011/011785.mp3,011785,Hip-Hop,training
/scratch/pdoshi/audio_comp/home_migrated/audio_comp_data/raw/fma_small/011/011786.mp3,011786,Hip-Hop,training
/scratch/pdoshi/audio_comp/home_migrated/audio_comp_data/raw/fma_small/011/011787.mp3,011787,Hip-Hop,training
/scratch/pdoshi/audio_comp/home_migrated/audio_comp_data/raw/fma_small/011/011788.mp3,011788,Hip-Hop,training
/scratch/pdoshi/audio_comp/home_migrated/audio_comp_data/raw/fma_small/011/011789.mp3,011789,Hip-Hop,training
/scratch/pdoshi/audio_comp/home_migrated/audio_comp_data/raw/fma_small/011/011790.mp3,011790,Hip-Hop,training
/scratch/pdoshi/audio_comp/home_migrated/audio_comp_data/raw/fma_small/011/011791.mp3,011791,Hip-Hop,training
/scratch/pdoshi/audio_comp/home_migrated/audio_comp_data/raw/fma_small/011/011792.mp3,011792,Hip-Hop,training
/scratch/pdoshi/audio_comp/home_migrated/audio_comp_data/raw/fma_small/011/011793.mp3,011793,Hip-Hop,training
/scratch/pdoshi/audio_comp/home_migrated/audio_comp_data/raw/fma_small/011/011794.mp3,011794,Hip-Hop,training
/scratch/pdoshi/audio_comp/home_migrated/audio_comp_data/raw/fma_small/011/011795.mp3,011795,Hip-Hop,training
/scratch/pdoshi/audio_comp/home_migrated/audio_comp_data/raw/fma_small/011/011803.mp3,011803,Hip-Hop,validation
/scratch/pdoshi/audio_comp/home_migrated/audio_comp_data/raw/fma_small/011/011818.mp3,011818,Hip-Hop,training
/scratch/pdoshi/audio_comp/home_migrated/audio_comp_data/raw/fma_small/011/011839.mp3,011839,Hip-Hop,training
/scratch/pdoshi/audio_comp/home_migrated/audio_comp_data/raw/fma_small/011/011861.mp3,011861,Hip-Hop,training
/scratch/pdoshi/audio_comp/home_migrated/audio_comp_data/raw/fma_small/011/011862.mp3,011862,Hip-Hop,training
/scratch/pdoshi/audio_comp/home_migrated/audio_comp_data/raw/fma_small/011/011867.mp3,011867,Hip-Hop,training
/scratch/pdoshi/audio_comp/home_migrated/audio_comp_data/raw/fma_small/011/011868.mp3,011868,Hip-Hop,training
/scratch/pdoshi/audio_comp/home_migrated/audio_comp_data/raw/fma_small/011/011916.mp3,011916,Hip-Hop,training
/scratch/pdoshi/audio_comp/home_migrated/audio_comp_data/raw/fma_small/011/011917.mp3,011917,Hip-Hop,training
/scratch/pdoshi/audio_comp/home_migrated/audio_comp_data/raw/fma_small/011/011918.mp3,011918,Hip-Hop,training
/scratch/pdoshi/audio_comp/home_migrated/audio_comp_data/raw/fma_small/011/011919.mp3,011919,Hip-Hop,training
/scratch/pdoshi/audio_comp/home_migrated/audio_comp_data/raw/fma_small/011/011920.mp3,011920,Hip-Hop,training
/scratch/pdoshi/audio_comp/home_migrated/audio_comp_data/raw/fma_small/011/011921.mp3,011921,Hip-Hop,training
/scratch/pdoshi/audio_comp/home_migrated/audio_comp_data/raw/fma_small/011/011922.mp3,011922,Hip-Hop,training
/scratch/pdoshi/audio_comp/home_migrated/audio_comp_data/raw/fma_small/011/011933.mp3,011933,Rock,training
/scratch/pdoshi/audio_comp/home_migrated/audio_comp_data/raw/fma_small/011/011937.mp3,011937,Pop,training
/scratch/pdoshi/audio_comp/home_migrated/audio_comp_data/raw/fma_small/011/011942.mp3,011942,Electronic,training
/scratch/pdoshi/audio_comp/home_migrated/audio_comp_data/raw/fma_small/011/011946.mp3,011946,Experimental,training
/scratch/pdoshi/audio_comp/home_migrated/audio_comp_data/raw/fma_small/011/011947.mp3,011947,Experimental,training
/scratch/pdoshi/audio_comp/home_migrated/audio_comp_data/raw/fma_small/011/011951.mp3,011951,Experimental,training
/scratch/pdoshi/audio_comp/home_migrated/audio_comp_data/raw/fma_small/012/012045.mp3,012045,Folk,test
/scratch/pdoshi/audio_comp/home_migrated/audio_comp_data/raw/fma_small/012/012046.mp3,012046,Folk,test
/scratch/pdoshi/audio_comp/home_migrated/audio_comp_data/raw/fma_small/012/012047.mp3,012047,Folk,test
/scratch/pdoshi/audio_comp/home_migrated/audio_comp_data/raw/fma_small/012/012048.mp3,012048,Folk,test
/scratch/pdoshi/audio_comp/home_migrated/audio_comp_data/raw/fma_small/012/012049.mp3,012049,Folk,test
/scratch/pdoshi/audio_comp/home_migrated/audio_comp_data/raw/fma_small/012/012050.mp3,012050,Folk,test
/scratch/pdoshi/audio_comp/home_migrated/audio_comp_data/raw/fma_small/012/012051.mp3,012051,Folk,test
/scratch/pdoshi/audio_comp/home_migrated/audio_comp_data/raw/fma_small/012/012052.mp3,012052,Folk,test
/scratch/pdoshi/audio_comp/home_migrated/audio_comp_data/raw/fma_small/012/012053.mp3,012053,Folk,test
/scratch/pdoshi/audio_comp/home_migrated/audio_comp_data/raw/fma_small/012/012058.mp3,012058,Folk,test
/scratch/pdoshi/audio_comp/home_migrated/audio_comp_data/raw/fma_small/012/012059.mp3,012059,Folk,test
/scratch/pdoshi/audio_comp/home_migrated/audio_comp_data/raw/fma_small/012/012060.mp3,012060,Folk,test
/scratch/pdoshi/audio_comp/home_migrated/audio_comp_data/raw/fma_small/012/012061.mp3,012061,Folk,test
/scratch/pdoshi/audio_comp/home_migrated/audio_comp_data/raw/fma_small/012/012062.mp3,012062,Folk,test
/scratch/pdoshi/audio_comp/home_migrated/audio_comp_data/raw/fma_small/012/012064.mp3,012064,Folk,test
/scratch/pdoshi/audio_comp/home_migrated/audio_comp_data/raw/fma_small/012/012065.mp3,012065,Folk,test
/scratch/pdoshi/audio_comp/home_migrated/audio_comp_data/raw/fma_small/012/012066.mp3,012066,Folk,test
/scratch/pdoshi/audio_comp/home_migrated/audio_comp_data/raw/fma_small/012/012067.mp3,012067,Folk,test
/scratch/pdoshi/audio_comp/home_migrated/audio_comp_data/raw/fma_small/012/012109.mp3,012109,International,training
/scratch/pdoshi/audio_comp/home_migrated/audio_comp_data/raw/fma_small/012/012146.mp3,012146,Pop,training
/scratch/pdoshi/audio_comp/home_migrated/audio_comp_data/raw/fma_small/012/012147.mp3,012147,Pop,training
/scratch/pdoshi/audio_comp/home_migrated/audio_comp_data/raw/fma_small/012/012173.mp3,012173,Hip-Hop,training
/scratch/pdoshi/audio_comp/home_migrated/audio_comp_data/raw/fma_small/012/012174.mp3,012174,Hip-Hop,training
/scratch/pdoshi/audio_comp/home_migrated/audio_comp_data/raw/fma_small/012/012179.mp3,012179,Pop,test
/scratch/pdoshi/audio_comp/home_migrated/audio_comp_data/raw/fma_small/012/012188.mp3,012188,Pop,validation
/scratch/pdoshi/audio_comp/home_migrated/audio_comp_data/raw/fma_small/012/012189.mp3,012189,Electronic,training
/scratch/pdoshi/audio_comp/home_migrated/audio_comp_data/raw/fma_small/012/012346.mp3,012346,Experimental,training
/scratch/pdoshi/audio_comp/home_migrated/audio_comp_data/raw/fma_small/012/012348.mp3,012348,Folk,training
/scratch/pdoshi/audio_comp/home_migrated/audio_comp_data/raw/fma_small/012/012349.mp3,012349,Folk,training
/scratch/pdoshi/audio_comp/home_migrated/audio_comp_data/raw/fma_small/012/012350.mp3,012350,Folk,training
/scratch/pdoshi/audio_comp/home_migrated/audio_comp_data/raw/fma_small/012/012351.mp3,012351,Folk,training
/scratch/pdoshi/audio_comp/home_migrated/audio_comp_data/raw/fma_small/012/012352.mp3,012352,Folk,training
/scratch/pdoshi/audio_comp/home_migrated/audio_comp_data/raw/fma_small/012/012353.mp3,012353,Folk,training
/scratch/pdoshi/audio_comp/home_migrated/audio_comp_data/raw/fma_small/012/012355.mp3,012355,Folk,training
/scratch/pdoshi/audio_comp/home_migrated/audio_comp_data/raw/fma_small/012/012376.mp3,012376,Pop,training
/scratch/pdoshi/audio_comp/home_migrated/audio_comp_data/raw/fma_small/012/012387.mp3,012387,Pop,test
/scratch/pdoshi/audio_comp/home_migrated/audio_comp_data/raw/fma_small/012/012390.mp3,012390,Pop,test
/scratch/pdoshi/audio_comp/home_migrated/audio_comp_data/raw/fma_small/012/012394.mp3,012394,Hip-Hop,training
/scratch/pdoshi/audio_comp/home_migrated/audio_comp_data/raw/fma_small/012/012481.mp3,012481,Folk,test
/scratch/pdoshi/audio_comp/home_migrated/audio_comp_data/raw/fma_small/012/012482.mp3,012482,Folk,test
/scratch/pdoshi/audio_comp/home_migrated/audio_comp_data/raw/fma_small/012/012484.mp3,012484,Folk,test
/scratch/pdoshi/audio_comp/home_migrated/audio_comp_data/raw/fma_small/012/012485.mp3,012485,Folk,test
/scratch/pdoshi/audio_comp/home_migrated/audio_comp_data/raw/fma_small/012/012486.mp3,012486,Folk,test
/scratch/pdoshi/audio_comp/home_migrated/audio_comp_data/raw/fma_small/012/012487.mp3,012487,Folk,test
/scratch/pdoshi/audio_comp/home_migrated/audio_comp_data/raw/fma_small/012/012488.mp3,012488,Folk,test
/scratch/pdoshi/audio_comp/home_migrated/audio_comp_data/raw/fma_small/012/012489.mp3,012489,Folk,test
/scratch/pdoshi/audio_comp/home_migrated/audio_comp_data/raw/fma_small/012/012490.mp3,012490,Folk,test
/scratch/pdoshi/audio_comp/home_migrated/audio_comp_data/raw/fma_small/012/012508.mp3,012508,Folk,test
/scratch/pdoshi/audio_comp/home_migrated/audio_comp_data/raw/fma_small/012/012513.mp3,012513,Folk,test
/scratch/pdoshi/audio_comp/home_migrated/audio_comp_data/raw/fma_small/012/012514.mp3,012514,Folk,test
/scratch/pdoshi/audio_comp/home_migrated/audio_comp_data/raw/fma_small/012/012518.mp3,012518,Pop,test
/scratch/pdoshi/audio_comp/home_migrated/audio_comp_data/raw/fma_small/012/012521.mp3,012521,Rock,test
/scratch/pdoshi/audio_comp/home_migrated/audio_comp_data/raw/fma_small/012/012526.mp3,012526,Hip-Hop,validation
/scratch/pdoshi/audio_comp/home_migrated/audio_comp_data/raw/fma_small/012/012527.mp3,012527,Pop,validation
/scratch/pdoshi/audio_comp/home_migrated/audio_comp_data/raw/fma_small/012/012530.mp3,012530,Pop,training
/scratch/pdoshi/audio_comp/home_migrated/audio_comp_data/raw/fma_small/012/012531.mp3,012531,Hip-Hop,training
/scratch/pdoshi/audio_comp/home_migrated/audio_comp_data/raw/fma_small/012/012532.mp3,012532,Pop,training
/scratch/pdoshi/audio_comp/home_migrated/audio_comp_data/raw/fma_small/012/012537.mp3,012537,Pop,training
/scratch/pdoshi/audio_comp/home_migrated/audio_comp_data/raw/fma_small/012/012551.mp3,012551,Pop,training
/scratch/pdoshi/audio_comp/home_migrated/audio_comp_data/raw/fma_small/012/012552.mp3,012552,Pop,training
/scratch/pdoshi/audio_comp/home_migrated/audio_comp_data/raw/fma_small/012/012654.mp3,012654,Pop,training
/scratch/pdoshi/audio_comp/home_migrated/audio_comp_data/raw/fma_small/012/012690.mp3,012690,International,test
/scratch/pdoshi/audio_comp/home_migrated/audio_comp_data/raw/fma_small/012/012691.mp3,012691,International,test
/scratch/pdoshi/audio_comp/home_migrated/audio_comp_data/raw/fma_small/012/012692.mp3,012692,International,test
/scratch/pdoshi/audio_comp/home_migrated/audio_comp_data/raw/fma_small/012/012737.mp3,012737,Experimental,training
/scratch/pdoshi/audio_comp/home_migrated/audio_comp_data/raw/fma_small/012/012985.mp3,012985,Folk,training
/scratch/pdoshi/audio_comp/home_migrated/audio_comp_data/raw/fma_small/012/012986.mp3,012986,Folk,training
/scratch/pdoshi/audio_comp/home_migrated/audio_comp_data/raw/fma_small/013/013191.mp3,013191,Pop,training
/scratch/pdoshi/audio_comp/home_migrated/audio_comp_data/raw/fma_small/013/013197.mp3,013197,Pop,training
/scratch/pdoshi/audio_comp/home_migrated/audio_comp_data/raw/fma_small/013/013199.mp3,013199,Hip-Hop,training
/scratch/pdoshi/audio_comp/home_migrated/audio_comp_data/raw/fma_small/013/013201.mp3,013201,Hip-Hop,validation
/scratch/pdoshi/audio_comp/home_migrated/audio_comp_data/raw/fma_small/013/013218.mp3,013218,Pop,training
/scratch/pdoshi/audio_comp/home_migrated/audio_comp_data/raw/fma_small/013/013220.mp3,013220,Pop,training
/scratch/pdoshi/audio_comp/home_migrated/audio_comp_data/raw/fma_small/013/013325.mp3,013325,Rock,training
/scratch/pdoshi/audio_comp/home_migrated/audio_comp_data/raw/fma_small/013/013328.mp3,013328,Pop,test
/scratch/pdoshi/audio_comp/home_migrated/audio_comp_data/raw/fma_small/013/013362.mp3,013362,Pop,training
/scratch/pdoshi/audio_comp/home_migrated/audio_comp_data/raw/fma_small/013/013378.mp3,013378,Pop,training
/scratch/pdoshi/audio_comp/home_migrated/audio_comp_data/raw/fma_small/013/013474.mp3,013474,Electronic,validation
/scratch/pdoshi/audio_comp/home_migrated/audio_comp_data/raw/fma_small/013/013537.mp3,013537,International,training
/scratch/pdoshi/audio_comp/home_migrated/audio_comp_data/raw/fma_small/013/013538.mp3,013538,International,training
/scratch/pdoshi/audio_comp/home_migrated/audio_comp_data/raw/fma_small/013/013539.mp3,013539,International,training
/scratch/pdoshi/audio_comp/home_migrated/audio_comp_data/raw/fma_small/013/013540.mp3,013540,International,training
/scratch/pdoshi/audio_comp/home_migrated/audio_comp_data/raw/fma_small/013/013556.mp3,013556,Rock,validation
/scratch/pdoshi/audio_comp/home_migrated/audio_comp_data/raw/fma_small/013/013561.mp3,013561,Hip-Hop,training
/scratch/pdoshi/audio_comp/home_migrated/audio_comp_data/raw/fma_small/013/013562.mp3,013562,Electronic,training
/scratch/pdoshi/audio_comp/home_migrated/audio_comp_data/raw/fma_small/013/013566.mp3,013566,Hip-Hop,training
/scratch/pdoshi/audio_comp/home_migrated/audio_comp_data/raw/fma_small/013/013571.mp3,013571,Electronic,training
/scratch/pdoshi/audio_comp/home_migrated/audio_comp_data/raw/fma_small/013/013578.mp3,013578,Experimental,test
/scratch/pdoshi/audio_comp/home_migrated/audio_comp_data/raw/fma_small/013/013591.mp3,013591,Hip-Hop,validation
/scratch/pdoshi/audio_comp/home_migrated/audio_comp_data/raw/fma_small/013/013596.mp3,013596,Rock,training
/scratch/pdoshi/audio_comp/home_migrated/audio_comp_data/raw/fma_small/013/013666.mp3,013666,Rock,test
/scratch/pdoshi/audio_comp/home_migrated/audio_comp_data/raw/fma_small/013/013668.mp3,013668,Electronic,training
/scratch/pdoshi/audio_comp/home_migrated/audio_comp_data/raw/fma_small/013/013670.mp3,013670,Hip-Hop,training
/scratch/pdoshi/audio_comp/home_migrated/audio_comp_data/raw/fma_small/013/013706.mp3,013706,Electronic,test
/scratch/pdoshi/audio_comp/home_migrated/audio_comp_data/raw/fma_small/013/013707.mp3,013707,Electronic,test
/scratch/pdoshi/audio_comp/home_migrated/audio_comp_data/raw/fma_small/013/013708.mp3,013708,Electronic,test
/scratch/pdoshi/audio_comp/home_migrated/audio_comp_data/raw/fma_small/013/013709.mp3,013709,Electronic,test
/scratch/pdoshi/audio_comp/home_migrated/audio_comp_data/raw/fma_small/013/013710.mp3,013710,Electronic,test
/scratch/pdoshi/audio_comp/home_migrated/audio_comp_data/raw/fma_small/013/013711.mp3,013711,Electronic,test
/scratch/pdoshi/audio_comp/home_migrated/audio_comp_data/raw/fma_small/013/013735.mp3,013735,Hip-Hop,training
/scratch/pdoshi/audio_comp/home_migrated/audio_comp_data/raw/fma_small/013/013747.mp3,013747,Hip-Hop,training
/scratch/pdoshi/audio_comp/home_migrated/audio_comp_data/raw/fma_small/013/013748.mp3,013748,Hip-Hop,training
/scratch/pdoshi/audio_comp/home_migrated/audio_comp_data/raw/fma_small/013/013749.mp3,013749,Hip-Hop,training
/scratch/pdoshi/audio_comp/home_migrated/audio_comp_data/raw/fma_small/013/013767.mp3,013767,Hip-Hop,training
/scratch/pdoshi/audio_comp/home_migrated/audio_comp_data/raw/fma_small/013/013768.mp3,013768,Hip-Hop,training
/scratch/pdoshi/audio_comp/home_migrated/audio_comp_data/raw/fma_small/013/013804.mp3,013804,Hip-Hop,training
/scratch/pdoshi/audio_comp/home_migrated/audio_comp_data/raw/fma_small/013/013927.mp3,013927,Folk,training
/scratch/pdoshi/audio_comp/home_migrated/audio_comp_data/raw/fma_small/013/013928.mp3,013928,Folk,training
/scratch/pdoshi/audio_comp/home_migrated/audio_comp_data/raw/fma_small/013/013929.mp3,013929,Folk,training
/scratch/pdoshi/audio_comp/home_migrated/audio_comp_data/raw/fma_small/013/013930.mp3,013930,Folk,training
/scratch/pdoshi/audio_comp/home_migrated/audio_comp_data/raw/fma_small/014/014063.mp3,014063,Electronic,training
/scratch/pdoshi/audio_comp/home_migrated/audio_comp_data/raw/fma_small/014/014208.mp3,014208,Electronic,training
/scratch/pdoshi/audio_comp/home_migrated/audio_comp_data/raw/fma_small/014/014315.mp3,014315,International,validation
/scratch/pdoshi/audio_comp/home_migrated/audio_comp_data/raw/fma_small/014/014316.mp3,014316,International,validation
/scratch/pdoshi/audio_comp/home_migrated/audio_comp_data/raw/fma_small/014/014317.mp3,014317,International,validation
/scratch/pdoshi/audio_comp/home_migrated/audio_comp_data/raw/fma_small/014/014318.mp3,014318,International,validation
/scratch/pdoshi/audio_comp/home_migrated/audio_comp_data/raw/fma_small/014/014319.mp3,014319,International,validation
/scratch/pdoshi/audio_comp/home_migrated/audio_comp_data/raw/fma_small/014/014320.mp3,014320,International,validation
/scratch/pdoshi/audio_comp/home_migrated/audio_comp_data/raw/fma_small/014/014344.mp3,014344,Electronic,training
/scratch/pdoshi/audio_comp/home_migrated/audio_comp_data/raw/fma_small/014/014358.mp3,014358,Hip-Hop,training
/scratch/pdoshi/audio_comp/home_migrated/audio_comp_data/raw/fma_small/014/014363.mp3,014363,Hip-Hop,validation
/scratch/pdoshi/audio_comp/home_migrated/audio_comp_data/raw/fma_small/014/014365.mp3,014365,Hip-Hop,validation
/scratch/pdoshi/audio_comp/home_migrated/audio_comp_data/raw/fma_small/014/014386.mp3,014386,Hip-Hop,training
/scratch/pdoshi/audio_comp/home_migrated/audio_comp_data/raw/fma_small/014/014391.mp3,014391,Hip-Hop,validation
/scratch/pdoshi/audio_comp/home_migrated/audio_comp_data/raw/fma_small/014/014538.mp3,014538,Hip-Hop,training
/scratch/pdoshi/audio_comp/home_migrated/audio_comp_data/raw/fma_small/014/014539.mp3,014539,Hip-Hop,training
/scratch/pdoshi/audio_comp/home_migrated/audio_comp_data/raw/fma_small/014/014541.mp3,014541,Hip-Hop,training
/scratch/pdoshi/audio_comp/home_migrated/audio_comp_data/raw/fma_small/014/014542.mp3,014542,Hip-Hop,training
/scratch/pdoshi/audio_comp/home_migrated/audio_comp_data/raw/fma_small/014/014568.mp3,014568,Instrumental,training
/scratch/pdoshi/audio_comp/home_migrated/audio_comp_data/raw/fma_small/014/014569.mp3,014569,Instrumental,training
/scratch/pdoshi/audio_comp/home_migrated/audio_comp_data/raw/fma_small/014/014570.mp3,014570,Instrumental,training
/scratch/pdoshi/audio_comp/home_migrated/audio_comp_data/raw/fma_small/014/014571.mp3,014571,Instrumental,training
/scratch/pdoshi/audio_comp/home_migrated/audio_comp_data/raw/fma_small/014/014572.mp3,014572,Instrumental,training
/scratch/pdoshi/audio_comp/home_migrated/audio_comp_data/raw/fma_small/014/014576.mp3,014576,Instrumental,training
/scratch/pdoshi/audio_comp/home_migrated/audio_comp_data/raw/fma_small/014/014577.mp3,014577,Instrumental,training
/scratch/pdoshi/audio_comp/home_migrated/audio_comp_data/raw/fma_small/014/014578.mp3,014578,Instrumental,training
/scratch/pdoshi/audio_comp/home_migrated/audio_comp_data/raw/fma_small/014/014579.mp3,014579,Instrumental,training
/scratch/pdoshi/audio_comp/home_migrated/audio_comp_data/raw/fma_small/014/014580.mp3,014580,Instrumental,training
/scratch/pdoshi/audio_comp/home_migrated/audio_comp_data/raw/fma_small/014/014581.mp3,014581,Instrumental,training
/scratch/pdoshi/audio_comp/home_migrated/audio_comp_data/raw/fma_small/014/014583.mp3,014583,Instrumental,training
/scratch/pdoshi/audio_comp/home_migrated/audio_comp_data/raw/fma_small/014/014584.mp3,014584,Instrumental,training
/scratch/pdoshi/audio_comp/home_migrated/audio_comp_data/raw/fma_small/014/014585.mp3,014585,Instrumental,training
/scratch/pdoshi/audio_comp/home_migrated/audio_comp_data/raw/fma_small/014/014586.mp3,014586,Instrumental,training
/scratch/pdoshi/audio_comp/home_migrated/audio_comp_data/raw/fma_small/014/014588.mp3,014588,Instrumental,training
/scratch/pdoshi/audio_comp/home_migrated/audio_comp_data/raw/fma_small/014/014589.mp3,014589,Instrumental,training
/scratch/pdoshi/audio_comp/home_migrated/audio_comp_data/raw/fma_small/014/014590.mp3,014590,Instrumental,training
/scratch/pdoshi/audio_comp/home_migrated/audio_comp_data/raw/fma_small/014/014601.mp3,014601,International,test
/scratch/pdoshi/audio_comp/home_migrated/audio_comp_data/raw/fma_small/014/014602.mp3,014602,International,test
/scratch/pdoshi/audio_comp/home_migrated/audio_comp_data/raw/fma_small/014/014603.mp3,014603,International,test
/scratch/pdoshi/audio_comp/home_migrated/audio_comp_data/raw/fma_small/014/014604.mp3,014604,International,test
/scratch/pdoshi/audio_comp/home_migrated/audio_comp_data/raw/fma_small/014/014653.mp3,014653,Rock,test
/scratch/pdoshi/audio_comp/home_migrated/audio_comp_data/raw/fma_small/014/014661.mp3,014661,Folk,training
/scratch/pdoshi/audio_comp/home_migrated/audio_comp_data/raw/fma_small/014/014663.mp3,014663,Pop,test
/scratch/pdoshi/audio_comp/home_migrated/audio_comp_data/raw/fma_small/014/014684.mp3,014684,Folk,training
/scratch/pdoshi/audio_comp/home_migrated/audio_comp_data/raw/fma_small/014/014690.mp3,014690,Experimental,test
/scratch/pdoshi/audio_comp/home_migrated/audio_comp_data/raw/fma_small/014/014693.mp3,014693,Folk,training
/scratch/pdoshi/audio_comp/home_migrated/audio_comp_data/raw/fma_small/014/014733.mp3,014733,Rock,test
/scratch/pdoshi/audio_comp/home_migrated/audio_comp_data/raw/fma_small/014/014734.mp3,014734,Rock,test
/scratch/pdoshi/audio_comp/home_migrated/audio_comp_data/raw/fma_small/014/014735.mp3,014735,Rock,test
/scratch/pdoshi/audio_comp/home_migrated/audio_comp_data/raw/fma_small/014/014736.mp3,014736,Rock,test
/scratch/pdoshi/audio_comp/home_migrated/audio_comp_data/raw/fma_small/014/014737.mp3,014737,Rock,test
/scratch/pdoshi/audio_comp/home_migrated/audio_comp_data/raw/fma_small/014/014738.mp3,014738,Rock,test
/scratch/pdoshi/audio_comp/home_migrated/audio_comp_data/raw/fma_small/014/014739.mp3,014739,Rock,test
/scratch/pdoshi/audio_comp/home_migrated/audio_comp_data/raw/fma_small/014/014740.mp3,014740,Rock,test
/scratch/pdoshi/audio_comp/home_migrated/audio_comp_data/raw/fma_small/014/014741.mp3,014741,Rock,test
/scratch/pdoshi/audio_comp/home_migrated/audio_comp_data/raw/fma_small/014/014742.mp3,014742,Rock,test
/scratch/pdoshi/audio_comp/home_migrated/audio_comp_data/raw/fma_small/014/014743.mp3,014743,Rock,test
/scratch/pdoshi/audio_comp/home_migrated/audio_comp_data/raw/fma_small/014/014744.mp3,014744,Rock,test
/scratch/pdoshi/audio_comp/home_migrated/audio_comp_data/raw/fma_small/014/014745.mp3,014745,Rock,test
/scratch/pdoshi/audio_comp/home_migrated/audio_comp_data/raw/fma_small/014/014809.mp3,014809,Folk,training
/scratch/pdoshi/audio_comp/home_migrated/audio_comp_data/raw/fma_small/014/014869.mp3,014869,Electronic,validation
/scratch/pdoshi/audio_comp/home_migrated/audio_comp_data/raw/fma_small/015/015094.mp3,015094,Experimental,test
/scratch/pdoshi/audio_comp/home_migrated/audio_comp_data/raw/fma_small/015/015210.mp3,015210,Hip-Hop,training
/scratch/pdoshi/audio_comp/home_migrated/audio_comp_data/raw/fma_small/015/015464.mp3,015464,Experimental,training
/scratch/pdoshi/audio_comp/home_migrated/audio_comp_data/raw/fma_small/015/015469.mp3,015469,Experimental,training
/scratch/pdoshi/audio_comp/home_migrated/audio_comp_data/raw/fma_small/015/015471.mp3,015471,Experimental,training
/scratch/pdoshi/audio_comp/home_migrated/audio_comp_data/raw/fma_small/015/015475.mp3,015475,Experimental,training
/scratch/pdoshi/audio_comp/home_migrated/audio_comp_data/raw/fma_small/015/015476.mp3,015476,Experimental,training
/scratch/pdoshi/audio_comp/home_migrated/audio_comp_data/raw/fma_small/015/015487.mp3,015487,International,training
/scratch/pdoshi/audio_comp/home_migrated/audio_comp_data/raw/fma_small/015/015488.mp3,015488,International,training
/scratch/pdoshi/audio_comp/home_migrated/audio_comp_data/raw/fma_small/015/015540.mp3,015540,Experimental,training
/scratch/pdoshi/audio_comp/home_migrated/audio_comp_data/raw/fma_small/015/015541.mp3,015541,Experimental,training
/scratch/pdoshi/audio_comp/home_migrated/audio_comp_data/raw/fma_small/015/015542.mp3,015542,Experimental,training
/scratch/pdoshi/audio_comp/home_migrated/audio_comp_data/raw/fma_small/015/015543.mp3,015543,Experimental,training
/scratch/pdoshi/audio_comp/home_migrated/audio_comp_data/raw/fma_small/015/015625.mp3,015625,Experimental,training
/scratch/pdoshi/audio_comp/home_migrated/audio_comp_data/raw/fma_small/015/015769.mp3,015769,Electronic,validation
/scratch/pdoshi/audio_comp/home_migrated/audio_comp_data/raw/fma_small/015/015770.mp3,015770,Electronic,validation
/scratch/pdoshi/audio_comp/home_migrated/audio_comp_data/raw/fma_small/015/015771.mp3,015771,Electronic,validation
/scratch/pdoshi/audio_comp/home_migrated/audio_comp_data/raw/fma_small/015/015772.mp3,015772,Electronic,validation
/scratch/pdoshi/audio_comp/home_migrated/audio_comp_data/raw/fma_small/015/015773.mp3,015773,Electronic,validation
/scratch/pdoshi/audio_comp/home_migrated/audio_comp_data/raw/fma_small/015/015880.mp3,015880,International,training
/scratch/pdoshi/audio_comp/home_migrated/audio_comp_data/raw/fma_small/016/016095.mp3,016095,Pop,training
/scratch/pdoshi/audio_comp/home_migrated/audio_comp_data/raw/fma_small/016/016155.mp3,016155,Pop,training
/scratch/pdoshi/audio_comp/home_migrated/audio_comp_data/raw/fma_small/016/016158.mp3,016158,Pop,training
/scratch/pdoshi/audio_comp/home_migrated/audio_comp_data/raw/fma_small/016/016162.mp3,016162,Hip-Hop,training
/scratch/pdoshi/audio_comp/home_migrated/audio_comp_data/raw/fma_small/016/016163.mp3,016163,Pop,training
/scratch/pdoshi/audio_comp/home_migrated/audio_comp_data/raw/fma_small/016/016334.mp3,016334,International,training
/scratch/pdoshi/audio_comp/home_migrated/audio_comp_data/raw/fma_small/016/016337.mp3,016337,Pop,test
/scratch/pdoshi/audio_comp/home_migrated/audio_comp_data/raw/fma_small/016/016338.mp3,016338,Pop,test
/scratch/pdoshi/audio_comp/home_migrated/audio_comp_data/raw/fma_small/016/016339.mp3,016339,Pop,test
/scratch/pdoshi/audio_comp/home_migrated/audio_comp_data/raw/fma_small/016/016340.mp3,016340,Pop,test
/scratch/pdoshi/audio_comp/home_migrated/audio_comp_data/raw/fma_small/016/016354.mp3,016354,Rock,training
/scratch/pdoshi/audio_comp/home_migrated/audio_comp_data/raw/fma_small/016/016743.mp3,016743,International,training
/scratch/pdoshi/audio_comp/home_migrated/audio_comp_data/raw/fma_small/016/016744.mp3,016744,International,training
/scratch/pdoshi/audio_comp/home_migrated/audio_comp_data/raw/fma_small/016/016745.mp3,016745,International,training
/scratch/pdoshi/audio_comp/home_migrated/audio_comp_data/raw/fma_small/016/016747.mp3,016747,International,training
/scratch/pdoshi/audio_comp/home_migrated/audio_comp_data/raw/fma_small/016/016819.mp3,016819,Rock,training
/scratch/pdoshi/audio_comp/home_migrated/audio_comp_data/raw/fma_small/016/016820.mp3,016820,Rock,training
/scratch/pdoshi/audio_comp/home_migrated/audio_comp_data/raw/fma_small/016/016821.mp3,016821,Rock,training
/scratch/pdoshi/audio_comp/home_migrated/audio_comp_data/raw/fma_small/016/016822.mp3,016822,Rock,training
/scratch/pdoshi/audio_comp/home_migrated/audio_comp_data/raw/fma_small/016/016878.mp3,016878,Hip-Hop,training
/scratch/pdoshi/audio_comp/home_migrated/audio_comp_data/raw/fma_small/016/016879.mp3,016879,Hip-Hop,training
/scratch/pdoshi/audio_comp/home_migrated/audio_comp_data/raw/fma_small/016/016880.mp3,016880,Hip-Hop,training
/scratch/pdoshi/audio_comp/home_migrated/audio_comp_data/raw/fma_small/016/016895.mp3,016895,Pop,validation
/scratch/pdoshi/audio_comp/home_migrated/audio_comp_data/raw/fma_small/016/016994.mp3,016994,Rock,test
/scratch/pdoshi/audio_comp/home_migrated/audio_comp_data/raw/fma_small/016/016995.mp3,016995,Rock,test
/scratch/pdoshi/audio_comp/home_migrated/audio_comp_data/raw/fma_small/016/016997.mp3,016997,Rock,test
/scratch/pdoshi/audio_comp/home_migrated/audio_comp_data/raw/fma_small/017/017132.mp3,017132,Folk,training
/scratch/pdoshi/audio_comp/home_migrated/audio_comp_data/raw/fma_small/017/017344.mp3,017344,Pop,validation
/scratch/pdoshi/audio_comp/home_migrated/audio_comp_data/raw/fma_small/017/017345.mp3,017345,Pop,validation
/scratch/pdoshi/audio_comp/home_migrated/audio_comp_data/raw/fma_small/017/017462.mp3,017462,Rock,training
/scratch/pdoshi/audio_comp/home_migrated/audio_comp_data/raw/fma_small/017/017491.mp3,017491,Hip-Hop,training
/scratch/pdoshi/audio_comp/home_migrated/audio_comp_data/raw/fma_small/017/017496.mp3,017496,Hip-Hop,training
/scratch/pdoshi/audio_comp/home_migrated/audio_comp_data/raw/fma_small/017/017499.mp3,017499,Hip-Hop,training
/scratch/pdoshi/audio_comp/home_migrated/audio_comp_data/raw/fma_small/017/017500.mp3,017500,Hip-Hop,training
/scratch/pdoshi/audio_comp/home_migrated/audio_comp_data/raw/fma_small/017/017573.mp3,017573,Experimental,training
/scratch/pdoshi/audio_comp/home_migrated/audio_comp_data/raw/fma_small/017/017588.mp3,017588,Electronic,training
/scratch/pdoshi/audio_comp/home_migrated/audio_comp_data/raw/fma_small/017/017605.mp3,017605,International,training
/scratch/pdoshi/audio_comp/home_migrated/audio_comp_data/raw/fma_small/017/017606.mp3,017606,International,training
/scratch/pdoshi/audio_comp/home_migrated/audio_comp_data/raw/fma_small/017/017607.mp3,017607,International,training
/scratch/pdoshi/audio_comp/home_migrated/audio_comp_data/raw/fma_small/017/017608.mp3,017608,International,training
/scratch/pdoshi/audio_comp/home_migrated/audio_comp_data/raw/fma_small/017/017609.mp3,017609,International,training
/scratch/pdoshi/audio_comp/home_migrated/audio_comp_data/raw/fma_small/017/017610.mp3,017610,International,training
/scratch/pdoshi/audio_comp/home_migrated/audio_comp_data/raw/fma_small/017/017611.mp3,017611,International,training
/scratch/pdoshi/audio_comp/home_migrated/audio_comp_data/raw/fma_small/017/017631.mp3,017631,International,training
/scratch/pdoshi/audio_comp/home_migrated/audio_comp_data/raw/fma_small/017/017632.mp3,017632,International,training
/scratch/pdoshi/audio_comp/home_migrated/audio_comp_data/raw/fma_small/017/017633.mp3,017633,International,training
/scratch/pdoshi/audio_comp/home_migrated/audio_comp_data/raw/fma_small/017/017634.mp3,017634,International,training
/scratch/pdoshi/audio_comp/home_migrated/audio_comp_data/raw/fma_small/017/017635.mp3,017635,International,training
/scratch/pdoshi/audio_comp/home_migrated/audio_comp_data/raw/fma_small/017/017636.mp3,017636,International,training
/scratch/pdoshi/audio_comp/home_migrated/audio_comp_data/raw/fma_small/017/017637.mp3,017637,International,training
/scratch/pdoshi/audio_comp/home_migrated/audio_comp_data/raw/fma_small/017/017644.mp3,017644,Experimental,training
/scratch/pdoshi/audio_comp/home_migrated/audio_comp_data/raw/fma_small/017/017735.mp3,017735,Rock,training
/scratch/pdoshi/audio_comp/home_migrated/audio_comp_data/raw/fma_small/017/017782.mp3,017782,Hip-Hop,training
/scratch/pdoshi/audio_comp/home_migrated/audio_comp_data/raw/fma_small/017/017884.mp3,017884,Electronic,training
/scratch/pdoshi/audio_comp/home_migrated/audio_comp_data/raw/fma_small/017/017906.mp3,017906,Pop,training
/scratch/pdoshi/audio_comp/home_migrated/audio_comp_data/raw/fma_small/018/018031.mp3,018031,International,training
/scratch/pdoshi/audio_comp/home_migrated/audio_comp_data/raw/fma_small/018/018032.mp3,018032,International,training
/scratch/pdoshi/audio_comp/home_migrated/audio_comp_data/raw/fma_small/018/018033.mp3,018033,International,training
/scratch/pdoshi/audio_comp/home_migrated/audio_comp_data/raw/fma_small/018/018034.mp3,018034,International,training
/scratch/pdoshi/audio_comp/home_migrated/audio_comp_data/raw/fma_small/018/018037.mp3,018037,International,validation
/scratch/pdoshi/audio_comp/home_migrated/audio_comp_data/raw/fma_small/018/018038.mp3,018038,International,validation
/scratch/pdoshi/audio_comp/home_migrated/audio_comp_data/raw/fma_small/018/018039.mp3,018039,International,validation
/scratch/pdoshi/audio_comp/home_migrated/audio_comp_data/raw/fma_small/018/018043.mp3,018043,International,training
/scratch/pdoshi/audio_comp/home_migrated/audio_comp_data/raw/fma_small/018/018044.mp3,018044,International,training
/scratch/pdoshi/audio_comp/home_migrated/audio_comp_data/raw/fma_small/018/018112.mp3,018112,Experimental,test
/scratch/pdoshi/audio_comp/home_migrated/audio_comp_data/raw/fma_small/018/018124.mp3,018124,Experimental,training
/scratch/pdoshi/audio_comp/home_migrated/audio_comp_data/raw/fma_small/018/018144.mp3,018144,Pop,training
/scratch/pdoshi/audio_comp/home_migrated/audio_comp_data/raw/fma_small/018/018145.mp3,018145,Pop,training
/scratch/pdoshi/audio_comp/home_migrated/audio_comp_data/raw/fma_small/018/018146.mp3,018146,Pop,training
/scratch/pdoshi/audio_comp/home_migrated/audio_comp_data/raw/fma_small/018/018159.mp3,018159,Folk,training
/scratch/pdoshi/audio_comp/home_migrated/audio_comp_data/raw/fma_small/018/018197.mp3,018197,Rock,training
/scratch/pdoshi/audio_comp/home_migrated/audio_comp_data/raw/fma_small/018/018350.mp3,018350,Folk,test
/scratch/pdoshi/audio_comp/home_migrated/audio_comp_data/raw/fma_small/018/018607.mp3,018607,Rock,training
/scratch/pdoshi/audio_comp/home_migrated/audio_comp_data/raw/fma_small/018/018611.mp3,018611,Rock,training
/scratch/pdoshi/audio_comp/home_migrated/audio_comp_data/raw/fma_small/018/018876.mp3,018876,Experimental,training
/scratch/pdoshi/audio_comp/home_migrated/audio_comp_data/raw/fma_small/018/018877.mp3,018877,Experimental,training
/scratch/pdoshi/audio_comp/home_migrated/audio_comp_data/raw/fma_small/018/018887.mp3,018887,Rock,training
/scratch/pdoshi/audio_comp/home_migrated/audio_comp_data/raw/fma_small/019/019073.mp3,019073,Pop,training
/scratch/pdoshi/audio_comp/home_migrated/audio_comp_data/raw/fma_small/019/019074.mp3,019074,Pop,training
/scratch/pdoshi/audio_comp/home_migrated/audio_comp_data/raw/fma_small/019/019179.mp3,019179,Rock,training
/scratch/pdoshi/audio_comp/home_migrated/audio_comp_data/raw/fma_small/019/019184.mp3,019184,Rock,training
/scratch/pdoshi/audio_comp/home_migrated/audio_comp_data/raw/fma_small/019/019187.mp3,019187,Rock,training
/scratch/pdoshi/audio_comp/home_migrated/audio_comp_data/raw/fma_small/019/019192.mp3,019192,Experimental,training
/scratch/pdoshi/audio_comp/home_migrated/audio_comp_data/raw/fma_small/019/019412.mp3,019412,Pop,training
/scratch/pdoshi/audio_comp/home_migrated/audio_comp_data/raw/fma_small/019/019413.mp3,019413,Pop,training
/scratch/pdoshi/audio_comp/home_migrated/audio_comp_data/raw/fma_small/019/019415.mp3,019415,Pop,training
/scratch/pdoshi/audio_comp/home_migrated/audio_comp_data/raw/fma_small/019/019416.mp3,019416,Pop,training
/scratch/pdoshi/audio_comp/home_migrated/audio_comp_data/raw/fma_small/019/019417.mp3,019417,Pop,training
/scratch/pdoshi/audio_comp/home_migrated/audio_comp_data/raw/fma_small/019/019418.mp3,019418,Pop,training
/scratch/pdoshi/audio_comp/home_migrated/audio_comp_data/raw/fma_small/019/019420.mp3,019420,Pop,training
/scratch/pdoshi/audio_comp/home_migrated/audio_comp_data/raw/fma_small/019/019422.mp3,019422,Pop,training
/scratch/pdoshi/audio_comp/home_migrated/audio_comp_data/raw/fma_small/019/019423.mp3,019423,Pop,training
/scratch/pdoshi/audio_comp/home_migrated/audio_comp_data/raw/fma_small/019/019425.mp3,019425,Pop,training
/scratch/pdoshi/audio_comp/home_migrated/audio_comp_data/raw/fma_small/019/019438.mp3,019438,Hip-Hop,training
/scratch/pdoshi/audio_comp/home_migrated/audio_comp_data/raw/fma_small/019/019439.mp3,019439,Hip-Hop,test
/scratch/pdoshi/audio_comp/home_migrated/audio_comp_data/raw/fma_small/019/019441.mp3,019441,Pop,training
/scratch/pdoshi/audio_comp/home_migrated/audio_comp_data/raw/fma_small/019/019442.mp3,019442,Pop,training
/scratch/pdoshi/audio_comp/home_migrated/audio_comp_data/raw/fma_small/019/019459.mp3,019459,International,training
/scratch/pdoshi/audio_comp/home_migrated/audio_comp_data/raw/fma_small/019/019673.mp3,019673,International,validation
/scratch/pdoshi/audio_comp/home_migrated/audio_comp_data/raw/fma_small/019/019674.mp3,019674,International,validation
/scratch/pdoshi/audio_comp/home_migrated/audio_comp_data/raw/fma_small/019/019685.mp3,019685,Rock,test
/scratch/pdoshi/audio_comp/home_migrated/audio_comp_data/raw/fma_small/019/019689.mp3,019689,Pop,validation
/scratch/pdoshi/audio_comp/home_migrated/audio_comp_data/raw/fma_small/019/019707.mp3,019707,Folk,training
/scratch/pdoshi/audio_comp/home_migrated/audio_comp_data/raw/fma_small/019/019708.mp3,019708,Folk,training
/scratch/pdoshi/audio_comp/home_migrated/audio_comp_data/raw/fma_small/019/019729.mp3,019729,Hip-Hop,training
/scratch/pdoshi/audio_comp/home_migrated/audio_comp_data/raw/fma_small/019/019758.mp3,019758,Pop,training
/scratch/pdoshi/audio_comp/home_migrated/audio_comp_data/raw/fma_small/019/019759.mp3,019759,Pop,training
/scratch/pdoshi/audio_comp/home_migrated/audio_comp_data/raw/fma_small/019/019760.mp3,019760,Pop,training
/scratch/pdoshi/audio_comp/home_migrated/audio_comp_data/raw/fma_small/019/019889.mp3,019889,International,training
/scratch/pdoshi/audio_comp/home_migrated/audio_comp_data/raw/fma_small/019/019890.mp3,019890,International,training
/scratch/pdoshi/audio_comp/home_migrated/audio_comp_data/raw/fma_small/019/019891.mp3,019891,International,training
/scratch/pdoshi/audio_comp/home_migrated/audio_comp_data/raw/fma_small/020/020050.mp3,020050,Rock,training
/scratch/pdoshi/audio_comp/home_migrated/audio_comp_data/raw/fma_small/020/020296.mp3,020296,Experimental,test
/scratch/pdoshi/audio_comp/home_migrated/audio_comp_data/raw/fma_small/020/020361.mp3,020361,Instrumental,training
/scratch/pdoshi/audio_comp/home_migrated/audio_comp_data/raw/fma_small/020/020362.mp3,020362,Instrumental,training
/scratch/pdoshi/audio_comp/home_migrated/audio_comp_data/raw/fma_small/020/020364.mp3,020364,Instrumental,training
/scratch/pdoshi/audio_comp/home_migrated/audio_comp_data/raw/fma_small/020/020365.mp3,020365,Instrumental,training
/scratch/pdoshi/audio_comp/home_migrated/audio_comp_data/raw/fma_small/020/020366.mp3,020366,Instrumental,training
/scratch/pdoshi/audio_comp/home_migrated/audio_comp_data/raw/fma_small/020/020369.mp3,020369,Instrumental,training
/scratch/pdoshi/audio_comp/home_migrated/audio_comp_data/raw/fma_small/020/020372.mp3,020372,Instrumental,training
/scratch/pdoshi/audio_comp/home_migrated/audio_comp_data/raw/fma_small/020/020373.mp3,020373,Instrumental,training
/scratch/pdoshi/audio_comp/home_migrated/audio_comp_data/raw/fma_small/020/020374.mp3,020374,Instrumental,training
/scratch/pdoshi/audio_comp/home_migrated/audio_comp_data/raw/fma_small/020/020375.mp3,020375,Instrumental,training
/scratch/pdoshi/audio_comp/home_migrated/audio_comp_data/raw/fma_small/020/020376.mp3,020376,Instrumental,training
/scratch/pdoshi/audio_comp/home_migrated/audio_comp_data/raw/fma_small/020/020424.mp3,020424,Experimental,training
/scratch/pdoshi/audio_comp/home_migrated/audio_comp_data/raw/fma_small/020/020432.mp3,020432,International,training
/scratch/pdoshi/audio_comp/home_migrated/audio_comp_data/raw/fma_small/020/020469.mp3,020469,Hip-Hop,training
/scratch/pdoshi/audio_comp/home_migrated/audio_comp_data/raw/fma_small/020/020667.mp3,020667,Electronic,test
/scratch/pdoshi/audio_comp/home_migrated/audio_comp_data/raw/fma_small/020/020704.mp3,020704,Pop,training
/scratch/pdoshi/audio_comp/home_migrated/audio_comp_data/raw/fma_small/020/020818.mp3,020818,Experimental,validation
/scratch/pdoshi/audio_comp/home_migrated/audio_comp_data/raw/fma_small/021/021058.mp3,021058,Experimental,training
/scratch/pdoshi/audio_comp/home_migrated/audio_comp_data/raw/fma_small/021/021085.mp3,021085,Electronic,training
/scratch/pdoshi/audio_comp/home_migrated/audio_comp_data/raw/fma_small/021/021087.mp3,021087,Folk,training
/scratch/pdoshi/audio_comp/home_migrated/audio_comp_data/raw/fma_small/021/021167.mp3,021167,Electronic,training
/scratch/pdoshi/audio_comp/home_migrated/audio_comp_data/raw/fma_small/021/021228.mp3,021228,Hip-Hop,training
/scratch/pdoshi/audio_comp/home_migrated/audio_comp_data/raw/fma_small/021/021231.mp3,021231,Pop,training
/scratch/pdoshi/audio_comp/home_migrated/audio_comp_data/raw/fma_small/021/021232.mp3,021232,Pop,training
/scratch/pdoshi/audio_comp/home_migrated/audio_comp_data/raw/fma_small/021/021400.mp3,021400,Pop,training
/scratch/pdoshi/audio_comp/home_migrated/audio_comp_data/raw/fma_small/021/021401.mp3,021401,Pop,training
/scratch/pdoshi/audio_comp/home_migrated/audio_comp_data/raw/fma_small/021/021402.mp3,021402,Pop,training
/scratch/pdoshi/audio_comp/home_migrated/audio_comp_data/raw/fma_small/021/021403.mp3,021403,Pop,training
/scratch/pdoshi/audio_comp/home_migrated/audio_comp_data/raw/fma_small/021/021404.mp3,021404,Pop,training
/scratch/pdoshi/audio_comp/home_migrated/audio_comp_data/raw/fma_small/021/021409.mp3,021409,Pop,training
/scratch/pdoshi/audio_comp/home_migrated/audio_comp_data/raw/fma_small/021/021422.mp3,021422,Electronic,training
/scratch/pdoshi/audio_comp/home_migrated/audio_comp_data/raw/fma_small/021/021565.mp3,021565,Pop,validation
/scratch/pdoshi/audio_comp/home_migrated/audio_comp_data/raw/fma_small/021/021587.mp3,021587,Pop,validation
/scratch/pdoshi/audio_comp/home_migrated/audio_comp_data/raw/fma_small/021/021657.mp3,021657,Pop,training
/scratch/pdoshi/audio_comp/home_migrated/audio_comp_data/raw/fma_small/021/021672.mp3,021672,Pop,training
/scratch/pdoshi/audio_comp/home_migrated/audio_comp_data/raw/fma_small/021/021676.mp3,021676,Pop,training
/scratch/pdoshi/audio_comp/home_migrated/audio_comp_data/raw/fma_small/021/021677.mp3,021677,Pop,training
/scratch/pdoshi/audio_comp/home_migrated/audio_comp_data/raw/fma_small/021/021707.mp3,021707,Folk,training
/scratch/pdoshi/audio_comp/home_migrated/audio_comp_data/raw/fma_small/021/021774.mp3,021774,Experimental,training
/scratch/pdoshi/audio_comp/home_migrated/audio_comp_data/raw/fma_small/021/021842.mp3,021842,Electronic,training
/scratch/pdoshi/audio_comp/home_migrated/audio_comp_data/raw/fma_small/021/021859.mp3,021859,Rock,training
/scratch/pdoshi/audio_comp/home_migrated/audio_comp_data/raw/fma_small/021/021860.mp3,021860,Rock,training
/scratch/pdoshi/audio_comp/home_migrated/audio_comp_data/raw/fma_small/021/021891.mp3,021891,Electronic,training
/scratch/pdoshi/audio_comp/home_migrated/audio_comp_data/raw/fma_small/021/021895.mp3,021895,Electronic,training
/scratch/pdoshi/audio_comp/home_migrated/audio_comp_data/raw/fma_small/021/021995.mp3,021995,Pop,test
/scratch/pdoshi/audio_comp/home_migrated/audio_comp_data/raw/fma_small/021/021996.mp3,021996,Pop,test
/scratch/pdoshi/audio_comp/home_migrated/audio_comp_data/raw/fma_small/021/021997.mp3,021997,Pop,test
/scratch/pdoshi/audio_comp/home_migrated/audio_comp_data/raw/fma_small/021/021998.mp3,021998,Pop,test
/scratch/pdoshi/audio_comp/home_migrated/audio_comp_data/raw/fma_small/021/021999.mp3,021999,Pop,test
/scratch/pdoshi/audio_comp/home_migrated/audio_comp_data/raw/fma_small/022/022000.mp3,022000,Pop,test
/scratch/pdoshi/audio_comp/home_migrated/audio_comp_data/raw/fma_small/022/022001.mp3,022001,Pop,test
/scratch/pdoshi/audio_comp/home_migrated/audio_comp_data/raw/fma_small/022/022088.mp3,022088,Hip-Hop,training
/scratch/pdoshi/audio_comp/home_migrated/audio_comp_data/raw/fma_small/022/022091.mp3,022091,Hip-Hop,training
/scratch/pdoshi/audio_comp/home_migrated/audio_comp_data/raw/fma_small/022/022093.mp3,022093,Rock,training
/scratch/pdoshi/audio_comp/home_migrated/audio_comp_data/raw/fma_small/022/022094.mp3,022094,Hip-Hop,training
/scratch/pdoshi/audio_comp/home_migrated/audio_comp_data/raw/fma_small/022/022095.mp3,022095,Electronic,training
/scratch/pdoshi/audio_comp/home_migrated/audio_comp_data/raw/fma_small/022/022097.mp3,022097,Pop,training
/scratch/pdoshi/audio_comp/home_migrated/audio_comp_data/raw/fma_small/022/022150.mp3,022150,Experimental,validation
/scratch/pdoshi/audio_comp/home_migrated/audio_comp_data/raw/fma_small/022/022295.mp3,022295,Hip-Hop,training
/scratch/pdoshi/audio_comp/home_migrated/audio_comp_data/raw/fma_small/022/022296.mp3,022296,Hip-Hop,validation
/scratch/pdoshi/audio_comp/home_migrated/audio_comp_data/raw/fma_small/022/022315.mp3,022315,International,validation
/scratch/pdoshi/audio_comp/home_migrated/audio_comp_data/raw/fma_small/022/022348.mp3,022348,Pop,training
/scratch/pdoshi/audio_comp/home_migrated/audio_comp_data/raw/fma_small/022/022472.mp3,022472,Pop,training
/scratch/pdoshi/audio_comp/home_migrated/audio_comp_data/raw/fma_small/022/022473.mp3,022473,Pop,training
/scratch/pdoshi/audio_comp/home_migrated/audio_comp_data/raw/fma_small/022/022474.mp3,022474,Pop,training
/scratch/pdoshi/audio_comp/home_migrated/audio_comp_data/raw/fma_small/022/022475.mp3,022475,Pop,training
/scratch/pdoshi/audio_comp/home_migrated/audio_comp_data/raw/fma_small/022/022476.mp3,022476,Pop,training
/scratch/pdoshi/audio_comp/home_migrated/audio_comp_data/raw/fma_small/022/022477.mp3,022477,Pop,training
/scratch/pdoshi/audio_comp/home_migrated/audio_comp_data/raw/fma_small/022/022478.mp3,022478,Pop,training
/scratch/pdoshi/audio_comp/home_migrated/audio_comp_data/raw/fma_small/022/022479.mp3,022479,Pop,training
/scratch/pdoshi/audio_comp/home_migrated/audio_comp_data/raw/fma_small/022/022480.mp3,022480,Pop,training
/scratch/pdoshi/audio_comp/home_migrated/audio_comp_data/raw/fma_small/022/022481.mp3,022481,Pop,training
/scratch/pdoshi/audio_comp/home_migrated/audio_comp_data/raw/fma_small/023/023010.mp3,023010,Electronic,test
/scratch/pdoshi/audio_comp/home_migrated/audio_comp_data/raw/fma_small/023/023013.mp3,023013,Electronic,training
/scratch/pdoshi/audio_comp/home_migrated/audio_comp_data/raw/fma_small/023/023014.mp3,023014,Folk,validation
/scratch/pdoshi/audio_comp/home_migrated/audio_comp_data/raw/fma_small/023/023015.mp3,023015,Folk,training
/scratch/pdoshi/audio_comp/home_migrated/audio_comp_data/raw/fma_small/023/023016.mp3,023016,Electronic,training
/scratch/pdoshi/audio_comp/home_migrated/audio_comp_data/raw/fma_small/023/023037.mp3,023037,Rock,training
/scratch/pdoshi/audio_comp/home_migrated/audio_comp_data/raw/fma_small/023/023039.mp3,023039,Pop,training
/scratch/pdoshi/audio_comp/home_migrated/audio_comp_data/raw/fma_small/023/023041.mp3,023041,Rock,test
/scratch/pdoshi/audio_comp/home_migrated/audio_comp_data/raw/fma_small/023/023063.mp3,023063,Experimental,test
/scratch/pdoshi/audio_comp/home_migrated/audio_comp_data/raw/fma_small/023/023155.mp3,023155,International,training
/scratch/pdoshi/audio_comp/home_migrated/audio_comp_data/raw/fma_small/023/023156.mp3,023156,International,training
/scratch/pdoshi/audio_comp/home_migrated/audio_comp_data/raw/fma_small/023/023172.mp3,023172,Rock,training
/scratch/pdoshi/audio_comp/home_migrated/audio_comp_data/raw/fma_small/023/023329.mp3,023329,Experimental,validation
/scratch/pdoshi/audio_comp/home_migrated/audio_comp_data/raw/fma_small/023/023353.mp3,023353,Electronic,training
/scratch/pdoshi/audio_comp/home_migrated/audio_comp_data/raw/fma_small/023/023355.mp3,023355,Electronic,validation
/scratch/pdoshi/audio_comp/home_migrated/audio_comp_data/raw/fma_small/023/023371.mp3,023371,Folk,training
/scratch/pdoshi/audio_comp/home_migrated/audio_comp_data/raw/fma_small/023/023372.mp3,023372,Electronic,training
/scratch/pdoshi/audio_comp/home_migrated/audio_comp_data/raw/fma_small/023/023505.mp3,023505,Electronic,training
/scratch/pdoshi/audio_comp/home_migrated/audio_comp_data/raw/fma_small/023/023862.mp3,023862,Electronic,test
/scratch/pdoshi/audio_comp/home_migrated/audio_comp_data/raw/fma_small/024/024216.mp3,024216,Experimental,training
/scratch/pdoshi/audio_comp/home_migrated/audio_comp_data/raw/fma_small/024/024217.mp3,024217,Experimental,training
/scratch/pdoshi/audio_comp/home_migrated/audio_comp_data/raw/fma_small/024/024218.mp3,024218,Experimental,training
/scratch/pdoshi/audio_comp/home_migrated/audio_comp_data/raw/fma_small/024/024362.mp3,024362,International,training
/scratch/pdoshi/audio_comp/home_migrated/audio_comp_data/raw/fma_small/024/024363.mp3,024363,International,training
/scratch/pdoshi/audio_comp/home_migrated/audio_comp_data/raw/fma_small/024/024364.mp3,024364,International,training
/scratch/pdoshi/audio_comp/home_migrated/audio_comp_data/raw/fma_small/024/024365.mp3,024365,International,training
/scratch/pdoshi/audio_comp/home_migrated/audio_comp_data/raw/fma_small/024/024366.mp3,024366,International,training
/scratch/pdoshi/audio_comp/home_migrated/audio_comp_data/raw/fma_small/024/024367.mp3,024367,International,training
/scratch/pdoshi/audio_comp/home_migrated/audio_comp_data/raw/fma_small/024/024368.mp3,024368,International,training
/scratch/pdoshi/audio_comp/home_migrated/audio_comp_data/raw/fma_small/024/024369.mp3,024369,International,training
/scratch/pdoshi/audio_comp/home_migrated/audio_comp_data/raw/fma_small/024/024370.mp3,024370,International,training
/scratch/pdoshi/audio_comp/home_migrated/audio_comp_data/raw/fma_small/024/024371.mp3,024371,International,training
/scratch/pdoshi/audio_comp/home_migrated/audio_comp_data/raw/fma_small/024/024418.mp3,024418,Hip-Hop,training
/scratch/pdoshi/audio_comp/home_migrated/audio_comp_data/raw/fma_small/024/024420.mp3,024420,Hip-Hop,training
/scratch/pdoshi/audio_comp/home_migrated/audio_comp_data/raw/fma_small/024/024421.mp3,024421,Hip-Hop,training
/scratch/pdoshi/audio_comp/home_migrated/audio_comp_data/raw/fma_small/024/024422.mp3,024422,Hip-Hop,training
/scratch/pdoshi/audio_comp/home_migrated/audio_comp_data/raw/fma_small/024/024423.mp3,024423,Hip-Hop,training
/scratch/pdoshi/audio_comp/home_migrated/audio_comp_data/raw/fma_small/024/024424.mp3,024424,Hip-Hop,training
/scratch/pdoshi/audio_comp/home_migrated/audio_comp_data/raw/fma_small/024/024425.mp3,024425,Hip-Hop,training
/scratch/pdoshi/audio_comp/home_migrated/audio_comp_data/raw/fma_small/024/024426.mp3,024426,Hip-Hop,training
/scratch/pdoshi/audio_comp/home_migrated/audio_comp_data/raw/fma_small/024/024427.mp3,024427,Hip-Hop,training
/scratch/pdoshi/audio_comp/home_migrated/audio_comp_data/raw/fma_small/024/024428.mp3,024428,Hip-Hop,training
/scratch/pdoshi/audio_comp/home_migrated/audio_comp_data/raw/fma_small/024/024429.mp3,024429,Hip-Hop,training
/scratch/pdoshi/audio_comp/home_migrated/audio_comp_data/raw/fma_small/024/024430.mp3,024430,Hip-Hop,training
/scratch/pdoshi/audio_comp/home_migrated/audio_comp_data/raw/fma_small/024/024431.mp3,024431,Hip-Hop,training
/scratch/pdoshi/audio_comp/home_migrated/audio_comp_data/raw/fma_small/024/024432.mp3,024432,Hip-Hop,training
/scratch/pdoshi/audio_comp/home_migrated/audio_comp_data/raw/fma_small/024/024512.mp3,024512,Experimental,training
/scratch/pdoshi/audio_comp/home_migrated/audio_comp_data/raw/fma_small/024/024515.mp3,024515,Experimental,training
/scratch/pdoshi/audio_comp/home_migrated/audio_comp_data/raw/fma_small/024/024521.mp3,024521,Experimental,training
/scratch/pdoshi/audio_comp/home_migrated/audio_comp_data/raw/fma_small/024/024524.mp3,024524,Experimental,training
/scratch/pdoshi/audio_comp/home_migrated/audio_comp_data/raw/fma_small/024/024698.mp3,024698,International,training
/scratch/pdoshi/audio_comp/home_migrated/audio_comp_data/raw/fma_small/024/024699.mp3,024699,International,training
/scratch/pdoshi/audio_comp/home_migrated/audio_comp_data/raw/fma_small/024/024700.mp3,024700,International,training
/scratch/pdoshi/audio_comp/home_migrated/audio_comp_data/raw/fma_small/024/024701.mp3,024701,International,training
/scratch/pdoshi/audio_comp/home_migrated/audio_comp_data/raw/fma_small/024/024702.mp3,024702,International,training
/scratch/pdoshi/audio_comp/home_migrated/audio_comp_data/raw/fma_small/024/024717.mp3,024717,International,training
/scratch/pdoshi/audio_comp/home_migrated/audio_comp_data/raw/fma_small/024/024720.mp3,024720,International,training
/scratch/pdoshi/audio_comp/home_migrated/audio_comp_data/raw/fma_small/024/024739.mp3,024739,International,training
/scratch/pdoshi/audio_comp/home_migrated/audio_comp_data/raw/fma_small/024/024741.mp3,024741,International,training
/scratch/pdoshi/audio_comp/home_migrated/audio_comp_data/raw/fma_small/024/024742.mp3,024742,International,training
/scratch/pdoshi/audio_comp/home_migrated/audio_comp_data/raw/fma_small/024/024745.mp3,024745,International,training
/scratch/pdoshi/audio_comp/home_migrated/audio_comp_data/raw/fma_small/024/024746.mp3,024746,International,training
/scratch/pdoshi/audio_comp/home_migrated/audio_comp_data/raw/fma_small/024/024747.mp3,024747,International,training
/scratch/pdoshi/audio_comp/home_migrated/audio_comp_data/raw/fma_small/024/024748.mp3,024748,International,training
/scratch/pdoshi/audio_comp/home_migrated/audio_comp_data/raw/fma_small/024/024749.mp3,024749,International,training
/scratch/pdoshi/audio_comp/home_migrated/audio_comp_data/raw/fma_small/024/024842.mp3,024842,International,training
/scratch/pdoshi/audio_comp/home_migrated/audio_comp_data/raw/fma_small/024/024898.mp3,024898,Experimental,training
/scratch/pdoshi/audio_comp/home_migrated/audio_comp_data/raw/fma_small/024/024899.mp3,024899,Experimental,training
/scratch/pdoshi/audio_comp/home_migrated/audio_comp_data/raw/fma_small/024/024901.mp3,024901,Experimental,training
/scratch/pdoshi/audio_comp/home_migrated/audio_comp_data/raw/fma_small/024/024912.mp3,024912,Experimental,training
/scratch/pdoshi/audio_comp/home_migrated/audio_comp_data/raw/fma_small/024/024915.mp3,024915,Experimental,training
/scratch/pdoshi/audio_comp/home_migrated/audio_comp_data/raw/fma_small/024/024917.mp3,024917,Experimental,training
/scratch/pdoshi/audio_comp/home_migrated/audio_comp_data/raw/fma_small/024/024963.mp3,024963,Experimental,training
/scratch/pdoshi/audio_comp/home_migrated/audio_comp_data/raw/fma_small/024/024975.mp3,024975,Experimental,training
/scratch/pdoshi/audio_comp/home_migrated/audio_comp_data/raw/fma_small/024/024983.mp3,024983,Experimental,training
/scratch/pdoshi/audio_comp/home_migrated/audio_comp_data/raw/fma_small/025/025028.mp3,025028,International,validation
/scratch/pdoshi/audio_comp/home_migrated/audio_comp_data/raw/fma_small/025/025029.mp3,025029,International,validation
/scratch/pdoshi/audio_comp/home_migrated/audio_comp_data/raw/fma_small/025/025030.mp3,025030,International,validation
/scratch/pdoshi/audio_comp/home_migrated/audio_comp_data/raw/fma_small/025/025031.mp3,025031,International,validation
/scratch/pdoshi/audio_comp/home_migrated/audio_comp_data/raw/fma_small/025/025032.mp3,025032,International,validation
/scratch/pdoshi/audio_comp/home_migrated/audio_comp_data/raw/fma_small/025/025033.mp3,025033,International,validation
/scratch/pdoshi/audio_comp/home_migrated/audio_comp_data/raw/fma_small/025/025055.mp3,025055,Pop,test
/scratch/pdoshi/audio_comp/home_migrated/audio_comp_data/raw/fma_small/025/025063.mp3,025063,Experimental,training
/scratch/pdoshi/audio_comp/home_migrated/audio_comp_data/raw/fma_small/025/025066.mp3,025066,Electronic,training
/scratch/pdoshi/audio_comp/home_migrated/audio_comp_data/raw/fma_small/025/025104.mp3,025104,Pop,training
/scratch/pdoshi/audio_comp/home_migrated/audio_comp_data/raw/fma_small/025/025124.mp3,025124,Pop,training
/scratch/pdoshi/audio_comp/home_migrated/audio_comp_data/raw/fma_small/025/025215.mp3,025215,International,training
/scratch/pdoshi/audio_comp/home_migrated/audio_comp_data/raw/fma_small/025/025216.mp3,025216,International,training
/scratch/pdoshi/audio_comp/home_migrated/audio_comp_data/raw/fma_small/025/025227.mp3,025227,International,training
/scratch/pdoshi/audio_comp/home_migrated/audio_comp_data/raw/fma_small/025/025232.mp3,025232,International,training
/scratch/pdoshi/audio_comp/home_migrated/audio_comp_data/raw/fma_small/025/025233.mp3,025233,International,training
/scratch/pdoshi/audio_comp/home_migrated/audio_comp_data/raw/fma_small/025/025234.mp3,025234,International,training
/scratch/pdoshi/audio_comp/home_migrated/audio_comp_data/raw/fma_small/025/025235.mp3,025235,International,training
/scratch/pdoshi/audio_comp/home_migrated/audio_comp_data/raw/fma_small/025/025324.mp3,025324,Experimental,training
/scratch/pdoshi/audio_comp/home_migrated/audio_comp_data/raw/fma_small/025/025378.mp3,025378,Electronic,training
/scratch/pdoshi/audio_comp/home_migrated/audio_comp_data/raw/fma_small/025/025601.mp3,025601,International,training
/scratch/pdoshi/audio_comp/home_migrated/audio_comp_data/raw/fma_small/025/025603.mp3,025603,International,training
/scratch/pdoshi/audio_comp/home_migrated/audio_comp_data/raw/fma_small/025/025605.mp3,025605,International,training
/scratch/pdoshi/audio_comp/home_migrated/audio_comp_data/raw/fma_small/025/025606.mp3,025606,International,training
/scratch/pdoshi/audio_comp/home_migrated/audio_comp_data/raw/fma_small/025/025608.mp3,025608,International,training
/scratch/pdoshi/audio_comp/home_migrated/audio_comp_data/raw/fma_small/025/025609.mp3,025609,International,training
/scratch/pdoshi/audio_comp/home_migrated/audio_comp_data/raw/fma_small/025/025668.mp3,025668,International,validation
/scratch/pdoshi/audio_comp/home_migrated/audio_comp_data/raw/fma_small/025/025669.mp3,025669,International,validation
/scratch/pdoshi/audio_comp/home_migrated/audio_comp_data/raw/fma_small/025/025670.mp3,025670,International,validation
/scratch/pdoshi/audio_comp/home_migrated/audio_comp_data/raw/fma_small/025/025795.mp3,025795,International,training
/scratch/pdoshi/audio_comp/home_migrated/audio_comp_data/raw/fma_small/025/025796.mp3,025796,International,training
/scratch/pdoshi/audio_comp/home_migrated/audio_comp_data/raw/fma_small/025/025797.mp3,025797,International,training
/scratch/pdoshi/audio_comp/home_migrated/audio_comp_data/raw/fma_small/025/025802.mp3,025802,International,training
/scratch/pdoshi/audio_comp/home_migrated/audio_comp_data/raw/fma_small/025/025804.mp3,025804,International,training
/scratch/pdoshi/audio_comp/home_migrated/audio_comp_data/raw/fma_small/026/026007.mp3,026007,Hip-Hop,training
/scratch/pdoshi/audio_comp/home_migrated/audio_comp_data/raw/fma_small/026/026008.mp3,026008,Hip-Hop,training
/scratch/pdoshi/audio_comp/home_migrated/audio_comp_data/raw/fma_small/026/026010.mp3,026010,Hip-Hop,training
/scratch/pdoshi/audio_comp/home_migrated/audio_comp_data/raw/fma_small/026/026011.mp3,026011,Hip-Hop,training
/scratch/pdoshi/audio_comp/home_migrated/audio_comp_data/raw/fma_small/026/026012.mp3,026012,Hip-Hop,training
/scratch/pdoshi/audio_comp/home_migrated/audio_comp_data/raw/fma_small/026/026013.mp3,026013,Hip-Hop,training
/scratch/pdoshi/audio_comp/home_migrated/audio_comp_data/raw/fma_small/026/026014.mp3,026014,Hip-Hop,training
/scratch/pdoshi/audio_comp/home_migrated/audio_comp_data/raw/fma_small/026/026016.mp3,026016,Hip-Hop,training
/scratch/pdoshi/audio_comp/home_migrated/audio_comp_data/raw/fma_small/026/026017.mp3,026017,Hip-Hop,training
/scratch/pdoshi/audio_comp/home_migrated/audio_comp_data/raw/fma_small/026/026020.mp3,026020,Hip-Hop,training
/scratch/pdoshi/audio_comp/home_migrated/audio_comp_data/raw/fma_small/026/026021.mp3,026021,Hip-Hop,training
/scratch/pdoshi/audio_comp/home_migrated/audio_comp_data/raw/fma_small/026/026022.mp3,026022,Hip-Hop,training
/scratch/pdoshi/audio_comp/home_migrated/audio_comp_data/raw/fma_small/026/026025.mp3,026025,Hip-Hop,training
/scratch/pdoshi/audio_comp/home_migrated/audio_comp_data/raw/fma_small/026/026026.mp3,026026,Hip-Hop,training
/scratch/pdoshi/audio_comp/home_migrated/audio_comp_data/raw/fma_small/026/026034.mp3,026034,Hip-Hop,training
/scratch/pdoshi/audio_comp/home_migrated/audio_comp_data/raw/fma_small/026/026035.mp3,026035,Hip-Hop,training
/scratch/pdoshi/audio_comp/home_migrated/audio_comp_data/raw/fma_small/026/026036.mp3,026036,Hip-Hop,training
/scratch/pdoshi/audio_comp/home_migrated/audio_comp_data/raw/fma_small/026/026169.mp3,026169,Pop,training
/scratch/pdoshi/audio_comp/home_migrated/audio_comp_data/raw/fma_small/026/026174.mp3,026174,Pop,training
/scratch/pdoshi/audio_comp/home_migrated/audio_comp_data/raw/fma_small/026/026298.mp3,026298,Pop,training
/scratch/pdoshi/audio_comp/home_migrated/audio_comp_data/raw/fma_small/026/026301.mp3,026301,Experimental,training
/scratch/pdoshi/audio_comp/home_migrated/audio_comp_data/raw/fma_small/026/026302.mp3,026302,Folk,training
/scratch/pdoshi/audio_comp/home_migrated/audio_comp_data/raw/fma_small/026/026307.mp3,026307,Experimental,training
/scratch/pdoshi/audio_comp/home_migrated/audio_comp_data/raw/fma_small/026/026322.mp3,026322,Experimental,training
/scratch/pdoshi/audio_comp/home_migrated/audio_comp_data/raw/fma_small/026/026464.mp3,026464,Folk,training
/scratch/pdoshi/audio_comp/home_migrated/audio_comp_data/raw/fma_small/026/026465.mp3,026465,Folk,training
/scratch/pdoshi/audio_comp/home_migrated/audio_comp_data/raw/fma_small/026/026466.mp3,026466,Folk,training
/scratch/pdoshi/audio_comp/home_migrated/audio_comp_data/raw/fma_small/026/026583.mp3,026583,Experimental,training
/scratch/pdoshi/audio_comp/home_migrated/audio_comp_data/raw/fma_small/026/026600.mp3,026600,Experimental,training
/scratch/pdoshi/audio_comp/home_migrated/audio_comp_data/raw/fma_small/026/026605.mp3,026605,Experimental,training
/scratch/pdoshi/audio_comp/home_migrated/audio_comp_data/raw/fma_small/026/026629.mp3,026629,Electronic,training
/scratch/pdoshi/audio_comp/home_migrated/audio_comp_data/raw/fma_small/026/026638.mp3,026638,Rock,training
/scratch/pdoshi/audio_comp/home_migrated/audio_comp_data/raw/fma_small/026/026639.mp3,026639,Rock,training
/scratch/pdoshi/audio_comp/home_migrated/audio_comp_data/raw/fma_small/026/026640.mp3,026640,Rock,training
/scratch/pdoshi/audio_comp/home_migrated/audio_comp_data/raw/fma_small/026/026641.mp3,026641,Rock,training
/scratch/pdoshi/audio_comp/home_migrated/audio_comp_data/raw/fma_small/026/026642.mp3,026642,Rock,training
/scratch/pdoshi/audio_comp/home_migrated/audio_comp_data/raw/fma_small/026/026643.mp3,026643,Rock,training
/scratch/pdoshi/audio_comp/home_migrated/audio_comp_data/raw/fma_small/026/026651.mp3,026651,Electronic,training
/scratch/pdoshi/audio_comp/home_migrated/audio_comp_data/raw/fma_small/026/026652.mp3,026652,Electronic,training
/scratch/pdoshi/audio_comp/home_migrated/audio_comp_data/raw/fma_small/026/026653.mp3,026653,Electronic,training
/scratch/pdoshi/audio_comp/home_migrated/audio_comp_data/raw/fma_small/026/026654.mp3,026654,Electronic,training
/scratch/pdoshi/audio_comp/home_migrated/audio_comp_data/raw/fma_small/026/026655.mp3,026655,Electronic,training
/scratch/pdoshi/audio_comp/home_migrated/audio_comp_data/raw/fma_small/026/026656.mp3,026656,Electronic,training
/scratch/pdoshi/audio_comp/home_migrated/audio_comp_data/raw/fma_small/026/026657.mp3,026657,Electronic,training
/scratch/pdoshi/audio_comp/home_migrated/audio_comp_data/raw/fma_small/026/026658.mp3,026658,Electronic,training
/scratch/pdoshi/audio_comp/home_migrated/audio_comp_data/raw/fma_small/026/026659.mp3,026659,Electronic,training
/scratch/pdoshi/audio_comp/home_migrated/audio_comp_data/raw/fma_small/026/026674.mp3,026674,Rock,training
/scratch/pdoshi/audio_comp/home_migrated/audio_comp_data/raw/fma_small/026/026681.mp3,026681,Rock,training
/scratch/pdoshi/audio_comp/home_migrated/audio_comp_data/raw/fma_small/026/026754.mp3,026754,Pop,training
/scratch/pdoshi/audio_comp/home_migrated/audio_comp_data/raw/fma_small/026/026765.mp3,026765,Pop,training
/scratch/pdoshi/audio_comp/home_migrated/audio_comp_data/raw/fma_small/026/026859.mp3,026859,Electronic,test
/scratch/pdoshi/audio_comp/home_migrated/audio_comp_data/raw/fma_small/026/026861.mp3,026861,Electronic,test
/scratch/pdoshi/audio_comp/home_migrated/audio_comp_data/raw/fma_small/026/026902.mp3,026902,Electronic,test
/scratch/pdoshi/audio_comp/home_migrated/audio_comp_data/raw/fma_small/026/026904.mp3,026904,Electronic,test
/scratch/pdoshi/audio_comp/home_migrated/audio_comp_data/raw/fma_small/026/026905.mp3,026905,Electronic,test
/scratch/pdoshi/audio_comp/home_migrated/audio_comp_data/raw/fma_small/026/026906.mp3,026906,Electronic,test
/scratch/pdoshi/audio_comp/home_migrated/audio_comp_data/raw/fma_small/027/027164.mp3,027164,Pop,training
/scratch/pdoshi/audio_comp/home_migrated/audio_comp_data/raw/fma_small/027/027177.mp3,027177,Electronic,training
/scratch/pdoshi/audio_comp/home_migrated/audio_comp_data/raw/fma_small/027/027194.mp3,027194,International,training
/scratch/pdoshi/audio_comp/home_migrated/audio_comp_data/raw/fma_small/027/027195.mp3,027195,International,training
/scratch/pdoshi/audio_comp/home_migrated/audio_comp_data/raw/fma_small/027/027197.mp3,027197,International,training
/scratch/pdoshi/audio_comp/home_migrated/audio_comp_data/raw/fma_small/027/027198.mp3,027198,International,training
/scratch/pdoshi/audio_comp/home_migrated/audio_comp_data/raw/fma_small/027/027258.mp3,027258,Folk,training
/scratch/pdoshi/audio_comp/home_migrated/audio_comp_data/raw/fma_small/027/027406.mp3,027406,Electronic,training
/scratch/pdoshi/audio_comp/home_migrated/audio_comp_data/raw/fma_small/027/027454.mp3,027454,Experimental,training
/scratch/pdoshi/audio_comp/home_migrated/audio_comp_data/raw/fma_small/027/027455.mp3,027455,Experimental,training
/scratch/pdoshi/audio_comp/home_migrated/audio_comp_data/raw/fma_small/027/027456.mp3,027456,Experimental,training
/scratch/pdoshi/audio_comp/home_migrated/audio_comp_data/raw/fma_small/027/027547.mp3,027547,Pop,training
/scratch/pdoshi/audio_comp/home_migrated/audio_comp_data/raw/fma_small/027/027548.mp3,027548,Pop,training
/scratch/pdoshi/audio_comp/home_migrated/audio_comp_data/raw/fma_small/027/027549.mp3,027549,Pop,training
/scratch/pdoshi/audio_comp/home_migrated/audio_comp_data/raw/fma_small/027/027550.mp3,027550,Pop,training
/scratch/pdoshi/audio_comp/home_migrated/audio_comp_data/raw/fma_small/027/027551.mp3,027551,Pop,training
/scratch/pdoshi/audio_comp/home_migrated/audio_comp_data/raw/fma_small/027/027552.mp3,027552,Pop,training
/scratch/pdoshi/audio_comp/home_migrated/audio_comp_data/raw/fma_small/027/027609.mp3,027609,International,training
/scratch/pdoshi/audio_comp/home_migrated/audio_comp_data/raw/fma_small/027/027610.mp3,027610,International,training
/scratch/pdoshi/audio_comp/home_migrated/audio_comp_data/raw/fma_small/027/027611.mp3,027611,International,training
/scratch/pdoshi/audio_comp/home_migrated/audio_comp_data/raw/fma_small/027/027612.mp3,027612,International,training
/scratch/pdoshi/audio_comp/home_migrated/audio_comp_data/raw/fma_small/027/027613.mp3,027613,International,training
/scratch/pdoshi/audio_comp/home_migrated/audio_comp_data/raw/fma_small/027/027667.mp3,027667,Electronic,training
/scratch/pdoshi/audio_comp/home_migrated/audio_comp_data/raw/fma_small/027/027673.mp3,027673,Electronic,training
/scratch/pdoshi/audio_comp/home_migrated/audio_comp_data/raw/fma_small/027/027797.mp3,027797,Pop,training
/scratch/pdoshi/audio_comp/home_migrated/audio_comp_data/raw/fma_small/027/027798.mp3,027798,Electronic,validation
/scratch/pdoshi/audio_comp/home_migrated/audio_comp_data/raw/fma_small/027/027799.mp3,027799,Hip-Hop,training
/scratch/pdoshi/audio_comp/home_migrated/audio_comp_data/raw/fma_small/027/027802.mp3,027802,Pop,training
/scratch/pdoshi/audio_comp/home_migrated/audio_comp_data/raw/fma_small/027/027803.mp3,027803,Experimental,training
/scratch/pdoshi/audio_comp/home_migrated/audio_comp_data/raw/fma_small/027/027804.mp3,027804,Folk,training
/scratch/pdoshi/audio_comp/home_migrated/audio_comp_data/raw/fma_small/027/027805.mp3,027805,Pop,training
/scratch/pdoshi/audio_comp/home_migrated/audio_comp_data/raw/fma_small/027/027855.mp3,027855,Folk,training
/scratch/pdoshi/audio_comp/home_migrated/audio_comp_data/raw/fma_small/027/027856.mp3,027856,Folk,training
/scratch/pdoshi/audio_comp/home_migrated/audio_comp_data/raw/fma_small/027/027866.mp3,027866,Experimental,training
/scratch/pdoshi/audio_comp/home_migrated/audio_comp_data/raw/fma_small/027/027945.mp3,027945,Experimental,training
/scratch/pdoshi/audio_comp/home_migrated/audio_comp_data/raw/fma_small/027/027953.mp3,027953,International,training
/scratch/pdoshi/audio_comp/home_migrated/audio_comp_data/raw/fma_small/027/027975.mp3,027975,International,training
/scratch/pdoshi/audio_comp/home_migrated/audio_comp_data/raw/fma_small/027/027978.mp3,027978,International,training
/scratch/pdoshi/audio_comp/home_migrated/audio_comp_data/raw/fma_small/027/027981.mp3,027981,International,training
/scratch/pdoshi/audio_comp/home_migrated/audio_comp_data/raw/fma_small/027/027987.mp3,027987,International,training
/scratch/pdoshi/audio_comp/home_migrated/audio_comp_data/raw/fma_small/028/028070.mp3,028070,Rock,test
/scratch/pdoshi/audio_comp/home_migrated/audio_comp_data/raw/fma_small/028/028072.mp3,028072,Rock,test
/scratch/pdoshi/audio_comp/home_migrated/audio_comp_data/raw/fma_small/028/028179.mp3,028179,Electronic,test
/scratch/pdoshi/audio_comp/home_migrated/audio_comp_data/raw/fma_small/028/028241.mp3,028241,Experimental,training
/scratch/pdoshi/audio_comp/home_migrated/audio_comp_data/raw/fma_small/028/028260.mp3,028260,Rock,training
/scratch/pdoshi/audio_comp/home_migrated/audio_comp_data/raw/fma_small/028/028266.mp3,028266,Rock,test
/scratch/pdoshi/audio_comp/home_migrated/audio_comp_data/raw/fma_small/028/028274.mp3,028274,Rock,validation
/scratch/pdoshi/audio_comp/home_migrated/audio_comp_data/raw/fma_small/028/028375.mp3,028375,Experimental,validation
/scratch/pdoshi/audio_comp/home_migrated/audio_comp_data/raw/fma_small/028/028376.mp3,028376,Experimental,validation
/scratch/pdoshi/audio_comp/home_migrated/audio_comp_data/raw/fma_small/028/028477.mp3,028477,Pop,training
/scratch/pdoshi/audio_comp/home_migrated/audio_comp_data/raw/fma_small/028/028478.mp3,028478,Pop,training
/scratch/pdoshi/audio_comp/home_migrated/audio_comp_data/raw/fma_small/028/028479.mp3,028479,Pop,training
/scratch/pdoshi/audio_comp/home_migrated/audio_comp_data/raw/fma_small/028/028480.mp3,028480,Pop,training
/scratch/pdoshi/audio_comp/home_migrated/audio_comp_data/raw/fma_small/028/028481.mp3,028481,Pop,training
/scratch/pdoshi/audio_comp/home_migrated/audio_comp_data/raw/fma_small/028/028482.mp3,028482,Pop,training
/scratch/pdoshi/audio_comp/home_migrated/audio_comp_data/raw/fma_small/028/028483.mp3,028483,Pop,training
/scratch/pdoshi/audio_comp/home_migrated/audio_comp_data/raw/fma_small/028/028484.mp3,028484,Pop,training
/scratch/pdoshi/audio_comp/home_migrated/audio_comp_data/raw/fma_small/028/028485.mp3,028485,Pop,training
/scratch/pdoshi/audio_comp/home_migrated/audio_comp_data/raw/fma_small/028/028546.mp3,028546,Electronic,training
/scratch/pdoshi/audio_comp/home_migrated/audio_comp_data/raw/fma_small/028/028548.mp3,028548,Electronic,training
/scratch/pdoshi/audio_comp/home_migrated/audio_comp_data/raw/fma_small/028/028553.mp3,028553,Electronic,training
/scratch/pdoshi/audio_comp/home_migrated/audio_comp_data/raw/fma_small/028/028571.mp3,028571,Experimental,training
/scratch/pdoshi/audio_comp/home_migrated/audio_comp_data/raw/fma_small/028/028608.mp3,028608,Pop,training
/scratch/pdoshi/audio_comp/home_migrated/audio_comp_data/raw/fma_small/028/028692.mp3,028692,Rock,test
/scratch/pdoshi/audio_comp/home_migrated/audio_comp_data/raw/fma_small/028/028802.mp3,028802,Pop,test
/scratch/pdoshi/audio_comp/home_migrated/audio_comp_data/raw/fma_small/029/029037.mp3,029037,Electronic,validation
/scratch/pdoshi/audio_comp/home_migrated/audio_comp_data/raw/fma_small/029/029039.mp3,029039,Electronic,validation
/scratch/pdoshi/audio_comp/home_migrated/audio_comp_data/raw/fma_small/029/029040.mp3,029040,Electronic,validation
/scratch/pdoshi/audio_comp/home_migrated/audio_comp_data/raw/fma_small/029/029041.mp3,029041,Electronic,validation
/scratch/pdoshi/audio_comp/home_migrated/audio_comp_data/raw/fma_small/029/029042.mp3,029042,Electronic,validation
/scratch/pdoshi/audio_comp/home_migrated/audio_comp_data/raw/fma_small/029/029043.mp3,029043,Electronic,validation
/scratch/pdoshi/audio_comp/home_migrated/audio_comp_data/raw/fma_small/029/029044.mp3,029044,Electronic,validation
/scratch/pdoshi/audio_comp/home_migrated/audio_comp_data/raw/fma_small/029/029045.mp3,029045,Pop,training
/scratch/pdoshi/audio_comp/home_migrated/audio_comp_data/raw/fma_small/029/029128.mp3,029128,Pop,training
/scratch/pdoshi/audio_comp/home_migrated/audio_comp_data/raw/fma_small/029/029180.mp3,029180,Pop,training
/scratch/pdoshi/audio_comp/home_migrated/audio_comp_data/raw/fma_small/029/029243.mp3,029243,Pop,training
/scratch/pdoshi/audio_comp/home_migrated/audio_comp_data/raw/fma_small/029/029245.mp3,029245,Pop,training
/scratch/pdoshi/audio_comp/home_migrated/audio_comp_data/raw/fma_small/029/029255.mp3,029255,Pop,training
/scratch/pdoshi/audio_comp/home_migrated/audio_comp_data/raw/fma_small/029/029271.mp3,029271,Pop,training
/scratch/pdoshi/audio_comp/home_migrated/audio_comp_data/raw/fma_small/029/029272.mp3,029272,Experimental,training
/scratch/pdoshi/audio_comp/home_migrated/audio_comp_data/raw/fma_small/029/029350.mp3,029350,International,validation
/scratch/pdoshi/audio_comp/home_migrated/audio_comp_data/raw/fma_small/029/029351.mp3,029351,International,test
/scratch/pdoshi/audio_comp/home_migrated/audio_comp_data/raw/fma_small/029/029355.mp3,029355,International,training
/scratch/pdoshi/audio_comp/home_migrated/audio_comp_data/raw/fma_small/029/029465.mp3,029465,Experimental,training
/scratch/pdoshi/audio_comp/home_migrated/audio_comp_data/raw/fma_small/029/029480.mp3,029480,Folk,training
/scratch/pdoshi/audio_comp/home_migrated/audio_comp_data/raw/fma_small/029/029526.mp3,029526,Electronic,validation
/scratch/pdoshi/audio_comp/home_migrated/audio_comp_data/raw/fma_small/029/029528.mp3,029528,Electronic,validation
/scratch/pdoshi/audio_comp/home_migrated/audio_comp_data/raw/fma_small/029/029530.mp3,029530,Electronic,validation
/scratch/pdoshi/audio_comp/home_migrated/audio_comp_data/raw/fma_small/029/029587.mp3,029587,Hip-Hop,training
/scratch/pdoshi/audio_comp/home_migrated/audio_comp_data/raw/fma_small/029/029602.mp3,029602,Hip-Hop,training
/scratch/pdoshi/audio_comp/home_migrated/audio_comp_data/raw/fma_small/029/029673.mp3,029673,Electronic,training
/scratch/pdoshi/audio_comp/home_migrated/audio_comp_data/raw/fma_small/029/029718.mp3,029718,Hip-Hop,training
/scratch/pdoshi/audio_comp/home_migrated/audio_comp_data/raw/fma_small/029/029719.mp3,029719,Hip-Hop,training
/scratch/pdoshi/audio_comp/home_migrated/audio_comp_data/raw/fma_small/029/029720.mp3,029720,Hip-Hop,training
/scratch/pdoshi/audio_comp/home_migrated/audio_comp_data/raw/fma_small/029/029721.mp3,029721,Hip-Hop,training
/scratch/pdoshi/audio_comp/home_migrated/audio_comp_data/raw/fma_small/029/029738.mp3,029738,Experimental,training
/scratch/pdoshi/audio_comp/home_migrated/audio_comp_data/raw/fma_small/029/029739.mp3,029739,Experimental,training
/scratch/pdoshi/audio_comp/home_migrated/audio_comp_data/raw/fma_small/029/029740.mp3,029740,Experimental,training
/scratch/pdoshi/audio_comp/home_migrated/audio_comp_data/raw/fma_small/029/029741.mp3,029741,Experimental,training
/scratch/pdoshi/audio_comp/home_migrated/audio_comp_data/raw/fma_small/029/029742.mp3,029742,Experimental,training
/scratch/pdoshi/audio_comp/home_migrated/audio_comp_data/raw/fma_small/029/029744.mp3,029744,Experimental,training
/scratch/pdoshi/audio_comp/home_migrated/audio_comp_data/raw/fma_small/029/029745.mp3,029745,Experimental,training
/scratch/pdoshi/audio_comp/home_migrated/audio_comp_data/raw/fma_small/029/029746.mp3,029746,Experimental,training
/scratch/pdoshi/audio_comp/home_migrated/audio_comp_data/raw/fma_small/029/029747.mp3,029747,Experimental,training
/scratch/pdoshi/audio_comp/home_migrated/audio_comp_data/raw/fma_small/029/029750.mp3,029750,Experimental,training
/scratch/pdoshi/audio_comp/home_migrated/audio_comp_data/raw/fma_small/029/029752.mp3,029752,Experimental,training
/scratch/pdoshi/audio_comp/home_migrated/audio_comp_data/raw/fma_small/029/029807.mp3,029807,Rock,training
/scratch/pdoshi/audio_comp/home_migrated/audio_comp_data/raw/fma_small/029/029813.mp3,029813,Rock,training
/scratch/pdoshi/audio_comp/home_migrated/audio_comp_data/raw/fma_small/029/029816.mp3,029816,Electronic,training
/scratch/pdoshi/audio_comp/home_migrated/audio_comp_data/raw/fma_small/029/029961.mp3,029961,Hip-Hop,training
/scratch/pdoshi/audio_comp/home_migrated/audio_comp_data/raw/fma_small/029/029971.mp3,029971,Folk,training
/scratch/pdoshi/audio_comp/home_migrated/audio_comp_data/raw/fma_small/030/030041.mp3,030041,Hip-Hop,training
/scratch/pdoshi/audio_comp/home_migrated/audio_comp_data/raw/fma_small/030/030043.mp3,030043,Hip-Hop,training
/scratch/pdoshi/audio_comp/home_migrated/audio_comp_data/raw/fma_small/030/030050.mp3,030050,Hip-Hop,training
/scratch/pdoshi/audio_comp/home_migrated/audio_comp_data/raw/fma_small/030/030056.mp3,030056,Hip-Hop,training
/scratch/pdoshi/audio_comp/home_migrated/audio_comp_data/raw/fma_small/030/030058.mp3,030058,Hip-Hop,training
/scratch/pdoshi/audio_comp/home_migrated/audio_comp_data/raw/fma_small/030/030059.mp3,030059,Hip-Hop,training
/scratch/pdoshi/audio_comp/home_migrated/audio_comp_data/raw/fma_small/030/030090.mp3,030090,Experimental,training
/scratch/pdoshi/audio_comp/home_migrated/audio_comp_data/raw/fma_small/030/030095.mp3,030095,Experimental,training
/scratch/pdoshi/audio_comp/home_migrated/audio_comp_data/raw/fma_small/030/030120.mp3,030120,Experimental,training
/scratch/pdoshi/audio_comp/home_migrated/audio_comp_data/raw/fma_small/030/030196.mp3,030196,Instrumental,training
/scratch/pdoshi/audio_comp/home_migrated/audio_comp_data/raw/fma_small/030/030198.mp3,030198,Experimental,training
/scratch/pdoshi/audio_comp/home_migrated/audio_comp_data/raw/fma_small/030/030230.mp3,030230,Hip-Hop,training
/scratch/pdoshi/audio_comp/home_migrated/audio_comp_data/raw/fma_small/030/030316.mp3,030316,Experimental,test
/scratch/pdoshi/audio_comp/home_migrated/audio_comp_data/raw/fma_small/030/030486.mp3,030486,Pop,training
/scratch/pdoshi/audio_comp/home_migrated/audio_comp_data/raw/fma_small/030/030487.mp3,030487,Pop,training
/scratch/pdoshi/audio_comp/home_migrated/audio_comp_data/raw/fma_small/030/030488.mp3,030488,Pop,training
/scratch/pdoshi/audio_comp/home_migrated/audio_comp_data/raw/fma_small/030/030519.mp3,030519,Electronic,training
/scratch/pdoshi/audio_comp/home_migrated/audio_comp_data/raw/fma_small/030/030520.mp3,030520,Electronic,training
/scratch/pdoshi/audio_comp/home_migrated/audio_comp_data/raw/fma_small/030/030521.mp3,030521,Electronic,training
/scratch/pdoshi/audio_comp/home_migrated/audio_comp_data/raw/fma_small/030/030522.mp3,030522,Electronic,training
/scratch/pdoshi/audio_comp/home_migrated/audio_comp_data/raw/fma_small/030/030636.mp3,030636,Experimental,training
/scratch/pdoshi/audio_comp/home_migrated/audio_comp_data/raw/fma_small/030/030682.mp3,030682,Experimental,validation
/scratch/pdoshi/audio_comp/home_migrated/audio_comp_data/raw/fma_small/030/030690.mp3,030690,Experimental,training
/scratch/pdoshi/audio_comp/home_migrated/audio_comp_data/raw/fma_small/030/030702.mp3,030702,Experimental,validation
/scratch/pdoshi/audio_comp/home_migrated/audio_comp_data/raw/fma_small/030/030740.mp3,030740,Experimental,training
/scratch/pdoshi/audio_comp/home_migrated/audio_comp_data/raw/fma_small/030/030895.mp3,030895,Electronic,validation
/scratch/pdoshi/audio_comp/home_migrated/audio_comp_data/raw/fma_small/031/031040.mp3,031040,Electronic,training
/scratch/pdoshi/audio_comp/home_migrated/audio_comp_data/raw/fma_small/031/031041.mp3,031041,Electronic,training
/scratch/pdoshi/audio_comp/home_migrated/audio_comp_data/raw/fma_small/031/031042.mp3,031042,Electronic,training
/scratch/pdoshi/audio_comp/home_migrated/audio_comp_data/raw/fma_small/031/031043.mp3,031043,Electronic,training
/scratch/pdoshi/audio_comp/home_migrated/audio_comp_data/raw/fma_small/031/031044.mp3,031044,Electronic,training
/scratch/pdoshi/audio_comp/home_migrated/audio_comp_data/raw/fma_small/031/031165.mp3,031165,International,training
/scratch/pdoshi/audio_comp/home_migrated/audio_comp_data/raw/fma_small/031/031356.mp3,031356,Folk,training
/scratch/pdoshi/audio_comp/home_migrated/audio_comp_data/raw/fma_small/031/031389.mp3,031389,Folk,training
/scratch/pdoshi/audio_comp/home_migrated/audio_comp_data/raw/fma_small/031/031390.mp3,031390,Folk,training
/scratch/pdoshi/audio_comp/home_migrated/audio_comp_data/raw/fma_small/031/031391.mp3,031391,Folk,training
/scratch/pdoshi/audio_comp/home_migrated/audio_comp_data/raw/fma_small/031/031392.mp3,031392,Folk,training
/scratch/pdoshi/audio_comp/home_migrated/audio_comp_data/raw/fma_small/031/031568.mp3,031568,Electronic,validation
/scratch/pdoshi/audio_comp/home_migrated/audio_comp_data/raw/fma_small/031/031807.mp3,031807,Folk,training
/scratch/pdoshi/audio_comp/home_migrated/audio_comp_data/raw/fma_small/031/031887.mp3,031887,International,training
/scratch/pdoshi/audio_comp/home_migrated/audio_comp_data/raw/fma_small/031/031888.mp3,031888,International,training
/scratch/pdoshi/audio_comp/home_migrated/audio_comp_data/raw/fma_small/031/031889.mp3,031889,International,training
/scratch/pdoshi/audio_comp/home_migrated/audio_comp_data/raw/fma_small/031/031999.mp3,031999,Rock,training
/scratch/pdoshi/audio_comp/home_migrated/audio_comp_data/raw/fma_small/032/032001.mp3,032001,Rock,training
/scratch/pdoshi/audio_comp/home_migrated/audio_comp_data/raw/fma_small/032/032021.mp3,032021,Rock,training
/scratch/pdoshi/audio_comp/home_migrated/audio_comp_data/raw/fma_small/032/032075.mp3,032075,Rock,training
/scratch/pdoshi/audio_comp/home_migrated/audio_comp_data/raw/fma_small/032/032081.mp3,032081,Rock,training
/scratch/pdoshi/audio_comp/home_migrated/audio_comp_data/raw/fma_small/032/032218.mp3,032218,Electronic,training
/scratch/pdoshi/audio_comp/home_migrated/audio_comp_data/raw/fma_small/032/032325.mp3,032325,Pop,training
/scratch/pdoshi/audio_comp/home_migrated/audio_comp_data/raw/fma_small/032/032326.mp3,032326,Pop,training
/scratch/pdoshi/audio_comp/home_migrated/audio_comp_data/raw/fma_small/032/032327.mp3,032327,Pop,training
/scratch/pdoshi/audio_comp/home_migrated/audio_comp_data/raw/fma_small/032/032328.mp3,032328,Pop,training
/scratch/pdoshi/audio_comp/home_migrated/audio_comp_data/raw/fma_small/032/032329.mp3,032329,Pop,training
/scratch/pdoshi/audio_comp/home_migrated/audio_comp_data/raw/fma_small/032/032330.mp3,032330,Pop,training
/scratch/pdoshi/audio_comp/home_migrated/audio_comp_data/raw/fma_small/032/032331.mp3,032331,Pop,training
/scratch/pdoshi/audio_comp/home_migrated/audio_comp_data/raw/fma_small/032/032332.mp3,032332,Pop,training
/scratch/pdoshi/audio_comp/home_migrated/audio_comp_data/raw/fma_small/032/032333.mp3,032333,Pop,training
/scratch/pdoshi/audio_comp/home_migrated/audio_comp_data/raw/fma_small/032/032334.mp3,032334,Pop,training
/scratch/pdoshi/audio_comp/home_migrated/audio_comp_data/raw/fma_small/032/032335.mp3,032335,Pop,training
/scratch/pdoshi/audio_comp/home_migrated/audio_comp_data/raw/fma_small/032/032336.mp3,032336,Pop,training
/scratch/pdoshi/audio_comp/home_migrated/audio_comp_data/raw/fma_small/032/032337.mp3,032337,Pop,training
/scratch/pdoshi/audio_comp/home_migrated/audio_comp_data/raw/fma_small/032/032338.mp3,032338,Pop,training
/scratch/pdoshi/audio_comp/home_migrated/audio_comp_data/raw/fma_small/032/032339.mp3,032339,Pop,training
/scratch/pdoshi/audio_comp/home_migrated/audio_comp_data/raw/fma_small/032/032340.mp3,032340,Pop,training
/scratch/pdoshi/audio_comp/home_migrated/audio_comp_data/raw/fma_small/032/032433.mp3,032433,Electronic,training
/scratch/pdoshi/audio_comp/home_migrated/audio_comp_data/raw/fma_small/032/032435.mp3,032435,Electronic,test
/scratch/pdoshi/audio_comp/home_migrated/audio_comp_data/raw/fma_small/032/032437.mp3,032437,Electronic,training
/scratch/pdoshi/audio_comp/home_migrated/audio_comp_data/raw/fma_small/032/032438.mp3,032438,Electronic,training
/scratch/pdoshi/audio_comp/home_migrated/audio_comp_data/raw/fma_small/032/032439.mp3,032439,Electronic,training
/scratch/pdoshi/audio_comp/home_migrated/audio_comp_data/raw/fma_small/032/032525.mp3,032525,Pop,training
/scratch/pdoshi/audio_comp/home_migrated/audio_comp_data/raw/fma_small/032/032686.mp3,032686,Hip-Hop,training
/scratch/pdoshi/audio_comp/home_migrated/audio_comp_data/raw/fma_small/032/032687.mp3,032687,Hip-Hop,training
/scratch/pdoshi/audio_comp/home_migrated/audio_comp_data/raw/fma_small/032/032689.mp3,032689,Hip-Hop,training
/scratch/pdoshi/audio_comp/home_migrated/audio_comp_data/raw/fma_small/032/032693.mp3,032693,Hip-Hop,training
/scratch/pdoshi/audio_comp/home_migrated/audio_comp_data/raw/fma_small/032/032694.mp3,032694,Hip-Hop,training
/scratch/pdoshi/audio_comp/home_migrated/audio_comp_data/raw/fma_small/032/032695.mp3,032695,Hip-Hop,training
/scratch/pdoshi/audio_comp/home_migrated/audio_comp_data/raw/fma_small/032/032755.mp3,032755,Hip-Hop,training
/scratch/pdoshi/audio_comp/home_migrated/audio_comp_data/raw/fma_small/032/032756.mp3,032756,Folk,validation
/scratch/pdoshi/audio_comp/home_migrated/audio_comp_data/raw/fma_small/032/032759.mp3,032759,Pop,training
/scratch/pdoshi/audio_comp/home_migrated/audio_comp_data/raw/fma_small/032/032760.mp3,032760,Pop,training
/scratch/pdoshi/audio_comp/home_migrated/audio_comp_data/raw/fma_small/032/032800.mp3,032800,Folk,training
/scratch/pdoshi/audio_comp/home_migrated/audio_comp_data/raw/fma_small/032/032882.mp3,032882,Hip-Hop,training
/scratch/pdoshi/audio_comp/home_migrated/audio_comp_data/raw/fma_small/033/033020.mp3,033020,Rock,training
/scratch/pdoshi/audio_comp/home_migrated/audio_comp_data/raw/fma_small/033/033049.mp3,033049,Folk,training
/scratch/pdoshi/audio_comp/home_migrated/audio_comp_data/raw/fma_small/033/033050.mp3,033050,Folk,training
/scratch/pdoshi/audio_comp/home_migrated/audio_comp_data/raw/fma_small/033/033064.mp3,033064,Electronic,training
/scratch/pdoshi/audio_comp/home_migrated/audio_comp_data/raw/fma_small/033/033067.mp3,033067,International,training
/scratch/pdoshi/audio_comp/home_migrated/audio_comp_data/raw/fma_small/033/033068.mp3,033068,International,training
/scratch/pdoshi/audio_comp/home_migrated/audio_comp_data/raw/fma_small/033/033069.mp3,033069,International,training
/scratch/pdoshi/audio_comp/home_migrated/audio_comp_data/raw/fma_small/033/033070.mp3,033070,International,training
/scratch/pdoshi/audio_comp/home_migrated/audio_comp_data/raw/fma_small/033/033071.mp3,033071,International,training
/scratch/pdoshi/audio_comp/home_migrated/audio_comp_data/raw/fma_small/033/033072.mp3,033072,International,training
/scratch/pdoshi/audio_comp/home_migrated/audio_comp_data/raw/fma_small/033/033123.mp3,033123,Electronic,training
/scratch/pdoshi/audio_comp/home_migrated/audio_comp_data/raw/fma_small/033/033124.mp3,033124,Electronic,training
/scratch/pdoshi/audio_comp/home_migrated/audio_comp_data/raw/fma_small/033/033203.mp3,033203,Electronic,training
/scratch/pdoshi/audio_comp/home_migrated/audio_comp_data/raw/fma_small/033/033216.mp3,033216,Electronic,training
/scratch/pdoshi/audio_comp/home_migrated/audio_comp_data/raw/fma_small/033/033221.mp3,033221,Electronic,training
/scratch/pdoshi/audio_comp/home_migrated/audio_comp_data/raw/fma_small/033/033278.mp3,033278,Experimental,training
/scratch/pdoshi/audio_comp/home_migrated/audio_comp_data/raw/fma_small/033/033415.mp3,033415,International,training
/scratch/pdoshi/audio_comp/home_migrated/audio_comp_data/raw/fma_small/033/033422.mp3,033422,International,training
/scratch/pdoshi/audio_comp/home_migrated/audio_comp_data/raw/fma_small/033/033424.mp3,033424,International,training
/scratch/pdoshi/audio_comp/home_migrated/audio_comp_data/raw/fma_small/033/033426.mp3,033426,International,training
/scratch/pdoshi/audio_comp/home_migrated/audio_comp_data/raw/fma_small/033/033446.mp3,033446,Folk,training
/scratch/pdoshi/audio_comp/home_migrated/audio_comp_data/raw/fma_small/033/033459.mp3,033459,Rock,training
/scratch/pdoshi/audio_comp/home_migrated/audio_comp_data/raw/fma_small/033/033460.mp3,033460,Rock,training
/scratch/pdoshi/audio_comp/home_migrated/audio_comp_data/raw/fma_small/033/033461.mp3,033461,Rock,training
/scratch/pdoshi/audio_comp/home_migrated/audio_comp_data/raw/fma_small/033/033465.mp3,033465,Rock,training
/scratch/pdoshi/audio_comp/home_migrated/audio_comp_data/raw/fma_small/033/033477.mp3,033477,Experimental,training
/scratch/pdoshi/audio_comp/home_migrated/audio_comp_data/raw/fma_small/033/033486.mp3,033486,Experimental,validation
/scratch/pdoshi/audio_comp/home_migrated/audio_comp_data/raw/fma_small/033/033538.mp3,033538,Rock,training
/scratch/pdoshi/audio_comp/home_migrated/audio_comp_data/raw/fma_small/033/033992.mp3,033992,Rock,test
/scratch/pdoshi/audio_comp/home_migrated/audio_comp_data/raw/fma_small/034/034003.mp3,034003,Experimental,training
/scratch/pdoshi/audio_comp/home_migrated/audio_comp_data/raw/fma_small/034/034147.mp3,034147,Folk,training
/scratch/pdoshi/audio_comp/home_migrated/audio_comp_data/raw/fma_small/034/034167.mp3,034167,Hip-Hop,training
/scratch/pdoshi/audio_comp/home_migrated/audio_comp_data/raw/fma_small/034/034257.mp3,034257,Experimental,training
/scratch/pdoshi/audio_comp/home_migrated/audio_comp_data/raw/fma_small/034/034258.mp3,034258,Experimental,training
/scratch/pdoshi/audio_comp/home_migrated/audio_comp_data/raw/fma_small/034/034263.mp3,034263,Experimental,training
/scratch/pdoshi/audio_comp/home_migrated/audio_comp_data/raw/fma_small/034/034484.mp3,034484,Folk,training
/scratch/pdoshi/audio_comp/home_migrated/audio_comp_data/raw/fma_small/034/034510.mp3,034510,Experimental,training
/scratch/pdoshi/audio_comp/home_migrated/audio_comp_data/raw/fma_small/034/034511.mp3,034511,Pop,training
/scratch/pdoshi/audio_comp/home_migrated/audio_comp_data/raw/fma_small/034/034994.mp3,034994,Experimental,training
/scratch/pdoshi/audio_comp/home_migrated/audio_comp_data/raw/fma_small/034/034996.mp3,034996,Experimental,training
/scratch/pdoshi/audio_comp/home_migrated/audio_comp_data/raw/fma_small/035/035007.mp3,035007,Experimental,training
/scratch/pdoshi/audio_comp/home_migrated/audio_comp_data/raw/fma_small/035/035008.mp3,035008,Experimental,validation
/scratch/pdoshi/audio_comp/home_migrated/audio_comp_data/raw/fma_small/035/035182.mp3,035182,Pop,test
/scratch/pdoshi/audio_comp/home_migrated/audio_comp_data/raw/fma_small/035/035184.mp3,035184,Pop,test
/scratch/pdoshi/audio_comp/home_migrated/audio_comp_data/raw/fma_small/035/035198.mp3,035198,Experimental,test
/scratch/pdoshi/audio_comp/home_migrated/audio_comp_data/raw/fma_small/035/035199.mp3,035199,Experimental,test
/scratch/pdoshi/audio_comp/home_migrated/audio_comp_data/raw/fma_small/035/035204.mp3,035204,Experimental,test
/scratch/pdoshi/audio_comp/home_migrated/audio_comp_data/raw/fma_small/035/035296.mp3,035296,Electronic,training
/scratch/pdoshi/audio_comp/home_migrated/audio_comp_data/raw/fma_small/035/035299.mp3,035299,Electronic,training
/scratch/pdoshi/audio_comp/home_migrated/audio_comp_data/raw/fma_small/035/035443.mp3,035443,Folk,training
/scratch/pdoshi/audio_comp/home_migrated/audio_comp_data/raw/fma_small/035/035444.mp3,035444,Experimental,training
/scratch/pdoshi/audio_comp/home_migrated/audio_comp_data/raw/fma_small/035/035462.mp3,035462,Experimental,validation
/scratch/pdoshi/audio_comp/home_migrated/audio_comp_data/raw/fma_small/035/035527.mp3,035527,Rock,training
/scratch/pdoshi/audio_comp/home_migrated/audio_comp_data/raw/fma_small/035/035534.mp3,035534,Rock,training
/scratch/pdoshi/audio_comp/home_migrated/audio_comp_data/raw/fma_small/035/035535.mp3,035535,Rock,training
/scratch/pdoshi/audio_comp/home_migrated/audio_comp_data/raw/fma_small/035/035537.mp3,035537,Rock,training
/scratch/pdoshi/audio_comp/home_migrated/audio_comp_data/raw/fma_small/035/035539.mp3,035539,Rock,training
/scratch/pdoshi/audio_comp/home_migrated/audio_comp_data/raw/fma_small/035/035541.mp3,035541,Rock,training
/scratch/pdoshi/audio_comp/home_migrated/audio_comp_data/raw/fma_small/035/035543.mp3,035543,Rock,training
/scratch/pdoshi/audio_comp/home_migrated/audio_comp_data/raw/fma_small/035/035544.mp3,035544,Pop,test
/scratch/pdoshi/audio_comp/home_migrated/audio_comp_data/raw/fma_small/035/035545.mp3,035545,Pop,test
/scratch/pdoshi/audio_comp/home_migrated/audio_comp_data/raw/fma_small/035/035549.mp3,035549,Pop,test
/scratch/pdoshi/audio_comp/home_migrated/audio_comp_data/raw/fma_small/035/035550.mp3,035550,Pop,test
/scratch/pdoshi/audio_comp/home_migrated/audio_comp_data/raw/fma_small/035/035569.mp3,035569,Electronic,test
/scratch/pdoshi/audio_comp/home_migrated/audio_comp_data/raw/fma_small/035/035571.mp3,035571,Rock,training
/scratch/pdoshi/audio_comp/home_migrated/audio_comp_data/raw/fma_small/035/035608.mp3,035608,Pop,test
/scratch/pdoshi/audio_comp/home_migrated/audio_comp_data/raw/fma_small/035/035734.mp3,035734,Folk,training
/scratch/pdoshi/audio_comp/home_migrated/audio_comp_data/raw/fma_small/036/036096.mp3,036096,Electronic,test
/scratch/pdoshi/audio_comp/home_migrated/audio_comp_data/raw/fma_small/036/036097.mp3,036097,Electronic,test
/scratch/pdoshi/audio_comp/home_migrated/audio_comp_data/raw/fma_small/036/036099.mp3,036099,Electronic,test
/scratch/pdoshi/audio_comp/home_migrated/audio_comp_data/raw/fma_small/036/036143.mp3,036143,Electronic,training
/scratch/pdoshi/audio_comp/home_migrated/audio_comp_data/raw/fma_small/036/036144.mp3,036144,Electronic,training
/scratch/pdoshi/audio_comp/home_migrated/audio_comp_data/raw/fma_small/036/036145.mp3,036145,Electronic,training
/scratch/pdoshi/audio_comp/home_migrated/audio_comp_data/raw/fma_small/036/036146.mp3,036146,Electronic,training
/scratch/pdoshi/audio_comp/home_migrated/audio_comp_data/raw/fma_small/036/036147.mp3,036147,Electronic,training
/scratch/pdoshi/audio_comp/home_migrated/audio_comp_data/raw/fma_small/036/036245.mp3,036245,Electronic,validation
/scratch/pdoshi/audio_comp/home_migrated/audio_comp_data/raw/fma_small/036/036257.mp3,036257,Electronic,validation
/scratch/pdoshi/audio_comp/home_migrated/audio_comp_data/raw/fma_small/036/036258.mp3,036258,Electronic,validation
/scratch/pdoshi/audio_comp/home_migrated/audio_comp_data/raw/fma_small/036/036261.mp3,036261,Electronic,validation
/scratch/pdoshi/audio_comp/home_migrated/audio_comp_data/raw/fma_small/036/036272.mp3,036272,International,training
/scratch/pdoshi/audio_comp/home_migrated/audio_comp_data/raw/fma_small/036/036273.mp3,036273,International,training
/scratch/pdoshi/audio_comp/home_migrated/audio_comp_data/raw/fma_small/036/036275.mp3,036275,International,training
/scratch/pdoshi/audio_comp/home_migrated/audio_comp_data/raw/fma_small/036/036277.mp3,036277,International,training
/scratch/pdoshi/audio_comp/home_migrated/audio_comp_data/raw/fma_small/036/036302.mp3,036302,Hip-Hop,test
/scratch/pdoshi/audio_comp/home_migrated/audio_comp_data/raw/fma_small/036/036304.mp3,036304,Hip-Hop,training
/scratch/pdoshi/audio_comp/home_migrated/audio_comp_data/raw/fma_small/036/036322.mp3,036322,Folk,training
/scratch/pdoshi/audio_comp/home_migrated/audio_comp_data/raw/fma_small/036/036333.mp3,036333,Folk,training
/scratch/pdoshi/audio_comp/home_migrated/audio_comp_data/raw/fma_small/036/036371.mp3,036371,Pop,training
/scratch/pdoshi/audio_comp/home_migrated/audio_comp_data/raw/fma_small/036/036380.mp3,036380,Electronic,training
/scratch/pdoshi/audio_comp/home_migrated/audio_comp_data/raw/fma_small/036/036388.mp3,036388,Pop,training
/scratch/pdoshi/audio_comp/home_migrated/audio_comp_data/raw/fma_small/036/036428.mp3,036428,Electronic,training
/scratch/pdoshi/audio_comp/home_migrated/audio_comp_data/raw/fma_small/036/036435.mp3,036435,Electronic,training
/scratch/pdoshi/audio_comp/home_migrated/audio_comp_data/raw/fma_small/036/036481.mp3,036481,Rock,training
/scratch/pdoshi/audio_comp/home_migrated/audio_comp_data/raw/fma_small/036/036526.mp3,036526,Rock,training
/scratch/pdoshi/audio_comp/home_migrated/audio_comp_data/raw/fma_small/036/036560.mp3,036560,Pop,validation
/scratch/pdoshi/audio_comp/home_migrated/audio_comp_data/raw/fma_small/036/036567.mp3,036567,Experimental,training
/scratch/pdoshi/audio_comp/home_migrated/audio_comp_data/raw/fma_small/036/036614.mp3,036614,Pop,training
/scratch/pdoshi/audio_comp/home_migrated/audio_comp_data/raw/fma_small/036/036615.mp3,036615,Pop,training
/scratch/pdoshi/audio_comp/home_migrated/audio_comp_data/raw/fma_small/036/036616.mp3,036616,Pop,training
/scratch/pdoshi/audio_comp/home_migrated/audio_comp_data/raw/fma_small/036/036618.mp3,036618,Pop,training
/scratch/pdoshi/audio_comp/home_migrated/audio_comp_data/raw/fma_small/036/036643.mp3,036643,Pop,training
/scratch/pdoshi/audio_comp/home_migrated/audio_comp_data/raw/fma_small/036/036659.mp3,036659,Electronic,training
/scratch/pdoshi/audio_comp/home_migrated/audio_comp_data/raw/fma_small/036/036799.mp3,036799,Experimental,test
/scratch/pdoshi/audio_comp/home_migrated/audio_comp_data/raw/fma_small/036/036959.mp3,036959,Pop,test
/scratch/pdoshi/audio_comp/home_migrated/audio_comp_data/raw/fma_small/036/036961.mp3,036961,Pop,test
/scratch/pdoshi/audio_comp/home_migrated/audio_comp_data/raw/fma_small/036/036965.mp3,036965,Pop,test
/scratch/pdoshi/audio_comp/home_migrated/audio_comp_data/raw/fma_small/036/036966.mp3,036966,Pop,test
/scratch/pdoshi/audio_comp/home_migrated/audio_comp_data/raw/fma_small/036/036983.mp3,036983,Hip-Hop,training
/scratch/pdoshi/audio_comp/home_migrated/audio_comp_data/raw/fma_small/036/036984.mp3,036984,Hip-Hop,training
/scratch/pdoshi/audio_comp/home_migrated/audio_comp_data/raw/fma_small/036/036985.mp3,036985,Hip-Hop,training
/scratch/pdoshi/audio_comp/home_migrated/audio_comp_data/raw/fma_small/036/036986.mp3,036986,Hip-Hop,training
/scratch/pdoshi/audio_comp/home_migrated/audio_comp_data/raw/fma_small/036/036987.mp3,036987,Hip-Hop,training
/scratch/pdoshi/audio_comp/home_migrated/audio_comp_data/raw/fma_small/036/036988.mp3,036988,Hip-Hop,training
/scratch/pdoshi/audio_comp/home_migrated/audio_comp_data/raw/fma_small/036/036990.mp3,036990,Hip-Hop,training
/scratch/pdoshi/audio_comp/home_migrated/audio_comp_data/raw/fma_small/036/036992.mp3,036992,Hip-Hop,training
/scratch/pdoshi/audio_comp/home_migrated/audio_comp_data/raw/fma_small/036/036994.mp3,036994,Hip-Hop,training
/scratch/pdoshi/audio_comp/home_migrated/audio_comp_data/raw/fma_small/036/036997.mp3,036997,Hip-Hop,training
/scratch/pdoshi/audio_comp/home_migrated/audio_comp_data/raw/fma_small/036/036998.mp3,036998,Electronic,test
/scratch/pdoshi/audio_comp/home_migrated/audio_comp_data/raw/fma_small/036/036999.mp3,036999,International,training
/scratch/pdoshi/audio_comp/home_migrated/audio_comp_data/raw/fma_small/037/037041.mp3,037041,Experimental,training
/scratch/pdoshi/audio_comp/home_migrated/audio_comp_data/raw/fma_small/037/037111.mp3,037111,Instrumental,training
/scratch/pdoshi/audio_comp/home_migrated/audio_comp_data/raw/fma_small/037/037113.mp3,037113,Instrumental,training
/scratch/pdoshi/audio_comp/home_migrated/audio_comp_data/raw/fma_small/037/037119.mp3,037119,Instrumental,training
/scratch/pdoshi/audio_comp/home_migrated/audio_comp_data/raw/fma_small/037/037121.mp3,037121,Experimental,training
/scratch/pdoshi/audio_comp/home_migrated/audio_comp_data/raw/fma_small/037/037131.mp3,037131,Electronic,training
/scratch/pdoshi/audio_comp/home_migrated/audio_comp_data/raw/fma_small/037/037136.mp3,037136,Pop,training
/scratch/pdoshi/audio_comp/home_migrated/audio_comp_data/raw/fma_small/037/037141.mp3,037141,Instrumental,training
/scratch/pdoshi/audio_comp/home_migrated/audio_comp_data/raw/fma_small/037/037147.mp3,037147,Rock,training
/scratch/pdoshi/audio_comp/home_migrated/audio_comp_data/raw/fma_small/037/037324.mp3,037324,Pop,training
/scratch/pdoshi/audio_comp/home_migrated/audio_comp_data/raw/fma_small/037/037325.mp3,037325,Pop,training
/scratch/pdoshi/audio_comp/home_migrated/audio_comp_data/raw/fma_small/037/037368.mp3,037368,Pop,training
/scratch/pdoshi/audio_comp/home_migrated/audio_comp_data/raw/fma_small/037/037369.mp3,037369,Pop,training
/scratch/pdoshi/audio_comp/home_migrated/audio_comp_data/raw/fma_small/037/037416.mp3,037416,Hip-Hop,training
/scratch/pdoshi/audio_comp/home_migrated/audio_comp_data/raw/fma_small/037/037417.mp3,037417,Hip-Hop,training
/scratch/pdoshi/audio_comp/home_migrated/audio_comp_data/raw/fma_small/037/037423.mp3,037423,Hip-Hop,training
/scratch/pdoshi/audio_comp/home_migrated/audio_comp_data/raw/fma_small/037/037538.mp3,037538,Experimental,training
/scratch/pdoshi/audio_comp/home_migrated/audio_comp_data/raw/fma_small/037/037592.mp3,037592,Rock,training
/scratch/pdoshi/audio_comp/home_migrated/audio_comp_data/raw/fma_small/037/037725.mp3,037725,Rock,training
/scratch/pdoshi/audio_comp/home_migrated/audio_comp_data/raw/fma_small/037/037727.mp3,037727,Rock,training
/scratch/pdoshi/audio_comp/home_migrated/audio_comp_data/raw/fma_small/037/037730.mp3,037730,Rock,training
/scratch/pdoshi/audio_comp/home_migrated/audio_comp_data/raw/fma_small/037/037731.mp3,037731,Rock,training
/scratch/pdoshi/audio_comp/home_migrated/audio_comp_data/raw/fma_small/037/037779.mp3,037779,Experimental,training
/scratch/pdoshi/audio_comp/home_migrated/audio_comp_data/raw/fma_small/037/037781.mp3,037781,Experimental,training
/scratch/pdoshi/audio_comp/home_migrated/audio_comp_data/raw/fma_small/037/037784.mp3,037784,Experimental,training
/scratch/pdoshi/audio_comp/home_migrated/audio_comp_data/raw/fma_small/037/037859.mp3,037859,Rock,training
/scratch/pdoshi/audio_comp/home_migrated/audio_comp_data/raw/fma_small/037/037911.mp3,037911,Instrumental,training
/scratch/pdoshi/audio_comp/home_migrated/audio_comp_data/raw/fma_small/037/037920.mp3,037920,Electronic,training
/scratch/pdoshi/audio_comp/home_migrated/audio_comp_data/raw/fma_small/038/038312.mp3,038312,Experimental,training
/scratch/pdoshi/audio_comp/home_migrated/audio_comp_data/raw/fma_small/038/038321.mp3,038321,International,training
/scratch/pdoshi/audio_comp/home_migrated/audio_comp_data/raw/fma_small/038/038323.mp3,038323,International,training
/scratch/pdoshi/audio_comp/home_migrated/audio_comp_data/raw/fma_small/038/038326.mp3,038326,International,training
/scratch/pdoshi/audio_comp/home_migrated/audio_comp_data/raw/fma_small/038/038351.mp3,038351,International,training
/scratch/pdoshi/audio_comp/home_migrated/audio_comp_data/raw/fma_small/038/038352.mp3,038352,International,training
/scratch/pdoshi/audio_comp/home_migrated/audio_comp_data/raw/fma_small/038/038353.mp3,038353,International,training
/scratch/pdoshi/audio_comp/home_migrated/audio_comp_data/raw/fma_small/038/038354.mp3,038354,International,training
/scratch/pdoshi/audio_comp/home_migrated/audio_comp_data/raw/fma_small/038/038361.mp3,038361,Folk,training
/scratch/pdoshi/audio_comp/home_migrated/audio_comp_data/raw/fma_small/038/038362.mp3,038362,Folk,training
/scratch/pdoshi/audio_comp/home_migrated/audio_comp_data/raw/fma_small/038/038363.mp3,038363,Folk,training
/scratch/pdoshi/audio_comp/home_migrated/audio_comp_data/raw/fma_small/038/038365.mp3,038365,International,training
/scratch/pdoshi/audio_comp/home_migrated/audio_comp_data/raw/fma_small/038/038399.mp3,038399,Folk,training
/scratch/pdoshi/audio_comp/home_migrated/audio_comp_data/raw/fma_small/038/038435.mp3,038435,Rock,training
/scratch/pdoshi/audio_comp/home_migrated/audio_comp_data/raw/fma_small/038/038450.mp3,038450,Experimental,training
/scratch/pdoshi/audio_comp/home_migrated/audio_comp_data/raw/fma_small/038/038522.mp3,038522,Rock,training
/scratch/pdoshi/audio_comp/home_migrated/audio_comp_data/raw/fma_small/038/038557.mp3,038557,Rock,training
/scratch/pdoshi/audio_comp/home_migrated/audio_comp_data/raw/fma_small/038/038560.mp3,038560,International,training
/scratch/pdoshi/audio_comp/home_migrated/audio_comp_data/raw/fma_small/038/038775.mp3,038775,International,test
/scratch/pdoshi/audio_comp/home_migrated/audio_comp_data/raw/fma_small/038/038776.mp3,038776,International,test
/scratch/pdoshi/audio_comp/home_migrated/audio_comp_data/raw/fma_small/038/038777.mp3,038777,International,test
/scratch/pdoshi/audio_comp/home_migrated/audio_comp_data/raw/fma_small/038/038778.mp3,038778,International,test
/scratch/pdoshi/audio_comp/home_migrated/audio_comp_data/raw/fma_small/038/038779.mp3,038779,International,test
/scratch/pdoshi/audio_comp/home_migrated/audio_comp_data/raw/fma_small/038/038780.mp3,038780,International,test
/scratch/pdoshi/audio_comp/home_migrated/audio_comp_data/raw/fma_small/038/038781.mp3,038781,International,test
/scratch/pdoshi/audio_comp/home_migrated/audio_comp_data/raw/fma_small/038/038782.mp3,038782,International,test
/scratch/pdoshi/audio_comp/home_migrated/audio_comp_data/raw/fma_small/038/038783.mp3,038783,International,test
/scratch/pdoshi/audio_comp/home_migrated/audio_comp_data/raw/fma_small/038/038784.mp3,038784,International,test
/scratch/pdoshi/audio_comp/home_migrated/audio_comp_data/raw/fma_small/038/038785.mp3,038785,International,test
/scratch/pdoshi/audio_comp/home_migrated/audio_comp_data/raw/fma_small/038/038817.mp3,038817,International,test
/scratch/pdoshi/audio_comp/home_migrated/audio_comp_data/raw/fma_small/038/038818.mp3,038818,International,test
/scratch/pdoshi/audio_comp/home_migrated/audio_comp_data/raw/fma_small/038/038819.mp3,038819,International,test
/scratch/pdoshi/audio_comp/home_migrated/audio_comp_data/raw/fma_small/038/038820.mp3,038820,International,test
/scratch/pdoshi/audio_comp/home_migrated/audio_comp_data/raw/fma_small/038/038821.mp3,038821,International,test
/scratch/pdoshi/audio_comp/home_migrated/audio_comp_data/raw/fma_small/038/038822.mp3,038822,International,test
/scratch/pdoshi/audio_comp/home_migrated/audio_comp_data/raw/fma_small/038/038823.mp3,038823,International,test
/scratch/pdoshi/audio_comp/home_migrated/audio_comp_data/raw/fma_small/038/038824.mp3,038824,International,test
/scratch/pdoshi/audio_comp/home_migrated/audio_comp_data/raw/fma_small/038/038825.mp3,038825,International,test
/scratch/pdoshi/audio_comp/home_migrated/audio_comp_data/raw/fma_small/038/038826.mp3,038826,International,test
/scratch/pdoshi/audio_comp/home_migrated/audio_comp_data/raw/fma_small/038/038827.mp3,038827,International,test
/scratch/pdoshi/audio_comp/home_migrated/audio_comp_data/raw/fma_small/038/038828.mp3,038828,International,test
/scratch/pdoshi/audio_comp/home_migrated/audio_comp_data/raw/fma_small/038/038829.mp3,038829,International,test
/scratch/pdoshi/audio_comp/home_migrated/audio_comp_data/raw/fma_small/038/038830.mp3,038830,International,test
/scratch/pdoshi/audio_comp/home_migrated/audio_comp_data/raw/fma_small/038/038833.mp3,038833,International,test
/scratch/pdoshi/audio_comp/home_migrated/audio_comp_data/raw/fma_small/038/038834.mp3,038834,International,test
/scratch/pdoshi/audio_comp/home_migrated/audio_comp_data/raw/fma_small/038/038847.mp3,038847,Experimental,training
/scratch/pdoshi/audio_comp/home_migrated/audio_comp_data/raw/fma_small/038/038859.mp3,038859,Experimental,validation
/scratch/pdoshi/audio_comp/home_migrated/audio_comp_data/raw/fma_small/038/038878.mp3,038878,Electronic,training
/scratch/pdoshi/audio_comp/home_migrated/audio_comp_data/raw/fma_small/038/038879.mp3,038879,Experimental,validation
/scratch/pdoshi/audio_comp/home_migrated/audio_comp_data/raw/fma_small/038/038880.mp3,038880,Experimental,validation
/scratch/pdoshi/audio_comp/home_migrated/audio_comp_data/raw/fma_small/038/038881.mp3,038881,Experimental,validation
/scratch/pdoshi/audio_comp/home_migrated/audio_comp_data/raw/fma_small/038/038882.mp3,038882,Experimental,validation
/scratch/pdoshi/audio_comp/home_migrated/audio_comp_data/raw/fma_small/038/038884.mp3,038884,Experimental,validation
/scratch/pdoshi/audio_comp/home_migrated/audio_comp_data/raw/fma_small/038/038886.mp3,038886,Experimental,validation
/scratch/pdoshi/audio_comp/home_migrated/audio_comp_data/raw/fma_small/038/038887.mp3,038887,Experimental,validation
/scratch/pdoshi/audio_comp/home_migrated/audio_comp_data/raw/fma_small/038/038888.mp3,038888,Experimental,validation
/scratch/pdoshi/audio_comp/home_migrated/audio_comp_data/raw/fma_small/038/038890.mp3,038890,Experimental,validation
/scratch/pdoshi/audio_comp/home_migrated/audio_comp_data/raw/fma_small/038/038891.mp3,038891,Experimental,validation
/scratch/pdoshi/audio_comp/home_migrated/audio_comp_data/raw/fma_small/038/038892.mp3,038892,Experimental,validation
/scratch/pdoshi/audio_comp/home_migrated/audio_comp_data/raw/fma_small/038/038893.mp3,038893,Experimental,validation
/scratch/pdoshi/audio_comp/home_migrated/audio_comp_data/raw/fma_small/038/038894.mp3,038894,Experimental,validation
/scratch/pdoshi/audio_comp/home_migrated/audio_comp_data/raw/fma_small/038/038895.mp3,038895,Experimental,validation
/scratch/pdoshi/audio_comp/home_migrated/audio_comp_data/raw/fma_small/038/038896.mp3,038896,Experimental,validation
/scratch/pdoshi/audio_comp/home_migrated/audio_comp_data/raw/fma_small/038/038898.mp3,038898,Experimental,validation
/scratch/pdoshi/audio_comp/home_migrated/audio_comp_data/raw/fma_small/038/038899.mp3,038899,Experimental,validation
/scratch/pdoshi/audio_comp/home_migrated/audio_comp_data/raw/fma_small/038/038900.mp3,038900,Experimental,validation
/scratch/pdoshi/audio_comp/home_migrated/audio_comp_data/raw/fma_small/038/038901.mp3,038901,Experimental,validation
/scratch/pdoshi/audio_comp/home_migrated/audio_comp_data/raw/fma_small/038/038902.mp3,038902,Experimental,validation
/scratch/pdoshi/audio_comp/home_migrated/audio_comp_data/raw/fma_small/038/038904.mp3,038904,Experimental,validation
/scratch/pdoshi/audio_comp/home_migrated/audio_comp_data/raw/fma_small/038/038905.mp3,038905,Experimental,validation
/scratch/pdoshi/audio_comp/home_migrated/audio_comp_data/raw/fma_small/038/038906.mp3,038906,Experimental,validation
/scratch/pdoshi/audio_comp/home_migrated/audio_comp_data/raw/fma_small/038/038907.mp3,038907,Experimental,validation
/scratch/pdoshi/audio_comp/home_migrated/audio_comp_data/raw/fma_small/038/038908.mp3,038908,Experimental,validation
/scratch/pdoshi/audio_comp/home_migrated/audio_comp_data/raw/fma_small/038/038910.mp3,038910,Experimental,validation
/scratch/pdoshi/audio_comp/home_migrated/audio_comp_data/raw/fma_small/038/038911.mp3,038911,Experimental,validation
/scratch/pdoshi/audio_comp/home_migrated/audio_comp_data/raw/fma_small/038/038912.mp3,038912,Experimental,validation
/scratch/pdoshi/audio_comp/home_migrated/audio_comp_data/raw/fma_small/038/038914.mp3,038914,Experimental,validation
/scratch/pdoshi/audio_comp/home_migrated/audio_comp_data/raw/fma_small/038/038955.mp3,038955,Pop,training
/scratch/pdoshi/audio_comp/home_migrated/audio_comp_data/raw/fma_small/038/038961.mp3,038961,Pop,training
/scratch/pdoshi/audio_comp/home_migrated/audio_comp_data/raw/fma_small/038/038964.mp3,038964,Experimental,training
/scratch/pdoshi/audio_comp/home_migrated/audio_comp_data/raw/fma_small/038/038965.mp3,038965,Experimental,training
/scratch/pdoshi/audio_comp/home_migrated/audio_comp_data/raw/fma_small/038/038966.mp3,038966,Experimental,training
/scratch/pdoshi/audio_comp/home_migrated/audio_comp_data/raw/fma_small/038/038967.mp3,038967,Experimental,training
/scratch/pdoshi/audio_comp/home_migrated/audio_comp_data/raw/fma_small/039/039188.mp3,039188,Experimental,training
/scratch/pdoshi/audio_comp/home_migrated/audio_comp_data/raw/fma_small/039/039259.mp3,039259,Experimental,training
/scratch/pdoshi/audio_comp/home_migrated/audio_comp_data/raw/fma_small/039/039278.mp3,039278,Experimental,training
/scratch/pdoshi/audio_comp/home_migrated/audio_comp_data/raw/fma_small/039/039291.mp3,039291,Electronic,training
/scratch/pdoshi/audio_comp/home_migrated/audio_comp_data/raw/fma_small/039/039298.mp3,039298,Rock,training
/scratch/pdoshi/audio_comp/home_migrated/audio_comp_data/raw/fma_small/039/039316.mp3,039316,Experimental,test
/scratch/pdoshi/audio_comp/home_migrated/audio_comp_data/raw/fma_small/039/039317.mp3,039317,Experimental,test
/scratch/pdoshi/audio_comp/home_migrated/audio_comp_data/raw/fma_small/039/039318.mp3,039318,Experimental,test
/scratch/pdoshi/audio_comp/home_migrated/audio_comp_data/raw/fma_small/039/039357.mp3,039357,International,training
/scratch/pdoshi/audio_comp/home_migrated/audio_comp_data/raw/fma_small/039/039359.mp3,039359,Rock,training
/scratch/pdoshi/audio_comp/home_migrated/audio_comp_data/raw/fma_small/039/039378.mp3,039378,Experimental,training
/scratch/pdoshi/audio_comp/home_migrated/audio_comp_data/raw/fma_small/039/039484.mp3,039484,Experimental,training
/scratch/pdoshi/audio_comp/home_migrated/audio_comp_data/raw/fma_small/039/039488.mp3,039488,Folk,training
/scratch/pdoshi/audio_comp/home_migrated/audio_comp_data/raw/fma_small/039/039530.mp3,039530,Pop,training
/scratch/pdoshi/audio_comp/home_migrated/audio_comp_data/raw/fma_small/039/039605.mp3,039605,Electronic,test
/scratch/pdoshi/audio_comp/home_migrated/audio_comp_data/raw/fma_small/039/039607.mp3,039607,Electronic,test
/scratch/pdoshi/audio_comp/home_migrated/audio_comp_data/raw/fma_small/039/039658.mp3,039658,Pop,training
/scratch/pdoshi/audio_comp/home_migrated/audio_comp_data/raw/fma_small/039/039659.mp3,039659,Pop,training
/scratch/pdoshi/audio_comp/home_migrated/audio_comp_data/raw/fma_small/039/039660.mp3,039660,Pop,training
/scratch/pdoshi/audio_comp/home_migrated/audio_comp_data/raw/fma_small/039/039661.mp3,039661,Pop,training
/scratch/pdoshi/audio_comp/home_migrated/audio_comp_data/raw/fma_small/039/039662.mp3,039662,Pop,training
/scratch/pdoshi/audio_comp/home_migrated/audio_comp_data/raw/fma_small/039/039663.mp3,039663,Pop,training
/scratch/pdoshi/audio_comp/home_migrated/audio_comp_data/raw/fma_small/039/039664.mp3,039664,Pop,training
/scratch/pdoshi/audio_comp/home_migrated/audio_comp_data/raw/fma_small/039/039665.mp3,039665,Pop,training
/scratch/pdoshi/audio_comp/home_migrated/audio_comp_data/raw/fma_small/039/039666.mp3,039666,Pop,training
/scratch/pdoshi/audio_comp/home_migrated/audio_comp_data/raw/fma_small/039/039667.mp3,039667,Pop,training
/scratch/pdoshi/audio_comp/home_migrated/audio_comp_data/raw/fma_small/039/039875.mp3,039875,Experimental,training
/scratch/pdoshi/audio_comp/home_migrated/audio_comp_data/raw/fma_small/039/039900.mp3,039900,Experimental,training
/scratch/pdoshi/audio_comp/home_migrated/audio_comp_data/raw/fma_small/039/039904.mp3,039904,Experimental,training
/scratch/pdoshi/audio_comp/home_migrated/audio_comp_data/raw/fma_small/040/040121.mp3,040121,Experimental,training
/scratch/pdoshi/audio_comp/home_migrated/audio_comp_data/raw/fma_small/040/040122.mp3,040122,Experimental,training
/scratch/pdoshi/audio_comp/home_migrated/audio_comp_data/raw/fma_small/040/040123.mp3,040123,Experimental,training
/scratch/pdoshi/audio_comp/home_migrated/audio_comp_data/raw/fma_small/040/040133.mp3,040133,Rock,training
/scratch/pdoshi/audio_comp/home_migrated/audio_comp_data/raw/fma_small/040/040134.mp3,040134,Rock,training
/scratch/pdoshi/audio_comp/home_migrated/audio_comp_data/raw/fma_small/040/040139.mp3,040139,Rock,training
/scratch/pdoshi/audio_comp/home_migrated/audio_comp_data/raw/fma_small/040/040141.mp3,040141,Rock,training
/scratch/pdoshi/audio_comp/home_migrated/audio_comp_data/raw/fma_small/040/040147.mp3,040147,Experimental,training
/scratch/pdoshi/audio_comp/home_migrated/audio_comp_data/raw/fma_small/040/040161.mp3,040161,Experimental,training
/scratch/pdoshi/audio_comp/home_migrated/audio_comp_data/raw/fma_small/040/040180.mp3,040180,Experimental,training
/scratch/pdoshi/audio_comp/home_migrated/audio_comp_data/raw/fma_small/040/040182.mp3,040182,Experimental,training
/scratch/pdoshi/audio_comp/home_migrated/audio_comp_data/raw/fma_small/040/040229.mp3,040229,Folk,test
/scratch/pdoshi/audio_comp/home_migrated/audio_comp_data/raw/fma_small/040/040230.mp3,040230,Folk,test
/scratch/pdoshi/audio_comp/home_migrated/audio_comp_data/raw/fma_small/040/040231.mp3,040231,Folk,test
/scratch/pdoshi/audio_comp/home_migrated/audio_comp_data/raw/fma_small/040/040232.mp3,040232,Folk,test
/scratch/pdoshi/audio_comp/home_migrated/audio_comp_data/raw/fma_small/040/040233.mp3,040233,Folk,test
/scratch/pdoshi/audio_comp/home_migrated/audio_comp_data/raw/fma_small/040/040234.mp3,040234,Folk,test
/scratch/pdoshi/audio_comp/home_migrated/audio_comp_data/raw/fma_small/040/040235.mp3,040235,Folk,test
/scratch/pdoshi/audio_comp/home_migrated/audio_comp_data/raw/fma_small/040/040236.mp3,040236,Folk,test
/scratch/pdoshi/audio_comp/home_migrated/audio_comp_data/raw/fma_small/040/040237.mp3,040237,Folk,test
/scratch/pdoshi/audio_comp/home_migrated/audio_comp_data/raw/fma_small/040/040238.mp3,040238,Folk,test
/scratch/pdoshi/audio_comp/home_migrated/audio_comp_data/raw/fma_small/040/040239.mp3,040239,Folk,test
/scratch/pdoshi/audio_comp/home_migrated/audio_comp_data/raw/fma_small/040/040240.mp3,040240,Folk,test
/scratch/pdoshi/audio_comp/home_migrated/audio_comp_data/raw/fma_small/040/040241.mp3,040241,Folk,test
/scratch/pdoshi/audio_comp/home_migrated/audio_comp_data/raw/fma_small/040/040242.mp3,040242,Folk,test
/scratch/pdoshi/audio_comp/home_migrated/audio_comp_data/raw/fma_small/040/040243.mp3,040243,Folk,test
/scratch/pdoshi/audio_comp/home_migrated/audio_comp_data/raw/fma_small/040/040244.mp3,040244,Folk,test
/scratch/pdoshi/audio_comp/home_migrated/audio_comp_data/raw/fma_small/040/040245.mp3,040245,Folk,test
/scratch/pdoshi/audio_comp/home_migrated/audio_comp_data/raw/fma_small/040/040250.mp3,040250,Instrumental,training
/scratch/pdoshi/audio_comp/home_migrated/audio_comp_data/raw/fma_small/040/040509.mp3,040509,Experimental,training
/scratch/pdoshi/audio_comp/home_migrated/audio_comp_data/raw/fma_small/040/040525.mp3,040525,Hip-Hop,training
/scratch/pdoshi/audio_comp/home_migrated/audio_comp_data/raw/fma_small/040/040541.mp3,040541,Hip-Hop,training
/scratch/pdoshi/audio_comp/home_migrated/audio_comp_data/raw/fma_small/040/040542.mp3,040542,Hip-Hop,training
/scratch/pdoshi/audio_comp/home_migrated/audio_comp_data/raw/fma_small/040/040598.mp3,040598,Experimental,training
/scratch/pdoshi/audio_comp/home_migrated/audio_comp_data/raw/fma_small/040/040654.mp3,040654,Instrumental,validation
/scratch/pdoshi/audio_comp/home_migrated/audio_comp_data/raw/fma_small/040/040655.mp3,040655,Instrumental,validation
/scratch/pdoshi/audio_comp/home_migrated/audio_comp_data/raw/fma_small/040/040656.mp3,040656,Instrumental,validation
/scratch/pdoshi/audio_comp/home_migrated/audio_comp_data/raw/fma_small/040/040657.mp3,040657,Instrumental,validation
/scratch/pdoshi/audio_comp/home_migrated/audio_comp_data/raw/fma_small/040/040658.mp3,040658,Instrumental,validation
/scratch/pdoshi/audio_comp/home_migrated/audio_comp_data/raw/fma_small/040/040659.mp3,040659,Instrumental,validation
/scratch/pdoshi/audio_comp/home_migrated/audio_comp_data/raw/fma_small/040/040660.mp3,040660,Instrumental,validation
/scratch/pdoshi/audio_comp/home_migrated/audio_comp_data/raw/fma_small/040/040683.mp3,040683,Electronic,training
/scratch/pdoshi/audio_comp/home_migrated/audio_comp_data/raw/fma_small/040/040725.mp3,040725,Electronic,training
/scratch/pdoshi/audio_comp/home_migrated/audio_comp_data/raw/fma_small/040/040842.mp3,040842,Electronic,training
/scratch/pdoshi/audio_comp/home_migrated/audio_comp_data/raw/fma_small/040/040843.mp3,040843,Electronic,training
/scratch/pdoshi/audio_comp/home_migrated/audio_comp_data/raw/fma_small/040/040844.mp3,040844,Electronic,test
/scratch/pdoshi/audio_comp/home_migrated/audio_comp_data/raw/fma_small/040/040845.mp3,040845,Electronic,test
/scratch/pdoshi/audio_comp/home_migrated/audio_comp_data/raw/fma_small/040/040851.mp3,040851,Electronic,training
/scratch/pdoshi/audio_comp/home_migrated/audio_comp_data/raw/fma_small/040/040903.mp3,040903,Rock,training
/scratch/pdoshi/audio_comp/home_migrated/audio_comp_data/raw/fma_small/040/040908.mp3,040908,Experimental,training
/scratch/pdoshi/audio_comp/home_migrated/audio_comp_data/raw/fma_small/040/040909.mp3,040909,Experimental,training
/scratch/pdoshi/audio_comp/home_migrated/audio_comp_data/raw/fma_small/040/040938.mp3,040938,Rock,training
/scratch/pdoshi/audio_comp/home_migrated/audio_comp_data/raw/fma_small/040/040940.mp3,040940,Rock,training
/scratch/pdoshi/audio_comp/home_migrated/audio_comp_data/raw/fma_small/040/040984.mp3,040984,Rock,validation
/scratch/pdoshi/audio_comp/home_migrated/audio_comp_data/raw/fma_small/040/040985.mp3,040985,Rock,training
/scratch/pdoshi/audio_comp/home_migrated/audio_comp_data/raw/fma_small/040/040986.mp3,040986,Rock,training
/scratch/pdoshi/audio_comp/home_migrated/audio_comp_data/raw/fma_small/041/041018.mp3,041018,International,training
/scratch/pdoshi/audio_comp/home_migrated/audio_comp_data/raw/fma_small/041/041019.mp3,041019,International,test
/scratch/pdoshi/audio_comp/home_migrated/audio_comp_data/raw/fma_small/041/041020.mp3,041020,International,validation
/scratch/pdoshi/audio_comp/home_migrated/audio_comp_data/raw/fma_small/041/041054.mp3,041054,Experimental,training
/scratch/pdoshi/audio_comp/home_migrated/audio_comp_data/raw/fma_small/041/041095.mp3,041095,Rock,training
/scratch/pdoshi/audio_comp/home_migrated/audio_comp_data/raw/fma_small/041/041147.mp3,041147,Electronic,training
/scratch/pdoshi/audio_comp/home_migrated/audio_comp_data/raw/fma_small/041/041191.mp3,041191,Folk,training
/scratch/pdoshi/audio_comp/home_migrated/audio_comp_data/raw/fma_small/041/041192.mp3,041192,Folk,training
/scratch/pdoshi/audio_comp/home_migrated/audio_comp_data/raw/fma_small/041/041310.mp3,041310,Folk,test
/scratch/pdoshi/audio_comp/home_migrated/audio_comp_data/raw/fma_small/041/041381.mp3,041381,Pop,validation
/scratch/pdoshi/audio_comp/home_migrated/audio_comp_data/raw/fma_small/041/041568.mp3,041568,Pop,training
/scratch/pdoshi/audio_comp/home_migrated/audio_comp_data/raw/fma_small/041/041570.mp3,041570,Folk,training
/scratch/pdoshi/audio_comp/home_migrated/audio_comp_data/raw/fma_small/041/041573.mp3,041573,Instrumental,training
/scratch/pdoshi/audio_comp/home_migrated/audio_comp_data/raw/fma_small/041/041605.mp3,041605,Experimental,training
/scratch/pdoshi/audio_comp/home_migrated/audio_comp_data/raw/fma_small/041/041709.mp3,041709,Experimental,training
/scratch/pdoshi/audio_comp/home_migrated/audio_comp_data/raw/fma_small/041/041714.mp3,041714,Experimental,training
/scratch/pdoshi/audio_comp/home_migrated/audio_comp_data/raw/fma_small/041/041812.mp3,041812,Rock,training
/scratch/pdoshi/audio_comp/home_migrated/audio_comp_data/raw/fma_small/041/041819.mp3,041819,Pop,validation
/scratch/pdoshi/audio_comp/home_migrated/audio_comp_data/raw/fma_small/041/041820.mp3,041820,Pop,validation
/scratch/pdoshi/audio_comp/home_migrated/audio_comp_data/raw/fma_small/041/041825.mp3,041825,Pop,validation
/scratch/pdoshi/audio_comp/home_migrated/audio_comp_data/raw/fma_small/041/041961.mp3,041961,Rock,training
/scratch/pdoshi/audio_comp/home_migrated/audio_comp_data/raw/fma_small/041/041962.mp3,041962,Rock,training
/scratch/pdoshi/audio_comp/home_migrated/audio_comp_data/raw/fma_small/041/041965.mp3,041965,Rock,training
/scratch/pdoshi/audio_comp/home_migrated/audio_comp_data/raw/fma_small/041/041971.mp3,041971,Instrumental,validation
/scratch/pdoshi/audio_comp/home_migrated/audio_comp_data/raw/fma_small/041/041983.mp3,041983,Instrumental,training
/scratch/pdoshi/audio_comp/home_migrated/audio_comp_data/raw/fma_small/042/042014.mp3,042014,International,training
/scratch/pdoshi/audio_comp/home_migrated/audio_comp_data/raw/fma_small/042/042016.mp3,042016,International,training
/scratch/pdoshi/audio_comp/home_migrated/audio_comp_data/raw/fma_small/042/042017.mp3,042017,International,training
/scratch/pdoshi/audio_comp/home_migrated/audio_comp_data/raw/fma_small/042/042018.mp3,042018,Electronic,test
/scratch/pdoshi/audio_comp/home_migrated/audio_comp_data/raw/fma_small/042/042019.mp3,042019,Electronic,training
/scratch/pdoshi/audio_comp/home_migrated/audio_comp_data/raw/fma_small/042/042020.mp3,042020,International,training
/scratch/pdoshi/audio_comp/home_migrated/audio_comp_data/raw/fma_small/042/042023.mp3,042023,International,training
/scratch/pdoshi/audio_comp/home_migrated/audio_comp_data/raw/fma_small/042/042025.mp3,042025,International,training
/scratch/pdoshi/audio_comp/home_migrated/audio_comp_data/raw/fma_small/042/042029.mp3,042029,International,training
/scratch/pdoshi/audio_comp/home_migrated/audio_comp_data/raw/fma_small/042/042030.mp3,042030,International,training
/scratch/pdoshi/audio_comp/home_migrated/audio_comp_data/raw/fma_small/042/042031.mp3,042031,International,training
/scratch/pdoshi/audio_comp/home_migrated/audio_comp_data/raw/fma_small/042/042040.mp3,042040,Hip-Hop,test
/scratch/pdoshi/audio_comp/home_migrated/audio_comp_data/raw/fma_small/042/042044.mp3,042044,Rock,training
/scratch/pdoshi/audio_comp/home_migrated/audio_comp_data/raw/fma_small/042/042045.mp3,042045,Hip-Hop,training
/scratch/pdoshi/audio_comp/home_migrated/audio_comp_data/raw/fma_small/042/042046.mp3,042046,Hip-Hop,training
/scratch/pdoshi/audio_comp/home_migrated/audio_comp_data/raw/fma_small/042/042048.mp3,042048,Pop,training
/scratch/pdoshi/audio_comp/home_migrated/audio_comp_data/raw/fma_small/042/042119.mp3,042119,Experimental,training
/scratch/pdoshi/audio_comp/home_migrated/audio_comp_data/raw/fma_small/042/042126.mp3,042126,Experimental,training
/scratch/pdoshi/audio_comp/home_migrated/audio_comp_data/raw/fma_small/042/042129.mp3,042129,Experimental,test
/scratch/pdoshi/audio_comp/home_migrated/audio_comp_data/raw/fma_small/042/042135.mp3,042135,Experimental,test
/scratch/pdoshi/audio_comp/home_migrated/audio_comp_data/raw/fma_small/042/042138.mp3,042138,Experimental,test
/scratch/pdoshi/audio_comp/home_migrated/audio_comp_data/raw/fma_small/042/042139.mp3,042139,Experimental,test
/scratch/pdoshi/audio_comp/home_migrated/audio_comp_data/raw/fma_small/042/042141.mp3,042141,Experimental,test
/scratch/pdoshi/audio_comp/home_migrated/audio_comp_data/raw/fma_small/042/042146.mp3,042146,Experimental,test
/scratch/pdoshi/audio_comp/home_migrated/audio_comp_data/raw/fma_small/042/042234.mp3,042234,International,training
/scratch/pdoshi/audio_comp/home_migrated/audio_comp_data/raw/fma_small/042/042235.mp3,042235,International,training
/scratch/pdoshi/audio_comp/home_migrated/audio_comp_data/raw/fma_small/042/042236.mp3,042236,International,training
/scratch/pdoshi/audio_comp/home_migrated/audio_comp_data/raw/fma_small/042/042238.mp3,042238,International,training
/scratch/pdoshi/audio_comp/home_migrated/audio_comp_data/raw/fma_small/042/042240.mp3,042240,International,training
/scratch/pdoshi/audio_comp/home_migrated/audio_comp_data/raw/fma_small/042/042241.mp3,042241,International,training
/scratch/pdoshi/audio_comp/home_migrated/audio_comp_data/raw/fma_small/042/042243.mp3,042243,International,training
/scratch/pdoshi/audio_comp/home_migrated/audio_comp_data/raw/fma_small/042/042245.mp3,042245,International,training
/scratch/pdoshi/audio_comp/home_migrated/audio_comp_data/raw/fma_small/042/042247.mp3,042247,International,training
/scratch/pdoshi/audio_comp/home_migrated/audio_comp_data/raw/fma_small/042/042310.mp3,042310,Rock,training
/scratch/pdoshi/audio_comp/home_migrated/audio_comp_data/raw/fma_small/042/042372.mp3,042372,Electronic,test
/scratch/pdoshi/audio_comp/home_migrated/audio_comp_data/raw/fma_small/042/042373.mp3,042373,Electronic,test
/scratch/pdoshi/audio_comp/home_migrated/audio_comp_data/raw/fma_small/042/042374.mp3,042374,Electronic,test
/scratch/pdoshi/audio_comp/home_migrated/audio_comp_data/raw/fma_small/042/042375.mp3,042375,Electronic,test
/scratch/pdoshi/audio_comp/home_migrated/audio_comp_data/raw/fma_small/042/042376.mp3,042376,Electronic,test
/scratch/pdoshi/audio_comp/home_migrated/audio_comp_data/raw/fma_small/042/042377.mp3,042377,Electronic,test
/scratch/pdoshi/audio_comp/home_migrated/audio_comp_data/raw/fma_small/042/042442.mp3,042442,Rock,training
/scratch/pdoshi/audio_comp/home_migrated/audio_comp_data/raw/fma_small/042/042463.mp3,042463,Folk,test
/scratch/pdoshi/audio_comp/home_migrated/audio_comp_data/raw/fma_small/042/042475.mp3,042475,Rock,training
/scratch/pdoshi/audio_comp/home_migrated/audio_comp_data/raw/fma_small/042/042648.mp3,042648,Folk,training
/scratch/pdoshi/audio_comp/home_migrated/audio_comp_data/raw/fma_small/042/042659.mp3,042659,Folk,training
/scratch/pdoshi/audio_comp/home_migrated/audio_comp_data/raw/fma_small/042/042751.mp3,042751,Pop,training
/scratch/pdoshi/audio_comp/home_migrated/audio_comp_data/raw/fma_small/042/042761.mp3,042761,Rock,training
/scratch/pdoshi/audio_comp/home_migrated/audio_comp_data/raw/fma_small/042/042789.mp3,042789,Rock,training
/scratch/pdoshi/audio_comp/home_migrated/audio_comp_data/raw/fma_small/042/042844.mp3,042844,Rock,validation
/scratch/pdoshi/audio_comp/home_migrated/audio_comp_data/raw/fma_small/042/042851.mp3,042851,Rock,validation
/scratch/pdoshi/audio_comp/home_migrated/audio_comp_data/raw/fma_small/042/042911.mp3,042911,Pop,validation
/scratch/pdoshi/audio_comp/home_migrated/audio_comp_data/raw/fma_small/042/042914.mp3,042914,Pop,validation
/scratch/pdoshi/audio_comp/home_migrated/audio_comp_data/raw/fma_small/042/042915.mp3,042915,Pop,validation
/scratch/pdoshi/audio_comp/home_migrated/audio_comp_data/raw/fma_small/042/042966.mp3,042966,Experimental,training
/scratch/pdoshi/audio_comp/home_migrated/audio_comp_data/raw/fma_small/042/042984.mp3,042984,Experimental,training
/scratch/pdoshi/audio_comp/home_migrated/audio_comp_data/raw/fma_small/043/043016.mp3,043016,International,training
/scratch/pdoshi/audio_comp/home_migrated/audio_comp_data/raw/fma_small/043/043018.mp3,043018,International,training
/scratch/pdoshi/audio_comp/home_migrated/audio_comp_data/raw/fma_small/043/043019.mp3,043019,International,training
/scratch/pdoshi/audio_comp/home_migrated/audio_comp_data/raw/fma_small/043/043020.mp3,043020,International,training
/scratch/pdoshi/audio_comp/home_migrated/audio_comp_data/raw/fma_small/043/043021.mp3,043021,International,training
/scratch/pdoshi/audio_comp/home_migrated/audio_comp_data/raw/fma_small/043/043022.mp3,043022,International,training
/scratch/pdoshi/audio_comp/home_migrated/audio_comp_data/raw/fma_small/043/043023.mp3,043023,International,training
/scratch/pdoshi/audio_comp/home_migrated/audio_comp_data/raw/fma_small/043/043024.mp3,043024,International,training
/scratch/pdoshi/audio_comp/home_migrated/audio_comp_data/raw/fma_small/043/043025.mp3,043025,International,training
/scratch/pdoshi/audio_comp/home_migrated/audio_comp_data/raw/fma_small/043/043026.mp3,043026,International,training
/scratch/pdoshi/audio_comp/home_migrated/audio_comp_data/raw/fma_small/043/043027.mp3,043027,International,training
/scratch/pdoshi/audio_comp/home_migrated/audio_comp_data/raw/fma_small/043/043028.mp3,043028,International,training
/scratch/pdoshi/audio_comp/home_migrated/audio_comp_data/raw/fma_small/043/043029.mp3,043029,International,training
/scratch/pdoshi/audio_comp/home_migrated/audio_comp_data/raw/fma_small/043/043030.mp3,043030,International,training
/scratch/pdoshi/audio_comp/home_migrated/audio_comp_data/raw/fma_small/043/043063.mp3,043063,Experimental,training
/scratch/pdoshi/audio_comp/home_migrated/audio_comp_data/raw/fma_small/043/043172.mp3,043172,International,training
/scratch/pdoshi/audio_comp/home_migrated/audio_comp_data/raw/fma_small/043/043173.mp3,043173,International,training
/scratch/pdoshi/audio_comp/home_migrated/audio_comp_data/raw/fma_small/043/043516.mp3,043516,International,test
/scratch/pdoshi/audio_comp/home_migrated/audio_comp_data/raw/fma_small/043/043517.mp3,043517,International,test
/scratch/pdoshi/audio_comp/home_migrated/audio_comp_data/raw/fma_small/043/043518.mp3,043518,International,test
/scratch/pdoshi/audio_comp/home_migrated/audio_comp_data/raw/fma_small/043/043519.mp3,043519,International,test
/scratch/pdoshi/audio_comp/home_migrated/audio_comp_data/raw/fma_small/043/043520.mp3,043520,International,test
/scratch/pdoshi/audio_comp/home_migrated/audio_comp_data/raw/fma_small/043/043521.mp3,043521,International,test
/scratch/pdoshi/audio_comp/home_migrated/audio_comp_data/raw/fma_small/043/043533.mp3,043533,International,training
/scratch/pdoshi/audio_comp/home_migrated/audio_comp_data/raw/fma_small/043/043534.mp3,043534,International,training
/scratch/pdoshi/audio_comp/home_migrated/audio_comp_data/raw/fma_small/043/043535.mp3,043535,International,training
/scratch/pdoshi/audio_comp/home_migrated/audio_comp_data/raw/fma_small/043/043536.mp3,043536,International,training
/scratch/pdoshi/audio_comp/home_migrated/audio_comp_data/raw/fma_small/043/043585.mp3,043585,International,training
/scratch/pdoshi/audio_comp/home_migrated/audio_comp_data/raw/fma_small/043/043586.mp3,043586,International,training
/scratch/pdoshi/audio_comp/home_migrated/audio_comp_data/raw/fma_small/043/043587.mp3,043587,International,training
/scratch/pdoshi/audio_comp/home_migrated/audio_comp_data/raw/fma_small/043/043588.mp3,043588,International,training
/scratch/pdoshi/audio_comp/home_migrated/audio_comp_data/raw/fma_small/043/043589.mp3,043589,International,training
/scratch/pdoshi/audio_comp/home_migrated/audio_comp_data/raw/fma_small/043/043590.mp3,043590,International,training
/scratch/pdoshi/audio_comp/home_migrated/audio_comp_data/raw/fma_small/043/043592.mp3,043592,International,training
/scratch/pdoshi/audio_comp/home_migrated/audio_comp_data/raw/fma_small/043/043593.mp3,043593,International,training
/scratch/pdoshi/audio_comp/home_migrated/audio_comp_data/raw/fma_small/043/043594.mp3,043594,International,training
/scratch/pdoshi/audio_comp/home_migrated/audio_comp_data/raw/fma_small/043/043595.mp3,043595,International,training
/scratch/pdoshi/audio_comp/home_migrated/audio_comp_data/raw/fma_small/043/043596.mp3,043596,International,training
/scratch/pdoshi/audio_comp/home_migrated/audio_comp_data/raw/fma_small/043/043598.mp3,043598,International,training
/scratch/pdoshi/audio_comp/home_migrated/audio_comp_data/raw/fma_small/043/043599.mp3,043599,International,training
/scratch/pdoshi/audio_comp/home_migrated/audio_comp_data/raw/fma_small/043/043600.mp3,043600,International,training
/scratch/pdoshi/audio_comp/home_migrated/audio_comp_data/raw/fma_small/043/043608.mp3,043608,Experimental,training
/scratch/pdoshi/audio_comp/home_migrated/audio_comp_data/raw/fma_small/043/043621.mp3,043621,Folk,training
/scratch/pdoshi/audio_comp/home_migrated/audio_comp_data/raw/fma_small/043/043623.mp3,043623,Folk,training
/scratch/pdoshi/audio_comp/home_migrated/audio_comp_data/raw/fma_small/043/043691.mp3,043691,Experimental,validation
/scratch/pdoshi/audio_comp/home_migrated/audio_comp_data/raw/fma_small/043/043695.mp3,043695,International,training
/scratch/pdoshi/audio_comp/home_migrated/audio_comp_data/raw/fma_small/043/043696.mp3,043696,International,training
/scratch/pdoshi/audio_comp/home_migrated/audio_comp_data/raw/fma_small/043/043697.mp3,043697,International,training
/scratch/pdoshi/audio_comp/home_migrated/audio_comp_data/raw/fma_small/043/043698.mp3,043698,International,training
/scratch/pdoshi/audio_comp/home_migrated/audio_comp_data/raw/fma_small/043/043699.mp3,043699,International,training
/scratch/pdoshi/audio_comp/home_migrated/audio_comp_data/raw/fma_small/043/043761.mp3,043761,Folk,training
/scratch/pdoshi/audio_comp/home_migrated/audio_comp_data/raw/fma_small/043/043765.mp3,043765,International,test
/scratch/pdoshi/audio_comp/home_migrated/audio_comp_data/raw/fma_small/043/043766.mp3,043766,International,test
/scratch/pdoshi/audio_comp/home_migrated/audio_comp_data/raw/fma_small/043/043767.mp3,043767,International,test
/scratch/pdoshi/audio_comp/home_migrated/audio_comp_data/raw/fma_small/043/043768.mp3,043768,International,test
/scratch/pdoshi/audio_comp/home_migrated/audio_comp_data/raw/fma_small/043/043773.mp3,043773,Pop,training
/scratch/pdoshi/audio_comp/home_migrated/audio_comp_data/raw/fma_small/043/043796.mp3,043796,Folk,training
/scratch/pdoshi/audio_comp/home_migrated/audio_comp_data/raw/fma_small/043/043842.mp3,043842,Folk,training
/scratch/pdoshi/audio_comp/home_migrated/audio_comp_data/raw/fma_small/043/043843.mp3,043843,Folk,training
/scratch/pdoshi/audio_comp/home_migrated/audio_comp_data/raw/fma_small/043/043844.mp3,043844,Hip-Hop,training
/scratch/pdoshi/audio_comp/home_migrated/audio_comp_data/raw/fma_small/043/043856.mp3,043856,Hip-Hop,training
/scratch/pdoshi/audio_comp/home_migrated/audio_comp_data/raw/fma_small/043/043857.mp3,043857,Hip-Hop,training
/scratch/pdoshi/audio_comp/home_migrated/audio_comp_data/raw/fma_small/043/043858.mp3,043858,Hip-Hop,training
/scratch/pdoshi/audio_comp/home_migrated/audio_comp_data/raw/fma_small/043/043859.mp3,043859,Hip-Hop,test
/scratch/pdoshi/audio_comp/home_migrated/audio_comp_data/raw/fma_small/043/043860.mp3,043860,Hip-Hop,training
/scratch/pdoshi/audio_comp/home_migrated/audio_comp_data/raw/fma_small/043/043861.mp3,043861,Hip-Hop,training
/scratch/pdoshi/audio_comp/home_migrated/audio_comp_data/raw/fma_small/043/043863.mp3,043863,Hip-Hop,training
/scratch/pdoshi/audio_comp/home_migrated/audio_comp_data/raw/fma_small/043/043865.mp3,043865,Hip-Hop,training
/scratch/pdoshi/audio_comp/home_migrated/audio_comp_data/raw/fma_small/043/043866.mp3,043866,Hip-Hop,training
/scratch/pdoshi/audio_comp/home_migrated/audio_comp_data/raw/fma_small/043/043867.mp3,043867,Hip-Hop,training
/scratch/pdoshi/audio_comp/home_migrated/audio_comp_data/raw/fma_small/043/043868.mp3,043868,Hip-Hop,training
/scratch/pdoshi/audio_comp/home_migrated/audio_comp_data/raw/fma_small/043/043869.mp3,043869,Hip-Hop,training
/scratch/pdoshi/audio_comp/home_migrated/audio_comp_data/raw/fma_small/043/043883.mp3,043883,Experimental,training
/scratch/pdoshi/audio_comp/home_migrated/audio_comp_data/raw/fma_small/043/043886.mp3,043886,Experimental,training
/scratch/pdoshi/audio_comp/home_migrated/audio_comp_data/raw/fma_small/043/043899.mp3,043899,Hip-Hop,training
/scratch/pdoshi/audio_comp/home_migrated/audio_comp_data/raw/fma_small/043/043911.mp3,043911,Hip-Hop,training
/scratch/pdoshi/audio_comp/home_migrated/audio_comp_data/raw/fma_small/043/043962.mp3,043962,Folk,training
/scratch/pdoshi/audio_comp/home_migrated/audio_comp_data/raw/fma_small/043/043965.mp3,043965,Folk,training
/scratch/pdoshi/audio_comp/home_migrated/audio_comp_data/raw/fma_small/044/044092.mp3,044092,Electronic,training
/scratch/pdoshi/audio_comp/home_migrated/audio_comp_data/raw/fma_small/044/044110.mp3,044110,Experimental,training
/scratch/pdoshi/audio_comp/home_migrated/audio_comp_data/raw/fma_small/044/044169.mp3,044169,Experimental,training
/scratch/pdoshi/audio_comp/home_migrated/audio_comp_data/raw/fma_small/044/044236.mp3,044236,Hip-Hop,training
/scratch/pdoshi/audio_comp/home_migrated/audio_comp_data/raw/fma_small/044/044342.mp3,044342,Experimental,training
/scratch/pdoshi/audio_comp/home_migrated/audio_comp_data/raw/fma_small/044/044347.mp3,044347,Experimental,training
/scratch/pdoshi/audio_comp/home_migrated/audio_comp_data/raw/fma_small/044/044354.mp3,044354,Experimental,training
/scratch/pdoshi/audio_comp/home_migrated/audio_comp_data/raw/fma_small/044/044355.mp3,044355,Experimental,validation
/scratch/pdoshi/audio_comp/home_migrated/audio_comp_data/raw/fma_small/044/044777.mp3,044777,Folk,test
/scratch/pdoshi/audio_comp/home_migrated/audio_comp_data/raw/fma_small/044/044778.mp3,044778,Experimental,training
/scratch/pdoshi/audio_comp/home_migrated/audio_comp_data/raw/fma_small/044/044779.mp3,044779,Experimental,training
/scratch/pdoshi/audio_comp/home_migrated/audio_comp_data/raw/fma_small/044/044780.mp3,044780,Experimental,training
/scratch/pdoshi/audio_comp/home_migrated/audio_comp_data/raw/fma_small/044/044781.mp3,044781,Experimental,training
/scratch/pdoshi/audio_comp/home_migrated/audio_comp_data/raw/fma_small/044/044782.mp3,044782,Experimental,training
/scratch/pdoshi/audio_comp/home_migrated/audio_comp_data/raw/fma_small/044/044791.mp3,044791,Experimental,training
/scratch/pdoshi/audio_comp/home_migrated/audio_comp_data/raw/fma_small/044/044792.mp3,044792,Experimental,training
/scratch/pdoshi/audio_comp/home_migrated/audio_comp_data/raw/fma_small/044/044793.mp3,044793,Experimental,training
/scratch/pdoshi/audio_comp/home_migrated/audio_comp_data/raw/fma_small/044/044794.mp3,044794,Experimental,training
/scratch/pdoshi/audio_comp/home_migrated/audio_comp_data/raw/fma_small/044/044795.mp3,044795,Experimental,training
/scratch/pdoshi/audio_comp/home_migrated/audio_comp_data/raw/fma_small/044/044796.mp3,044796,Experimental,training
/scratch/pdoshi/audio_comp/home_migrated/audio_comp_data/raw/fma_small/044/044797.mp3,044797,Experimental,training
/scratch/pdoshi/audio_comp/home_migrated/audio_comp_data/raw/fma_small/044/044798.mp3,044798,Experimental,training
/scratch/pdoshi/audio_comp/home_migrated/audio_comp_data/raw/fma_small/044/044799.mp3,044799,Experimental,training
/scratch/pdoshi/audio_comp/home_migrated/audio_comp_data/raw/fma_small/044/044800.mp3,044800,Experimental,test
/scratch/pdoshi/audio_comp/home_migrated/audio_comp_data/raw/fma_small/044/044801.mp3,044801,Experimental,training
/scratch/pdoshi/audio_comp/home_migrated/audio_comp_data/raw/fma_small/044/044802.mp3,044802,Experimental,validation
/scratch/pdoshi/audio_comp/home_migrated/audio_comp_data/raw/fma_small/044/044803.mp3,044803,Experimental,training
/scratch/pdoshi/audio_comp/home_migrated/audio_comp_data/raw/fma_small/044/044804.mp3,044804,Experimental,training
/scratch/pdoshi/audio_comp/home_migrated/audio_comp_data/raw/fma_small/044/044805.mp3,044805,Pop,training
/scratch/pdoshi/audio_comp/home_migrated/audio_comp_data/raw/fma_small/044/044806.mp3,044806,Pop,training
/scratch/pdoshi/audio_comp/home_migrated/audio_comp_data/raw/fma_small/044/044809.mp3,044809,Pop,training
/scratch/pdoshi/audio_comp/home_migrated/audio_comp_data/raw/fma_small/044/044820.mp3,044820,International,training
/scratch/pdoshi/audio_comp/home_migrated/audio_comp_data/raw/fma_small/044/044821.mp3,044821,International,training
/scratch/pdoshi/audio_comp/home_migrated/audio_comp_data/raw/fma_small/044/044822.mp3,044822,International,training
/scratch/pdoshi/audio_comp/home_migrated/audio_comp_data/raw/fma_small/044/044823.mp3,044823,International,training
/scratch/pdoshi/audio_comp/home_migrated/audio_comp_data/raw/fma_small/044/044848.mp3,044848,Experimental,training
/scratch/pdoshi/audio_comp/home_migrated/audio_comp_data/raw/fma_small/044/044849.mp3,044849,Experimental,training
/scratch/pdoshi/audio_comp/home_migrated/audio_comp_data/raw/fma_small/044/044850.mp3,044850,Experimental,training
/scratch/pdoshi/audio_comp/home_migrated/audio_comp_data/raw/fma_small/044/044851.mp3,044851,Experimental,training
/scratch/pdoshi/audio_comp/home_migrated/audio_comp_data/raw/fma_small/044/044853.mp3,044853,Experimental,training
/scratch/pdoshi/audio_comp/home_migrated/audio_comp_data/raw/fma_small/044/044854.mp3,044854,Experimental,training
/scratch/pdoshi/audio_comp/home_migrated/audio_comp_data/raw/fma_small/044/044917.mp3,044917,Rock,training
/scratch/pdoshi/audio_comp/home_migrated/audio_comp_data/raw/fma_small/044/044918.mp3,044918,Rock,training
/scratch/pdoshi/audio_comp/home_migrated/audio_comp_data/raw/fma_small/044/044946.mp3,044946,International,training
/scratch/pdoshi/audio_comp/home_migrated/audio_comp_data/raw/fma_small/044/044947.mp3,044947,International,training
/scratch/pdoshi/audio_comp/home_migrated/audio_comp_data/raw/fma_small/044/044948.mp3,044948,International,training
/scratch/pdoshi/audio_comp/home_migrated/audio_comp_data/raw/fma_small/044/044949.mp3,044949,International,training
/scratch/pdoshi/audio_comp/home_migrated/audio_comp_data/raw/fma_small/044/044950.mp3,044950,International,training
/scratch/pdoshi/audio_comp/home_migrated/audio_comp_data/raw/fma_small/044/044951.mp3,044951,International,training
/scratch/pdoshi/audio_comp/home_migrated/audio_comp_data/raw/fma_small/044/044952.mp3,044952,International,training
/scratch/pdoshi/audio_comp/home_migrated/audio_comp_data/raw/fma_small/045/045055.mp3,045055,Rock,validation
/scratch/pdoshi/audio_comp/home_migrated/audio_comp_data/raw/fma_small/045/045099.mp3,045099,Electronic,training
/scratch/pdoshi/audio_comp/home_migrated/audio_comp_data/raw/fma_small/045/045100.mp3,045100,Electronic,training
/scratch/pdoshi/audio_comp/home_migrated/audio_comp_data/raw/fma_small/045/045101.mp3,045101,Electronic,training
/scratch/pdoshi/audio_comp/home_migrated/audio_comp_data/raw/fma_small/045/045102.mp3,045102,Electronic,training
/scratch/pdoshi/audio_comp/home_migrated/audio_comp_data/raw/fma_small/045/045103.mp3,045103,Electronic,training
/scratch/pdoshi/audio_comp/home_migrated/audio_comp_data/raw/fma_small/045/045119.mp3,045119,Pop,validation
/scratch/pdoshi/audio_comp/home_migrated/audio_comp_data/raw/fma_small/045/045122.mp3,045122,Pop,validation
/scratch/pdoshi/audio_comp/home_migrated/audio_comp_data/raw/fma_small/045/045125.mp3,045125,Pop,validation
/scratch/pdoshi/audio_comp/home_migrated/audio_comp_data/raw/fma_small/045/045126.mp3,045126,Pop,validation
/scratch/pdoshi/audio_comp/home_migrated/audio_comp_data/raw/fma_small/045/045127.mp3,045127,Pop,validation
/scratch/pdoshi/audio_comp/home_migrated/audio_comp_data/raw/fma_small/045/045128.mp3,045128,Pop,validation
/scratch/pdoshi/audio_comp/home_migrated/audio_comp_data/raw/fma_small/045/045149.mp3,045149,Electronic,test
/scratch/pdoshi/audio_comp/home_migrated/audio_comp_data/raw/fma_small/045/045150.mp3,045150,Electronic,training
/scratch/pdoshi/audio_comp/home_migrated/audio_comp_data/raw/fma_small/045/045151.mp3,045151,Electronic,training
/scratch/pdoshi/audio_comp/home_migrated/audio_comp_data/raw/fma_small/045/045152.mp3,045152,Electronic,test
/scratch/pdoshi/audio_comp/home_migrated/audio_comp_data/raw/fma_small/045/045153.mp3,045153,Electronic,training
/scratch/pdoshi/audio_comp/home_migrated/audio_comp_data/raw/fma_small/045/045154.mp3,045154,Electronic,training
/scratch/pdoshi/audio_comp/home_migrated/audio_comp_data/raw/fma_small/045/045335.mp3,045335,Pop,training
/scratch/pdoshi/audio_comp/home_migrated/audio_comp_data/raw/fma_small/045/045387.mp3,045387,Instrumental,training
/scratch/pdoshi/audio_comp/home_migrated/audio_comp_data/raw/fma_small/045/045388.mp3,045388,Instrumental,training
/scratch/pdoshi/audio_comp/home_migrated/audio_comp_data/raw/fma_small/045/045389.mp3,045389,Instrumental,training
/scratch/pdoshi/audio_comp/home_migrated/audio_comp_data/raw/fma_small/045/045390.mp3,045390,Instrumental,training
/scratch/pdoshi/audio_comp/home_migrated/audio_comp_data/raw/fma_small/045/045391.mp3,045391,Instrumental,training
/scratch/pdoshi/audio_comp/home_migrated/audio_comp_data/raw/fma_small/045/045392.mp3,045392,Instrumental,training
/scratch/pdoshi/audio_comp/home_migrated/audio_comp_data/raw/fma_small/045/045393.mp3,045393,Instrumental,training
/scratch/pdoshi/audio_comp/home_migrated/audio_comp_data/raw/fma_small/045/045474.mp3,045474,Rock,training
/scratch/pdoshi/audio_comp/home_migrated/audio_comp_data/raw/fma_small/045/045475.mp3,045475,Rock,training
/scratch/pdoshi/audio_comp/home_migrated/audio_comp_data/raw/fma_small/045/045508.mp3,045508,Electronic,training
/scratch/pdoshi/audio_comp/home_migrated/audio_comp_data/raw/fma_small/045/045513.mp3,045513,Folk,training
/scratch/pdoshi/audio_comp/home_migrated/audio_comp_data/raw/fma_small/045/045514.mp3,045514,Folk,training
/scratch/pdoshi/audio_comp/home_migrated/audio_comp_data/raw/fma_small/045/045515.mp3,045515,Folk,training
/scratch/pdoshi/audio_comp/home_migrated/audio_comp_data/raw/fma_small/045/045516.mp3,045516,Folk,training
/scratch/pdoshi/audio_comp/home_migrated/audio_comp_data/raw/fma_small/045/045517.mp3,045517,Folk,training
/scratch/pdoshi/audio_comp/home_migrated/audio_comp_data/raw/fma_small/045/045518.mp3,045518,Folk,training
/scratch/pdoshi/audio_comp/home_migrated/audio_comp_data/raw/fma_small/045/045519.mp3,045519,Folk,training
/scratch/pdoshi/audio_comp/home_migrated/audio_comp_data/raw/fma_small/045/045520.mp3,045520,Folk,training
/scratch/pdoshi/audio_comp/home_migrated/audio_comp_data/raw/fma_small/045/045521.mp3,045521,Folk,training
/scratch/pdoshi/audio_comp/home_migrated/audio_comp_data/raw/fma_small/045/045522.mp3,045522,Folk,training
/scratch/pdoshi/audio_comp/home_migrated/audio_comp_data/raw/fma_small/045/045523.mp3,045523,Folk,training
/scratch/pdoshi/audio_comp/home_migrated/audio_comp_data/raw/fma_small/045/045934.mp3,045934,Experimental,test
/scratch/pdoshi/audio_comp/home_migrated/audio_comp_data/raw/fma_small/045/045941.mp3,045941,Experimental,training
/scratch/pdoshi/audio_comp/home_migrated/audio_comp_data/raw/fma_small/046/046024.mp3,046024,Rock,training
/scratch/pdoshi/audio_comp/home_migrated/audio_comp_data/raw/fma_small/046/046043.mp3,046043,Experimental,training
/scratch/pdoshi/audio_comp/home_migrated/audio_comp_data/raw/fma_small/046/046058.mp3,046058,Experimental,training
/scratch/pdoshi/audio_comp/home_migrated/audio_comp_data/raw/fma_small/046/046068.mp3,046068,Experimental,training
/scratch/pdoshi/audio_comp/home_migrated/audio_comp_data/raw/fma_small/046/046078.mp3,046078,Hip-Hop,training
/scratch/pdoshi/audio_comp/home_migrated/audio_comp_data/raw/fma_small/046/046079.mp3,046079,Experimental,training
/scratch/pdoshi/audio_comp/home_migrated/audio_comp_data/raw/fma_small/046/046157.mp3,046157,Electronic,training
/scratch/pdoshi/audio_comp/home_migrated/audio_comp_data/raw/fma_small/046/046158.mp3,046158,Electronic,training
/scratch/pdoshi/audio_comp/home_migrated/audio_comp_data/raw/fma_small/046/046159.mp3,046159,Electronic,training
/scratch/pdoshi/audio_comp/home_migrated/audio_comp_data/raw/fma_small/046/046160.mp3,046160,Electronic,training
/scratch/pdoshi/audio_comp/home_migrated/audio_comp_data/raw/fma_small/046/046161.mp3,046161,Experimental,training
/scratch/pdoshi/audio_comp/home_migrated/audio_comp_data/raw/fma_small/046/046162.mp3,046162,Experimental,training
/scratch/pdoshi/audio_comp/home_migrated/audio_comp_data/raw/fma_small/046/046238.mp3,046238,Experimental,training
/scratch/pdoshi/audio_comp/home_migrated/audio_comp_data/raw/fma_small/046/046241.mp3,046241,Experimental,training
/scratch/pdoshi/audio_comp/home_migrated/audio_comp_data/raw/fma_small/046/046525.mp3,046525,Instrumental,training
/scratch/pdoshi/audio_comp/home_migrated/audio_comp_data/raw/fma_small/046/046611.mp3,046611,Experimental,training
/scratch/pdoshi/audio_comp/home_migrated/audio_comp_data/raw/fma_small/046/046711.mp3,046711,Experimental,training
/scratch/pdoshi/audio_comp/home_migrated/audio_comp_data/raw/fma_small/046/046717.mp3,046717,Experimental,test
/scratch/pdoshi/audio_comp/home_migrated/audio_comp_data/raw/fma_small/046/046718.mp3,046718,Experimental,test
/scratch/pdoshi/audio_comp/home_migrated/audio_comp_data/raw/fma_small/046/046720.mp3,046720,Experimental,test
/scratch/pdoshi/audio_comp/home_migrated/audio_comp_data/raw/fma_small/046/046726.mp3,046726,Hip-Hop,training
/scratch/pdoshi/audio_comp/home_migrated/audio_comp_data/raw/fma_small/046/046732.mp3,046732,Pop,training
/scratch/pdoshi/audio_comp/home_migrated/audio_comp_data/raw/fma_small/046/046733.mp3,046733,Pop,training
/scratch/pdoshi/audio_comp/home_migrated/audio_comp_data/raw/fma_small/046/046736.mp3,046736,Pop,training
/scratch/pdoshi/audio_comp/home_migrated/audio_comp_data/raw/fma_small/046/046839.mp3,046839,Pop,training
/scratch/pdoshi/audio_comp/home_migrated/audio_comp_data/raw/fma_small/046/046840.mp3,046840,Pop,training
/scratch/pdoshi/audio_comp/home_migrated/audio_comp_data/raw/fma_small/046/046841.mp3,046841,Pop,training
/scratch/pdoshi/audio_comp/home_migrated/audio_comp_data/raw/fma_small/046/046842.mp3,046842,Pop,training
/scratch/pdoshi/audio_comp/home_migrated/audio_comp_data/raw/fma_small/046/046844.mp3,046844,Pop,training
/scratch/pdoshi/audio_comp/home_migrated/audio_comp_data/raw/fma_small/046/046846.mp3,046846,Pop,training
/scratch/pdoshi/audio_comp/home_migrated/audio_comp_data/raw/fma_small/046/046854.mp3,046854,Pop,training
/scratch/pdoshi/audio_comp/home_migrated/audio_comp_data/raw/fma_small/046/046855.mp3,046855,Pop,training
/scratch/pdoshi/audio_comp/home_migrated/audio_comp_data/raw/fma_small/046/046928.mp3,046928,Pop,training
/scratch/pdoshi/audio_comp/home_migrated/audio_comp_data/raw/fma_small/046/046930.mp3,046930,Pop,training
/scratch/pdoshi/audio_comp/home_migrated/audio_comp_data/raw/fma_small/047/047032.mp3,047032,Rock,validation
/scratch/pdoshi/audio_comp/home_migrated/audio_comp_data/raw/fma_small/047/047068.mp3,047068,Electronic,training
/scratch/pdoshi/audio_comp/home_migrated/audio_comp_data/raw/fma_small/047/047069.mp3,047069,Electronic,training
/scratch/pdoshi/audio_comp/home_migrated/audio_comp_data/raw/fma_small/047/047070.mp3,047070,Electronic,training
/scratch/pdoshi/audio_comp/home_migrated/audio_comp_data/raw/fma_small/047/047071.mp3,047071,Electronic,training
/scratch/pdoshi/audio_comp/home_migrated/audio_comp_data/raw/fma_small/047/047072.mp3,047072,Electronic,training
/scratch/pdoshi/audio_comp/home_migrated/audio_comp_data/raw/fma_small/047/047073.mp3,047073,Electronic,training
/scratch/pdoshi/audio_comp/home_migrated/audio_comp_data/raw/fma_small/047/047074.mp3,047074,Electronic,training
/scratch/pdoshi/audio_comp/home_migrated/audio_comp_data/raw/fma_small/047/047075.mp3,047075,Electronic,training
/scratch/pdoshi/audio_comp/home_migrated/audio_comp_data/raw/fma_small/047/047076.mp3,047076,Electronic,training
/scratch/pdoshi/audio_comp/home_migrated/audio_comp_data/raw/fma_small/047/047077.mp3,047077,Electronic,training
/scratch/pdoshi/audio_comp/home_migrated/audio_comp_data/raw/fma_small/047/047100.mp3,047100,Pop,validation
/scratch/pdoshi/audio_comp/home_migrated/audio_comp_data/raw/fma_small/047/047192.mp3,047192,Experimental,training
/scratch/pdoshi/audio_comp/home_migrated/audio_comp_data/raw/fma_small/047/047193.mp3,047193,Experimental,training
/scratch/pdoshi/audio_comp/home_migrated/audio_comp_data/raw/fma_small/047/047194.mp3,047194,Experimental,training
/scratch/pdoshi/audio_comp/home_migrated/audio_comp_data/raw/fma_small/047/047195.mp3,047195,Experimental,training
/scratch/pdoshi/audio_comp/home_migrated/audio_comp_data/raw/fma_small/047/047196.mp3,047196,Experimental,training
/scratch/pdoshi/audio_comp/home_migrated/audio_comp_data/raw/fma_small/047/047197.mp3,047197,Experimental,training
/scratch/pdoshi/audio_comp/home_migrated/audio_comp_data/raw/fma_small/047/047198.mp3,047198,Experimental,training
/scratch/pdoshi/audio_comp/home_migrated/audio_comp_data/raw/fma_small/047/047199.mp3,047199,Experimental,training
/scratch/pdoshi/audio_comp/home_migrated/audio_comp_data/raw/fma_small/047/047200.mp3,047200,Experimental,training
/scratch/pdoshi/audio_comp/home_migrated/audio_comp_data/raw/fma_small/047/047201.mp3,047201,Experimental,training
/scratch/pdoshi/audio_comp/home_migrated/audio_comp_data/raw/fma_small/047/047202.mp3,047202,Experimental,training
/scratch/pdoshi/audio_comp/home_migrated/audio_comp_data/raw/fma_small/047/047260.mp3,047260,Electronic,training
/scratch/pdoshi/audio_comp/home_migrated/audio_comp_data/raw/fma_small/047/047471.mp3,047471,Rock,test
/scratch/pdoshi/audio_comp/home_migrated/audio_comp_data/raw/fma_small/047/047506.mp3,047506,Folk,training
/scratch/pdoshi/audio_comp/home_migrated/audio_comp_data/raw/fma_small/047/047510.mp3,047510,Rock,training
/scratch/pdoshi/audio_comp/home_migrated/audio_comp_data/raw/fma_small/047/047526.mp3,047526,Rock,test
/scratch/pdoshi/audio_comp/home_migrated/audio_comp_data/raw/fma_small/047/047628.mp3,047628,Folk,test
/scratch/pdoshi/audio_comp/home_migrated/audio_comp_data/raw/fma_small/047/047657.mp3,047657,Electronic,training
/scratch/pdoshi/audio_comp/home_migrated/audio_comp_data/raw/fma_small/047/047658.mp3,047658,Electronic,training
/scratch/pdoshi/audio_comp/home_migrated/audio_comp_data/raw/fma_small/047/047659.mp3,047659,Electronic,training
/scratch/pdoshi/audio_comp/home_migrated/audio_comp_data/raw/fma_small/047/047660.mp3,047660,Electronic,training
/scratch/pdoshi/audio_comp/home_migrated/audio_comp_data/raw/fma_small/047/047661.mp3,047661,Folk,training
/scratch/pdoshi/audio_comp/home_migrated/audio_comp_data/raw/fma_small/047/047662.mp3,047662,Folk,training
/scratch/pdoshi/audio_comp/home_migrated/audio_comp_data/raw/fma_small/047/047663.mp3,047663,Folk,training
/scratch/pdoshi/audio_comp/home_migrated/audio_comp_data/raw/fma_small/047/047665.mp3,047665,Pop,training
/scratch/pdoshi/audio_comp/home_migrated/audio_comp_data/raw/fma_small/047/047666.mp3,047666,Pop,training
/scratch/pdoshi/audio_comp/home_migrated/audio_comp_data/raw/fma_small/047/047670.mp3,047670,Pop,training
/scratch/pdoshi/audio_comp/home_migrated/audio_comp_data/raw/fma_small/047/047671.mp3,047671,Pop,training
/scratch/pdoshi/audio_comp/home_migrated/audio_comp_data/raw/fma_small/047/047707.mp3,047707,Experimental,training
/scratch/pdoshi/audio_comp/home_migrated/audio_comp_data/raw/fma_small/047/047826.mp3,047826,Experimental,training
/scratch/pdoshi/audio_comp/home_migrated/audio_comp_data/raw/fma_small/047/047835.mp3,047835,Pop,training
/scratch/pdoshi/audio_comp/home_migrated/audio_comp_data/raw/fma_small/047/047865.mp3,047865,Folk,training
/scratch/pdoshi/audio_comp/home_migrated/audio_comp_data/raw/fma_small/047/047868.mp3,047868,Folk,training
/scratch/pdoshi/audio_comp/home_migrated/audio_comp_data/raw/fma_small/047/047894.mp3,047894,Pop,training
/scratch/pdoshi/audio_comp/home_migrated/audio_comp_data/raw/fma_small/047/047895.mp3,047895,Pop,training
/scratch/pdoshi/audio_comp/home_migrated/audio_comp_data/raw/fma_small/047/047896.mp3,047896,Pop,training
/scratch/pdoshi/audio_comp/home_migrated/audio_comp_data/raw/fma_small/047/047897.mp3,047897,Pop,training
/scratch/pdoshi/audio_comp/home_migrated/audio_comp_data/raw/fma_small/047/047916.mp3,047916,Rock,training
/scratch/pdoshi/audio_comp/home_migrated/audio_comp_data/raw/fma_small/047/047921.mp3,047921,Rock,training
/scratch/pdoshi/audio_comp/home_migrated/audio_comp_data/raw/fma_small/048/048015.mp3,048015,Rock,training
/scratch/pdoshi/audio_comp/home_migrated/audio_comp_data/raw/fma_small/048/048042.mp3,048042,Experimental,training
/scratch/pdoshi/audio_comp/home_migrated/audio_comp_data/raw/fma_small/048/048043.mp3,048043,Experimental,training
/scratch/pdoshi/audio_comp/home_migrated/audio_comp_data/raw/fma_small/048/048044.mp3,048044,Experimental,training
/scratch/pdoshi/audio_comp/home_migrated/audio_comp_data/raw/fma_small/048/048046.mp3,048046,Experimental,training
/scratch/pdoshi/audio_comp/home_migrated/audio_comp_data/raw/fma_small/048/048269.mp3,048269,Experimental,training
/scratch/pdoshi/audio_comp/home_migrated/audio_comp_data/raw/fma_small/048/048293.mp3,048293,Electronic,test
/scratch/pdoshi/audio_comp/home_migrated/audio_comp_data/raw/fma_small/048/048307.mp3,048307,Experimental,training
/scratch/pdoshi/audio_comp/home_migrated/audio_comp_data/raw/fma_small/048/048317.mp3,048317,Experimental,validation
/scratch/pdoshi/audio_comp/home_migrated/audio_comp_data/raw/fma_small/048/048367.mp3,048367,Rock,training
/scratch/pdoshi/audio_comp/home_migrated/audio_comp_data/raw/fma_small/048/048368.mp3,048368,Rock,training
/scratch/pdoshi/audio_comp/home_migrated/audio_comp_data/raw/fma_small/048/048369.mp3,048369,Rock,training
/scratch/pdoshi/audio_comp/home_migrated/audio_comp_data/raw/fma_small/048/048437.mp3,048437,Electronic,training
/scratch/pdoshi/audio_comp/home_migrated/audio_comp_data/raw/fma_small/048/048439.mp3,048439,Electronic,training
/scratch/pdoshi/audio_comp/home_migrated/audio_comp_data/raw/fma_small/048/048440.mp3,048440,Electronic,training
/scratch/pdoshi/audio_comp/home_migrated/audio_comp_data/raw/fma_small/048/048442.mp3,048442,Electronic,training
/scratch/pdoshi/audio_comp/home_migrated/audio_comp_data/raw/fma_small/048/048443.mp3,048443,Electronic,training
/scratch/pdoshi/audio_comp/home_migrated/audio_comp_data/raw/fma_small/048/048444.mp3,048444,Pop,training
/scratch/pdoshi/audio_comp/home_migrated/audio_comp_data/raw/fma_small/048/048446.mp3,048446,Pop,training
/scratch/pdoshi/audio_comp/home_migrated/audio_comp_data/raw/fma_small/048/048450.mp3,048450,Pop,training
/scratch/pdoshi/audio_comp/home_migrated/audio_comp_data/raw/fma_small/048/048452.mp3,048452,Pop,training
/scratch/pdoshi/audio_comp/home_migrated/audio_comp_data/raw/fma_small/048/048453.mp3,048453,Pop,training
/scratch/pdoshi/audio_comp/home_migrated/audio_comp_data/raw/fma_small/048/048454.mp3,048454,Pop,training
/scratch/pdoshi/audio_comp/home_migrated/audio_comp_data/raw/fma_small/048/048456.mp3,048456,Pop,training
/scratch/pdoshi/audio_comp/home_migrated/audio_comp_data/raw/fma_small/048/048457.mp3,048457,Pop,training
/scratch/pdoshi/audio_comp/home_migrated/audio_comp_data/raw/fma_small/048/048462.mp3,048462,Electronic,training
/scratch/pdoshi/audio_comp/home_migrated/audio_comp_data/raw/fma_small/048/048463.mp3,048463,Electronic,training
/scratch/pdoshi/audio_comp/home_migrated/audio_comp_data/raw/fma_small/048/048464.mp3,048464,Electronic,training
/scratch/pdoshi/audio_comp/home_migrated/audio_comp_data/raw/fma_small/048/048465.mp3,048465,Electronic,training
/scratch/pdoshi/audio_comp/home_migrated/audio_comp_data/raw/fma_small/048/048466.mp3,048466,Electronic,training
/scratch/pdoshi/audio_comp/home_migrated/audio_comp_data/raw/fma_small/048/048488.mp3,048488,International,training
/scratch/pdoshi/audio_comp/home_migrated/audio_comp_data/raw/fma_small/048/048489.mp3,048489,International,training
/scratch/pdoshi/audio_comp/home_migrated/audio_comp_data/raw/fma_small/048/048491.mp3,048491,International,training
/scratch/pdoshi/audio_comp/home_migrated/audio_comp_data/raw/fma_small/048/048492.mp3,048492,International,training
/scratch/pdoshi/audio_comp/home_migrated/audio_comp_data/raw/fma_small/048/048493.mp3,048493,International,training
/scratch/pdoshi/audio_comp/home_migrated/audio_comp_data/raw/fma_small/048/048494.mp3,048494,International,training
/scratch/pdoshi/audio_comp/home_migrated/audio_comp_data/raw/fma_small/048/048763.mp3,048763,Rock,training
/scratch/pdoshi/audio_comp/home_migrated/audio_comp_data/raw/fma_small/048/048808.mp3,048808,Folk,training
/scratch/pdoshi/audio_comp/home_migrated/audio_comp_data/raw/fma_small/048/048815.mp3,048815,Folk,training
/scratch/pdoshi/audio_comp/home_migrated/audio_comp_data/raw/fma_small/048/048861.mp3,048861,Experimental,training
/scratch/pdoshi/audio_comp/home_migrated/audio_comp_data/raw/fma_small/048/048862.mp3,048862,Experimental,training
/scratch/pdoshi/audio_comp/home_migrated/audio_comp_data/raw/fma_small/048/048863.mp3,048863,Experimental,training
/scratch/pdoshi/audio_comp/home_migrated/audio_comp_data/raw/fma_small/048/048864.mp3,048864,Experimental,training
/scratch/pdoshi/audio_comp/home_migrated/audio_comp_data/raw/fma_small/048/048865.mp3,048865,Experimental,training
/scratch/pdoshi/audio_comp/home_migrated/audio_comp_data/raw/fma_small/048/048931.mp3,048931,Experimental,training
/scratch/pdoshi/audio_comp/home_migrated/audio_comp_data/raw/fma_small/048/048990.mp3,048990,Rock,test
/scratch/pdoshi/audio_comp/home_migrated/audio_comp_data/raw/fma_small/048/048999.mp3,048999,Rock,test
/scratch/pdoshi/audio_comp/home_migrated/audio_comp_data/raw/fma_small/049/049029.mp3,049029,Folk,training
/scratch/pdoshi/audio_comp/home_migrated/audio_comp_data/raw/fma_small/049/049030.mp3,049030,Folk,training
/scratch/pdoshi/audio_comp/home_migrated/audio_comp_data/raw/fma_small/049/049039.mp3,049039,Pop,training
/scratch/pdoshi/audio_comp/home_migrated/audio_comp_data/raw/fma_small/049/049061.mp3,049061,Experimental,training
/scratch/pdoshi/audio_comp/home_migrated/audio_comp_data/raw/fma_small/049/049062.mp3,049062,Experimental,training
/scratch/pdoshi/audio_comp/home_migrated/audio_comp_data/raw/fma_small/049/049064.mp3,049064,Experimental,training
/scratch/pdoshi/audio_comp/home_migrated/audio_comp_data/raw/fma_small/049/049066.mp3,049066,Experimental,training
/scratch/pdoshi/audio_comp/home_migrated/audio_comp_data/raw/fma_small/049/049067.mp3,049067,Experimental,training
/scratch/pdoshi/audio_comp/home_migrated/audio_comp_data/raw/fma_small/049/049068.mp3,049068,Experimental,training
/scratch/pdoshi/audio_comp/home_migrated/audio_comp_data/raw/fma_small/049/049070.mp3,049070,Experimental,training
/scratch/pdoshi/audio_comp/home_migrated/audio_comp_data/raw/fma_small/049/049071.mp3,049071,Experimental,training
/scratch/pdoshi/audio_comp/home_migrated/audio_comp_data/raw/fma_small/049/049072.mp3,049072,Experimental,training
/scratch/pdoshi/audio_comp/home_migrated/audio_comp_data/raw/fma_small/049/049073.mp3,049073,Experimental,training
/scratch/pdoshi/audio_comp/home_migrated/audio_comp_data/raw/fma_small/049/049394.mp3,049394,Experimental,training
/scratch/pdoshi/audio_comp/home_migrated/audio_comp_data/raw/fma_small/049/049401.mp3,049401,Experimental,training
/scratch/pdoshi/audio_comp/home_migrated/audio_comp_data/raw/fma_small/049/049407.mp3,049407,Experimental,training
/scratch/pdoshi/audio_comp/home_migrated/audio_comp_data/raw/fma_small/049/049408.mp3,049408,Experimental,training
/scratch/pdoshi/audio_comp/home_migrated/audio_comp_data/raw/fma_small/049/049441.mp3,049441,Rock,validation
/scratch/pdoshi/audio_comp/home_migrated/audio_comp_data/raw/fma_small/049/049473.mp3,049473,Pop,training
/scratch/pdoshi/audio_comp/home_migrated/audio_comp_data/raw/fma_small/049/049476.mp3,049476,Hip-Hop,training
/scratch/pdoshi/audio_comp/home_migrated/audio_comp_data/raw/fma_small/049/049477.mp3,049477,Pop,test
/scratch/pdoshi/audio_comp/home_migrated/audio_comp_data/raw/fma_small/049/049478.mp3,049478,Hip-Hop,training
/scratch/pdoshi/audio_comp/home_migrated/audio_comp_data/raw/fma_small/049/049479.mp3,049479,Hip-Hop,validation
/scratch/pdoshi/audio_comp/home_migrated/audio_comp_data/raw/fma_small/049/049812.mp3,049812,Rock,training
/scratch/pdoshi/audio_comp/home_migrated/audio_comp_data/raw/fma_small/049/049817.mp3,049817,Rock,training
/scratch/pdoshi/audio_comp/home_migrated/audio_comp_data/raw/fma_small/049/049842.mp3,049842,Folk,training
/scratch/pdoshi/audio_comp/home_migrated/audio_comp_data/raw/fma_small/049/049843.mp3,049843,Folk,training
/scratch/pdoshi/audio_comp/home_migrated/audio_comp_data/raw/fma_small/049/049844.mp3,049844,Folk,training
/scratch/pdoshi/audio_comp/home_migrated/audio_comp_data/raw/fma_small/049/049845.mp3,049845,Folk,training
/scratch/pdoshi/audio_comp/home_migrated/audio_comp_data/raw/fma_small/049/049846.mp3,049846,Folk,training
/scratch/pdoshi/audio_comp/home_migrated/audio_comp_data/raw/fma_small/049/049847.mp3,049847,Folk,training
/scratch/pdoshi/audio_comp/home_migrated/audio_comp_data/raw/fma_small/049/049848.mp3,049848,Folk,training
/scratch/pdoshi/audio_comp/home_migrated/audio_comp_data/raw/fma_small/049/049849.mp3,049849,Folk,training
/scratch/pdoshi/audio_comp/home_migrated/audio_comp_data/raw/fma_small/049/049856.mp3,049856,Folk,training
/scratch/pdoshi/audio_comp/home_migrated/audio_comp_data/raw/fma_small/049/049857.mp3,049857,Folk,training
/scratch/pdoshi/audio_comp/home_migrated/audio_comp_data/raw/fma_small/050/050264.mp3,050264,Hip-Hop,training
/scratch/pdoshi/audio_comp/home_migrated/audio_comp_data/raw/fma_small/050/050272.mp3,050272,Pop,training
/scratch/pdoshi/audio_comp/home_migrated/audio_comp_data/raw/fma_small/050/050276.mp3,050276,Folk,training
/scratch/pdoshi/audio_comp/home_migrated/audio_comp_data/raw/fma_small/050/050283.mp3,050283,International,training
/scratch/pdoshi/audio_comp/home_migrated/audio_comp_data/raw/fma_small/050/050323.mp3,050323,Folk,training
/scratch/pdoshi/audio_comp/home_migrated/audio_comp_data/raw/fma_small/050/050444.mp3,050444,Rock,validation
/scratch/pdoshi/audio_comp/home_migrated/audio_comp_data/raw/fma_small/050/050445.mp3,050445,Rock,validation
/scratch/pdoshi/audio_comp/home_migrated/audio_comp_data/raw/fma_small/050/050446.mp3,050446,Rock,validation
/scratch/pdoshi/audio_comp/home_migrated/audio_comp_data/raw/fma_small/050/050447.mp3,050447,Rock,validation
/scratch/pdoshi/audio_comp/home_migrated/audio_comp_data/raw/fma_small/050/050448.mp3,050448,Rock,validation
/scratch/pdoshi/audio_comp/home_migrated/audio_comp_data/raw/fma_small/050/050449.mp3,050449,Rock,validation
/scratch/pdoshi/audio_comp/home_migrated/audio_comp_data/raw/fma_small/050/050539.mp3,050539,Rock,training
/scratch/pdoshi/audio_comp/home_migrated/audio_comp_data/raw/fma_small/050/050543.mp3,050543,Rock,training
/scratch/pdoshi/audio_comp/home_migrated/audio_comp_data/raw/fma_small/050/050752.mp3,050752,Rock,test
/scratch/pdoshi/audio_comp/home_migrated/audio_comp_data/raw/fma_small/050/050753.mp3,050753,Rock,test
/scratch/pdoshi/audio_comp/home_migrated/audio_comp_data/raw/fma_small/050/050754.mp3,050754,Rock,test
/scratch/pdoshi/audio_comp/home_migrated/audio_comp_data/raw/fma_small/050/050836.mp3,050836,Experimental,training
/scratch/pdoshi/audio_comp/home_migrated/audio_comp_data/raw/fma_small/050/050952.mp3,050952,Folk,training
/scratch/pdoshi/audio_comp/home_migrated/audio_comp_data/raw/fma_small/050/050955.mp3,050955,Instrumental,training
/scratch/pdoshi/audio_comp/home_migrated/audio_comp_data/raw/fma_small/050/050956.mp3,050956,Instrumental,training
/scratch/pdoshi/audio_comp/home_migrated/audio_comp_data/raw/fma_small/051/051004.mp3,051004,International,training
/scratch/pdoshi/audio_comp/home_migrated/audio_comp_data/raw/fma_small/051/051005.mp3,051005,International,training
/scratch/pdoshi/audio_comp/home_migrated/audio_comp_data/raw/fma_small/051/051006.mp3,051006,International,training
/scratch/pdoshi/audio_comp/home_migrated/audio_comp_data/raw/fma_small/051/051111.mp3,051111,Experimental,training
/scratch/pdoshi/audio_comp/home_migrated/audio_comp_data/raw/fma_small/051/051112.mp3,051112,Experimental,training
/scratch/pdoshi/audio_comp/home_migrated/audio_comp_data/raw/fma_small/051/051113.mp3,051113,Experimental,training
/scratch/pdoshi/audio_comp/home_migrated/audio_comp_data/raw/fma_small/051/051114.mp3,051114,Experimental,training
/scratch/pdoshi/audio_comp/home_migrated/audio_comp_data/raw/fma_small/051/051115.mp3,051115,Experimental,training
/scratch/pdoshi/audio_comp/home_migrated/audio_comp_data/raw/fma_small/051/051117.mp3,051117,Experimental,training
/scratch/pdoshi/audio_comp/home_migrated/audio_comp_data/raw/fma_small/051/051118.mp3,051118,Experimental,training
/scratch/pdoshi/audio_comp/home_migrated/audio_comp_data/raw/fma_small/051/051120.mp3,051120,Pop,training
/scratch/pdoshi/audio_comp/home_migrated/audio_comp_data/raw/fma_small/051/051157.mp3,051157,Experimental,validation
/scratch/pdoshi/audio_comp/home_migrated/audio_comp_data/raw/fma_small/051/051158.mp3,051158,Experimental,validation
/scratch/pdoshi/audio_comp/home_migrated/audio_comp_data/raw/fma_small/051/051203.mp3,051203,Experimental,training
/scratch/pdoshi/audio_comp/home_migrated/audio_comp_data/raw/fma_small/051/051260.mp3,051260,Pop,test
/scratch/pdoshi/audio_comp/home_migrated/audio_comp_data/raw/fma_small/051/051261.mp3,051261,Pop,validation
/scratch/pdoshi/audio_comp/home_migrated/audio_comp_data/raw/fma_small/051/051262.mp3,051262,Pop,training
/scratch/pdoshi/audio_comp/home_migrated/audio_comp_data/raw/fma_small/051/051263.mp3,051263,Pop,training
/scratch/pdoshi/audio_comp/home_migrated/audio_comp_data/raw/fma_small/051/051265.mp3,051265,Pop,training
/scratch/pdoshi/audio_comp/home_migrated/audio_comp_data/raw/fma_small/051/051267.mp3,051267,Pop,training
/scratch/pdoshi/audio_comp/home_migrated/audio_comp_data/raw/fma_small/051/051268.mp3,051268,Pop,training
/scratch/pdoshi/audio_comp/home_migrated/audio_comp_data/raw/fma_small/051/051269.mp3,051269,Pop,training
/scratch/pdoshi/audio_comp/home_migrated/audio_comp_data/raw/fma_small/051/051271.mp3,051271,Pop,training
/scratch/pdoshi/audio_comp/home_migrated/audio_comp_data/raw/fma_small/051/051272.mp3,051272,Pop,test
/scratch/pdoshi/audio_comp/home_migrated/audio_comp_data/raw/fma_small/051/051273.mp3,051273,Pop,training
/scratch/pdoshi/audio_comp/home_migrated/audio_comp_data/raw/fma_small/051/051274.mp3,051274,Pop,training
/scratch/pdoshi/audio_comp/home_migrated/audio_comp_data/raw/fma_small/051/051275.mp3,051275,Pop,training
/scratch/pdoshi/audio_comp/home_migrated/audio_comp_data/raw/fma_small/051/051276.mp3,051276,Pop,training
/scratch/pdoshi/audio_comp/home_migrated/audio_comp_data/raw/fma_small/051/051278.mp3,051278,Pop,validation
/scratch/pdoshi/audio_comp/home_migrated/audio_comp_data/raw/fma_small/051/051291.mp3,051291,Pop,validation
/scratch/pdoshi/audio_comp/home_migrated/audio_comp_data/raw/fma_small/051/051292.mp3,051292,Pop,validation
/scratch/pdoshi/audio_comp/home_migrated/audio_comp_data/raw/fma_small/051/051301.mp3,051301,Experimental,test
/scratch/pdoshi/audio_comp/home_migrated/audio_comp_data/raw/fma_small/051/051305.mp3,051305,Experimental,test
/scratch/pdoshi/audio_comp/home_migrated/audio_comp_data/raw/fma_small/051/051333.mp3,051333,Folk,training
/scratch/pdoshi/audio_comp/home_migrated/audio_comp_data/raw/fma_small/051/051479.mp3,051479,Experimental,training
/scratch/pdoshi/audio_comp/home_migrated/audio_comp_data/raw/fma_small/051/051655.mp3,051655,Folk,validation
/scratch/pdoshi/audio_comp/home_migrated/audio_comp_data/raw/fma_small/051/051659.mp3,051659,Folk,validation
/scratch/pdoshi/audio_comp/home_migrated/audio_comp_data/raw/fma_small/051/051661.mp3,051661,Folk,validation
/scratch/pdoshi/audio_comp/home_migrated/audio_comp_data/raw/fma_small/051/051776.mp3,051776,Instrumental,training
/scratch/pdoshi/audio_comp/home_migrated/audio_comp_data/raw/fma_small/051/051784.mp3,051784,Electronic,training
/scratch/pdoshi/audio_comp/home_migrated/audio_comp_data/raw/fma_small/051/051785.mp3,051785,Electronic,training
/scratch/pdoshi/audio_comp/home_migrated/audio_comp_data/raw/fma_small/051/051918.mp3,051918,Folk,validation
/scratch/pdoshi/audio_comp/home_migrated/audio_comp_data/raw/fma_small/051/051919.mp3,051919,Folk,validation
/scratch/pdoshi/audio_comp/home_migrated/audio_comp_data/raw/fma_small/051/051923.mp3,051923,Electronic,training
/scratch/pdoshi/audio_comp/home_migrated/audio_comp_data/raw/fma_small/051/051954.mp3,051954,Electronic,training
/scratch/pdoshi/audio_comp/home_migrated/audio_comp_data/raw/fma_small/051/051991.mp3,051991,International,training
/scratch/pdoshi/audio_comp/home_migrated/audio_comp_data/raw/fma_small/051/051992.mp3,051992,International,training
/scratch/pdoshi/audio_comp/home_migrated/audio_comp_data/raw/fma_small/051/051998.mp3,051998,International,training
/scratch/pdoshi/audio_comp/home_migrated/audio_comp_data/raw/fma_small/051/051999.mp3,051999,International,training
/scratch/pdoshi/audio_comp/home_migrated/audio_comp_data/raw/fma_small/052/052000.mp3,052000,International,training
/scratch/pdoshi/audio_comp/home_migrated/audio_comp_data/raw/fma_small/052/052001.mp3,052001,International,training
/scratch/pdoshi/audio_comp/home_migrated/audio_comp_data/raw/fma_small/052/052034.mp3,052034,Pop,training
/scratch/pdoshi/audio_comp/home_migrated/audio_comp_data/raw/fma_small/052/052035.mp3,052035,Pop,training
/scratch/pdoshi/audio_comp/home_migrated/audio_comp_data/raw/fma_small/052/052036.mp3,052036,Pop,training
/scratch/pdoshi/audio_comp/home_migrated/audio_comp_data/raw/fma_small/052/052037.mp3,052037,Pop,training
/scratch/pdoshi/audio_comp/home_migrated/audio_comp_data/raw/fma_small/052/052039.mp3,052039,Pop,training
/scratch/pdoshi/audio_comp/home_migrated/audio_comp_data/raw/fma_small/052/052040.mp3,052040,Pop,training
/scratch/pdoshi/audio_comp/home_migrated/audio_comp_data/raw/fma_small/052/052041.mp3,052041,Pop,training
/scratch/pdoshi/audio_comp/home_migrated/audio_comp_data/raw/fma_small/052/052042.mp3,052042,Pop,training
/scratch/pdoshi/audio_comp/home_migrated/audio_comp_data/raw/fma_small/052/052044.mp3,052044,Pop,training
/scratch/pdoshi/audio_comp/home_migrated/audio_comp_data/raw/fma_small/052/052045.mp3,052045,Pop,training
/scratch/pdoshi/audio_comp/home_migrated/audio_comp_data/raw/fma_small/052/052118.mp3,052118,International,training
/scratch/pdoshi/audio_comp/home_migrated/audio_comp_data/raw/fma_small/052/052119.mp3,052119,International,training
/scratch/pdoshi/audio_comp/home_migrated/audio_comp_data/raw/fma_small/052/052120.mp3,052120,International,training
/scratch/pdoshi/audio_comp/home_migrated/audio_comp_data/raw/fma_small/052/052121.mp3,052121,International,training
/scratch/pdoshi/audio_comp/home_migrated/audio_comp_data/raw/fma_small/052/052122.mp3,052122,International,training
/scratch/pdoshi/audio_comp/home_migrated/audio_comp_data/raw/fma_small/052/052123.mp3,052123,International,training
/scratch/pdoshi/audio_comp/home_migrated/audio_comp_data/raw/fma_small/052/052124.mp3,052124,International,training
/scratch/pdoshi/audio_comp/home_migrated/audio_comp_data/raw/fma_small/052/052125.mp3,052125,International,training
/scratch/pdoshi/audio_comp/home_migrated/audio_comp_data/raw/fma_small/052/052126.mp3,052126,International,training
/scratch/pdoshi/audio_comp/home_migrated/audio_comp_data/raw/fma_small/052/052127.mp3,052127,International,training
/scratch/pdoshi/audio_comp/home_migrated/audio_comp_data/raw/fma_small/052/052128.mp3,052128,International,training
/scratch/pdoshi/audio_comp/home_migrated/audio_comp_data/raw/fma_small/052/052129.mp3,052129,International,training
/scratch/pdoshi/audio_comp/home_migrated/audio_comp_data/raw/fma_small/052/052141.mp3,052141,Experimental,training
/scratch/pdoshi/audio_comp/home_migrated/audio_comp_data/raw/fma_small/052/052375.mp3,052375,Pop,validation
/scratch/pdoshi/audio_comp/home_migrated/audio_comp_data/raw/fma_small/052/052380.mp3,052380,Pop,validation
/scratch/pdoshi/audio_comp/home_migrated/audio_comp_data/raw/fma_small/052/052389.mp3,052389,Pop,validation
/scratch/pdoshi/audio_comp/home_migrated/audio_comp_data/raw/fma_small/052/052393.mp3,052393,Pop,validation
/scratch/pdoshi/audio_comp/home_migrated/audio_comp_data/raw/fma_small/052/052409.mp3,052409,Electronic,training
/scratch/pdoshi/audio_comp/home_migrated/audio_comp_data/raw/fma_small/052/052446.mp3,052446,Instrumental,training
/scratch/pdoshi/audio_comp/home_migrated/audio_comp_data/raw/fma_small/052/052447.mp3,052447,Instrumental,training
/scratch/pdoshi/audio_comp/home_migrated/audio_comp_data/raw/fma_small/052/052448.mp3,052448,Instrumental,training
/scratch/pdoshi/audio_comp/home_migrated/audio_comp_data/raw/fma_small/052/052449.mp3,052449,Instrumental,training
/scratch/pdoshi/audio_comp/home_migrated/audio_comp_data/raw/fma_small/052/052451.mp3,052451,Instrumental,training
/scratch/pdoshi/audio_comp/home_migrated/audio_comp_data/raw/fma_small/052/052452.mp3,052452,Instrumental,validation
/scratch/pdoshi/audio_comp/home_migrated/audio_comp_data/raw/fma_small/052/052500.mp3,052500,Folk,training
/scratch/pdoshi/audio_comp/home_migrated/audio_comp_data/raw/fma_small/052/052501.mp3,052501,Folk,training
/scratch/pdoshi/audio_comp/home_migrated/audio_comp_data/raw/fma_small/052/052502.mp3,052502,Folk,training
/scratch/pdoshi/audio_comp/home_migrated/audio_comp_data/raw/fma_small/052/052508.mp3,052508,Folk,training
/scratch/pdoshi/audio_comp/home_migrated/audio_comp_data/raw/fma_small/052/052522.mp3,052522,Rock,training
/scratch/pdoshi/audio_comp/home_migrated/audio_comp_data/raw/fma_small/052/052579.mp3,052579,Hip-Hop,training
/scratch/pdoshi/audio_comp/home_migrated/audio_comp_data/raw/fma_small/052/052628.mp3,052628,Electronic,training
/scratch/pdoshi/audio_comp/home_migrated/audio_comp_data/raw/fma_small/052/052629.mp3,052629,Electronic,training
/scratch/pdoshi/audio_comp/home_migrated/audio_comp_data/raw/fma_small/052/052630.mp3,052630,Electronic,training
/scratch/pdoshi/audio_comp/home_migrated/audio_comp_data/raw/fma_small/052/052631.mp3,052631,Electronic,training
/scratch/pdoshi/audio_comp/home_migrated/audio_comp_data/raw/fma_small/052/052632.mp3,052632,Electronic,training
/scratch/pdoshi/audio_comp/home_migrated/audio_comp_data/raw/fma_small/052/052633.mp3,052633,Electronic,training
/scratch/pdoshi/audio_comp/home_migrated/audio_comp_data/raw/fma_small/052/052634.mp3,052634,Electronic,training
/scratch/pdoshi/audio_comp/home_migrated/audio_comp_data/raw/fma_small/052/052635.mp3,052635,Electronic,training
/scratch/pdoshi/audio_comp/home_migrated/audio_comp_data/raw/fma_small/052/052636.mp3,052636,Electronic,training
/scratch/pdoshi/audio_comp/home_migrated/audio_comp_data/raw/fma_small/052/052637.mp3,052637,Electronic,training
/scratch/pdoshi/audio_comp/home_migrated/audio_comp_data/raw/fma_small/052/052638.mp3,052638,Electronic,training
/scratch/pdoshi/audio_comp/home_migrated/audio_comp_data/raw/fma_small/052/052639.mp3,052639,Electronic,training
/scratch/pdoshi/audio_comp/home_migrated/audio_comp_data/raw/fma_small/052/052641.mp3,052641,Electronic,training
/scratch/pdoshi/audio_comp/home_migrated/audio_comp_data/raw/fma_small/052/052642.mp3,052642,Electronic,training
/scratch/pdoshi/audio_comp/home_migrated/audio_comp_data/raw/fma_small/052/052644.mp3,052644,Electronic,training
/scratch/pdoshi/audio_comp/home_migrated/audio_comp_data/raw/fma_small/052/052645.mp3,052645,Electronic,training
/scratch/pdoshi/audio_comp/home_migrated/audio_comp_data/raw/fma_small/052/052646.mp3,052646,Electronic,training
/scratch/pdoshi/audio_comp/home_migrated/audio_comp_data/raw/fma_small/052/052647.mp3,052647,Electronic,training
/scratch/pdoshi/audio_comp/home_migrated/audio_comp_data/raw/fma_small/052/052648.mp3,052648,Electronic,training
/scratch/pdoshi/audio_comp/home_migrated/audio_comp_data/raw/fma_small/052/052649.mp3,052649,Electronic,training
/scratch/pdoshi/audio_comp/home_migrated/audio_comp_data/raw/fma_small/052/052650.mp3,052650,Electronic,training
/scratch/pdoshi/audio_comp/home_migrated/audio_comp_data/raw/fma_small/052/052859.mp3,052859,Experimental,training
/scratch/pdoshi/audio_comp/home_migrated/audio_comp_data/raw/fma_small/052/052860.mp3,052860,Experimental,training
/scratch/pdoshi/audio_comp/home_migrated/audio_comp_data/raw/fma_small/052/052861.mp3,052861,Experimental,training
/scratch/pdoshi/audio_comp/home_migrated/audio_comp_data/raw/fma_small/052/052862.mp3,052862,Experimental,training
/scratch/pdoshi/audio_comp/home_migrated/audio_comp_data/raw/fma_small/052/052945.mp3,052945,Folk,validation
/scratch/pdoshi/audio_comp/home_migrated/audio_comp_data/raw/fma_small/052/052946.mp3,052946,Folk,validation
/scratch/pdoshi/audio_comp/home_migrated/audio_comp_data/raw/fma_small/052/052947.mp3,052947,Folk,validation
/scratch/pdoshi/audio_comp/home_migrated/audio_comp_data/raw/fma_small/052/052948.mp3,052948,Folk,validation
/scratch/pdoshi/audio_comp/home_migrated/audio_comp_data/raw/fma_small/052/052950.mp3,052950,Folk,validation
/scratch/pdoshi/audio_comp/home_migrated/audio_comp_data/raw/fma_small/052/052951.mp3,052951,Folk,validation
/scratch/pdoshi/audio_comp/home_migrated/audio_comp_data/raw/fma_small/052/052953.mp3,052953,Folk,validation
/scratch/pdoshi/audio_comp/home_migrated/audio_comp_data/raw/fma_small/052/052954.mp3,052954,Folk,validation
/scratch/pdoshi/audio_comp/home_migrated/audio_comp_data/raw/fma_small/052/052955.mp3,052955,Folk,validation
/scratch/pdoshi/audio_comp/home_migrated/audio_comp_data/raw/fma_small/053/053152.mp3,053152,International,training
/scratch/pdoshi/audio_comp/home_migrated/audio_comp_data/raw/fma_small/053/053154.mp3,053154,International,training
/scratch/pdoshi/audio_comp/home_migrated/audio_comp_data/raw/fma_small/053/053156.mp3,053156,International,training
/scratch/pdoshi/audio_comp/home_migrated/audio_comp_data/raw/fma_small/053/053157.mp3,053157,International,training
/scratch/pdoshi/audio_comp/home_migrated/audio_comp_data/raw/fma_small/053/053158.mp3,053158,International,training
/scratch/pdoshi/audio_comp/home_migrated/audio_comp_data/raw/fma_small/053/053159.mp3,053159,International,training
/scratch/pdoshi/audio_comp/home_migrated/audio_comp_data/raw/fma_small/053/053160.mp3,053160,International,training
/scratch/pdoshi/audio_comp/home_migrated/audio_comp_data/raw/fma_small/053/053228.mp3,053228,Pop,test
/scratch/pdoshi/audio_comp/home_migrated/audio_comp_data/raw/fma_small/053/053229.mp3,053229,Pop,test
/scratch/pdoshi/audio_comp/home_migrated/audio_comp_data/raw/fma_small/053/053299.mp3,053299,International,training
/scratch/pdoshi/audio_comp/home_migrated/audio_comp_data/raw/fma_small/053/053300.mp3,053300,International,training
/scratch/pdoshi/audio_comp/home_migrated/audio_comp_data/raw/fma_small/053/053301.mp3,053301,International,training
/scratch/pdoshi/audio_comp/home_migrated/audio_comp_data/raw/fma_small/053/053302.mp3,053302,International,training
/scratch/pdoshi/audio_comp/home_migrated/audio_comp_data/raw/fma_small/053/053379.mp3,053379,Hip-Hop,training
/scratch/pdoshi/audio_comp/home_migrated/audio_comp_data/raw/fma_small/053/053381.mp3,053381,Hip-Hop,training
/scratch/pdoshi/audio_comp/home_migrated/audio_comp_data/raw/fma_small/053/053457.mp3,053457,Electronic,training
/scratch/pdoshi/audio_comp/home_migrated/audio_comp_data/raw/fma_small/053/053496.mp3,053496,Electronic,training
/scratch/pdoshi/audio_comp/home_migrated/audio_comp_data/raw/fma_small/053/053576.mp3,053576,Folk,training
/scratch/pdoshi/audio_comp/home_migrated/audio_comp_data/raw/fma_small/053/053578.mp3,053578,Folk,training
/scratch/pdoshi/audio_comp/home_migrated/audio_comp_data/raw/fma_small/053/053586.mp3,053586,Folk,test
/scratch/pdoshi/audio_comp/home_migrated/audio_comp_data/raw/fma_small/053/053587.mp3,053587,Folk,test
/scratch/pdoshi/audio_comp/home_migrated/audio_comp_data/raw/fma_small/053/053588.mp3,053588,Folk,test
/scratch/pdoshi/audio_comp/home_migrated/audio_comp_data/raw/fma_small/053/053589.mp3,053589,Folk,test
/scratch/pdoshi/audio_comp/home_migrated/audio_comp_data/raw/fma_small/053/053591.mp3,053591,Pop,training
/scratch/pdoshi/audio_comp/home_migrated/audio_comp_data/raw/fma_small/053/053592.mp3,053592,Pop,training
/scratch/pdoshi/audio_comp/home_migrated/audio_comp_data/raw/fma_small/053/053675.mp3,053675,Experimental,training
/scratch/pdoshi/audio_comp/home_migrated/audio_comp_data/raw/fma_small/053/053723.mp3,053723,International,training
/scratch/pdoshi/audio_comp/home_migrated/audio_comp_data/raw/fma_small/053/053724.mp3,053724,International,training
/scratch/pdoshi/audio_comp/home_migrated/audio_comp_data/raw/fma_small/053/053725.mp3,053725,International,training
/scratch/pdoshi/audio_comp/home_migrated/audio_comp_data/raw/fma_small/053/053726.mp3,053726,International,training
/scratch/pdoshi/audio_comp/home_migrated/audio_comp_data/raw/fma_small/053/053727.mp3,053727,International,training
/scratch/pdoshi/audio_comp/home_migrated/audio_comp_data/raw/fma_small/053/053728.mp3,053728,International,training
/scratch/pdoshi/audio_comp/home_migrated/audio_comp_data/raw/fma_small/053/053729.mp3,053729,Experimental,training
/scratch/pdoshi/audio_comp/home_migrated/audio_comp_data/raw/fma_small/053/053807.mp3,053807,Rock,training
/scratch/pdoshi/audio_comp/home_migrated/audio_comp_data/raw/fma_small/053/053862.mp3,053862,Electronic,training
/scratch/pdoshi/audio_comp/home_migrated/audio_comp_data/raw/fma_small/053/053863.mp3,053863,Electronic,training
/scratch/pdoshi/audio_comp/home_migrated/audio_comp_data/raw/fma_small/053/053937.mp3,053937,Pop,training
/scratch/pdoshi/audio_comp/home_migrated/audio_comp_data/raw/fma_small/054/054019.mp3,054019,Experimental,training
/scratch/pdoshi/audio_comp/home_migrated/audio_comp_data/raw/fma_small/054/054031.mp3,054031,Pop,training
/scratch/pdoshi/audio_comp/home_migrated/audio_comp_data/raw/fma_small/054/054032.mp3,054032,Pop,training
/scratch/pdoshi/audio_comp/home_migrated/audio_comp_data/raw/fma_small/054/054033.mp3,054033,Pop,training
/scratch/pdoshi/audio_comp/home_migrated/audio_comp_data/raw/fma_small/054/054034.mp3,054034,Pop,training
/scratch/pdoshi/audio_comp/home_migrated/audio_comp_data/raw/fma_small/054/054037.mp3,054037,Pop,training
/scratch/pdoshi/audio_comp/home_migrated/audio_comp_data/raw/fma_small/054/054039.mp3,054039,Pop,training
/scratch/pdoshi/audio_comp/home_migrated/audio_comp_data/raw/fma_small/054/054061.mp3,054061,Folk,training
/scratch/pdoshi/audio_comp/home_migrated/audio_comp_data/raw/fma_small/054/054062.mp3,054062,Folk,training
/scratch/pdoshi/audio_comp/home_migrated/audio_comp_data/raw/fma_small/054/054063.mp3,054063,Folk,training
/scratch/pdoshi/audio_comp/home_migrated/audio_comp_data/raw/fma_small/054/054064.mp3,054064,Folk,training
/scratch/pdoshi/audio_comp/home_migrated/audio_comp_data/raw/fma_small/054/054149.mp3,054149,Instrumental,training
/scratch/pdoshi/audio_comp/home_migrated/audio_comp_data/raw/fma_small/054/054150.mp3,054150,Instrumental,training
/scratch/pdoshi/audio_comp/home_migrated/audio_comp_data/raw/fma_small/054/054151.mp3,054151,Instrumental,training
/scratch/pdoshi/audio_comp/home_migrated/audio_comp_data/raw/fma_small/054/054152.mp3,054152,Instrumental,training
/scratch/pdoshi/audio_comp/home_migrated/audio_comp_data/raw/fma_small/054/054153.mp3,054153,Instrumental,training
/scratch/pdoshi/audio_comp/home_migrated/audio_comp_data/raw/fma_small/054/054154.mp3,054154,Instrumental,training
/scratch/pdoshi/audio_comp/home_migrated/audio_comp_data/raw/fma_small/054/054155.mp3,054155,Instrumental,training
/scratch/pdoshi/audio_comp/home_migrated/audio_comp_data/raw/fma_small/054/054156.mp3,054156,Instrumental,training
/scratch/pdoshi/audio_comp/home_migrated/audio_comp_data/raw/fma_small/054/054158.mp3,054158,Instrumental,training
/scratch/pdoshi/audio_comp/home_migrated/audio_comp_data/raw/fma_small/054/054159.mp3,054159,Instrumental,training
/scratch/pdoshi/audio_comp/home_migrated/audio_comp_data/raw/fma_small/054/054160.mp3,054160,Instrumental,training
/scratch/pdoshi/audio_comp/home_migrated/audio_comp_data/raw/fma_small/054/054163.mp3,054163,Rock,training
/scratch/pdoshi/audio_comp/home_migrated/audio_comp_data/raw/fma_small/054/054234.mp3,054234,Pop,training
/scratch/pdoshi/audio_comp/home_migrated/audio_comp_data/raw/fma_small/054/054235.mp3,054235,Pop,training
/scratch/pdoshi/audio_comp/home_migrated/audio_comp_data/raw/fma_small/054/054236.mp3,054236,Pop,training
/scratch/pdoshi/audio_comp/home_migrated/audio_comp_data/raw/fma_small/054/054237.mp3,054237,Pop,training
/scratch/pdoshi/audio_comp/home_migrated/audio_comp_data/raw/fma_small/054/054297.mp3,054297,Folk,training
/scratch/pdoshi/audio_comp/home_migrated/audio_comp_data/raw/fma_small/054/054335.mp3,054335,Electronic,training
/scratch/pdoshi/audio_comp/home_migrated/audio_comp_data/raw/fma_small/054/054365.mp3,054365,Hip-Hop,training
/scratch/pdoshi/audio_comp/home_migrated/audio_comp_data/raw/fma_small/054/054376.mp3,054376,Hip-Hop,training
/scratch/pdoshi/audio_comp/home_migrated/audio_comp_data/raw/fma_small/054/054433.mp3,054433,International,training
/scratch/pdoshi/audio_comp/home_migrated/audio_comp_data/raw/fma_small/054/054436.mp3,054436,International,training
/scratch/pdoshi/audio_comp/home_migrated/audio_comp_data/raw/fma_small/054/054437.mp3,054437,International,training
/scratch/pdoshi/audio_comp/home_migrated/audio_comp_data/raw/fma_small/054/054438.mp3,054438,International,training
/scratch/pdoshi/audio_comp/home_migrated/audio_comp_data/raw/fma_small/054/054442.mp3,054442,International,training
/scratch/pdoshi/audio_comp/home_migrated/audio_comp_data/raw/fma_small/054/054443.mp3,054443,International,training
/scratch/pdoshi/audio_comp/home_migrated/audio_comp_data/raw/fma_small/054/054463.mp3,054463,International,validation
/scratch/pdoshi/audio_comp/home_migrated/audio_comp_data/raw/fma_small/054/054464.mp3,054464,International,validation
/scratch/pdoshi/audio_comp/home_migrated/audio_comp_data/raw/fma_small/054/054465.mp3,054465,International,validation
/scratch/pdoshi/audio_comp/home_migrated/audio_comp_data/raw/fma_small/054/054466.mp3,054466,International,validation
/scratch/pdoshi/audio_comp/home_migrated/audio_comp_data/raw/fma_small/054/054467.mp3,054467,International,validation
/scratch/pdoshi/audio_comp/home_migrated/audio_comp_data/raw/fma_small/054/054468.mp3,054468,International,validation
/scratch/pdoshi/audio_comp/home_migrated/audio_comp_data/raw/fma_small/054/054469.mp3,054469,International,validation
/scratch/pdoshi/audio_comp/home_migrated/audio_comp_data/raw/fma_small/054/054470.mp3,054470,International,validation
/scratch/pdoshi/audio_comp/home_migrated/audio_comp_data/raw/fma_small/054/054475.mp3,054475,International,training
/scratch/pdoshi/audio_comp/home_migrated/audio_comp_data/raw/fma_small/054/054476.mp3,054476,International,training
/scratch/pdoshi/audio_comp/home_migrated/audio_comp_data/raw/fma_small/054/054479.mp3,054479,International,training
/scratch/pdoshi/audio_comp/home_migrated/audio_comp_data/raw/fma_small/054/054480.mp3,054480,International,training
/scratch/pdoshi/audio_comp/home_migrated/audio_comp_data/raw/fma_small/054/054481.mp3,054481,International,training
/scratch/pdoshi/audio_comp/home_migrated/audio_comp_data/raw/fma_small/054/054482.mp3,054482,International,training
/scratch/pdoshi/audio_comp/home_migrated/audio_comp_data/raw/fma_small/054/054496.mp3,054496,Experimental,training
/scratch/pdoshi/audio_comp/home_migrated/audio_comp_data/raw/fma_small/054/054554.mp3,054554,Experimental,validation
/scratch/pdoshi/audio_comp/home_migrated/audio_comp_data/raw/fma_small/054/054568.mp3,054568,International,training
/scratch/pdoshi/audio_comp/home_migrated/audio_comp_data/raw/fma_small/054/054570.mp3,054570,International,training
/scratch/pdoshi/audio_comp/home_migrated/audio_comp_data/raw/fma_small/054/054576.mp3,054576,International,training
/scratch/pdoshi/audio_comp/home_migrated/audio_comp_data/raw/fma_small/054/054578.mp3,054578,International,training
/scratch/pdoshi/audio_comp/home_migrated/audio_comp_data/raw/fma_small/054/054580.mp3,054580,International,training
/scratch/pdoshi/audio_comp/home_migrated/audio_comp_data/raw/fma_small/054/054621.mp3,054621,Rock,training
/scratch/pdoshi/audio_comp/home_migrated/audio_comp_data/raw/fma_small/054/054623.mp3,054623,Rock,training
/scratch/pdoshi/audio_comp/home_migrated/audio_comp_data/raw/fma_small/054/054624.mp3,054624,Rock,training
/scratch/pdoshi/audio_comp/home_migrated/audio_comp_data/raw/fma_small/054/054625.mp3,054625,Rock,training
/scratch/pdoshi/audio_comp/home_migrated/audio_comp_data/raw/fma_small/054/054626.mp3,054626,Rock,training
/scratch/pdoshi/audio_comp/home_migrated/audio_comp_data/raw/fma_small/054/054662.mp3,054662,Electronic,training
/scratch/pdoshi/audio_comp/home_migrated/audio_comp_data/raw/fma_small/054/054664.mp3,054664,Pop,training
/scratch/pdoshi/audio_comp/home_migrated/audio_comp_data/raw/fma_small/054/054665.mp3,054665,Pop,training
/scratch/pdoshi/audio_comp/home_migrated/audio_comp_data/raw/fma_small/054/054666.mp3,054666,Pop,training
/scratch/pdoshi/audio_comp/home_migrated/audio_comp_data/raw/fma_small/054/054667.mp3,054667,Pop,training
/scratch/pdoshi/audio_comp/home_migrated/audio_comp_data/raw/fma_small/054/054703.mp3,054703,Folk,test
/scratch/pdoshi/audio_comp/home_migrated/audio_comp_data/raw/fma_small/054/054719.mp3,054719,Electronic,training
/scratch/pdoshi/audio_comp/home_migrated/audio_comp_data/raw/fma_small/054/054735.mp3,054735,Rock,training
/scratch/pdoshi/audio_comp/home_migrated/audio_comp_data/raw/fma_small/054/054753.mp3,054753,Hip-Hop,training
/scratch/pdoshi/audio_comp/home_migrated/audio_comp_data/raw/fma_small/054/054874.mp3,054874,Electronic,training
/scratch/pdoshi/audio_comp/home_migrated/audio_comp_data/raw/fma_small/054/054942.mp3,054942,Rock,training
/scratch/pdoshi/audio_comp/home_migrated/audio_comp_data/raw/fma_small/055/055076.mp3,055076,Pop,training
/scratch/pdoshi/audio_comp/home_migrated/audio_comp_data/raw/fma_small/055/055097.mp3,055097,Hip-Hop,training
/scratch/pdoshi/audio_comp/home_migrated/audio_comp_data/raw/fma_small/055/055100.mp3,055100,Hip-Hop,training
/scratch/pdoshi/audio_comp/home_migrated/audio_comp_data/raw/fma_small/055/055101.mp3,055101,Hip-Hop,training
/scratch/pdoshi/audio_comp/home_migrated/audio_comp_data/raw/fma_small/055/055102.mp3,055102,Hip-Hop,training
/scratch/pdoshi/audio_comp/home_migrated/audio_comp_data/raw/fma_small/055/055113.mp3,055113,Hip-Hop,training
/scratch/pdoshi/audio_comp/home_migrated/audio_comp_data/raw/fma_small/055/055119.mp3,055119,Hip-Hop,training
/scratch/pdoshi/audio_comp/home_migrated/audio_comp_data/raw/fma_small/055/055120.mp3,055120,Hip-Hop,training
/scratch/pdoshi/audio_comp/home_migrated/audio_comp_data/raw/fma_small/055/055121.mp3,055121,Hip-Hop,training
/scratch/pdoshi/audio_comp/home_migrated/audio_comp_data/raw/fma_small/055/055122.mp3,055122,Hip-Hop,training
/scratch/pdoshi/audio_comp/home_migrated/audio_comp_data/raw/fma_small/055/055123.mp3,055123,Hip-Hop,training
/scratch/pdoshi/audio_comp/home_migrated/audio_comp_data/raw/fma_small/055/055124.mp3,055124,Hip-Hop,training
/scratch/pdoshi/audio_comp/home_migrated/audio_comp_data/raw/fma_small/055/055149.mp3,055149,Electronic,training
/scratch/pdoshi/audio_comp/home_migrated/audio_comp_data/raw/fma_small/055/055183.mp3,055183,Electronic,validation
/scratch/pdoshi/audio_comp/home_migrated/audio_comp_data/raw/fma_small/055/055186.mp3,055186,Electronic,validation
/scratch/pdoshi/audio_comp/home_migrated/audio_comp_data/raw/fma_small/055/055231.mp3,055231,International,training
/scratch/pdoshi/audio_comp/home_migrated/audio_comp_data/raw/fma_small/055/055232.mp3,055232,International,training
/scratch/pdoshi/audio_comp/home_migrated/audio_comp_data/raw/fma_small/055/055233.mp3,055233,International,training
/scratch/pdoshi/audio_comp/home_migrated/audio_comp_data/raw/fma_small/055/055234.mp3,055234,International,training
/scratch/pdoshi/audio_comp/home_migrated/audio_comp_data/raw/fma_small/055/055235.mp3,055235,International,training
/scratch/pdoshi/audio_comp/home_migrated/audio_comp_data/raw/fma_small/055/055236.mp3,055236,International,training
/scratch/pdoshi/audio_comp/home_migrated/audio_comp_data/raw/fma_small/055/055237.mp3,055237,International,training
/scratch/pdoshi/audio_comp/home_migrated/audio_comp_data/raw/fma_small/055/055238.mp3,055238,International,training
/scratch/pdoshi/audio_comp/home_migrated/audio_comp_data/raw/fma_small/055/055240.mp3,055240,International,training
/scratch/pdoshi/audio_comp/home_migrated/audio_comp_data/raw/fma_small/055/055241.mp3,055241,International,training
/scratch/pdoshi/audio_comp/home_migrated/audio_comp_data/raw/fma_small/055/055242.mp3,055242,International,training
/scratch/pdoshi/audio_comp/home_migrated/audio_comp_data/raw/fma_small/055/055285.mp3,055285,Pop,training
/scratch/pdoshi/audio_comp/home_migrated/audio_comp_data/raw/fma_small/055/055286.mp3,055286,Pop,training
/scratch/pdoshi/audio_comp/home_migrated/audio_comp_data/raw/fma_small/055/055287.mp3,055287,Pop,training
/scratch/pdoshi/audio_comp/home_migrated/audio_comp_data/raw/fma_small/055/055288.mp3,055288,Pop,training
/scratch/pdoshi/audio_comp/home_migrated/audio_comp_data/raw/fma_small/055/055289.mp3,055289,Pop,training
/scratch/pdoshi/audio_comp/home_migrated/audio_comp_data/raw/fma_small/055/055290.mp3,055290,Pop,training
/scratch/pdoshi/audio_comp/home_migrated/audio_comp_data/raw/fma_small/055/055291.mp3,055291,Pop,training
/scratch/pdoshi/audio_comp/home_migrated/audio_comp_data/raw/fma_small/055/055292.mp3,055292,Pop,training
/scratch/pdoshi/audio_comp/home_migrated/audio_comp_data/raw/fma_small/055/055293.mp3,055293,Pop,training
/scratch/pdoshi/audio_comp/home_migrated/audio_comp_data/raw/fma_small/055/055294.mp3,055294,Pop,training
/scratch/pdoshi/audio_comp/home_migrated/audio_comp_data/raw/fma_small/055/055295.mp3,055295,Pop,training
/scratch/pdoshi/audio_comp/home_migrated/audio_comp_data/raw/fma_small/055/055402.mp3,055402,Rock,training
/scratch/pdoshi/audio_comp/home_migrated/audio_comp_data/raw/fma_small/055/055430.mp3,055430,Pop,training
/scratch/pdoshi/audio_comp/home_migrated/audio_comp_data/raw/fma_small/055/055436.mp3,055436,Pop,training
/scratch/pdoshi/audio_comp/home_migrated/audio_comp_data/raw/fma_small/055/055437.mp3,055437,Pop,training
/scratch/pdoshi/audio_comp/home_migrated/audio_comp_data/raw/fma_small/055/055480.mp3,055480,Experimental,training
/scratch/pdoshi/audio_comp/home_migrated/audio_comp_data/raw/fma_small/055/055481.mp3,055481,Experimental,training
/scratch/pdoshi/audio_comp/home_migrated/audio_comp_data/raw/fma_small/055/055549.mp3,055549,Hip-Hop,training
/scratch/pdoshi/audio_comp/home_migrated/audio_comp_data/raw/fma_small/055/055572.mp3,055572,Hip-Hop,training
/scratch/pdoshi/audio_comp/home_migrated/audio_comp_data/raw/fma_small/055/055709.mp3,055709,Rock,training
/scratch/pdoshi/audio_comp/home_migrated/audio_comp_data/raw/fma_small/055/055710.mp3,055710,Rock,training
/scratch/pdoshi/audio_comp/home_migrated/audio_comp_data/raw/fma_small/055/055711.mp3,055711,Rock,training
/scratch/pdoshi/audio_comp/home_migrated/audio_comp_data/raw/fma_small/055/055712.mp3,055712,Rock,training
/scratch/pdoshi/audio_comp/home_migrated/audio_comp_data/raw/fma_small/055/055713.mp3,055713,Rock,training
/scratch/pdoshi/audio_comp/home_migrated/audio_comp_data/raw/fma_small/055/055714.mp3,055714,Rock,training
/scratch/pdoshi/audio_comp/home_migrated/audio_comp_data/raw/fma_small/055/055715.mp3,055715,Rock,training
/scratch/pdoshi/audio_comp/home_migrated/audio_comp_data/raw/fma_small/055/055716.mp3,055716,Rock,training
/scratch/pdoshi/audio_comp/home_migrated/audio_comp_data/raw/fma_small/055/055717.mp3,055717,Rock,training
/scratch/pdoshi/audio_comp/home_migrated/audio_comp_data/raw/fma_small/055/055718.mp3,055718,Rock,training
/scratch/pdoshi/audio_comp/home_migrated/audio_comp_data/raw/fma_small/055/055719.mp3,055719,Rock,training
/scratch/pdoshi/audio_comp/home_migrated/audio_comp_data/raw/fma_small/055/055782.mp3,055782,Electronic,validation
/scratch/pdoshi/audio_comp/home_migrated/audio_comp_data/raw/fma_small/055/055783.mp3,055783,Electronic,training
/scratch/pdoshi/audio_comp/home_migrated/audio_comp_data/raw/fma_small/055/055786.mp3,055786,Electronic,training
/scratch/pdoshi/audio_comp/home_migrated/audio_comp_data/raw/fma_small/055/055807.mp3,055807,Electronic,training
/scratch/pdoshi/audio_comp/home_migrated/audio_comp_data/raw/fma_small/055/055808.mp3,055808,Electronic,training
/scratch/pdoshi/audio_comp/home_migrated/audio_comp_data/raw/fma_small/055/055809.mp3,055809,Electronic,training
/scratch/pdoshi/audio_comp/home_migrated/audio_comp_data/raw/fma_small/055/055810.mp3,055810,Electronic,training
/scratch/pdoshi/audio_comp/home_migrated/audio_comp_data/raw/fma_small/055/055811.mp3,055811,Electronic,training
/scratch/pdoshi/audio_comp/home_migrated/audio_comp_data/raw/fma_small/055/055826.mp3,055826,International,training
/scratch/pdoshi/audio_comp/home_migrated/audio_comp_data/raw/fma_small/055/055827.mp3,055827,International,training
/scratch/pdoshi/audio_comp/home_migrated/audio_comp_data/raw/fma_small/055/055828.mp3,055828,International,training
/scratch/pdoshi/audio_comp/home_migrated/audio_comp_data/raw/fma_small/055/055830.mp3,055830,International,training
/scratch/pdoshi/audio_comp/home_migrated/audio_comp_data/raw/fma_small/055/055831.mp3,055831,International,training
/scratch/pdoshi/audio_comp/home_migrated/audio_comp_data/raw/fma_small/055/055832.mp3,055832,International,training
/scratch/pdoshi/audio_comp/home_migrated/audio_comp_data/raw/fma_small/055/055833.mp3,055833,International,training
/scratch/pdoshi/audio_comp/home_migrated/audio_comp_data/raw/fma_small/055/055900.mp3,055900,Hip-Hop,training
/scratch/pdoshi/audio_comp/home_migrated/audio_comp_data/raw/fma_small/056/056010.mp3,056010,Experimental,training
/scratch/pdoshi/audio_comp/home_migrated/audio_comp_data/raw/fma_small/056/056015.mp3,056015,Experimental,training
/scratch/pdoshi/audio_comp/home_migrated/audio_comp_data/raw/fma_small/056/056020.mp3,056020,Experimental,training
/scratch/pdoshi/audio_comp/home_migrated/audio_comp_data/raw/fma_small/056/056028.mp3,056028,Electronic,training
/scratch/pdoshi/audio_comp/home_migrated/audio_comp_data/raw/fma_small/056/056029.mp3,056029,Electronic,training
/scratch/pdoshi/audio_comp/home_migrated/audio_comp_data/raw/fma_small/056/056030.mp3,056030,International,training
/scratch/pdoshi/audio_comp/home_migrated/audio_comp_data/raw/fma_small/056/056031.mp3,056031,Experimental,training
/scratch/pdoshi/audio_comp/home_migrated/audio_comp_data/raw/fma_small/056/056033.mp3,056033,Experimental,training
/scratch/pdoshi/audio_comp/home_migrated/audio_comp_data/raw/fma_small/056/056034.mp3,056034,Electronic,training
/scratch/pdoshi/audio_comp/home_migrated/audio_comp_data/raw/fma_small/056/056036.mp3,056036,Electronic,training
/scratch/pdoshi/audio_comp/home_migrated/audio_comp_data/raw/fma_small/056/056247.mp3,056247,Pop,training
/scratch/pdoshi/audio_comp/home_migrated/audio_comp_data/raw/fma_small/056/056248.mp3,056248,Pop,training
/scratch/pdoshi/audio_comp/home_migrated/audio_comp_data/raw/fma_small/056/056249.mp3,056249,Pop,training
/scratch/pdoshi/audio_comp/home_migrated/audio_comp_data/raw/fma_small/056/056273.mp3,056273,Pop,training
/scratch/pdoshi/audio_comp/home_migrated/audio_comp_data/raw/fma_small/056/056274.mp3,056274,Pop,training
/scratch/pdoshi/audio_comp/home_migrated/audio_comp_data/raw/fma_small/056/056275.mp3,056275,Pop,training
/scratch/pdoshi/audio_comp/home_migrated/audio_comp_data/raw/fma_small/056/056460.mp3,056460,Pop,validation
/scratch/pdoshi/audio_comp/home_migrated/audio_comp_data/raw/fma_small/056/056465.mp3,056465,International,training
/scratch/pdoshi/audio_comp/home_migrated/audio_comp_data/raw/fma_small/056/056466.mp3,056466,International,training
/scratch/pdoshi/audio_comp/home_migrated/audio_comp_data/raw/fma_small/056/056467.mp3,056467,International,training
/scratch/pdoshi/audio_comp/home_migrated/audio_comp_data/raw/fma_small/056/056468.mp3,056468,International,training
/scratch/pdoshi/audio_comp/home_migrated/audio_comp_data/raw/fma_small/056/056469.mp3,056469,International,training
/scratch/pdoshi/audio_comp/home_migrated/audio_comp_data/raw/fma_small/056/056470.mp3,056470,International,training
/scratch/pdoshi/audio_comp/home_migrated/audio_comp_data/raw/fma_small/056/056471.mp3,056471,International,training
/scratch/pdoshi/audio_comp/home_migrated/audio_comp_data/raw/fma_small/056/056472.mp3,056472,International,training
/scratch/pdoshi/audio_comp/home_migrated/audio_comp_data/raw/fma_small/056/056474.mp3,056474,International,training
/scratch/pdoshi/audio_comp/home_migrated/audio_comp_data/raw/fma_small/056/056493.mp3,056493,Hip-Hop,training
/scratch/pdoshi/audio_comp/home_migrated/audio_comp_data/raw/fma_small/056/056495.mp3,056495,Hip-Hop,training
/scratch/pdoshi/audio_comp/home_migrated/audio_comp_data/raw/fma_small/056/056496.mp3,056496,Hip-Hop,training
/scratch/pdoshi/audio_comp/home_migrated/audio_comp_data/raw/fma_small/056/056497.mp3,056497,Hip-Hop,training
/scratch/pdoshi/audio_comp/home_migrated/audio_comp_data/raw/fma_small/056/056498.mp3,056498,Hip-Hop,training
/scratch/pdoshi/audio_comp/home_migrated/audio_comp_data/raw/fma_small/056/056499.mp3,056499,Hip-Hop,training
/scratch/pdoshi/audio_comp/home_migrated/audio_comp_data/raw/fma_small/056/056516.mp3,056516,Folk,training
/scratch/pdoshi/audio_comp/home_migrated/audio_comp_data/raw/fma_small/056/056517.mp3,056517,Folk,training
/scratch/pdoshi/audio_comp/home_migrated/audio_comp_data/raw/fma_small/056/056518.mp3,056518,Folk,training
/scratch/pdoshi/audio_comp/home_migrated/audio_comp_data/raw/fma_small/056/056519.mp3,056519,Folk,training
/scratch/pdoshi/audio_comp/home_migrated/audio_comp_data/raw/fma_small/056/056520.mp3,056520,Folk,training
/scratch/pdoshi/audio_comp/home_migrated/audio_comp_data/raw/fma_small/056/056521.mp3,056521,Folk,training
/scratch/pdoshi/audio_comp/home_migrated/audio_comp_data/raw/fma_small/056/056523.mp3,056523,Electronic,test
/scratch/pdoshi/audio_comp/home_migrated/audio_comp_data/raw/fma_small/056/056552.mp3,056552,Rock,validation
/scratch/pdoshi/audio_comp/home_migrated/audio_comp_data/raw/fma_small/056/056559.mp3,056559,Rock,validation
/scratch/pdoshi/audio_comp/home_migrated/audio_comp_data/raw/fma_small/056/056639.mp3,056639,Hip-Hop,training
/scratch/pdoshi/audio_comp/home_migrated/audio_comp_data/raw/fma_small/056/056640.mp3,056640,Hip-Hop,training
/scratch/pdoshi/audio_comp/home_migrated/audio_comp_data/raw/fma_small/056/056641.mp3,056641,Hip-Hop,training
/scratch/pdoshi/audio_comp/home_migrated/audio_comp_data/raw/fma_small/056/056645.mp3,056645,Rock,training
/scratch/pdoshi/audio_comp/home_migrated/audio_comp_data/raw/fma_small/056/056646.mp3,056646,Rock,training
/scratch/pdoshi/audio_comp/home_migrated/audio_comp_data/raw/fma_small/056/056648.mp3,056648,Rock,training
/scratch/pdoshi/audio_comp/home_migrated/audio_comp_data/raw/fma_small/056/056649.mp3,056649,Rock,training
/scratch/pdoshi/audio_comp/home_migrated/audio_comp_data/raw/fma_small/056/056650.mp3,056650,Rock,training
/scratch/pdoshi/audio_comp/home_migrated/audio_comp_data/raw/fma_small/056/056651.mp3,056651,Rock,training
/scratch/pdoshi/audio_comp/home_migrated/audio_comp_data/raw/fma_small/056/056686.mp3,056686,International,training
/scratch/pdoshi/audio_comp/home_migrated/audio_comp_data/raw/fma_small/056/056687.mp3,056687,International,training
/scratch/pdoshi/audio_comp/home_migrated/audio_comp_data/raw/fma_small/056/056688.mp3,056688,International,training
/scratch/pdoshi/audio_comp/home_migrated/audio_comp_data/raw/fma_small/056/056689.mp3,056689,International,training
/scratch/pdoshi/audio_comp/home_migrated/audio_comp_data/raw/fma_small/056/056690.mp3,056690,International,training
/scratch/pdoshi/audio_comp/home_migrated/audio_comp_data/raw/fma_small/056/056691.mp3,056691,International,training
/scratch/pdoshi/audio_comp/home_migrated/audio_comp_data/raw/fma_small/056/056692.mp3,056692,International,training
/scratch/pdoshi/audio_comp/home_migrated/audio_comp_data/raw/fma_small/056/056693.mp3,056693,International,training
/scratch/pdoshi/audio_comp/home_migrated/audio_comp_data/raw/fma_small/056/056694.mp3,056694,International,training
/scratch/pdoshi/audio_comp/home_migrated/audio_comp_data/raw/fma_small/056/056695.mp3,056695,International,training
/scratch/pdoshi/audio_comp/home_migrated/audio_comp_data/raw/fma_small/056/056696.mp3,056696,International,training
/scratch/pdoshi/audio_comp/home_migrated/audio_comp_data/raw/fma_small/056/056795.mp3,056795,Electronic,training
/scratch/pdoshi/audio_comp/home_migrated/audio_comp_data/raw/fma_small/056/056796.mp3,056796,Electronic,training
/scratch/pdoshi/audio_comp/home_migrated/audio_comp_data/raw/fma_small/056/056797.mp3,056797,Electronic,training
/scratch/pdoshi/audio_comp/home_migrated/audio_comp_data/raw/fma_small/056/056798.mp3,056798,Electronic,training
/scratch/pdoshi/audio_comp/home_migrated/audio_comp_data/raw/fma_small/056/056799.mp3,056799,Electronic,training
/scratch/pdoshi/audio_comp/home_migrated/audio_comp_data/raw/fma_small/056/056800.mp3,056800,Electronic,training
/scratch/pdoshi/audio_comp/home_migrated/audio_comp_data/raw/fma_small/056/056801.mp3,056801,Electronic,training
/scratch/pdoshi/audio_comp/home_migrated/audio_comp_data/raw/fma_small/056/056802.mp3,056802,Electronic,training
/scratch/pdoshi/audio_comp/home_migrated/audio_comp_data/raw/fma_small/056/056803.mp3,056803,Electronic,training
/scratch/pdoshi/audio_comp/home_migrated/audio_comp_data/raw/fma_small/056/056804.mp3,056804,Electronic,training
/scratch/pdoshi/audio_comp/home_migrated/audio_comp_data/raw/fma_small/056/056805.mp3,056805,Electronic,training
/scratch/pdoshi/audio_comp/home_migrated/audio_comp_data/raw/fma_small/056/056874.mp3,056874,Electronic,validation
/scratch/pdoshi/audio_comp/home_migrated/audio_comp_data/raw/fma_small/056/056888.mp3,056888,Experimental,training
/scratch/pdoshi/audio_comp/home_migrated/audio_comp_data/raw/fma_small/056/056895.mp3,056895,Pop,test
/scratch/pdoshi/audio_comp/home_migrated/audio_comp_data/raw/fma_small/056/056929.mp3,056929,Rock,test
/scratch/pdoshi/audio_comp/home_migrated/audio_comp_data/raw/fma_small/057/057078.mp3,057078,Pop,validation
/scratch/pdoshi/audio_comp/home_migrated/audio_comp_data/raw/fma_small/057/057164.mp3,057164,Folk,training
/scratch/pdoshi/audio_comp/home_migrated/audio_comp_data/raw/fma_small/057/057175.mp3,057175,Folk,training
/scratch/pdoshi/audio_comp/home_migrated/audio_comp_data/raw/fma_small/057/057176.mp3,057176,Folk,training
/scratch/pdoshi/audio_comp/home_migrated/audio_comp_data/raw/fma_small/057/057177.mp3,057177,Folk,training
/scratch/pdoshi/audio_comp/home_migrated/audio_comp_data/raw/fma_small/057/057178.mp3,057178,Pop,training
/scratch/pdoshi/audio_comp/home_migrated/audio_comp_data/raw/fma_small/057/057179.mp3,057179,Pop,training
/scratch/pdoshi/audio_comp/home_migrated/audio_comp_data/raw/fma_small/057/057180.mp3,057180,Pop,training
/scratch/pdoshi/audio_comp/home_migrated/audio_comp_data/raw/fma_small/057/057271.mp3,057271,Experimental,test
/scratch/pdoshi/audio_comp/home_migrated/audio_comp_data/raw/fma_small/057/057272.mp3,057272,Experimental,test
/scratch/pdoshi/audio_comp/home_migrated/audio_comp_data/raw/fma_small/057/057273.mp3,057273,Experimental,test
/scratch/pdoshi/audio_comp/home_migrated/audio_comp_data/raw/fma_small/057/057274.mp3,057274,Experimental,test
/scratch/pdoshi/audio_comp/home_migrated/audio_comp_data/raw/fma_small/057/057344.mp3,057344,Experimental,training
/scratch/pdoshi/audio_comp/home_migrated/audio_comp_data/raw/fma_small/057/057360.mp3,057360,Experimental,training
/scratch/pdoshi/audio_comp/home_migrated/audio_comp_data/raw/fma_small/057/057371.mp3,057371,Instrumental,training
/scratch/pdoshi/audio_comp/home_migrated/audio_comp_data/raw/fma_small/057/057417.mp3,057417,Electronic,training
/scratch/pdoshi/audio_comp/home_migrated/audio_comp_data/raw/fma_small/057/057418.mp3,057418,Instrumental,training
/scratch/pdoshi/audio_comp/home_migrated/audio_comp_data/raw/fma_small/057/057435.mp3,057435,Pop,validation
/scratch/pdoshi/audio_comp/home_migrated/audio_comp_data/raw/fma_small/057/057437.mp3,057437,Pop,validation
/scratch/pdoshi/audio_comp/home_migrated/audio_comp_data/raw/fma_small/057/057439.mp3,057439,Pop,validation
/scratch/pdoshi/audio_comp/home_migrated/audio_comp_data/raw/fma_small/057/057440.mp3,057440,Experimental,training
/scratch/pdoshi/audio_comp/home_migrated/audio_comp_data/raw/fma_small/057/057442.mp3,057442,Experimental,training
/scratch/pdoshi/audio_comp/home_migrated/audio_comp_data/raw/fma_small/057/057500.mp3,057500,Rock,training
/scratch/pdoshi/audio_comp/home_migrated/audio_comp_data/raw/fma_small/057/057540.mp3,057540,Electronic,test
/scratch/pdoshi/audio_comp/home_migrated/audio_comp_data/raw/fma_small/057/057569.mp3,057569,Rock,training
/scratch/pdoshi/audio_comp/home_migrated/audio_comp_data/raw/fma_small/057/057626.mp3,057626,Experimental,training
/scratch/pdoshi/audio_comp/home_migrated/audio_comp_data/raw/fma_small/057/057627.mp3,057627,Experimental,training
/scratch/pdoshi/audio_comp/home_migrated/audio_comp_data/raw/fma_small/057/057628.mp3,057628,Experimental,training
/scratch/pdoshi/audio_comp/home_migrated/audio_comp_data/raw/fma_small/057/057629.mp3,057629,Experimental,training
/scratch/pdoshi/audio_comp/home_migrated/audio_comp_data/raw/fma_small/057/057630.mp3,057630,Experimental,training
/scratch/pdoshi/audio_comp/home_migrated/audio_comp_data/raw/fma_small/057/057639.mp3,057639,Folk,training
/scratch/pdoshi/audio_comp/home_migrated/audio_comp_data/raw/fma_small/057/057640.mp3,057640,Folk,training
/scratch/pdoshi/audio_comp/home_migrated/audio_comp_data/raw/fma_small/057/057648.mp3,057648,Folk,training
/scratch/pdoshi/audio_comp/home_migrated/audio_comp_data/raw/fma_small/057/057658.mp3,057658,Rock,training
/scratch/pdoshi/audio_comp/home_migrated/audio_comp_data/raw/fma_small/057/057661.mp3,057661,Rock,training
/scratch/pdoshi/audio_comp/home_migrated/audio_comp_data/raw/fma_small/057/057662.mp3,057662,Rock,training
/scratch/pdoshi/audio_comp/home_migrated/audio_comp_data/raw/fma_small/057/057663.mp3,057663,Rock,training
/scratch/pdoshi/audio_comp/home_migrated/audio_comp_data/raw/fma_small/057/057665.mp3,057665,International,training
/scratch/pdoshi/audio_comp/home_migrated/audio_comp_data/raw/fma_small/057/057691.mp3,057691,International,training
/scratch/pdoshi/audio_comp/home_migrated/audio_comp_data/raw/fma_small/057/057697.mp3,057697,International,training
/scratch/pdoshi/audio_comp/home_migrated/audio_comp_data/raw/fma_small/057/057819.mp3,057819,Hip-Hop,training
/scratch/pdoshi/audio_comp/home_migrated/audio_comp_data/raw/fma_small/057/057820.mp3,057820,Hip-Hop,training
/scratch/pdoshi/audio_comp/home_migrated/audio_comp_data/raw/fma_small/057/057821.mp3,057821,Hip-Hop,training
/scratch/pdoshi/audio_comp/home_migrated/audio_comp_data/raw/fma_small/057/057822.mp3,057822,Hip-Hop,training
/scratch/pdoshi/audio_comp/home_migrated/audio_comp_data/raw/fma_small/057/057823.mp3,057823,Hip-Hop,training
/scratch/pdoshi/audio_comp/home_migrated/audio_comp_data/raw/fma_small/057/057891.mp3,057891,Rock,validation
/scratch/pdoshi/audio_comp/home_migrated/audio_comp_data/raw/fma_small/057/057892.mp3,057892,Rock,validation
/scratch/pdoshi/audio_comp/home_migrated/audio_comp_data/raw/fma_small/057/057936.mp3,057936,Experimental,training
/scratch/pdoshi/audio_comp/home_migrated/audio_comp_data/raw/fma_small/057/057937.mp3,057937,Experimental,training
/scratch/pdoshi/audio_comp/home_migrated/audio_comp_data/raw/fma_small/057/057938.mp3,057938,Experimental,training
/scratch/pdoshi/audio_comp/home_migrated/audio_comp_data/raw/fma_small/057/057939.mp3,057939,Experimental,training
/scratch/pdoshi/audio_comp/home_migrated/audio_comp_data/raw/fma_small/057/057943.mp3,057943,Experimental,training
/scratch/pdoshi/audio_comp/home_migrated/audio_comp_data/raw/fma_small/057/057968.mp3,057968,Rock,training
/scratch/pdoshi/audio_comp/home_migrated/audio_comp_data/raw/fma_small/058/058052.mp3,058052,Experimental,training
/scratch/pdoshi/audio_comp/home_migrated/audio_comp_data/raw/fma_small/058/058053.mp3,058053,Experimental,training
/scratch/pdoshi/audio_comp/home_migrated/audio_comp_data/raw/fma_small/058/058054.mp3,058054,Experimental,training
/scratch/pdoshi/audio_comp/home_migrated/audio_comp_data/raw/fma_small/058/058060.mp3,058060,Experimental,training
/scratch/pdoshi/audio_comp/home_migrated/audio_comp_data/raw/fma_small/058/058061.mp3,058061,Experimental,training
/scratch/pdoshi/audio_comp/home_migrated/audio_comp_data/raw/fma_small/058/058063.mp3,058063,Experimental,training
/scratch/pdoshi/audio_comp/home_migrated/audio_comp_data/raw/fma_small/058/058068.mp3,058068,Experimental,training
/scratch/pdoshi/audio_comp/home_migrated/audio_comp_data/raw/fma_small/058/058070.mp3,058070,Experimental,training
/scratch/pdoshi/audio_comp/home_migrated/audio_comp_data/raw/fma_small/058/058115.mp3,058115,Pop,training
/scratch/pdoshi/audio_comp/home_migrated/audio_comp_data/raw/fma_small/058/058116.mp3,058116,Pop,training
/scratch/pdoshi/audio_comp/home_migrated/audio_comp_data/raw/fma_small/058/058117.mp3,058117,Pop,training
/scratch/pdoshi/audio_comp/home_migrated/audio_comp_data/raw/fma_small/058/058135.mp3,058135,Folk,training
/scratch/pdoshi/audio_comp/home_migrated/audio_comp_data/raw/fma_small/058/058140.mp3,058140,Folk,training
/scratch/pdoshi/audio_comp/home_migrated/audio_comp_data/raw/fma_small/058/058161.mp3,058161,Pop,training
/scratch/pdoshi/audio_comp/home_migrated/audio_comp_data/raw/fma_small/058/058162.mp3,058162,Pop,training
/scratch/pdoshi/audio_comp/home_migrated/audio_comp_data/raw/fma_small/058/058164.mp3,058164,Pop,training
/scratch/pdoshi/audio_comp/home_migrated/audio_comp_data/raw/fma_small/058/058166.mp3,058166,Pop,training
/scratch/pdoshi/audio_comp/home_migrated/audio_comp_data/raw/fma_small/058/058169.mp3,058169,Pop,training
/scratch/pdoshi/audio_comp/home_migrated/audio_comp_data/raw/fma_small/058/058170.mp3,058170,Pop,training
/scratch/pdoshi/audio_comp/home_migrated/audio_comp_data/raw/fma_small/058/058173.mp3,058173,Pop,training
/scratch/pdoshi/audio_comp/home_migrated/audio_comp_data/raw/fma_small/058/058174.mp3,058174,Pop,training
/scratch/pdoshi/audio_comp/home_migrated/audio_comp_data/raw/fma_small/058/058207.mp3,058207,Hip-Hop,validation
/scratch/pdoshi/audio_comp/home_migrated/audio_comp_data/raw/fma_small/058/058212.mp3,058212,Hip-Hop,training
/scratch/pdoshi/audio_comp/home_migrated/audio_comp_data/raw/fma_small/058/058213.mp3,058213,Hip-Hop,training
/scratch/pdoshi/audio_comp/home_migrated/audio_comp_data/raw/fma_small/058/058215.mp3,058215,Hip-Hop,training
/scratch/pdoshi/audio_comp/home_migrated/audio_comp_data/raw/fma_small/058/058221.mp3,058221,Rock,training
/scratch/pdoshi/audio_comp/home_migrated/audio_comp_data/raw/fma_small/058/058225.mp3,058225,Rock,training
/scratch/pdoshi/audio_comp/home_migrated/audio_comp_data/raw/fma_small/058/058333.mp3,058333,Rock,validation
/scratch/pdoshi/audio_comp/home_migrated/audio_comp_data/raw/fma_small/058/058334.mp3,058334,Rock,validation
/scratch/pdoshi/audio_comp/home_migrated/audio_comp_data/raw/fma_small/058/058341.mp3,058341,Electronic,training
/scratch/pdoshi/audio_comp/home_migrated/audio_comp_data/raw/fma_small/058/058474.mp3,058474,Pop,training
/scratch/pdoshi/audio_comp/home_migrated/audio_comp_data/raw/fma_small/058/058539.mp3,058539,Rock,validation
/scratch/pdoshi/audio_comp/home_migrated/audio_comp_data/raw/fma_small/058/058540.mp3,058540,Rock,validation
/scratch/pdoshi/audio_comp/home_migrated/audio_comp_data/raw/fma_small/058/058541.mp3,058541,Rock,validation
/scratch/pdoshi/audio_comp/home_migrated/audio_comp_data/raw/fma_small/058/058542.mp3,058542,Rock,validation
/scratch/pdoshi/audio_comp/home_migrated/audio_comp_data/raw/fma_small/058/058543.mp3,058543,Rock,validation
/scratch/pdoshi/audio_comp/home_migrated/audio_comp_data/raw/fma_small/059/059078.mp3,059078,Rock,training
/scratch/pdoshi/audio_comp/home_migrated/audio_comp_data/raw/fma_small/059/059373.mp3,059373,Rock,training
/scratch/pdoshi/audio_comp/home_migrated/audio_comp_data/raw/fma_small/059/059374.mp3,059374,Rock,training
/scratch/pdoshi/audio_comp/home_migrated/audio_comp_data/raw/fma_small/059/059443.mp3,059443,Pop,validation
/scratch/pdoshi/audio_comp/home_migrated/audio_comp_data/raw/fma_small/059/059445.mp3,059445,Pop,validation
/scratch/pdoshi/audio_comp/home_migrated/audio_comp_data/raw/fma_small/059/059446.mp3,059446,Pop,validation
/scratch/pdoshi/audio_comp/home_migrated/audio_comp_data/raw/fma_small/059/059448.mp3,059448,Pop,validation
/scratch/pdoshi/audio_comp/home_migrated/audio_comp_data/raw/fma_small/059/059449.mp3,059449,Pop,validation
/scratch/pdoshi/audio_comp/home_migrated/audio_comp_data/raw/fma_small/059/059451.mp3,059451,Pop,validation
/scratch/pdoshi/audio_comp/home_migrated/audio_comp_data/raw/fma_small/059/059454.mp3,059454,Pop,validation
/scratch/pdoshi/audio_comp/home_migrated/audio_comp_data/raw/fma_small/059/059561.mp3,059561,Rock,training
/scratch/pdoshi/audio_comp/home_migrated/audio_comp_data/raw/fma_small/059/059562.mp3,059562,Rock,test
/scratch/pdoshi/audio_comp/home_migrated/audio_comp_data/raw/fma_small/059/059581.mp3,059581,International,test
/scratch/pdoshi/audio_comp/home_migrated/audio_comp_data/raw/fma_small/059/059653.mp3,059653,International,training
/scratch/pdoshi/audio_comp/home_migrated/audio_comp_data/raw/fma_small/059/059654.mp3,059654,International,training
/scratch/pdoshi/audio_comp/home_migrated/audio_comp_data/raw/fma_small/059/059656.mp3,059656,International,training
/scratch/pdoshi/audio_comp/home_migrated/audio_comp_data/raw/fma_small/059/059657.mp3,059657,International,training
/scratch/pdoshi/audio_comp/home_migrated/audio_comp_data/raw/fma_small/059/059658.mp3,059658,International,training
/scratch/pdoshi/audio_comp/home_migrated/audio_comp_data/raw/fma_small/059/059659.mp3,059659,International,training
/scratch/pdoshi/audio_comp/home_migrated/audio_comp_data/raw/fma_small/059/059660.mp3,059660,International,training
/scratch/pdoshi/audio_comp/home_migrated/audio_comp_data/raw/fma_small/059/059663.mp3,059663,International,training
/scratch/pdoshi/audio_comp/home_migrated/audio_comp_data/raw/fma_small/059/059664.mp3,059664,International,training
/scratch/pdoshi/audio_comp/home_migrated/audio_comp_data/raw/fma_small/059/059666.mp3,059666,International,training
/scratch/pdoshi/audio_comp/home_migrated/audio_comp_data/raw/fma_small/059/059667.mp3,059667,International,training
/scratch/pdoshi/audio_comp/home_migrated/audio_comp_data/raw/fma_small/059/059669.mp3,059669,International,training
/scratch/pdoshi/audio_comp/home_migrated/audio_comp_data/raw/fma_small/059/059671.mp3,059671,International,training
/scratch/pdoshi/audio_comp/home_migrated/audio_comp_data/raw/fma_small/059/059673.mp3,059673,International,training
/scratch/pdoshi/audio_comp/home_migrated/audio_comp_data/raw/fma_small/059/059675.mp3,059675,International,training
/scratch/pdoshi/audio_comp/home_migrated/audio_comp_data/raw/fma_small/059/059676.mp3,059676,International,training
/scratch/pdoshi/audio_comp/home_migrated/audio_comp_data/raw/fma_small/059/059677.mp3,059677,International,training
/scratch/pdoshi/audio_comp/home_migrated/audio_comp_data/raw/fma_small/059/059678.mp3,059678,International,training
/scratch/pdoshi/audio_comp/home_migrated/audio_comp_data/raw/fma_small/059/059679.mp3,059679,International,training
/scratch/pdoshi/audio_comp/home_migrated/audio_comp_data/raw/fma_small/059/059680.mp3,059680,International,training
/scratch/pdoshi/audio_comp/home_migrated/audio_comp_data/raw/fma_small/059/059681.mp3,059681,International,training
/scratch/pdoshi/audio_comp/home_migrated/audio_comp_data/raw/fma_small/059/059682.mp3,059682,International,training
/scratch/pdoshi/audio_comp/home_migrated/audio_comp_data/raw/fma_small/059/059683.mp3,059683,International,training
/scratch/pdoshi/audio_comp/home_migrated/audio_comp_data/raw/fma_small/059/059684.mp3,059684,International,training
/scratch/pdoshi/audio_comp/home_migrated/audio_comp_data/raw/fma_small/059/059685.mp3,059685,International,training
/scratch/pdoshi/audio_comp/home_migrated/audio_comp_data/raw/fma_small/059/059686.mp3,059686,International,training
/scratch/pdoshi/audio_comp/home_migrated/audio_comp_data/raw/fma_small/059/059687.mp3,059687,International,training
/scratch/pdoshi/audio_comp/home_migrated/audio_comp_data/raw/fma_small/059/059688.mp3,059688,International,training
/scratch/pdoshi/audio_comp/home_migrated/audio_comp_data/raw/fma_small/059/059695.mp3,059695,International,test
/scratch/pdoshi/audio_comp/home_migrated/audio_comp_data/raw/fma_small/059/059702.mp3,059702,International,training
/scratch/pdoshi/audio_comp/home_migrated/audio_comp_data/raw/fma_small/059/059706.mp3,059706,International,training
/scratch/pdoshi/audio_comp/home_migrated/audio_comp_data/raw/fma_small/059/059707.mp3,059707,International,training
/scratch/pdoshi/audio_comp/home_migrated/audio_comp_data/raw/fma_small/059/059708.mp3,059708,International,training
/scratch/pdoshi/audio_comp/home_migrated/audio_comp_data/raw/fma_small/059/059709.mp3,059709,International,training
/scratch/pdoshi/audio_comp/home_migrated/audio_comp_data/raw/fma_small/059/059710.mp3,059710,International,training
/scratch/pdoshi/audio_comp/home_migrated/audio_comp_data/raw/fma_small/059/059711.mp3,059711,International,validation
/scratch/pdoshi/audio_comp/home_migrated/audio_comp_data/raw/fma_small/059/059718.mp3,059718,International,validation
/scratch/pdoshi/audio_comp/home_migrated/audio_comp_data/raw/fma_small/059/059719.mp3,059719,International,training
/scratch/pdoshi/audio_comp/home_migrated/audio_comp_data/raw/fma_small/059/059720.mp3,059720,International,training
/scratch/pdoshi/audio_comp/home_migrated/audio_comp_data/raw/fma_small/059/059721.mp3,059721,International,training
/scratch/pdoshi/audio_comp/home_migrated/audio_comp_data/raw/fma_small/059/059723.mp3,059723,International,training
/scratch/pdoshi/audio_comp/home_migrated/audio_comp_data/raw/fma_small/059/059724.mp3,059724,International,training
/scratch/pdoshi/audio_comp/home_migrated/audio_comp_data/raw/fma_small/059/059725.mp3,059725,International,training
/scratch/pdoshi/audio_comp/home_migrated/audio_comp_data/raw/fma_small/059/059726.mp3,059726,International,training
/scratch/pdoshi/audio_comp/home_migrated/audio_comp_data/raw/fma_small/059/059727.mp3,059727,International,training
/scratch/pdoshi/audio_comp/home_migrated/audio_comp_data/raw/fma_small/059/059823.mp3,059823,Experimental,training
/scratch/pdoshi/audio_comp/home_migrated/audio_comp_data/raw/fma_small/059/059876.mp3,059876,Rock,training
/scratch/pdoshi/audio_comp/home_migrated/audio_comp_data/raw/fma_small/059/059930.mp3,059930,Experimental,training
/scratch/pdoshi/audio_comp/home_migrated/audio_comp_data/raw/fma_small/060/060037.mp3,060037,International,training
/scratch/pdoshi/audio_comp/home_migrated/audio_comp_data/raw/fma_small/060/060038.mp3,060038,International,training
/scratch/pdoshi/audio_comp/home_migrated/audio_comp_data/raw/fma_small/060/060041.mp3,060041,International,training
/scratch/pdoshi/audio_comp/home_migrated/audio_comp_data/raw/fma_small/060/060042.mp3,060042,International,training
/scratch/pdoshi/audio_comp/home_migrated/audio_comp_data/raw/fma_small/060/060045.mp3,060045,International,training
/scratch/pdoshi/audio_comp/home_migrated/audio_comp_data/raw/fma_small/060/060048.mp3,060048,International,training
/scratch/pdoshi/audio_comp/home_migrated/audio_comp_data/raw/fma_small/060/060074.mp3,060074,Experimental,training
/scratch/pdoshi/audio_comp/home_migrated/audio_comp_data/raw/fma_small/060/060143.mp3,060143,International,training
/scratch/pdoshi/audio_comp/home_migrated/audio_comp_data/raw/fma_small/060/060144.mp3,060144,International,training
/scratch/pdoshi/audio_comp/home_migrated/audio_comp_data/raw/fma_small/060/060145.mp3,060145,International,training
/scratch/pdoshi/audio_comp/home_migrated/audio_comp_data/raw/fma_small/060/060146.mp3,060146,International,training
/scratch/pdoshi/audio_comp/home_migrated/audio_comp_data/raw/fma_small/060/060170.mp3,060170,Folk,training
/scratch/pdoshi/audio_comp/home_migrated/audio_comp_data/raw/fma_small/060/060317.mp3,060317,Experimental,training
/scratch/pdoshi/audio_comp/home_migrated/audio_comp_data/raw/fma_small/060/060331.mp3,060331,Experimental,validation
/scratch/pdoshi/audio_comp/home_migrated/audio_comp_data/raw/fma_small/060/060472.mp3,060472,Hip-Hop,training
/scratch/pdoshi/audio_comp/home_migrated/audio_comp_data/raw/fma_small/060/060474.mp3,060474,Hip-Hop,training
/scratch/pdoshi/audio_comp/home_migrated/audio_comp_data/raw/fma_small/060/060476.mp3,060476,Hip-Hop,test
/scratch/pdoshi/audio_comp/home_migrated/audio_comp_data/raw/fma_small/060/060477.mp3,060477,Hip-Hop,training
/scratch/pdoshi/audio_comp/home_migrated/audio_comp_data/raw/fma_small/060/060478.mp3,060478,Hip-Hop,training
/scratch/pdoshi/audio_comp/home_migrated/audio_comp_data/raw/fma_small/060/060510.mp3,060510,Hip-Hop,training
/scratch/pdoshi/audio_comp/home_migrated/audio_comp_data/raw/fma_small/060/060533.mp3,060533,International,test
/scratch/pdoshi/audio_comp/home_migrated/audio_comp_data/raw/fma_small/060/060534.mp3,060534,International,test
/scratch/pdoshi/audio_comp/home_migrated/audio_comp_data/raw/fma_small/060/060535.mp3,060535,International,test
/scratch/pdoshi/audio_comp/home_migrated/audio_comp_data/raw/fma_small/060/060536.mp3,060536,International,test
/scratch/pdoshi/audio_comp/home_migrated/audio_comp_data/raw/fma_small/060/060537.mp3,060537,International,test
/scratch/pdoshi/audio_comp/home_migrated/audio_comp_data/raw/fma_small/060/060544.mp3,060544,International,training
/scratch/pdoshi/audio_comp/home_migrated/audio_comp_data/raw/fma_small/060/060547.mp3,060547,International,training
/scratch/pdoshi/audio_comp/home_migrated/audio_comp_data/raw/fma_small/060/060548.mp3,060548,International,training
/scratch/pdoshi/audio_comp/home_migrated/audio_comp_data/raw/fma_small/060/060549.mp3,060549,International,training
/scratch/pdoshi/audio_comp/home_migrated/audio_comp_data/raw/fma_small/060/060736.mp3,060736,Rock,training
/scratch/pdoshi/audio_comp/home_migrated/audio_comp_data/raw/fma_small/060/060753.mp3,060753,International,training
/scratch/pdoshi/audio_comp/home_migrated/audio_comp_data/raw/fma_small/060/060754.mp3,060754,International,training
/scratch/pdoshi/audio_comp/home_migrated/audio_comp_data/raw/fma_small/060/060755.mp3,060755,International,training
/scratch/pdoshi/audio_comp/home_migrated/audio_comp_data/raw/fma_small/060/060756.mp3,060756,International,training
/scratch/pdoshi/audio_comp/home_migrated/audio_comp_data/raw/fma_small/060/060757.mp3,060757,International,training
/scratch/pdoshi/audio_comp/home_migrated/audio_comp_data/raw/fma_small/060/060758.mp3,060758,International,training
/scratch/pdoshi/audio_comp/home_migrated/audio_comp_data/raw/fma_small/060/060775.mp3,060775,International,training
/scratch/pdoshi/audio_comp/home_migrated/audio_comp_data/raw/fma_small/060/060776.mp3,060776,International,training
/scratch/pdoshi/audio_comp/home_migrated/audio_comp_data/raw/fma_small/060/060777.mp3,060777,International,training
/scratch/pdoshi/audio_comp/home_migrated/audio_comp_data/raw/fma_small/060/060857.mp3,060857,International,training
/scratch/pdoshi/audio_comp/home_migrated/audio_comp_data/raw/fma_small/060/060864.mp3,060864,International,training
/scratch/pdoshi/audio_comp/home_migrated/audio_comp_data/raw/fma_small/060/060865.mp3,060865,International,training
/scratch/pdoshi/audio_comp/home_migrated/audio_comp_data/raw/fma_small/060/060871.mp3,060871,International,test
/scratch/pdoshi/audio_comp/home_migrated/audio_comp_data/raw/fma_small/060/060872.mp3,060872,International,test
/scratch/pdoshi/audio_comp/home_migrated/audio_comp_data/raw/fma_small/060/060873.mp3,060873,International,test
/scratch/pdoshi/audio_comp/home_migrated/audio_comp_data/raw/fma_small/060/060874.mp3,060874,International,test
/scratch/pdoshi/audio_comp/home_migrated/audio_comp_data/raw/fma_small/060/060875.mp3,060875,International,test
/scratch/pdoshi/audio_comp/home_migrated/audio_comp_data/raw/fma_small/060/060994.mp3,060994,Experimental,training
/scratch/pdoshi/audio_comp/home_migrated/audio_comp_data/raw/fma_small/061/061006.mp3,061006,Folk,training
/scratch/pdoshi/audio_comp/home_migrated/audio_comp_data/raw/fma_small/061/061007.mp3,061007,Folk,training
/scratch/pdoshi/audio_comp/home_migrated/audio_comp_data/raw/fma_small/061/061008.mp3,061008,Folk,training
/scratch/pdoshi/audio_comp/home_migrated/audio_comp_data/raw/fma_small/061/061010.mp3,061010,Folk,training
/scratch/pdoshi/audio_comp/home_migrated/audio_comp_data/raw/fma_small/061/061011.mp3,061011,Folk,training
/scratch/pdoshi/audio_comp/home_migrated/audio_comp_data/raw/fma_small/061/061012.mp3,061012,Folk,training
/scratch/pdoshi/audio_comp/home_migrated/audio_comp_data/raw/fma_small/061/061013.mp3,061013,Folk,training
/scratch/pdoshi/audio_comp/home_migrated/audio_comp_data/raw/fma_small/061/061159.mp3,061159,Hip-Hop,training
/scratch/pdoshi/audio_comp/home_migrated/audio_comp_data/raw/fma_small/061/061160.mp3,061160,Hip-Hop,training
/scratch/pdoshi/audio_comp/home_migrated/audio_comp_data/raw/fma_small/061/061161.mp3,061161,Hip-Hop,training
/scratch/pdoshi/audio_comp/home_migrated/audio_comp_data/raw/fma_small/061/061172.mp3,061172,Hip-Hop,training
/scratch/pdoshi/audio_comp/home_migrated/audio_comp_data/raw/fma_small/061/061174.mp3,061174,Hip-Hop,training
/scratch/pdoshi/audio_comp/home_migrated/audio_comp_data/raw/fma_small/061/061175.mp3,061175,Hip-Hop,training
/scratch/pdoshi/audio_comp/home_migrated/audio_comp_data/raw/fma_small/061/061452.mp3,061452,Hip-Hop,training
/scratch/pdoshi/audio_comp/home_migrated/audio_comp_data/raw/fma_small/061/061453.mp3,061453,Hip-Hop,training
/scratch/pdoshi/audio_comp/home_migrated/audio_comp_data/raw/fma_small/061/061491.mp3,061491,Rock,training
/scratch/pdoshi/audio_comp/home_migrated/audio_comp_data/raw/fma_small/061/061492.mp3,061492,Rock,training
/scratch/pdoshi/audio_comp/home_migrated/audio_comp_data/raw/fma_small/061/061493.mp3,061493,Rock,training
/scratch/pdoshi/audio_comp/home_migrated/audio_comp_data/raw/fma_small/061/061587.mp3,061587,Pop,training
/scratch/pdoshi/audio_comp/home_migrated/audio_comp_data/raw/fma_small/061/061589.mp3,061589,Pop,training
/scratch/pdoshi/audio_comp/home_migrated/audio_comp_data/raw/fma_small/061/061591.mp3,061591,Pop,training
/scratch/pdoshi/audio_comp/home_migrated/audio_comp_data/raw/fma_small/061/061592.mp3,061592,Pop,training
/scratch/pdoshi/audio_comp/home_migrated/audio_comp_data/raw/fma_small/061/061668.mp3,061668,Hip-Hop,training
/scratch/pdoshi/audio_comp/home_migrated/audio_comp_data/raw/fma_small/061/061670.mp3,061670,Pop,training
/scratch/pdoshi/audio_comp/home_migrated/audio_comp_data/raw/fma_small/061/061679.mp3,061679,Pop,training
/scratch/pdoshi/audio_comp/home_migrated/audio_comp_data/raw/fma_small/061/061734.mp3,061734,Pop,validation
/scratch/pdoshi/audio_comp/home_migrated/audio_comp_data/raw/fma_small/061/061736.mp3,061736,Pop,validation
/scratch/pdoshi/audio_comp/home_migrated/audio_comp_data/raw/fma_small/061/061742.mp3,061742,Pop,validation
/scratch/pdoshi/audio_comp/home_migrated/audio_comp_data/raw/fma_small/061/061814.mp3,061814,Rock,training
/scratch/pdoshi/audio_comp/home_migrated/audio_comp_data/raw/fma_small/061/061820.mp3,061820,Rock,test
/scratch/pdoshi/audio_comp/home_migrated/audio_comp_data/raw/fma_small/061/061821.mp3,061821,Rock,test
/scratch/pdoshi/audio_comp/home_migrated/audio_comp_data/raw/fma_small/061/061884.mp3,061884,Hip-Hop,training
/scratch/pdoshi/audio_comp/home_migrated/audio_comp_data/raw/fma_small/062/062001.mp3,062001,Hip-Hop,training
/scratch/pdoshi/audio_comp/home_migrated/audio_comp_data/raw/fma_small/062/062003.mp3,062003,Instrumental,training
/scratch/pdoshi/audio_comp/home_migrated/audio_comp_data/raw/fma_small/062/062005.mp3,062005,Instrumental,training
/scratch/pdoshi/audio_comp/home_migrated/audio_comp_data/raw/fma_small/062/062007.mp3,062007,Instrumental,training
/scratch/pdoshi/audio_comp/home_migrated/audio_comp_data/raw/fma_small/062/062163.mp3,062163,Pop,training
/scratch/pdoshi/audio_comp/home_migrated/audio_comp_data/raw/fma_small/062/062164.mp3,062164,Pop,training
/scratch/pdoshi/audio_comp/home_migrated/audio_comp_data/raw/fma_small/062/062165.mp3,062165,Pop,training
/scratch/pdoshi/audio_comp/home_migrated/audio_comp_data/raw/fma_small/062/062180.mp3,062180,Instrumental,training
/scratch/pdoshi/audio_comp/home_migrated/audio_comp_data/raw/fma_small/062/062183.mp3,062183,International,training
/scratch/pdoshi/audio_comp/home_migrated/audio_comp_data/raw/fma_small/062/062184.mp3,062184,International,validation
/scratch/pdoshi/audio_comp/home_migrated/audio_comp_data/raw/fma_small/062/062185.mp3,062185,International,training
/scratch/pdoshi/audio_comp/home_migrated/audio_comp_data/raw/fma_small/062/062186.mp3,062186,International,training
/scratch/pdoshi/audio_comp/home_migrated/audio_comp_data/raw/fma_small/062/062187.mp3,062187,International,training
/scratch/pdoshi/audio_comp/home_migrated/audio_comp_data/raw/fma_small/062/062188.mp3,062188,International,training
/scratch/pdoshi/audio_comp/home_migrated/audio_comp_data/raw/fma_small/062/062189.mp3,062189,International,training
/scratch/pdoshi/audio_comp/home_migrated/audio_comp_data/raw/fma_small/062/062190.mp3,062190,International,training
/scratch/pdoshi/audio_comp/home_migrated/audio_comp_data/raw/fma_small/062/062191.mp3,062191,International,training
/scratch/pdoshi/audio_comp/home_migrated/audio_comp_data/raw/fma_small/062/062192.mp3,062192,International,training
/scratch/pdoshi/audio_comp/home_migrated/audio_comp_data/raw/fma_small/062/062193.mp3,062193,International,training
/scratch/pdoshi/audio_comp/home_migrated/audio_comp_data/raw/fma_small/062/062194.mp3,062194,International,training
/scratch/pdoshi/audio_comp/home_migrated/audio_comp_data/raw/fma_small/062/062195.mp3,062195,International,training
/scratch/pdoshi/audio_comp/home_migrated/audio_comp_data/raw/fma_small/062/062196.mp3,062196,International,training
/scratch/pdoshi/audio_comp/home_migrated/audio_comp_data/raw/fma_small/062/062337.mp3,062337,Rock,training
/scratch/pdoshi/audio_comp/home_migrated/audio_comp_data/raw/fma_small/062/062426.mp3,062426,Folk,training
/scratch/pdoshi/audio_comp/home_migrated/audio_comp_data/raw/fma_small/062/062436.mp3,062436,Pop,training
/scratch/pdoshi/audio_comp/home_migrated/audio_comp_data/raw/fma_small/062/062445.mp3,062445,Rock,training
/scratch/pdoshi/audio_comp/home_migrated/audio_comp_data/raw/fma_small/062/062446.mp3,062446,Pop,training
/scratch/pdoshi/audio_comp/home_migrated/audio_comp_data/raw/fma_small/062/062448.mp3,062448,Pop,training
/scratch/pdoshi/audio_comp/home_migrated/audio_comp_data/raw/fma_small/062/062449.mp3,062449,Pop,training
/scratch/pdoshi/audio_comp/home_migrated/audio_comp_data/raw/fma_small/062/062450.mp3,062450,Pop,training
/scratch/pdoshi/audio_comp/home_migrated/audio_comp_data/raw/fma_small/062/062452.mp3,062452,Pop,training
/scratch/pdoshi/audio_comp/home_migrated/audio_comp_data/raw/fma_small/062/062458.mp3,062458,Rock,training
/scratch/pdoshi/audio_comp/home_migrated/audio_comp_data/raw/fma_small/062/062525.mp3,062525,International,training
/scratch/pdoshi/audio_comp/home_migrated/audio_comp_data/raw/fma_small/062/062526.mp3,062526,International,training
/scratch/pdoshi/audio_comp/home_migrated/audio_comp_data/raw/fma_small/062/062527.mp3,062527,International,training
/scratch/pdoshi/audio_comp/home_migrated/audio_comp_data/raw/fma_small/062/062528.mp3,062528,International,training
/scratch/pdoshi/audio_comp/home_migrated/audio_comp_data/raw/fma_small/062/062529.mp3,062529,International,training
/scratch/pdoshi/audio_comp/home_migrated/audio_comp_data/raw/fma_small/062/062531.mp3,062531,International,training
/scratch/pdoshi/audio_comp/home_migrated/audio_comp_data/raw/fma_small/062/062532.mp3,062532,International,training
/scratch/pdoshi/audio_comp/home_migrated/audio_comp_data/raw/fma_small/062/062533.mp3,062533,International,training
/scratch/pdoshi/audio_comp/home_migrated/audio_comp_data/raw/fma_small/062/062534.mp3,062534,International,training
/scratch/pdoshi/audio_comp/home_migrated/audio_comp_data/raw/fma_small/062/062586.mp3,062586,Rock,training
/scratch/pdoshi/audio_comp/home_migrated/audio_comp_data/raw/fma_small/062/062589.mp3,062589,International,training
/scratch/pdoshi/audio_comp/home_migrated/audio_comp_data/raw/fma_small/062/062591.mp3,062591,International,training
/scratch/pdoshi/audio_comp/home_migrated/audio_comp_data/raw/fma_small/062/062592.mp3,062592,International,training
/scratch/pdoshi/audio_comp/home_migrated/audio_comp_data/raw/fma_small/062/062594.mp3,062594,International,training
/scratch/pdoshi/audio_comp/home_migrated/audio_comp_data/raw/fma_small/062/062595.mp3,062595,International,training
/scratch/pdoshi/audio_comp/home_migrated/audio_comp_data/raw/fma_small/062/062596.mp3,062596,International,training
/scratch/pdoshi/audio_comp/home_migrated/audio_comp_data/raw/fma_small/062/062655.mp3,062655,Rock,training
/scratch/pdoshi/audio_comp/home_migrated/audio_comp_data/raw/fma_small/062/062671.mp3,062671,Electronic,training
/scratch/pdoshi/audio_comp/home_migrated/audio_comp_data/raw/fma_small/062/062742.mp3,062742,Pop,training
/scratch/pdoshi/audio_comp/home_migrated/audio_comp_data/raw/fma_small/062/062748.mp3,062748,Pop,training
/scratch/pdoshi/audio_comp/home_migrated/audio_comp_data/raw/fma_small/062/062749.mp3,062749,Pop,training
/scratch/pdoshi/audio_comp/home_migrated/audio_comp_data/raw/fma_small/062/062750.mp3,062750,Pop,training
/scratch/pdoshi/audio_comp/home_migrated/audio_comp_data/raw/fma_small/062/062751.mp3,062751,Pop,training
/scratch/pdoshi/audio_comp/home_migrated/audio_comp_data/raw/fma_small/062/062753.mp3,062753,Pop,training
/scratch/pdoshi/audio_comp/home_migrated/audio_comp_data/raw/fma_small/063/063043.mp3,063043,Rock,training
/scratch/pdoshi/audio_comp/home_migrated/audio_comp_data/raw/fma_small/063/063044.mp3,063044,Rock,training
/scratch/pdoshi/audio_comp/home_migrated/audio_comp_data/raw/fma_small/063/063045.mp3,063045,Rock,training
/scratch/pdoshi/audio_comp/home_migrated/audio_comp_data/raw/fma_small/063/063064.mp3,063064,Electronic,test
/scratch/pdoshi/audio_comp/home_migrated/audio_comp_data/raw/fma_small/063/063065.mp3,063065,Electronic,test
/scratch/pdoshi/audio_comp/home_migrated/audio_comp_data/raw/fma_small/063/063117.mp3,063117,Rock,training
/scratch/pdoshi/audio_comp/home_migrated/audio_comp_data/raw/fma_small/063/063149.mp3,063149,Experimental,test
/scratch/pdoshi/audio_comp/home_migrated/audio_comp_data/raw/fma_small/063/063159.mp3,063159,Experimental,test
/scratch/pdoshi/audio_comp/home_migrated/audio_comp_data/raw/fma_small/063/063161.mp3,063161,Experimental,test
/scratch/pdoshi/audio_comp/home_migrated/audio_comp_data/raw/fma_small/063/063191.mp3,063191,Rock,training
/scratch/pdoshi/audio_comp/home_migrated/audio_comp_data/raw/fma_small/063/063208.mp3,063208,Folk,training
/scratch/pdoshi/audio_comp/home_migrated/audio_comp_data/raw/fma_small/063/063224.mp3,063224,Pop,training
/scratch/pdoshi/audio_comp/home_migrated/audio_comp_data/raw/fma_small/063/063226.mp3,063226,Pop,training
/scratch/pdoshi/audio_comp/home_migrated/audio_comp_data/raw/fma_small/063/063250.mp3,063250,Folk,test
/scratch/pdoshi/audio_comp/home_migrated/audio_comp_data/raw/fma_small/063/063251.mp3,063251,Folk,test
/scratch/pdoshi/audio_comp/home_migrated/audio_comp_data/raw/fma_small/063/063252.mp3,063252,Folk,test
/scratch/pdoshi/audio_comp/home_migrated/audio_comp_data/raw/fma_small/063/063253.mp3,063253,Folk,test
/scratch/pdoshi/audio_comp/home_migrated/audio_comp_data/raw/fma_small/063/063255.mp3,063255,Folk,test
/scratch/pdoshi/audio_comp/home_migrated/audio_comp_data/raw/fma_small/063/063257.mp3,063257,Folk,test
/scratch/pdoshi/audio_comp/home_migrated/audio_comp_data/raw/fma_small/063/063258.mp3,063258,Folk,test
/scratch/pdoshi/audio_comp/home_migrated/audio_comp_data/raw/fma_small/063/063287.mp3,063287,Instrumental,training
/scratch/pdoshi/audio_comp/home_migrated/audio_comp_data/raw/fma_small/063/063289.mp3,063289,Instrumental,training
/scratch/pdoshi/audio_comp/home_migrated/audio_comp_data/raw/fma_small/063/063290.mp3,063290,Instrumental,training
/scratch/pdoshi/audio_comp/home_migrated/audio_comp_data/raw/fma_small/063/063291.mp3,063291,Instrumental,training
/scratch/pdoshi/audio_comp/home_migrated/audio_comp_data/raw/fma_small/063/063292.mp3,063292,Instrumental,training
/scratch/pdoshi/audio_comp/home_migrated/audio_comp_data/raw/fma_small/063/063456.mp3,063456,Folk,test
/scratch/pdoshi/audio_comp/home_migrated/audio_comp_data/raw/fma_small/063/063457.mp3,063457,Folk,test
/scratch/pdoshi/audio_comp/home_migrated/audio_comp_data/raw/fma_small/063/063470.mp3,063470,Rock,training
/scratch/pdoshi/audio_comp/home_migrated/audio_comp_data/raw/fma_small/063/063471.mp3,063471,Rock,training
/scratch/pdoshi/audio_comp/home_migrated/audio_comp_data/raw/fma_small/063/063472.mp3,063472,Rock,training
/scratch/pdoshi/audio_comp/home_migrated/audio_comp_data/raw/fma_small/063/063626.mp3,063626,Experimental,training
/scratch/pdoshi/audio_comp/home_migrated/audio_comp_data/raw/fma_small/063/063655.mp3,063655,Electronic,training
/scratch/pdoshi/audio_comp/home_migrated/audio_comp_data/raw/fma_small/063/063733.mp3,063733,Hip-Hop,training
/scratch/pdoshi/audio_comp/home_migrated/audio_comp_data/raw/fma_small/063/063747.mp3,063747,Hip-Hop,training
/scratch/pdoshi/audio_comp/home_migrated/audio_comp_data/raw/fma_small/063/063755.mp3,063755,Hip-Hop,training
/scratch/pdoshi/audio_comp/home_migrated/audio_comp_data/raw/fma_small/063/063757.mp3,063757,Hip-Hop,training
/scratch/pdoshi/audio_comp/home_migrated/audio_comp_data/raw/fma_small/063/063770.mp3,063770,Hip-Hop,training
/scratch/pdoshi/audio_comp/home_migrated/audio_comp_data/raw/fma_small/063/063789.mp3,063789,Hip-Hop,training
/scratch/pdoshi/audio_comp/home_migrated/audio_comp_data/raw/fma_small/063/063803.mp3,063803,Hip-Hop,training
/scratch/pdoshi/audio_comp/home_migrated/audio_comp_data/raw/fma_small/063/063804.mp3,063804,Hip-Hop,training
/scratch/pdoshi/audio_comp/home_migrated/audio_comp_data/raw/fma_small/063/063805.mp3,063805,Hip-Hop,training
/scratch/pdoshi/audio_comp/home_migrated/audio_comp_data/raw/fma_small/063/063874.mp3,063874,Hip-Hop,training
/scratch/pdoshi/audio_comp/home_migrated/audio_comp_data/raw/fma_small/063/063900.mp3,063900,Hip-Hop,training
/scratch/pdoshi/audio_comp/home_migrated/audio_comp_data/raw/fma_small/063/063908.mp3,063908,Hip-Hop,training
/scratch/pdoshi/audio_comp/home_migrated/audio_comp_data/raw/fma_small/063/063922.mp3,063922,Rock,training
/scratch/pdoshi/audio_comp/home_migrated/audio_comp_data/raw/fma_small/063/063936.mp3,063936,Experimental,training
/scratch/pdoshi/audio_comp/home_migrated/audio_comp_data/raw/fma_small/063/063999.mp3,063999,Pop,training
/scratch/pdoshi/audio_comp/home_migrated/audio_comp_data/raw/fma_small/064/064005.mp3,064005,Pop,training
/scratch/pdoshi/audio_comp/home_migrated/audio_comp_data/raw/fma_small/064/064006.mp3,064006,Pop,training
/scratch/pdoshi/audio_comp/home_migrated/audio_comp_data/raw/fma_small/064/064007.mp3,064007,Pop,training
/scratch/pdoshi/audio_comp/home_migrated/audio_comp_data/raw/fma_small/064/064008.mp3,064008,Pop,training
/scratch/pdoshi/audio_comp/home_migrated/audio_comp_data/raw/fma_small/064/064009.mp3,064009,Pop,training
/scratch/pdoshi/audio_comp/home_migrated/audio_comp_data/raw/fma_small/064/064035.mp3,064035,Rock,training
/scratch/pdoshi/audio_comp/home_migrated/audio_comp_data/raw/fma_small/064/064078.mp3,064078,Experimental,training
/scratch/pdoshi/audio_comp/home_migrated/audio_comp_data/raw/fma_small/064/064079.mp3,064079,Pop,validation
/scratch/pdoshi/audio_comp/home_migrated/audio_comp_data/raw/fma_small/064/064091.mp3,064091,Experimental,training
/scratch/pdoshi/audio_comp/home_migrated/audio_comp_data/raw/fma_small/064/064093.mp3,064093,Experimental,training
/scratch/pdoshi/audio_comp/home_migrated/audio_comp_data/raw/fma_small/064/064247.mp3,064247,Experimental,training
/scratch/pdoshi/audio_comp/home_migrated/audio_comp_data/raw/fma_small/064/064248.mp3,064248,Experimental,training
/scratch/pdoshi/audio_comp/home_migrated/audio_comp_data/raw/fma_small/064/064249.mp3,064249,Experimental,training
/scratch/pdoshi/audio_comp/home_migrated/audio_comp_data/raw/fma_small/064/064252.mp3,064252,Experimental,training
/scratch/pdoshi/audio_comp/home_migrated/audio_comp_data/raw/fma_small/064/064253.mp3,064253,Experimental,training
/scratch/pdoshi/audio_comp/home_migrated/audio_comp_data/raw/fma_small/064/064331.mp3,064331,Electronic,training
/scratch/pdoshi/audio_comp/home_migrated/audio_comp_data/raw/fma_small/064/064332.mp3,064332,Electronic,training
/scratch/pdoshi/audio_comp/home_migrated/audio_comp_data/raw/fma_small/064/064333.mp3,064333,Electronic,training
/scratch/pdoshi/audio_comp/home_migrated/audio_comp_data/raw/fma_small/064/064334.mp3,064334,Electronic,training
/scratch/pdoshi/audio_comp/home_migrated/audio_comp_data/raw/fma_small/064/064338.mp3,064338,Hip-Hop,training
/scratch/pdoshi/audio_comp/home_migrated/audio_comp_data/raw/fma_small/064/064364.mp3,064364,Pop,training
/scratch/pdoshi/audio_comp/home_migrated/audio_comp_data/raw/fma_small/064/064365.mp3,064365,Pop,training
/scratch/pdoshi/audio_comp/home_migrated/audio_comp_data/raw/fma_small/064/064366.mp3,064366,Pop,training
/scratch/pdoshi/audio_comp/home_migrated/audio_comp_data/raw/fma_small/064/064407.mp3,064407,International,training
/scratch/pdoshi/audio_comp/home_migrated/audio_comp_data/raw/fma_small/064/064408.mp3,064408,International,validation
/scratch/pdoshi/audio_comp/home_migrated/audio_comp_data/raw/fma_small/064/064409.mp3,064409,International,training
/scratch/pdoshi/audio_comp/home_migrated/audio_comp_data/raw/fma_small/064/064410.mp3,064410,International,training
/scratch/pdoshi/audio_comp/home_migrated/audio_comp_data/raw/fma_small/064/064515.mp3,064515,Hip-Hop,validation
/scratch/pdoshi/audio_comp/home_migrated/audio_comp_data/raw/fma_small/064/064516.mp3,064516,Hip-Hop,validation
/scratch/pdoshi/audio_comp/home_migrated/audio_comp_data/raw/fma_small/064/064517.mp3,064517,Hip-Hop,validation
/scratch/pdoshi/audio_comp/home_migrated/audio_comp_data/raw/fma_small/064/064519.mp3,064519,Hip-Hop,validation
/scratch/pdoshi/audio_comp/home_migrated/audio_comp_data/raw/fma_small/064/064520.mp3,064520,Hip-Hop,validation
/scratch/pdoshi/audio_comp/home_migrated/audio_comp_data/raw/fma_small/064/064521.mp3,064521,Hip-Hop,validation
/scratch/pdoshi/audio_comp/home_migrated/audio_comp_data/raw/fma_small/064/064522.mp3,064522,Hip-Hop,validation
/scratch/pdoshi/audio_comp/home_migrated/audio_comp_data/raw/fma_small/064/064523.mp3,064523,Hip-Hop,validation
/scratch/pdoshi/audio_comp/home_migrated/audio_comp_data/raw/fma_small/064/064535.mp3,064535,Electronic,training
/scratch/pdoshi/audio_comp/home_migrated/audio_comp_data/raw/fma_small/064/064536.mp3,064536,Electronic,training
/scratch/pdoshi/audio_comp/home_migrated/audio_comp_data/raw/fma_small/064/064537.mp3,064537,Electronic,training
/scratch/pdoshi/audio_comp/home_migrated/audio_comp_data/raw/fma_small/064/064538.mp3,064538,Electronic,training
/scratch/pdoshi/audio_comp/home_migrated/audio_comp_data/raw/fma_small/064/064542.mp3,064542,Electronic,training
/scratch/pdoshi/audio_comp/home_migrated/audio_comp_data/raw/fma_small/064/064553.mp3,064553,Folk,training
/scratch/pdoshi/audio_comp/home_migrated/audio_comp_data/raw/fma_small/064/064556.mp3,064556,Folk,training
/scratch/pdoshi/audio_comp/home_migrated/audio_comp_data/raw/fma_small/064/064567.mp3,064567,Rock,training
/scratch/pdoshi/audio_comp/home_migrated/audio_comp_data/raw/fma_small/064/064590.mp3,064590,International,validation
/scratch/pdoshi/audio_comp/home_migrated/audio_comp_data/raw/fma_small/064/064591.mp3,064591,International,validation
/scratch/pdoshi/audio_comp/home_migrated/audio_comp_data/raw/fma_small/064/064592.mp3,064592,International,validation
/scratch/pdoshi/audio_comp/home_migrated/audio_comp_data/raw/fma_small/064/064593.mp3,064593,International,validation
/scratch/pdoshi/audio_comp/home_migrated/audio_comp_data/raw/fma_small/064/064594.mp3,064594,Experimental,training
/scratch/pdoshi/audio_comp/home_migrated/audio_comp_data/raw/fma_small/064/064601.mp3,064601,Experimental,training
/scratch/pdoshi/audio_comp/home_migrated/audio_comp_data/raw/fma_small/064/064604.mp3,064604,Experimental,training
/scratch/pdoshi/audio_comp/home_migrated/audio_comp_data/raw/fma_small/064/064618.mp3,064618,Electronic,test
/scratch/pdoshi/audio_comp/home_migrated/audio_comp_data/raw/fma_small/064/064625.mp3,064625,Hip-Hop,validation
/scratch/pdoshi/audio_comp/home_migrated/audio_comp_data/raw/fma_small/064/064626.mp3,064626,Hip-Hop,validation
/scratch/pdoshi/audio_comp/home_migrated/audio_comp_data/raw/fma_small/064/064627.mp3,064627,Hip-Hop,validation
/scratch/pdoshi/audio_comp/home_migrated/audio_comp_data/raw/fma_small/064/064628.mp3,064628,Hip-Hop,validation
/scratch/pdoshi/audio_comp/home_migrated/audio_comp_data/raw/fma_small/064/064629.mp3,064629,Hip-Hop,validation
/scratch/pdoshi/audio_comp/home_migrated/audio_comp_data/raw/fma_small/064/064630.mp3,064630,Hip-Hop,validation
/scratch/pdoshi/audio_comp/home_migrated/audio_comp_data/raw/fma_small/064/064631.mp3,064631,Hip-Hop,validation
/scratch/pdoshi/audio_comp/home_migrated/audio_comp_data/raw/fma_small/064/064659.mp3,064659,Rock,training
/scratch/pdoshi/audio_comp/home_migrated/audio_comp_data/raw/fma_small/064/064787.mp3,064787,Pop,training
/scratch/pdoshi/audio_comp/home_migrated/audio_comp_data/raw/fma_small/064/064788.mp3,064788,Pop,training
/scratch/pdoshi/audio_comp/home_migrated/audio_comp_data/raw/fma_small/064/064789.mp3,064789,Pop,training
/scratch/pdoshi/audio_comp/home_migrated/audio_comp_data/raw/fma_small/064/064796.mp3,064796,Pop,training
/scratch/pdoshi/audio_comp/home_migrated/audio_comp_data/raw/fma_small/064/064809.mp3,064809,Folk,training
/scratch/pdoshi/audio_comp/home_migrated/audio_comp_data/raw/fma_small/064/064834.mp3,064834,Pop,training
/scratch/pdoshi/audio_comp/home_migrated/audio_comp_data/raw/fma_small/064/064840.mp3,064840,Pop,training
/scratch/pdoshi/audio_comp/home_migrated/audio_comp_data/raw/fma_small/064/064841.mp3,064841,Pop,training
/scratch/pdoshi/audio_comp/home_migrated/audio_comp_data/raw/fma_small/064/064854.mp3,064854,Experimental,training
/scratch/pdoshi/audio_comp/home_migrated/audio_comp_data/raw/fma_small/064/064855.mp3,064855,Experimental,training
/scratch/pdoshi/audio_comp/home_migrated/audio_comp_data/raw/fma_small/064/064856.mp3,064856,Experimental,training
/scratch/pdoshi/audio_comp/home_migrated/audio_comp_data/raw/fma_small/064/064857.mp3,064857,Experimental,training
/scratch/pdoshi/audio_comp/home_migrated/audio_comp_data/raw/fma_small/064/064858.mp3,064858,Experimental,training
/scratch/pdoshi/audio_comp/home_migrated/audio_comp_data/raw/fma_small/064/064859.mp3,064859,Experimental,training
/scratch/pdoshi/audio_comp/home_migrated/audio_comp_data/raw/fma_small/064/064860.mp3,064860,Experimental,training
/scratch/pdoshi/audio_comp/home_migrated/audio_comp_data/raw/fma_small/064/064861.mp3,064861,Experimental,training
/scratch/pdoshi/audio_comp/home_migrated/audio_comp_data/raw/fma_small/064/064862.mp3,064862,Experimental,training
/scratch/pdoshi/audio_comp/home_migrated/audio_comp_data/raw/fma_small/064/064863.mp3,064863,Experimental,training
/scratch/pdoshi/audio_comp/home_migrated/audio_comp_data/raw/fma_small/064/064864.mp3,064864,Experimental,training
/scratch/pdoshi/audio_comp/home_migrated/audio_comp_data/raw/fma_small/064/064865.mp3,064865,Experimental,training
/scratch/pdoshi/audio_comp/home_migrated/audio_comp_data/raw/fma_small/064/064866.mp3,064866,Experimental,training
/scratch/pdoshi/audio_comp/home_migrated/audio_comp_data/raw/fma_small/064/064893.mp3,064893,Experimental,training
/scratch/pdoshi/audio_comp/home_migrated/audio_comp_data/raw/fma_small/064/064895.mp3,064895,Experimental,training
/scratch/pdoshi/audio_comp/home_migrated/audio_comp_data/raw/fma_small/064/064896.mp3,064896,Experimental,training
/scratch/pdoshi/audio_comp/home_migrated/audio_comp_data/raw/fma_small/064/064918.mp3,064918,Rock,training
/scratch/pdoshi/audio_comp/home_migrated/audio_comp_data/raw/fma_small/064/064919.mp3,064919,Rock,training
/scratch/pdoshi/audio_comp/home_migrated/audio_comp_data/raw/fma_small/064/064988.mp3,064988,Hip-Hop,training
/scratch/pdoshi/audio_comp/home_migrated/audio_comp_data/raw/fma_small/064/064989.mp3,064989,Hip-Hop,training
/scratch/pdoshi/audio_comp/home_migrated/audio_comp_data/raw/fma_small/064/064990.mp3,064990,Hip-Hop,training
/scratch/pdoshi/audio_comp/home_migrated/audio_comp_data/raw/fma_small/064/064991.mp3,064991,Hip-Hop,training
/scratch/pdoshi/audio_comp/home_migrated/audio_comp_data/raw/fma_small/064/064992.mp3,064992,Hip-Hop,training
/scratch/pdoshi/audio_comp/home_migrated/audio_comp_data/raw/fma_small/064/064993.mp3,064993,Hip-Hop,training
/scratch/pdoshi/audio_comp/home_migrated/audio_comp_data/raw/fma_small/064/064994.mp3,064994,Hip-Hop,training
/scratch/pdoshi/audio_comp/home_migrated/audio_comp_data/raw/fma_small/064/064995.mp3,064995,Hip-Hop,training
/scratch/pdoshi/audio_comp/home_migrated/audio_comp_data/raw/fma_small/065/065037.mp3,065037,Electronic,validation
/scratch/pdoshi/audio_comp/home_migrated/audio_comp_data/raw/fma_small/065/065038.mp3,065038,Electronic,validation
/scratch/pdoshi/audio_comp/home_migrated/audio_comp_data/raw/fma_small/065/065039.mp3,065039,Electronic,validation
/scratch/pdoshi/audio_comp/home_migrated/audio_comp_data/raw/fma_small/065/065040.mp3,065040,Electronic,validation
/scratch/pdoshi/audio_comp/home_migrated/audio_comp_data/raw/fma_small/065/065063.mp3,065063,Electronic,training
/scratch/pdoshi/audio_comp/home_migrated/audio_comp_data/raw/fma_small/065/065064.mp3,065064,Electronic,training
/scratch/pdoshi/audio_comp/home_migrated/audio_comp_data/raw/fma_small/065/065073.mp3,065073,Electronic,training
/scratch/pdoshi/audio_comp/home_migrated/audio_comp_data/raw/fma_small/065/065076.mp3,065076,International,training
/scratch/pdoshi/audio_comp/home_migrated/audio_comp_data/raw/fma_small/065/065077.mp3,065077,International,training
/scratch/pdoshi/audio_comp/home_migrated/audio_comp_data/raw/fma_small/065/065090.mp3,065090,Experimental,training
/scratch/pdoshi/audio_comp/home_migrated/audio_comp_data/raw/fma_small/065/065234.mp3,065234,Experimental,training
/scratch/pdoshi/audio_comp/home_migrated/audio_comp_data/raw/fma_small/065/065265.mp3,065265,Experimental,test
/scratch/pdoshi/audio_comp/home_migrated/audio_comp_data/raw/fma_small/065/065488.mp3,065488,Electronic,training
/scratch/pdoshi/audio_comp/home_migrated/audio_comp_data/raw/fma_small/065/065619.mp3,065619,Rock,training
/scratch/pdoshi/audio_comp/home_migrated/audio_comp_data/raw/fma_small/065/065683.mp3,065683,Folk,validation
/scratch/pdoshi/audio_comp/home_migrated/audio_comp_data/raw/fma_small/065/065685.mp3,065685,Folk,training
/scratch/pdoshi/audio_comp/home_migrated/audio_comp_data/raw/fma_small/065/065745.mp3,065745,Hip-Hop,validation
/scratch/pdoshi/audio_comp/home_migrated/audio_comp_data/raw/fma_small/065/065752.mp3,065752,Hip-Hop,training
/scratch/pdoshi/audio_comp/home_migrated/audio_comp_data/raw/fma_small/065/065755.mp3,065755,Pop,training
/scratch/pdoshi/audio_comp/home_migrated/audio_comp_data/raw/fma_small/065/065756.mp3,065756,Pop,training
/scratch/pdoshi/audio_comp/home_migrated/audio_comp_data/raw/fma_small/065/065777.mp3,065777,Electronic,test
/scratch/pdoshi/audio_comp/home_migrated/audio_comp_data/raw/fma_small/065/065779.mp3,065779,Electronic,test
/scratch/pdoshi/audio_comp/home_migrated/audio_comp_data/raw/fma_small/065/065780.mp3,065780,Electronic,test
/scratch/pdoshi/audio_comp/home_migrated/audio_comp_data/raw/fma_small/065/065893.mp3,065893,Folk,training
/scratch/pdoshi/audio_comp/home_migrated/audio_comp_data/raw/fma_small/066/066058.mp3,066058,Folk,training
/scratch/pdoshi/audio_comp/home_migrated/audio_comp_data/raw/fma_small/066/066073.mp3,066073,Electronic,training
/scratch/pdoshi/audio_comp/home_migrated/audio_comp_data/raw/fma_small/066/066074.mp3,066074,Electronic,training
/scratch/pdoshi/audio_comp/home_migrated/audio_comp_data/raw/fma_small/066/066075.mp3,066075,Electronic,training
/scratch/pdoshi/audio_comp/home_migrated/audio_comp_data/raw/fma_small/066/066076.mp3,066076,Electronic,training
/scratch/pdoshi/audio_comp/home_migrated/audio_comp_data/raw/fma_small/066/066180.mp3,066180,Folk,training
/scratch/pdoshi/audio_comp/home_migrated/audio_comp_data/raw/fma_small/066/066187.mp3,066187,Folk,training
/scratch/pdoshi/audio_comp/home_migrated/audio_comp_data/raw/fma_small/066/066390.mp3,066390,Electronic,training
/scratch/pdoshi/audio_comp/home_migrated/audio_comp_data/raw/fma_small/066/066394.mp3,066394,Rock,validation
/scratch/pdoshi/audio_comp/home_migrated/audio_comp_data/raw/fma_small/066/066405.mp3,066405,Rock,training
/scratch/pdoshi/audio_comp/home_migrated/audio_comp_data/raw/fma_small/066/066469.mp3,066469,Experimental,training
/scratch/pdoshi/audio_comp/home_migrated/audio_comp_data/raw/fma_small/066/066482.mp3,066482,Experimental,training
/scratch/pdoshi/audio_comp/home_migrated/audio_comp_data/raw/fma_small/066/066483.mp3,066483,Experimental,training
/scratch/pdoshi/audio_comp/home_migrated/audio_comp_data/raw/fma_small/066/066525.mp3,066525,Instrumental,training
/scratch/pdoshi/audio_comp/home_migrated/audio_comp_data/raw/fma_small/066/066534.mp3,066534,Rock,test
/scratch/pdoshi/audio_comp/home_migrated/audio_comp_data/raw/fma_small/066/066535.mp3,066535,Rock,test
/scratch/pdoshi/audio_comp/home_migrated/audio_comp_data/raw/fma_small/066/066536.mp3,066536,Rock,test
/scratch/pdoshi/audio_comp/home_migrated/audio_comp_data/raw/fma_small/066/066537.mp3,066537,Rock,test
/scratch/pdoshi/audio_comp/home_migrated/audio_comp_data/raw/fma_small/066/066538.mp3,066538,Rock,test
/scratch/pdoshi/audio_comp/home_migrated/audio_comp_data/raw/fma_small/066/066539.mp3,066539,Rock,test
/scratch/pdoshi/audio_comp/home_migrated/audio_comp_data/raw/fma_small/066/066636.mp3,066636,Electronic,training
/scratch/pdoshi/audio_comp/home_migrated/audio_comp_data/raw/fma_small/066/066637.mp3,066637,Electronic,training
/scratch/pdoshi/audio_comp/home_migrated/audio_comp_data/raw/fma_small/066/066638.mp3,066638,Electronic,training
/scratch/pdoshi/audio_comp/home_migrated/audio_comp_data/raw/fma_small/066/066641.mp3,066641,Pop,training
/scratch/pdoshi/audio_comp/home_migrated/audio_comp_data/raw/fma_small/066/066643.mp3,066643,Pop,training
/scratch/pdoshi/audio_comp/home_migrated/audio_comp_data/raw/fma_small/066/066644.mp3,066644,Pop,training
/scratch/pdoshi/audio_comp/home_migrated/audio_comp_data/raw/fma_small/066/066646.mp3,066646,Pop,training
/scratch/pdoshi/audio_comp/home_migrated/audio_comp_data/raw/fma_small/066/066648.mp3,066648,Pop,training
/scratch/pdoshi/audio_comp/home_migrated/audio_comp_data/raw/fma_small/066/066649.mp3,066649,Pop,training
/scratch/pdoshi/audio_comp/home_migrated/audio_comp_data/raw/fma_small/066/066650.mp3,066650,Pop,training
/scratch/pdoshi/audio_comp/home_migrated/audio_comp_data/raw/fma_small/066/066689.mp3,066689,Electronic,validation
/scratch/pdoshi/audio_comp/home_migrated/audio_comp_data/raw/fma_small/066/066690.mp3,066690,Electronic,validation
/scratch/pdoshi/audio_comp/home_migrated/audio_comp_data/raw/fma_small/066/066717.mp3,066717,Rock,test
/scratch/pdoshi/audio_comp/home_migrated/audio_comp_data/raw/fma_small/066/066757.mp3,066757,Instrumental,training
/scratch/pdoshi/audio_comp/home_migrated/audio_comp_data/raw/fma_small/066/066782.mp3,066782,Pop,validation
/scratch/pdoshi/audio_comp/home_migrated/audio_comp_data/raw/fma_small/066/066783.mp3,066783,Pop,validation
/scratch/pdoshi/audio_comp/home_migrated/audio_comp_data/raw/fma_small/067/067007.mp3,067007,Pop,training
/scratch/pdoshi/audio_comp/home_migrated/audio_comp_data/raw/fma_small/067/067010.mp3,067010,Pop,training
/scratch/pdoshi/audio_comp/home_migrated/audio_comp_data/raw/fma_small/067/067011.mp3,067011,Folk,training
/scratch/pdoshi/audio_comp/home_migrated/audio_comp_data/raw/fma_small/067/067016.mp3,067016,Folk,training
/scratch/pdoshi/audio_comp/home_migrated/audio_comp_data/raw/fma_small/067/067017.mp3,067017,Folk,training
/scratch/pdoshi/audio_comp/home_migrated/audio_comp_data/raw/fma_small/067/067121.mp3,067121,Rock,training
/scratch/pdoshi/audio_comp/home_migrated/audio_comp_data/raw/fma_small/067/067163.mp3,067163,Rock,training
/scratch/pdoshi/audio_comp/home_migrated/audio_comp_data/raw/fma_small/067/067232.mp3,067232,Hip-Hop,training
/scratch/pdoshi/audio_comp/home_migrated/audio_comp_data/raw/fma_small/067/067233.mp3,067233,Hip-Hop,training
/scratch/pdoshi/audio_comp/home_migrated/audio_comp_data/raw/fma_small/067/067235.mp3,067235,Hip-Hop,training
/scratch/pdoshi/audio_comp/home_migrated/audio_comp_data/raw/fma_small/067/067237.mp3,067237,Rock,validation
/scratch/pdoshi/audio_comp/home_migrated/audio_comp_data/raw/fma_small/067/067308.mp3,067308,Electronic,training
/scratch/pdoshi/audio_comp/home_migrated/audio_comp_data/raw/fma_small/067/067330.mp3,067330,Pop,test
/scratch/pdoshi/audio_comp/home_migrated/audio_comp_data/raw/fma_small/067/067331.mp3,067331,Pop,test
/scratch/pdoshi/audio_comp/home_migrated/audio_comp_data/raw/fma_small/067/067332.mp3,067332,Pop,test
/scratch/pdoshi/audio_comp/home_migrated/audio_comp_data/raw/fma_small/067/067333.mp3,067333,Pop,test
/scratch/pdoshi/audio_comp/home_migrated/audio_comp_data/raw/fma_small/067/067334.mp3,067334,Pop,test
/scratch/pdoshi/audio_comp/home_migrated/audio_comp_data/raw/fma_small/067/067336.mp3,067336,Pop,test
/scratch/pdoshi/audio_comp/home_migrated/audio_comp_data/raw/fma_small/067/067357.mp3,067357,Pop,training
/scratch/pdoshi/audio_comp/home_migrated/audio_comp_data/raw/fma_small/067/067358.mp3,067358,Pop,training
/scratch/pdoshi/audio_comp/home_migrated/audio_comp_data/raw/fma_small/067/067359.mp3,067359,Pop,training
/scratch/pdoshi/audio_comp/home_migrated/audio_comp_data/raw/fma_small/067/067360.mp3,067360,Pop,training
/scratch/pdoshi/audio_comp/home_migrated/audio_comp_data/raw/fma_small/067/067361.mp3,067361,Pop,training
/scratch/pdoshi/audio_comp/home_migrated/audio_comp_data/raw/fma_small/067/067362.mp3,067362,Pop,training
/scratch/pdoshi/audio_comp/home_migrated/audio_comp_data/raw/fma_small/067/067363.mp3,067363,Pop,training
/scratch/pdoshi/audio_comp/home_migrated/audio_comp_data/raw/fma_small/067/067364.mp3,067364,Pop,validation
/scratch/pdoshi/audio_comp/home_migrated/audio_comp_data/raw/fma_small/067/067365.mp3,067365,Pop,test
/scratch/pdoshi/audio_comp/home_migrated/audio_comp_data/raw/fma_small/067/067366.mp3,067366,Pop,training
/scratch/pdoshi/audio_comp/home_migrated/audio_comp_data/raw/fma_small/067/067367.mp3,067367,Pop,training
/scratch/pdoshi/audio_comp/home_migrated/audio_comp_data/raw/fma_small/067/067368.mp3,067368,Pop,training
/scratch/pdoshi/audio_comp/home_migrated/audio_comp_data/raw/fma_small/067/067412.mp3,067412,Rock,training
/scratch/pdoshi/audio_comp/home_migrated/audio_comp_data/raw/fma_small/067/067457.mp3,067457,Experimental,test
/scratch/pdoshi/audio_comp/home_migrated/audio_comp_data/raw/fma_small/067/067470.mp3,067470,Electronic,training
/scratch/pdoshi/audio_comp/home_migrated/audio_comp_data/raw/fma_small/067/067500.mp3,067500,Experimental,training
/scratch/pdoshi/audio_comp/home_migrated/audio_comp_data/raw/fma_small/067/067553.mp3,067553,Electronic,training
/scratch/pdoshi/audio_comp/home_migrated/audio_comp_data/raw/fma_small/067/067556.mp3,067556,Rock,training
/scratch/pdoshi/audio_comp/home_migrated/audio_comp_data/raw/fma_small/067/067557.mp3,067557,Rock,training
/scratch/pdoshi/audio_comp/home_migrated/audio_comp_data/raw/fma_small/067/067558.mp3,067558,Rock,training
/scratch/pdoshi/audio_comp/home_migrated/audio_comp_data/raw/fma_small/067/067597.mp3,067597,Folk,training
/scratch/pdoshi/audio_comp/home_migrated/audio_comp_data/raw/fma_small/067/067598.mp3,067598,Folk,training
/scratch/pdoshi/audio_comp/home_migrated/audio_comp_data/raw/fma_small/067/067600.mp3,067600,Folk,training
/scratch/pdoshi/audio_comp/home_migrated/audio_comp_data/raw/fma_small/067/067637.mp3,067637,Electronic,training
/scratch/pdoshi/audio_comp/home_migrated/audio_comp_data/raw/fma_small/067/067638.mp3,067638,Electronic,validation
/scratch/pdoshi/audio_comp/home_migrated/audio_comp_data/raw/fma_small/067/067639.mp3,067639,Electronic,training
/scratch/pdoshi/audio_comp/home_migrated/audio_comp_data/raw/fma_small/067/067640.mp3,067640,Electronic,training
/scratch/pdoshi/audio_comp/home_migrated/audio_comp_data/raw/fma_small/067/067660.mp3,067660,Rock,training
/scratch/pdoshi/audio_comp/home_migrated/audio_comp_data/raw/fma_small/067/067661.mp3,067661,Rock,training
/scratch/pdoshi/audio_comp/home_migrated/audio_comp_data/raw/fma_small/067/067673.mp3,067673,Rock,training
/scratch/pdoshi/audio_comp/home_migrated/audio_comp_data/raw/fma_small/067/067707.mp3,067707,Experimental,training
/scratch/pdoshi/audio_comp/home_migrated/audio_comp_data/raw/fma_small/067/067760.mp3,067760,Pop,training
/scratch/pdoshi/audio_comp/home_migrated/audio_comp_data/raw/fma_small/067/067763.mp3,067763,Folk,training
/scratch/pdoshi/audio_comp/home_migrated/audio_comp_data/raw/fma_small/067/067764.mp3,067764,Folk,training
/scratch/pdoshi/audio_comp/home_migrated/audio_comp_data/raw/fma_small/067/067765.mp3,067765,Folk,training
/scratch/pdoshi/audio_comp/home_migrated/audio_comp_data/raw/fma_small/067/067766.mp3,067766,Folk,training
/scratch/pdoshi/audio_comp/home_migrated/audio_comp_data/raw/fma_small/067/067784.mp3,067784,Hip-Hop,training
/scratch/pdoshi/audio_comp/home_migrated/audio_comp_data/raw/fma_small/067/067793.mp3,067793,Hip-Hop,training
/scratch/pdoshi/audio_comp/home_migrated/audio_comp_data/raw/fma_small/067/067829.mp3,067829,Experimental,training
/scratch/pdoshi/audio_comp/home_migrated/audio_comp_data/raw/fma_small/068/068353.mp3,068353,Pop,training
/scratch/pdoshi/audio_comp/home_migrated/audio_comp_data/raw/fma_small/068/068354.mp3,068354,Pop,training
/scratch/pdoshi/audio_comp/home_migrated/audio_comp_data/raw/fma_small/068/068355.mp3,068355,Pop,training
/scratch/pdoshi/audio_comp/home_migrated/audio_comp_data/raw/fma_small/068/068356.mp3,068356,Pop,training
/scratch/pdoshi/audio_comp/home_migrated/audio_comp_data/raw/fma_small/068/068404.mp3,068404,Rock,test
/scratch/pdoshi/audio_comp/home_migrated/audio_comp_data/raw/fma_small/068/068407.mp3,068407,Experimental,training
/scratch/pdoshi/audio_comp/home_migrated/audio_comp_data/raw/fma_small/068/068410.mp3,068410,Experimental,training
/scratch/pdoshi/audio_comp/home_migrated/audio_comp_data/raw/fma_small/068/068444.mp3,068444,Electronic,training
/scratch/pdoshi/audio_comp/home_migrated/audio_comp_data/raw/fma_small/068/068531.mp3,068531,Hip-Hop,training
/scratch/pdoshi/audio_comp/home_migrated/audio_comp_data/raw/fma_small/068/068536.mp3,068536,Experimental,test
/scratch/pdoshi/audio_comp/home_migrated/audio_comp_data/raw/fma_small/068/068537.mp3,068537,Experimental,test
/scratch/pdoshi/audio_comp/home_migrated/audio_comp_data/raw/fma_small/068/068538.mp3,068538,Experimental,validation
/scratch/pdoshi/audio_comp/home_migrated/audio_comp_data/raw/fma_small/068/068539.mp3,068539,Experimental,training
/scratch/pdoshi/audio_comp/home_migrated/audio_comp_data/raw/fma_small/068/068540.mp3,068540,Experimental,training
/scratch/pdoshi/audio_comp/home_migrated/audio_comp_data/raw/fma_small/068/068541.mp3,068541,Experimental,training
/scratch/pdoshi/audio_comp/home_migrated/audio_comp_data/raw/fma_small/068/068543.mp3,068543,Experimental,training
/scratch/pdoshi/audio_comp/home_migrated/audio_comp_data/raw/fma_small/068/068549.mp3,068549,Experimental,training
/scratch/pdoshi/audio_comp/home_migrated/audio_comp_data/raw/fma_small/068/068551.mp3,068551,Experimental,test
/scratch/pdoshi/audio_comp/home_migrated/audio_comp_data/raw/fma_small/068/068573.mp3,068573,Experimental,training
/scratch/pdoshi/audio_comp/home_migrated/audio_comp_data/raw/fma_small/068/068579.mp3,068579,Experimental,training
/scratch/pdoshi/audio_comp/home_migrated/audio_comp_data/raw/fma_small/068/068582.mp3,068582,Electronic,test
/scratch/pdoshi/audio_comp/home_migrated/audio_comp_data/raw/fma_small/068/068587.mp3,068587,Electronic,test
/scratch/pdoshi/audio_comp/home_migrated/audio_comp_data/raw/fma_small/068/068592.mp3,068592,Hip-Hop,training
/scratch/pdoshi/audio_comp/home_migrated/audio_comp_data/raw/fma_small/068/068600.mp3,068600,Hip-Hop,training
/scratch/pdoshi/audio_comp/home_migrated/audio_comp_data/raw/fma_small/068/068601.mp3,068601,Hip-Hop,training
/scratch/pdoshi/audio_comp/home_migrated/audio_comp_data/raw/fma_small/068/068680.mp3,068680,Electronic,training
/scratch/pdoshi/audio_comp/home_migrated/audio_comp_data/raw/fma_small/068/068682.mp3,068682,Electronic,training
/scratch/pdoshi/audio_comp/home_migrated/audio_comp_data/raw/fma_small/068/068683.mp3,068683,Electronic,training
/scratch/pdoshi/audio_comp/home_migrated/audio_comp_data/raw/fma_small/068/068820.mp3,068820,Rock,training
/scratch/pdoshi/audio_comp/home_migrated/audio_comp_data/raw/fma_small/068/068821.mp3,068821,Rock,training
/scratch/pdoshi/audio_comp/home_migrated/audio_comp_data/raw/fma_small/068/068837.mp3,068837,Folk,training
/scratch/pdoshi/audio_comp/home_migrated/audio_comp_data/raw/fma_small/068/068838.mp3,068838,Folk,training
/scratch/pdoshi/audio_comp/home_migrated/audio_comp_data/raw/fma_small/068/068839.mp3,068839,Folk,training
/scratch/pdoshi/audio_comp/home_migrated/audio_comp_data/raw/fma_small/068/068840.mp3,068840,Folk,training
/scratch/pdoshi/audio_comp/home_migrated/audio_comp_data/raw/fma_small/068/068841.mp3,068841,Folk,training
/scratch/pdoshi/audio_comp/home_migrated/audio_comp_data/raw/fma_small/068/068842.mp3,068842,Folk,training
/scratch/pdoshi/audio_comp/home_migrated/audio_comp_data/raw/fma_small/068/068843.mp3,068843,Folk,training
/scratch/pdoshi/audio_comp/home_migrated/audio_comp_data/raw/fma_small/068/068844.mp3,068844,Folk,training
/scratch/pdoshi/audio_comp/home_migrated/audio_comp_data/raw/fma_small/068/068851.mp3,068851,Folk,training
/scratch/pdoshi/audio_comp/home_migrated/audio_comp_data/raw/fma_small/068/068852.mp3,068852,Folk,training
/scratch/pdoshi/audio_comp/home_migrated/audio_comp_data/raw/fma_small/068/068853.mp3,068853,Folk,training
/scratch/pdoshi/audio_comp/home_migrated/audio_comp_data/raw/fma_small/068/068854.mp3,068854,Folk,training
/scratch/pdoshi/audio_comp/home_migrated/audio_comp_data/raw/fma_small/068/068860.mp3,068860,Folk,training
/scratch/pdoshi/audio_comp/home_migrated/audio_comp_data/raw/fma_small/068/068861.mp3,068861,Folk,training
/scratch/pdoshi/audio_comp/home_migrated/audio_comp_data/raw/fma_small/068/068862.mp3,068862,Folk,training
/scratch/pdoshi/audio_comp/home_migrated/audio_comp_data/raw/fma_small/068/068869.mp3,068869,Experimental,training
/scratch/pdoshi/audio_comp/home_migrated/audio_comp_data/raw/fma_small/068/068872.mp3,068872,Experimental,training
/scratch/pdoshi/audio_comp/home_migrated/audio_comp_data/raw/fma_small/068/068875.mp3,068875,Experimental,training
/scratch/pdoshi/audio_comp/home_migrated/audio_comp_data/raw/fma_small/068/068891.mp3,068891,Electronic,test
/scratch/pdoshi/audio_comp/home_migrated/audio_comp_data/raw/fma_small/068/068892.mp3,068892,Electronic,test
/scratch/pdoshi/audio_comp/home_migrated/audio_comp_data/raw/fma_small/068/068893.mp3,068893,Electronic,test
/scratch/pdoshi/audio_comp/home_migrated/audio_comp_data/raw/fma_small/068/068894.mp3,068894,Electronic,test
/scratch/pdoshi/audio_comp/home_migrated/audio_comp_data/raw/fma_small/068/068895.mp3,068895,Electronic,test
/scratch/pdoshi/audio_comp/home_migrated/audio_comp_data/raw/fma_small/068/068896.mp3,068896,Electronic,test
/scratch/pdoshi/audio_comp/home_migrated/audio_comp_data/raw/fma_small/068/068897.mp3,068897,Electronic,test
/scratch/pdoshi/audio_comp/home_migrated/audio_comp_data/raw/fma_small/068/068898.mp3,068898,Electronic,test
/scratch/pdoshi/audio_comp/home_migrated/audio_comp_data/raw/fma_small/068/068899.mp3,068899,Electronic,test
/scratch/pdoshi/audio_comp/home_migrated/audio_comp_data/raw/fma_small/068/068909.mp3,068909,Rock,validation
/scratch/pdoshi/audio_comp/home_migrated/audio_comp_data/raw/fma_small/069/069001.mp3,069001,Experimental,training
/scratch/pdoshi/audio_comp/home_migrated/audio_comp_data/raw/fma_small/069/069002.mp3,069002,Experimental,training
/scratch/pdoshi/audio_comp/home_migrated/audio_comp_data/raw/fma_small/069/069170.mp3,069170,Electronic,training
/scratch/pdoshi/audio_comp/home_migrated/audio_comp_data/raw/fma_small/069/069181.mp3,069181,Pop,training
/scratch/pdoshi/audio_comp/home_migrated/audio_comp_data/raw/fma_small/069/069182.mp3,069182,Pop,training
/scratch/pdoshi/audio_comp/home_migrated/audio_comp_data/raw/fma_small/069/069188.mp3,069188,Pop,training
/scratch/pdoshi/audio_comp/home_migrated/audio_comp_data/raw/fma_small/069/069193.mp3,069193,Electronic,training
/scratch/pdoshi/audio_comp/home_migrated/audio_comp_data/raw/fma_small/069/069194.mp3,069194,Electronic,validation
/scratch/pdoshi/audio_comp/home_migrated/audio_comp_data/raw/fma_small/069/069195.mp3,069195,Electronic,training
/scratch/pdoshi/audio_comp/home_migrated/audio_comp_data/raw/fma_small/069/069196.mp3,069196,Electronic,training
/scratch/pdoshi/audio_comp/home_migrated/audio_comp_data/raw/fma_small/069/069197.mp3,069197,Electronic,training
/scratch/pdoshi/audio_comp/home_migrated/audio_comp_data/raw/fma_small/069/069198.mp3,069198,Electronic,training
/scratch/pdoshi/audio_comp/home_migrated/audio_comp_data/raw/fma_small/069/069199.mp3,069199,Electronic,training
/scratch/pdoshi/audio_comp/home_migrated/audio_comp_data/raw/fma_small/069/069200.mp3,069200,Electronic,training
/scratch/pdoshi/audio_comp/home_migrated/audio_comp_data/raw/fma_small/069/069201.mp3,069201,Electronic,training
/scratch/pdoshi/audio_comp/home_migrated/audio_comp_data/raw/fma_small/069/069202.mp3,069202,Electronic,training
/scratch/pdoshi/audio_comp/home_migrated/audio_comp_data/raw/fma_small/069/069203.mp3,069203,Electronic,training
/scratch/pdoshi/audio_comp/home_migrated/audio_comp_data/raw/fma_small/069/069204.mp3,069204,Electronic,training
/scratch/pdoshi/audio_comp/home_migrated/audio_comp_data/raw/fma_small/069/069205.mp3,069205,Electronic,training
/scratch/pdoshi/audio_comp/home_migrated/audio_comp_data/raw/fma_small/069/069206.mp3,069206,Electronic,training
/scratch/pdoshi/audio_comp/home_migrated/audio_comp_data/raw/fma_small/069/069207.mp3,069207,Electronic,training
/scratch/pdoshi/audio_comp/home_migrated/audio_comp_data/raw/fma_small/069/069208.mp3,069208,Electronic,training
/scratch/pdoshi/audio_comp/home_migrated/audio_comp_data/raw/fma_small/069/069209.mp3,069209,Electronic,training
/scratch/pdoshi/audio_comp/home_migrated/audio_comp_data/raw/fma_small/069/069210.mp3,069210,Electronic,training
/scratch/pdoshi/audio_comp/home_migrated/audio_comp_data/raw/fma_small/069/069211.mp3,069211,Electronic,training
/scratch/pdoshi/audio_comp/home_migrated/audio_comp_data/raw/fma_small/069/069221.mp3,069221,Electronic,test
/scratch/pdoshi/audio_comp/home_migrated/audio_comp_data/raw/fma_small/069/069222.mp3,069222,Electronic,test
/scratch/pdoshi/audio_comp/home_migrated/audio_comp_data/raw/fma_small/069/069223.mp3,069223,Electronic,test
/scratch/pdoshi/audio_comp/home_migrated/audio_comp_data/raw/fma_small/069/069303.mp3,069303,Experimental,test
/scratch/pdoshi/audio_comp/home_migrated/audio_comp_data/raw/fma_small/069/069554.mp3,069554,Hip-Hop,training
/scratch/pdoshi/audio_comp/home_migrated/audio_comp_data/raw/fma_small/069/069555.mp3,069555,Hip-Hop,training
/scratch/pdoshi/audio_comp/home_migrated/audio_comp_data/raw/fma_small/069/069561.mp3,069561,Hip-Hop,training
/scratch/pdoshi/audio_comp/home_migrated/audio_comp_data/raw/fma_small/069/069563.mp3,069563,Hip-Hop,training
/scratch/pdoshi/audio_comp/home_migrated/audio_comp_data/raw/fma_small/069/069564.mp3,069564,Hip-Hop,training
/scratch/pdoshi/audio_comp/home_migrated/audio_comp_data/raw/fma_small/069/069567.mp3,069567,Folk,training
/scratch/pdoshi/audio_comp/home_migrated/audio_comp_data/raw/fma_small/069/069682.mp3,069682,Experimental,training
/scratch/pdoshi/audio_comp/home_migrated/audio_comp_data/raw/fma_small/069/069723.mp3,069723,Rock,training
/scratch/pdoshi/audio_comp/home_migrated/audio_comp_data/raw/fma_small/069/069726.mp3,069726,Rock,training
/scratch/pdoshi/audio_comp/home_migrated/audio_comp_data/raw/fma_small/069/069727.mp3,069727,Rock,training
/scratch/pdoshi/audio_comp/home_migrated/audio_comp_data/raw/fma_small/069/069732.mp3,069732,Electronic,training
/scratch/pdoshi/audio_comp/home_migrated/audio_comp_data/raw/fma_small/069/069744.mp3,069744,Pop,training
/scratch/pdoshi/audio_comp/home_migrated/audio_comp_data/raw/fma_small/069/069745.mp3,069745,Pop,training
/scratch/pdoshi/audio_comp/home_migrated/audio_comp_data/raw/fma_small/069/069746.mp3,069746,Pop,training
/scratch/pdoshi/audio_comp/home_migrated/audio_comp_data/raw/fma_small/069/069747.mp3,069747,Pop,training
/scratch/pdoshi/audio_comp/home_migrated/audio_comp_data/raw/fma_small/069/069761.mp3,069761,Folk,training
/scratch/pdoshi/audio_comp/home_migrated/audio_comp_data/raw/fma_small/069/069762.mp3,069762,Folk,training
/scratch/pdoshi/audio_comp/home_migrated/audio_comp_data/raw/fma_small/069/069763.mp3,069763,Folk,training
/scratch/pdoshi/audio_comp/home_migrated/audio_comp_data/raw/fma_small/069/069764.mp3,069764,Folk,training
/scratch/pdoshi/audio_comp/home_migrated/audio_comp_data/raw/fma_small/069/069765.mp3,069765,Folk,training
/scratch/pdoshi/audio_comp/home_migrated/audio_comp_data/raw/fma_small/069/069766.mp3,069766,Folk,training
/scratch/pdoshi/audio_comp/home_migrated/audio_comp_data/raw/fma_small/069/069767.mp3,069767,Folk,training
/scratch/pdoshi/audio_comp/home_migrated/audio_comp_data/raw/fma_small/069/069768.mp3,069768,Folk,training
/scratch/pdoshi/audio_comp/home_migrated/audio_comp_data/raw/fma_small/069/069781.mp3,069781,Rock,training
/scratch/pdoshi/audio_comp/home_migrated/audio_comp_data/raw/fma_small/069/069784.mp3,069784,Experimental,training
/scratch/pdoshi/audio_comp/home_migrated/audio_comp_data/raw/fma_small/069/069785.mp3,069785,Experimental,training
/scratch/pdoshi/audio_comp/home_migrated/audio_comp_data/raw/fma_small/069/069787.mp3,069787,Experimental,training
/scratch/pdoshi/audio_comp/home_migrated/audio_comp_data/raw/fma_small/069/069788.mp3,069788,Experimental,training
/scratch/pdoshi/audio_comp/home_migrated/audio_comp_data/raw/fma_small/069/069789.mp3,069789,Experimental,training
/scratch/pdoshi/audio_comp/home_migrated/audio_comp_data/raw/fma_small/069/069791.mp3,069791,Experimental,training
/scratch/pdoshi/audio_comp/home_migrated/audio_comp_data/raw/fma_small/069/069792.mp3,069792,Experimental,training
/scratch/pdoshi/audio_comp/home_migrated/audio_comp_data/raw/fma_small/069/069793.mp3,069793,Experimental,training
/scratch/pdoshi/audio_comp/home_migrated/audio_comp_data/raw/fma_small/069/069798.mp3,069798,Experimental,training
/scratch/pdoshi/audio_comp/home_migrated/audio_comp_data/raw/fma_small/069/069822.mp3,069822,Hip-Hop,training
/scratch/pdoshi/audio_comp/home_migrated/audio_comp_data/raw/fma_small/069/069823.mp3,069823,Hip-Hop,training
/scratch/pdoshi/audio_comp/home_migrated/audio_comp_data/raw/fma_small/069/069824.mp3,069824,Hip-Hop,training
/scratch/pdoshi/audio_comp/home_migrated/audio_comp_data/raw/fma_small/069/069825.mp3,069825,Hip-Hop,training
/scratch/pdoshi/audio_comp/home_migrated/audio_comp_data/raw/fma_small/069/069826.mp3,069826,Hip-Hop,training
/scratch/pdoshi/audio_comp/home_migrated/audio_comp_data/raw/fma_small/069/069827.mp3,069827,Hip-Hop,training
/scratch/pdoshi/audio_comp/home_migrated/audio_comp_data/raw/fma_small/069/069828.mp3,069828,Hip-Hop,training
/scratch/pdoshi/audio_comp/home_migrated/audio_comp_data/raw/fma_small/069/069830.mp3,069830,Hip-Hop,training
/scratch/pdoshi/audio_comp/home_migrated/audio_comp_data/raw/fma_small/069/069833.mp3,069833,Hip-Hop,training
/scratch/pdoshi/audio_comp/home_migrated/audio_comp_data/raw/fma_small/069/069904.mp3,069904,Hip-Hop,training
/scratch/pdoshi/audio_comp/home_migrated/audio_comp_data/raw/fma_small/069/069947.mp3,069947,Rock,validation
/scratch/pdoshi/audio_comp/home_migrated/audio_comp_data/raw/fma_small/069/069949.mp3,069949,Rock,validation
/scratch/pdoshi/audio_comp/home_migrated/audio_comp_data/raw/fma_small/069/069985.mp3,069985,Electronic,validation
/scratch/pdoshi/audio_comp/home_migrated/audio_comp_data/raw/fma_small/070/070002.mp3,070002,Experimental,training
/scratch/pdoshi/audio_comp/home_migrated/audio_comp_data/raw/fma_small/070/070005.mp3,070005,Experimental,training
/scratch/pdoshi/audio_comp/home_migrated/audio_comp_data/raw/fma_small/070/070174.mp3,070174,Experimental,training
/scratch/pdoshi/audio_comp/home_migrated/audio_comp_data/raw/fma_small/070/070206.mp3,070206,Hip-Hop,training
/scratch/pdoshi/audio_comp/home_migrated/audio_comp_data/raw/fma_small/070/070207.mp3,070207,Hip-Hop,training
/scratch/pdoshi/audio_comp/home_migrated/audio_comp_data/raw/fma_small/070/070208.mp3,070208,Hip-Hop,training
/scratch/pdoshi/audio_comp/home_migrated/audio_comp_data/raw/fma_small/070/070299.mp3,070299,Electronic,validation
/scratch/pdoshi/audio_comp/home_migrated/audio_comp_data/raw/fma_small/070/070300.mp3,070300,Electronic,validation
/scratch/pdoshi/audio_comp/home_migrated/audio_comp_data/raw/fma_small/070/070301.mp3,070301,Electronic,validation
/scratch/pdoshi/audio_comp/home_migrated/audio_comp_data/raw/fma_small/070/070302.mp3,070302,Electronic,validation
/scratch/pdoshi/audio_comp/home_migrated/audio_comp_data/raw/fma_small/070/070303.mp3,070303,Electronic,validation
/scratch/pdoshi/audio_comp/home_migrated/audio_comp_data/raw/fma_small/070/070402.mp3,070402,Rock,training
/scratch/pdoshi/audio_comp/home_migrated/audio_comp_data/raw/fma_small/070/070403.mp3,070403,Rock,validation
/scratch/pdoshi/audio_comp/home_migrated/audio_comp_data/raw/fma_small/070/070409.mp3,070409,Rock,training
/scratch/pdoshi/audio_comp/home_migrated/audio_comp_data/raw/fma_small/070/070423.mp3,070423,Pop,validation
/scratch/pdoshi/audio_comp/home_migrated/audio_comp_data/raw/fma_small/070/070424.mp3,070424,Pop,validation
/scratch/pdoshi/audio_comp/home_migrated/audio_comp_data/raw/fma_small/070/070425.mp3,070425,Pop,validation
/scratch/pdoshi/audio_comp/home_migrated/audio_comp_data/raw/fma_small/070/070426.mp3,070426,Pop,validation
/scratch/pdoshi/audio_comp/home_migrated/audio_comp_data/raw/fma_small/070/070654.mp3,070654,Hip-Hop,training
/scratch/pdoshi/audio_comp/home_migrated/audio_comp_data/raw/fma_small/070/070655.mp3,070655,Hip-Hop,training
/scratch/pdoshi/audio_comp/home_migrated/audio_comp_data/raw/fma_small/070/070657.mp3,070657,Hip-Hop,training
/scratch/pdoshi/audio_comp/home_migrated/audio_comp_data/raw/fma_small/070/070660.mp3,070660,Hip-Hop,training
/scratch/pdoshi/audio_comp/home_migrated/audio_comp_data/raw/fma_small/070/070768.mp3,070768,Hip-Hop,validation
/scratch/pdoshi/audio_comp/home_migrated/audio_comp_data/raw/fma_small/070/070770.mp3,070770,Hip-Hop,validation
/scratch/pdoshi/audio_comp/home_migrated/audio_comp_data/raw/fma_small/070/070772.mp3,070772,Hip-Hop,validation
/scratch/pdoshi/audio_comp/home_migrated/audio_comp_data/raw/fma_small/070/070773.mp3,070773,Hip-Hop,validation
/scratch/pdoshi/audio_comp/home_migrated/audio_comp_data/raw/fma_small/070/070774.mp3,070774,Hip-Hop,validation
/scratch/pdoshi/audio_comp/home_migrated/audio_comp_data/raw/fma_small/070/070775.mp3,070775,Hip-Hop,validation
/scratch/pdoshi/audio_comp/home_migrated/audio_comp_data/raw/fma_small/070/070813.mp3,070813,Rock,training
/scratch/pdoshi/audio_comp/home_migrated/audio_comp_data/raw/fma_small/070/070873.mp3,070873,Pop,training
/scratch/pdoshi/audio_comp/home_migrated/audio_comp_data/raw/fma_small/070/070875.mp3,070875,Pop,training
/scratch/pdoshi/audio_comp/home_migrated/audio_comp_data/raw/fma_small/070/070878.mp3,070878,Pop,training
/scratch/pdoshi/audio_comp/home_migrated/audio_comp_data/raw/fma_small/070/070879.mp3,070879,Pop,training
/scratch/pdoshi/audio_comp/home_migrated/audio_comp_data/raw/fma_small/071/071096.mp3,071096,Electronic,training
/scratch/pdoshi/audio_comp/home_migrated/audio_comp_data/raw/fma_small/071/071133.mp3,071133,Folk,training
/scratch/pdoshi/audio_comp/home_migrated/audio_comp_data/raw/fma_small/071/071157.mp3,071157,Hip-Hop,training
/scratch/pdoshi/audio_comp/home_migrated/audio_comp_data/raw/fma_small/071/071158.mp3,071158,Hip-Hop,training
/scratch/pdoshi/audio_comp/home_migrated/audio_comp_data/raw/fma_small/071/071172.mp3,071172,Hip-Hop,training
/scratch/pdoshi/audio_comp/home_migrated/audio_comp_data/raw/fma_small/071/071173.mp3,071173,Hip-Hop,training
/scratch/pdoshi/audio_comp/home_migrated/audio_comp_data/raw/fma_small/071/071174.mp3,071174,Hip-Hop,training
/scratch/pdoshi/audio_comp/home_migrated/audio_comp_data/raw/fma_small/071/071175.mp3,071175,Hip-Hop,training
/scratch/pdoshi/audio_comp/home_migrated/audio_comp_data/raw/fma_small/071/071216.mp3,071216,Hip-Hop,training
/scratch/pdoshi/audio_comp/home_migrated/audio_comp_data/raw/fma_small/071/071225.mp3,071225,Hip-Hop,training
/scratch/pdoshi/audio_comp/home_migrated/audio_comp_data/raw/fma_small/071/071228.mp3,071228,Hip-Hop,training
/scratch/pdoshi/audio_comp/home_migrated/audio_comp_data/raw/fma_small/071/071230.mp3,071230,Hip-Hop,training
/scratch/pdoshi/audio_comp/home_migrated/audio_comp_data/raw/fma_small/071/071231.mp3,071231,Hip-Hop,training
/scratch/pdoshi/audio_comp/home_migrated/audio_comp_data/raw/fma_small/071/071240.mp3,071240,Hip-Hop,training
/scratch/pdoshi/audio_comp/home_migrated/audio_comp_data/raw/fma_small/071/071241.mp3,071241,Hip-Hop,training
/scratch/pdoshi/audio_comp/home_migrated/audio_comp_data/raw/fma_small/071/071242.mp3,071242,Hip-Hop,training
/scratch/pdoshi/audio_comp/home_migrated/audio_comp_data/raw/fma_small/071/071243.mp3,071243,Hip-Hop,training
/scratch/pdoshi/audio_comp/home_migrated/audio_comp_data/raw/fma_small/071/071244.mp3,071244,Hip-Hop,training
/scratch/pdoshi/audio_comp/home_migrated/audio_comp_data/raw/fma_small/071/071245.mp3,071245,Hip-Hop,training
/scratch/pdoshi/audio_comp/home_migrated/audio_comp_data/raw/fma_small/071/071246.mp3,071246,Hip-Hop,training
/scratch/pdoshi/audio_comp/home_migrated/audio_comp_data/raw/fma_small/071/071247.mp3,071247,Hip-Hop,training
/scratch/pdoshi/audio_comp/home_migrated/audio_comp_data/raw/fma_small/071/071248.mp3,071248,Hip-Hop,training
/scratch/pdoshi/audio_comp/home_migrated/audio_comp_data/raw/fma_small/071/071249.mp3,071249,Hip-Hop,training
/scratch/pdoshi/audio_comp/home_migrated/audio_comp_data/raw/fma_small/071/071250.mp3,071250,Hip-Hop,training
/scratch/pdoshi/audio_comp/home_migrated/audio_comp_data/raw/fma_small/071/071251.mp3,071251,Hip-Hop,training
/scratch/pdoshi/audio_comp/home_migrated/audio_comp_data/raw/fma_small/071/071252.mp3,071252,Hip-Hop,training
/scratch/pdoshi/audio_comp/home_migrated/audio_comp_data/raw/fma_small/071/071253.mp3,071253,Hip-Hop,training
/scratch/pdoshi/audio_comp/home_migrated/audio_comp_data/raw/fma_small/071/071254.mp3,071254,Hip-Hop,training
/scratch/pdoshi/audio_comp/home_migrated/audio_comp_data/raw/fma_small/071/071255.mp3,071255,Hip-Hop,training
/scratch/pdoshi/audio_comp/home_migrated/audio_comp_data/raw/fma_small/071/071276.mp3,071276,Rock,training
/scratch/pdoshi/audio_comp/home_migrated/audio_comp_data/raw/fma_small/071/071303.mp3,071303,Rock,validation
/scratch/pdoshi/audio_comp/home_migrated/audio_comp_data/raw/fma_small/071/071304.mp3,071304,Rock,validation
/scratch/pdoshi/audio_comp/home_migrated/audio_comp_data/raw/fma_small/071/071371.mp3,071371,Rock,test
/scratch/pdoshi/audio_comp/home_migrated/audio_comp_data/raw/fma_small/071/071372.mp3,071372,Rock,test
/scratch/pdoshi/audio_comp/home_migrated/audio_comp_data/raw/fma_small/071/071420.mp3,071420,Electronic,test
/scratch/pdoshi/audio_comp/home_migrated/audio_comp_data/raw/fma_small/071/071503.mp3,071503,Electronic,test
/scratch/pdoshi/audio_comp/home_migrated/audio_comp_data/raw/fma_small/071/071506.mp3,071506,Electronic,validation
/scratch/pdoshi/audio_comp/home_migrated/audio_comp_data/raw/fma_small/071/071507.mp3,071507,Electronic,training
/scratch/pdoshi/audio_comp/home_migrated/audio_comp_data/raw/fma_small/071/071508.mp3,071508,Electronic,training
/scratch/pdoshi/audio_comp/home_migrated/audio_comp_data/raw/fma_small/071/071509.mp3,071509,Electronic,training
/scratch/pdoshi/audio_comp/home_migrated/audio_comp_data/raw/fma_small/071/071510.mp3,071510,Electronic,training
/scratch/pdoshi/audio_comp/home_migrated/audio_comp_data/raw/fma_small/071/071511.mp3,071511,Electronic,training
/scratch/pdoshi/audio_comp/home_migrated/audio_comp_data/raw/fma_small/071/071512.mp3,071512,Electronic,training
/scratch/pdoshi/audio_comp/home_migrated/audio_comp_data/raw/fma_small/071/071513.mp3,071513,Electronic,training
/scratch/pdoshi/audio_comp/home_migrated/audio_comp_data/raw/fma_small/071/071514.mp3,071514,Electronic,training
/scratch/pdoshi/audio_comp/home_migrated/audio_comp_data/raw/fma_small/071/071515.mp3,071515,Electronic,training
/scratch/pdoshi/audio_comp/home_migrated/audio_comp_data/raw/fma_small/071/071516.mp3,071516,Electronic,training
/scratch/pdoshi/audio_comp/home_migrated/audio_comp_data/raw/fma_small/071/071617.mp3,071617,Rock,training
/scratch/pdoshi/audio_comp/home_migrated/audio_comp_data/raw/fma_small/071/071620.mp3,071620,Rock,training
/scratch/pdoshi/audio_comp/home_migrated/audio_comp_data/raw/fma_small/071/071622.mp3,071622,Rock,training
/scratch/pdoshi/audio_comp/home_migrated/audio_comp_data/raw/fma_small/071/071690.mp3,071690,Hip-Hop,training
/scratch/pdoshi/audio_comp/home_migrated/audio_comp_data/raw/fma_small/071/071691.mp3,071691,Hip-Hop,training
/scratch/pdoshi/audio_comp/home_migrated/audio_comp_data/raw/fma_small/071/071692.mp3,071692,Hip-Hop,training
/scratch/pdoshi/audio_comp/home_migrated/audio_comp_data/raw/fma_small/071/071693.mp3,071693,Hip-Hop,training
/scratch/pdoshi/audio_comp/home_migrated/audio_comp_data/raw/fma_small/071/071694.mp3,071694,Hip-Hop,training
/scratch/pdoshi/audio_comp/home_migrated/audio_comp_data/raw/fma_small/071/071695.mp3,071695,Hip-Hop,training
/scratch/pdoshi/audio_comp/home_migrated/audio_comp_data/raw/fma_small/071/071709.mp3,071709,Pop,training
/scratch/pdoshi/audio_comp/home_migrated/audio_comp_data/raw/fma_small/071/071711.mp3,071711,Rock,test
/scratch/pdoshi/audio_comp/home_migrated/audio_comp_data/raw/fma_small/071/071714.mp3,071714,Rock,training
/scratch/pdoshi/audio_comp/home_migrated/audio_comp_data/raw/fma_small/071/071715.mp3,071715,Rock,training
/scratch/pdoshi/audio_comp/home_migrated/audio_comp_data/raw/fma_small/071/071719.mp3,071719,Rock,training
/scratch/pdoshi/audio_comp/home_migrated/audio_comp_data/raw/fma_small/071/071721.mp3,071721,Rock,training
/scratch/pdoshi/audio_comp/home_migrated/audio_comp_data/raw/fma_small/071/071722.mp3,071722,Folk,validation
/scratch/pdoshi/audio_comp/home_migrated/audio_comp_data/raw/fma_small/071/071822.mp3,071822,Electronic,training
/scratch/pdoshi/audio_comp/home_migrated/audio_comp_data/raw/fma_small/071/071884.mp3,071884,Experimental,training
/scratch/pdoshi/audio_comp/home_migrated/audio_comp_data/raw/fma_small/071/071885.mp3,071885,Experimental,training
/scratch/pdoshi/audio_comp/home_migrated/audio_comp_data/raw/fma_small/071/071937.mp3,071937,Rock,training
/scratch/pdoshi/audio_comp/home_migrated/audio_comp_data/raw/fma_small/071/071938.mp3,071938,Rock,training
/scratch/pdoshi/audio_comp/home_migrated/audio_comp_data/raw/fma_small/072/072046.mp3,072046,Folk,training
/scratch/pdoshi/audio_comp/home_migrated/audio_comp_data/raw/fma_small/072/072047.mp3,072047,Folk,training
/scratch/pdoshi/audio_comp/home_migrated/audio_comp_data/raw/fma_small/072/072050.mp3,072050,Folk,training
/scratch/pdoshi/audio_comp/home_migrated/audio_comp_data/raw/fma_small/072/072056.mp3,072056,Folk,training
/scratch/pdoshi/audio_comp/home_migrated/audio_comp_data/raw/fma_small/072/072058.mp3,072058,Folk,training
/scratch/pdoshi/audio_comp/home_migrated/audio_comp_data/raw/fma_small/072/072059.mp3,072059,Folk,training
/scratch/pdoshi/audio_comp/home_migrated/audio_comp_data/raw/fma_small/072/072064.mp3,072064,Rock,training
/scratch/pdoshi/audio_comp/home_migrated/audio_comp_data/raw/fma_small/072/072067.mp3,072067,Electronic,training
/scratch/pdoshi/audio_comp/home_migrated/audio_comp_data/raw/fma_small/072/072068.mp3,072068,Electronic,training
/scratch/pdoshi/audio_comp/home_migrated/audio_comp_data/raw/fma_small/072/072069.mp3,072069,Electronic,training
/scratch/pdoshi/audio_comp/home_migrated/audio_comp_data/raw/fma_small/072/072070.mp3,072070,Electronic,training
/scratch/pdoshi/audio_comp/home_migrated/audio_comp_data/raw/fma_small/072/072071.mp3,072071,Electronic,training
/scratch/pdoshi/audio_comp/home_migrated/audio_comp_data/raw/fma_small/072/072072.mp3,072072,Electronic,training
/scratch/pdoshi/audio_comp/home_migrated/audio_comp_data/raw/fma_small/072/072073.mp3,072073,Electronic,training
/scratch/pdoshi/audio_comp/home_migrated/audio_comp_data/raw/fma_small/072/072074.mp3,072074,Electronic,training
/scratch/pdoshi/audio_comp/home_migrated/audio_comp_data/raw/fma_small/072/072075.mp3,072075,Electronic,training
/scratch/pdoshi/audio_comp/home_migrated/audio_comp_data/raw/fma_small/072/072076.mp3,072076,Electronic,training
/scratch/pdoshi/audio_comp/home_migrated/audio_comp_data/raw/fma_small/072/072129.mp3,072129,Hip-Hop,training
/scratch/pdoshi/audio_comp/home_migrated/audio_comp_data/raw/fma_small/072/072130.mp3,072130,Hip-Hop,training
/scratch/pdoshi/audio_comp/home_migrated/audio_comp_data/raw/fma_small/072/072131.mp3,072131,Hip-Hop,training
/scratch/pdoshi/audio_comp/home_migrated/audio_comp_data/raw/fma_small/072/072134.mp3,072134,Hip-Hop,training
/scratch/pdoshi/audio_comp/home_migrated/audio_comp_data/raw/fma_small/072/072135.mp3,072135,Hip-Hop,training
/scratch/pdoshi/audio_comp/home_migrated/audio_comp_data/raw/fma_small/072/072136.mp3,072136,Hip-Hop,training
/scratch/pdoshi/audio_comp/home_migrated/audio_comp_data/raw/fma_small/072/072146.mp3,072146,Experimental,training
/scratch/pdoshi/audio_comp/home_migrated/audio_comp_data/raw/fma_small/072/072149.mp3,072149,Experimental,training
/scratch/pdoshi/audio_comp/home_migrated/audio_comp_data/raw/fma_small/072/072200.mp3,072200,Electronic,training
/scratch/pdoshi/audio_comp/home_migrated/audio_comp_data/raw/fma_small/072/072206.mp3,072206,Electronic,training
/scratch/pdoshi/audio_comp/home_migrated/audio_comp_data/raw/fma_small/072/072210.mp3,072210,Electronic,training
/scratch/pdoshi/audio_comp/home_migrated/audio_comp_data/raw/fma_small/072/072215.mp3,072215,Electronic,training
/scratch/pdoshi/audio_comp/home_migrated/audio_comp_data/raw/fma_small/072/072232.mp3,072232,Electronic,training
/scratch/pdoshi/audio_comp/home_migrated/audio_comp_data/raw/fma_small/072/072233.mp3,072233,Electronic,training
/scratch/pdoshi/audio_comp/home_migrated/audio_comp_data/raw/fma_small/072/072234.mp3,072234,Hip-Hop,training
/scratch/pdoshi/audio_comp/home_migrated/audio_comp_data/raw/fma_small/072/072287.mp3,072287,Rock,training
/scratch/pdoshi/audio_comp/home_migrated/audio_comp_data/raw/fma_small/072/072288.mp3,072288,Rock,training
/scratch/pdoshi/audio_comp/home_migrated/audio_comp_data/raw/fma_small/072/072289.mp3,072289,Rock,training
/scratch/pdoshi/audio_comp/home_migrated/audio_comp_data/raw/fma_small/072/072290.mp3,072290,Rock,training
/scratch/pdoshi/audio_comp/home_migrated/audio_comp_data/raw/fma_small/072/072456.mp3,072456,Rock,training
/scratch/pdoshi/audio_comp/home_migrated/audio_comp_data/raw/fma_small/072/072468.mp3,072468,Hip-Hop,training
/scratch/pdoshi/audio_comp/home_migrated/audio_comp_data/raw/fma_small/072/072476.mp3,072476,Pop,training
/scratch/pdoshi/audio_comp/home_migrated/audio_comp_data/raw/fma_small/072/072477.mp3,072477,Electronic,training
/scratch/pdoshi/audio_comp/home_migrated/audio_comp_data/raw/fma_small/072/072513.mp3,072513,Rock,validation
/scratch/pdoshi/audio_comp/home_migrated/audio_comp_data/raw/fma_small/072/072514.mp3,072514,Pop,validation
/scratch/pdoshi/audio_comp/home_migrated/audio_comp_data/raw/fma_small/072/072562.mp3,072562,Folk,training
/scratch/pdoshi/audio_comp/home_migrated/audio_comp_data/raw/fma_small/072/072565.mp3,072565,Folk,training
/scratch/pdoshi/audio_comp/home_migrated/audio_comp_data/raw/fma_small/072/072570.mp3,072570,Folk,training
/scratch/pdoshi/audio_comp/home_migrated/audio_comp_data/raw/fma_small/072/072604.mp3,072604,Electronic,training
/scratch/pdoshi/audio_comp/home_migrated/audio_comp_data/raw/fma_small/072/072605.mp3,072605,Folk,training
/scratch/pdoshi/audio_comp/home_migrated/audio_comp_data/raw/fma_small/072/072607.mp3,072607,Folk,training
/scratch/pdoshi/audio_comp/home_migrated/audio_comp_data/raw/fma_small/072/072612.mp3,072612,Folk,training
/scratch/pdoshi/audio_comp/home_migrated/audio_comp_data/raw/fma_small/072/072738.mp3,072738,Rock,training
/scratch/pdoshi/audio_comp/home_migrated/audio_comp_data/raw/fma_small/072/072781.mp3,072781,Hip-Hop,training
/scratch/pdoshi/audio_comp/home_migrated/audio_comp_data/raw/fma_small/072/072782.mp3,072782,Hip-Hop,training
/scratch/pdoshi/audio_comp/home_migrated/audio_comp_data/raw/fma_small/072/072783.mp3,072783,Hip-Hop,training
/scratch/pdoshi/audio_comp/home_migrated/audio_comp_data/raw/fma_small/072/072784.mp3,072784,Hip-Hop,training
/scratch/pdoshi/audio_comp/home_migrated/audio_comp_data/raw/fma_small/072/072785.mp3,072785,Hip-Hop,training
/scratch/pdoshi/audio_comp/home_migrated/audio_comp_data/raw/fma_small/072/072786.mp3,072786,Hip-Hop,training
/scratch/pdoshi/audio_comp/home_migrated/audio_comp_data/raw/fma_small/072/072787.mp3,072787,Hip-Hop,training
/scratch/pdoshi/audio_comp/home_migrated/audio_comp_data/raw/fma_small/072/072788.mp3,072788,Hip-Hop,training
/scratch/pdoshi/audio_comp/home_migrated/audio_comp_data/raw/fma_small/072/072789.mp3,072789,Hip-Hop,training
/scratch/pdoshi/audio_comp/home_migrated/audio_comp_data/raw/fma_small/072/072790.mp3,072790,Hip-Hop,training
/scratch/pdoshi/audio_comp/home_migrated/audio_comp_data/raw/fma_small/072/072926.mp3,072926,Experimental,training
/scratch/pdoshi/audio_comp/home_migrated/audio_comp_data/raw/fma_small/072/072927.mp3,072927,Experimental,training
/scratch/pdoshi/audio_comp/home_migrated/audio_comp_data/raw/fma_small/072/072928.mp3,072928,Experimental,training
/scratch/pdoshi/audio_comp/home_migrated/audio_comp_data/raw/fma_small/072/072930.mp3,072930,Experimental,training
/scratch/pdoshi/audio_comp/home_migrated/audio_comp_data/raw/fma_small/073/073087.mp3,073087,Pop,validation
/scratch/pdoshi/audio_comp/home_migrated/audio_comp_data/raw/fma_small/073/073099.mp3,073099,Experimental,training
/scratch/pdoshi/audio_comp/home_migrated/audio_comp_data/raw/fma_small/073/073100.mp3,073100,Experimental,training
/scratch/pdoshi/audio_comp/home_migrated/audio_comp_data/raw/fma_small/073/073123.mp3,073123,Electronic,training
/scratch/pdoshi/audio_comp/home_migrated/audio_comp_data/raw/fma_small/073/073124.mp3,073124,Electronic,training
/scratch/pdoshi/audio_comp/home_migrated/audio_comp_data/raw/fma_small/073/073125.mp3,073125,Electronic,training
/scratch/pdoshi/audio_comp/home_migrated/audio_comp_data/raw/fma_small/073/073169.mp3,073169,Folk,training
/scratch/pdoshi/audio_comp/home_migrated/audio_comp_data/raw/fma_small/073/073170.mp3,073170,Folk,training
/scratch/pdoshi/audio_comp/home_migrated/audio_comp_data/raw/fma_small/073/073171.mp3,073171,Folk,training
/scratch/pdoshi/audio_comp/home_migrated/audio_comp_data/raw/fma_small/073/073172.mp3,073172,Folk,training
/scratch/pdoshi/audio_comp/home_migrated/audio_comp_data/raw/fma_small/073/073174.mp3,073174,Folk,training
/scratch/pdoshi/audio_comp/home_migrated/audio_comp_data/raw/fma_small/073/073175.mp3,073175,Folk,training
/scratch/pdoshi/audio_comp/home_migrated/audio_comp_data/raw/fma_small/073/073192.mp3,073192,Rock,training
/scratch/pdoshi/audio_comp/home_migrated/audio_comp_data/raw/fma_small/073/073193.mp3,073193,Rock,training
/scratch/pdoshi/audio_comp/home_migrated/audio_comp_data/raw/fma_small/073/073306.mp3,073306,Rock,training
/scratch/pdoshi/audio_comp/home_migrated/audio_comp_data/raw/fma_small/073/073309.mp3,073309,Rock,training
/scratch/pdoshi/audio_comp/home_migrated/audio_comp_data/raw/fma_small/073/073318.mp3,073318,Rock,training
/scratch/pdoshi/audio_comp/home_migrated/audio_comp_data/raw/fma_small/073/073335.mp3,073335,Electronic,training
/scratch/pdoshi/audio_comp/home_migrated/audio_comp_data/raw/fma_small/073/073340.mp3,073340,Electronic,training
/scratch/pdoshi/audio_comp/home_migrated/audio_comp_data/raw/fma_small/073/073341.mp3,073341,Electronic,training
/scratch/pdoshi/audio_comp/home_migrated/audio_comp_data/raw/fma_small/073/073342.mp3,073342,Electronic,training
/scratch/pdoshi/audio_comp/home_migrated/audio_comp_data/raw/fma_small/073/073343.mp3,073343,Electronic,training
/scratch/pdoshi/audio_comp/home_migrated/audio_comp_data/raw/fma_small/073/073344.mp3,073344,Electronic,training
/scratch/pdoshi/audio_comp/home_migrated/audio_comp_data/raw/fma_small/073/073363.mp3,073363,Electronic,training
/scratch/pdoshi/audio_comp/home_migrated/audio_comp_data/raw/fma_small/073/073365.mp3,073365,Electronic,training
/scratch/pdoshi/audio_comp/home_migrated/audio_comp_data/raw/fma_small/073/073366.mp3,073366,Electronic,training
/scratch/pdoshi/audio_comp/home_migrated/audio_comp_data/raw/fma_small/073/073367.mp3,073367,Electronic,training
/scratch/pdoshi/audio_comp/home_migrated/audio_comp_data/raw/fma_small/073/073368.mp3,073368,Electronic,training
/scratch/pdoshi/audio_comp/home_migrated/audio_comp_data/raw/fma_small/073/073369.mp3,073369,Electronic,training
/scratch/pdoshi/audio_comp/home_migrated/audio_comp_data/raw/fma_small/073/073370.mp3,073370,Electronic,training
/scratch/pdoshi/audio_comp/home_migrated/audio_comp_data/raw/fma_small/073/073371.mp3,073371,Electronic,training
/scratch/pdoshi/audio_comp/home_migrated/audio_comp_data/raw/fma_small/073/073372.mp3,073372,Electronic,training
/scratch/pdoshi/audio_comp/home_migrated/audio_comp_data/raw/fma_small/073/073465.mp3,073465,Pop,training
/scratch/pdoshi/audio_comp/home_migrated/audio_comp_data/raw/fma_small/073/073466.mp3,073466,Pop,training
/scratch/pdoshi/audio_comp/home_migrated/audio_comp_data/raw/fma_small/073/073467.mp3,073467,Pop,training
/scratch/pdoshi/audio_comp/home_migrated/audio_comp_data/raw/fma_small/073/073468.mp3,073468,Pop,training
/scratch/pdoshi/audio_comp/home_migrated/audio_comp_data/raw/fma_small/073/073469.mp3,073469,Pop,training
/scratch/pdoshi/audio_comp/home_migrated/audio_comp_data/raw/fma_small/073/073486.mp3,073486,Rock,training
/scratch/pdoshi/audio_comp/home_migrated/audio_comp_data/raw/fma_small/073/073494.mp3,073494,Experimental,test
/scratch/pdoshi/audio_comp/home_migrated/audio_comp_data/raw/fma_small/073/073495.mp3,073495,Instrumental,training
/scratch/pdoshi/audio_comp/home_migrated/audio_comp_data/raw/fma_small/073/073519.mp3,073519,Rock,test
/scratch/pdoshi/audio_comp/home_migrated/audio_comp_data/raw/fma_small/073/073520.mp3,073520,Rock,test
/scratch/pdoshi/audio_comp/home_migrated/audio_comp_data/raw/fma_small/073/073521.mp3,073521,Rock,test
/scratch/pdoshi/audio_comp/home_migrated/audio_comp_data/raw/fma_small/073/073522.mp3,073522,Rock,test
/scratch/pdoshi/audio_comp/home_migrated/audio_comp_data/raw/fma_small/073/073550.mp3,073550,Hip-Hop,training
/scratch/pdoshi/audio_comp/home_migrated/audio_comp_data/raw/fma_small/073/073551.mp3,073551,Hip-Hop,training
/scratch/pdoshi/audio_comp/home_migrated/audio_comp_data/raw/fma_small/073/073560.mp3,073560,Electronic,validation
/scratch/pdoshi/audio_comp/home_migrated/audio_comp_data/raw/fma_small/073/073561.mp3,073561,Electronic,validation
/scratch/pdoshi/audio_comp/home_migrated/audio_comp_data/raw/fma_small/073/073564.mp3,073564,Electronic,validation
/scratch/pdoshi/audio_comp/home_migrated/audio_comp_data/raw/fma_small/073/073565.mp3,073565,Electronic,validation
/scratch/pdoshi/audio_comp/home_migrated/audio_comp_data/raw/fma_small/073/073566.mp3,073566,Folk,training
/scratch/pdoshi/audio_comp/home_migrated/audio_comp_data/raw/fma_small/073/073568.mp3,073568,Folk,training
/scratch/pdoshi/audio_comp/home_migrated/audio_comp_data/raw/fma_small/073/073572.mp3,073572,Folk,training
/scratch/pdoshi/audio_comp/home_migrated/audio_comp_data/raw/fma_small/073/073573.mp3,073573,Folk,training
/scratch/pdoshi/audio_comp/home_migrated/audio_comp_data/raw/fma_small/073/073580.mp3,073580,Folk,training
/scratch/pdoshi/audio_comp/home_migrated/audio_comp_data/raw/fma_small/073/073584.mp3,073584,Folk,training
/scratch/pdoshi/audio_comp/home_migrated/audio_comp_data/raw/fma_small/073/073585.mp3,073585,Folk,training
/scratch/pdoshi/audio_comp/home_migrated/audio_comp_data/raw/fma_small/073/073587.mp3,073587,Folk,training
/scratch/pdoshi/audio_comp/home_migrated/audio_comp_data/raw/fma_small/073/073658.mp3,073658,Folk,training
/scratch/pdoshi/audio_comp/home_migrated/audio_comp_data/raw/fma_small/073/073675.mp3,073675,Folk,training
/scratch/pdoshi/audio_comp/home_migrated/audio_comp_data/raw/fma_small/073/073760.mp3,073760,International,training
/scratch/pdoshi/audio_comp/home_migrated/audio_comp_data/raw/fma_small/073/073761.mp3,073761,International,training
/scratch/pdoshi/audio_comp/home_migrated/audio_comp_data/raw/fma_small/073/073762.mp3,073762,International,training
/scratch/pdoshi/audio_comp/home_migrated/audio_comp_data/raw/fma_small/073/073763.mp3,073763,International,validation
/scratch/pdoshi/audio_comp/home_migrated/audio_comp_data/raw/fma_small/073/073764.mp3,073764,International,training
/scratch/pdoshi/audio_comp/home_migrated/audio_comp_data/raw/fma_small/073/073765.mp3,073765,International,training
/scratch/pdoshi/audio_comp/home_migrated/audio_comp_data/raw/fma_small/073/073766.mp3,073766,International,training
/scratch/pdoshi/audio_comp/home_migrated/audio_comp_data/raw/fma_small/073/073767.mp3,073767,International,training
/scratch/pdoshi/audio_comp/home_migrated/audio_comp_data/raw/fma_small/073/073768.mp3,073768,International,training
/scratch/pdoshi/audio_comp/home_migrated/audio_comp_data/raw/fma_small/073/073769.mp3,073769,International,training
/scratch/pdoshi/audio_comp/home_migrated/audio_comp_data/raw/fma_small/073/073770.mp3,073770,International,training
/scratch/pdoshi/audio_comp/home_migrated/audio_comp_data/raw/fma_small/073/073771.mp3,073771,International,training
/scratch/pdoshi/audio_comp/home_migrated/audio_comp_data/raw/fma_small/073/073772.mp3,073772,International,training
/scratch/pdoshi/audio_comp/home_migrated/audio_comp_data/raw/fma_small/073/073773.mp3,073773,International,validation
/scratch/pdoshi/audio_comp/home_migrated/audio_comp_data/raw/fma_small/073/073774.mp3,073774,International,training
/scratch/pdoshi/audio_comp/home_migrated/audio_comp_data/raw/fma_small/073/073775.mp3,073775,International,validation
/scratch/pdoshi/audio_comp/home_migrated/audio_comp_data/raw/fma_small/073/073776.mp3,073776,International,test
/scratch/pdoshi/audio_comp/home_migrated/audio_comp_data/raw/fma_small/073/073777.mp3,073777,International,test
/scratch/pdoshi/audio_comp/home_migrated/audio_comp_data/raw/fma_small/073/073778.mp3,073778,International,training
/scratch/pdoshi/audio_comp/home_migrated/audio_comp_data/raw/fma_small/073/073779.mp3,073779,International,test
/scratch/pdoshi/audio_comp/home_migrated/audio_comp_data/raw/fma_small/073/073792.mp3,073792,Pop,training
/scratch/pdoshi/audio_comp/home_migrated/audio_comp_data/raw/fma_small/073/073797.mp3,073797,Folk,training
/scratch/pdoshi/audio_comp/home_migrated/audio_comp_data/raw/fma_small/073/073819.mp3,073819,Experimental,training
/scratch/pdoshi/audio_comp/home_migrated/audio_comp_data/raw/fma_small/073/073820.mp3,073820,Experimental,training
/scratch/pdoshi/audio_comp/home_migrated/audio_comp_data/raw/fma_small/073/073821.mp3,073821,Experimental,training
/scratch/pdoshi/audio_comp/home_migrated/audio_comp_data/raw/fma_small/073/073822.mp3,073822,Experimental,training
/scratch/pdoshi/audio_comp/home_migrated/audio_comp_data/raw/fma_small/073/073921.mp3,073921,Pop,training
/scratch/pdoshi/audio_comp/home_migrated/audio_comp_data/raw/fma_small/074/074002.mp3,074002,Pop,test
/scratch/pdoshi/audio_comp/home_migrated/audio_comp_data/raw/fma_small/074/074302.mp3,074302,Experimental,training
/scratch/pdoshi/audio_comp/home_migrated/audio_comp_data/raw/fma_small/074/074347.mp3,074347,Experimental,training
/scratch/pdoshi/audio_comp/home_migrated/audio_comp_data/raw/fma_small/074/074348.mp3,074348,Rock,training
/scratch/pdoshi/audio_comp/home_migrated/audio_comp_data/raw/fma_small/074/074362.mp3,074362,Electronic,training
/scratch/pdoshi/audio_comp/home_migrated/audio_comp_data/raw/fma_small/074/074365.mp3,074365,Electronic,training
/scratch/pdoshi/audio_comp/home_migrated/audio_comp_data/raw/fma_small/074/074370.mp3,074370,Experimental,training
/scratch/pdoshi/audio_comp/home_migrated/audio_comp_data/raw/fma_small/074/074371.mp3,074371,Experimental,training
/scratch/pdoshi/audio_comp/home_migrated/audio_comp_data/raw/fma_small/074/074372.mp3,074372,Experimental,training
/scratch/pdoshi/audio_comp/home_migrated/audio_comp_data/raw/fma_small/074/074373.mp3,074373,Experimental,training
/scratch/pdoshi/audio_comp/home_migrated/audio_comp_data/raw/fma_small/074/074374.mp3,074374,Experimental,test
/scratch/pdoshi/audio_comp/home_migrated/audio_comp_data/raw/fma_small/074/074375.mp3,074375,Experimental,training
/scratch/pdoshi/audio_comp/home_migrated/audio_comp_data/raw/fma_small/074/074376.mp3,074376,Experimental,validation
/scratch/pdoshi/audio_comp/home_migrated/audio_comp_data/raw/fma_small/074/074377.mp3,074377,Experimental,training
/scratch/pdoshi/audio_comp/home_migrated/audio_comp_data/raw/fma_small/074/074378.mp3,074378,Experimental,training
/scratch/pdoshi/audio_comp/home_migrated/audio_comp_data/raw/fma_small/074/074380.mp3,074380,Experimental,training
/scratch/pdoshi/audio_comp/home_migrated/audio_comp_data/raw/fma_small/074/074381.mp3,074381,Experimental,training
/scratch/pdoshi/audio_comp/home_migrated/audio_comp_data/raw/fma_small/074/074382.mp3,074382,Experimental,training
/scratch/pdoshi/audio_comp/home_migrated/audio_comp_data/raw/fma_small/074/074383.mp3,074383,Experimental,training
/scratch/pdoshi/audio_comp/home_migrated/audio_comp_data/raw/fma_small/074/074384.mp3,074384,Experimental,training
/scratch/pdoshi/audio_comp/home_migrated/audio_comp_data/raw/fma_small/074/074385.mp3,074385,Experimental,training
/scratch/pdoshi/audio_comp/home_migrated/audio_comp_data/raw/fma_small/074/074386.mp3,074386,Experimental,training
/scratch/pdoshi/audio_comp/home_migrated/audio_comp_data/raw/fma_small/074/074387.mp3,074387,Experimental,training
/scratch/pdoshi/audio_comp/home_migrated/audio_comp_data/raw/fma_small/074/074388.mp3,074388,Experimental,training
/scratch/pdoshi/audio_comp/home_migrated/audio_comp_data/raw/fma_small/074/074389.mp3,074389,Experimental,validation
/scratch/pdoshi/audio_comp/home_migrated/audio_comp_data/raw/fma_small/074/074390.mp3,074390,Experimental,training
/scratch/pdoshi/audio_comp/home_migrated/audio_comp_data/raw/fma_small/074/074391.mp3,074391,Experimental,validation
/scratch/pdoshi/audio_comp/home_migrated/audio_comp_data/raw/fma_small/074/074392.mp3,074392,Experimental,training
/scratch/pdoshi/audio_comp/home_migrated/audio_comp_data/raw/fma_small/074/074393.mp3,074393,Experimental,test
/scratch/pdoshi/audio_comp/home_migrated/audio_comp_data/raw/fma_small/074/074421.mp3,074421,Folk,training
/scratch/pdoshi/audio_comp/home_migrated/audio_comp_data/raw/fma_small/074/074445.mp3,074445,Folk,training
/scratch/pdoshi/audio_comp/home_migrated/audio_comp_data/raw/fma_small/074/074546.mp3,074546,Folk,training
/scratch/pdoshi/audio_comp/home_migrated/audio_comp_data/raw/fma_small/074/074669.mp3,074669,Rock,training
/scratch/pdoshi/audio_comp/home_migrated/audio_comp_data/raw/fma_small/074/074671.mp3,074671,Rock,training
/scratch/pdoshi/audio_comp/home_migrated/audio_comp_data/raw/fma_small/074/074706.mp3,074706,Rock,training
/scratch/pdoshi/audio_comp/home_migrated/audio_comp_data/raw/fma_small/074/074908.mp3,074908,Rock,training
/scratch/pdoshi/audio_comp/home_migrated/audio_comp_data/raw/fma_small/074/074937.mp3,074937,Folk,validation
/scratch/pdoshi/audio_comp/home_migrated/audio_comp_data/raw/fma_small/074/074942.mp3,074942,Folk,training
/scratch/pdoshi/audio_comp/home_migrated/audio_comp_data/raw/fma_small/074/074945.mp3,074945,Pop,validation
/scratch/pdoshi/audio_comp/home_migrated/audio_comp_data/raw/fma_small/074/074954.mp3,074954,Hip-Hop,training
/scratch/pdoshi/audio_comp/home_migrated/audio_comp_data/raw/fma_small/074/074955.mp3,074955,Hip-Hop,training
/scratch/pdoshi/audio_comp/home_migrated/audio_comp_data/raw/fma_small/074/074959.mp3,074959,Experimental,training
/scratch/pdoshi/audio_comp/home_migrated/audio_comp_data/raw/fma_small/074/074960.mp3,074960,Experimental,training
/scratch/pdoshi/audio_comp/home_migrated/audio_comp_data/raw/fma_small/075/075194.mp3,075194,Pop,training
/scratch/pdoshi/audio_comp/home_migrated/audio_comp_data/raw/fma_small/075/075211.mp3,075211,Rock,validation
/scratch/pdoshi/audio_comp/home_migrated/audio_comp_data/raw/fma_small/075/075221.mp3,075221,Rock,training
/scratch/pdoshi/audio_comp/home_migrated/audio_comp_data/raw/fma_small/075/075230.mp3,075230,Rock,training
/scratch/pdoshi/audio_comp/home_migrated/audio_comp_data/raw/fma_small/075/075304.mp3,075304,Folk,training
/scratch/pdoshi/audio_comp/home_migrated/audio_comp_data/raw/fma_small/075/075310.mp3,075310,Pop,training
/scratch/pdoshi/audio_comp/home_migrated/audio_comp_data/raw/fma_small/075/075314.mp3,075314,Pop,training
/scratch/pdoshi/audio_comp/home_migrated/audio_comp_data/raw/fma_small/075/075317.mp3,075317,Pop,training
/scratch/pdoshi/audio_comp/home_migrated/audio_comp_data/raw/fma_small/075/075371.mp3,075371,Hip-Hop,validation
/scratch/pdoshi/audio_comp/home_migrated/audio_comp_data/raw/fma_small/075/075372.mp3,075372,Hip-Hop,validation
/scratch/pdoshi/audio_comp/home_migrated/audio_comp_data/raw/fma_small/075/075373.mp3,075373,Hip-Hop,validation
/scratch/pdoshi/audio_comp/home_migrated/audio_comp_data/raw/fma_small/075/075374.mp3,075374,Hip-Hop,validation
/scratch/pdoshi/audio_comp/home_migrated/audio_comp_data/raw/fma_small/075/075375.mp3,075375,Hip-Hop,validation
/scratch/pdoshi/audio_comp/home_migrated/audio_comp_data/raw/fma_small/075/075376.mp3,075376,Hip-Hop,validation
/scratch/pdoshi/audio_comp/home_migrated/audio_comp_data/raw/fma_small/075/075377.mp3,075377,Hip-Hop,validation
/scratch/pdoshi/audio_comp/home_migrated/audio_comp_data/raw/fma_small/075/075378.mp3,075378,Hip-Hop,validation
/scratch/pdoshi/audio_comp/home_migrated/audio_comp_data/raw/fma_small/075/075379.mp3,075379,Hip-Hop,validation
/scratch/pdoshi/audio_comp/home_migrated/audio_comp_data/raw/fma_small/075/075380.mp3,075380,Hip-Hop,validation
/scratch/pdoshi/audio_comp/home_migrated/audio_comp_data/raw/fma_small/075/075381.mp3,075381,Hip-Hop,validation
/scratch/pdoshi/audio_comp/home_migrated/audio_comp_data/raw/fma_small/075/075383.mp3,075383,Hip-Hop,validation
/scratch/pdoshi/audio_comp/home_migrated/audio_comp_data/raw/fma_small/075/075386.mp3,075386,Hip-Hop,validation
/scratch/pdoshi/audio_comp/home_migrated/audio_comp_data/raw/fma_small/075/075389.mp3,075389,Hip-Hop,validation
/scratch/pdoshi/audio_comp/home_migrated/audio_comp_data/raw/fma_small/075/075390.mp3,075390,Hip-Hop,validation
/scratch/pdoshi/audio_comp/home_migrated/audio_comp_data/raw/fma_small/075/075391.mp3,075391,Hip-Hop,validation
/scratch/pdoshi/audio_comp/home_migrated/audio_comp_data/raw/fma_small/075/075393.mp3,075393,Hip-Hop,validation
/scratch/pdoshi/audio_comp/home_migrated/audio_comp_data/raw/fma_small/075/075395.mp3,075395,Hip-Hop,validation
/scratch/pdoshi/audio_comp/home_migrated/audio_comp_data/raw/fma_small/075/075396.mp3,075396,Hip-Hop,validation
/scratch/pdoshi/audio_comp/home_migrated/audio_comp_data/raw/fma_small/075/075398.mp3,075398,Hip-Hop,validation
/scratch/pdoshi/audio_comp/home_migrated/audio_comp_data/raw/fma_small/075/075399.mp3,075399,Hip-Hop,validation
/scratch/pdoshi/audio_comp/home_migrated/audio_comp_data/raw/fma_small/075/075401.mp3,075401,Hip-Hop,validation
/scratch/pdoshi/audio_comp/home_migrated/audio_comp_data/raw/fma_small/075/075403.mp3,075403,Hip-Hop,validation
/scratch/pdoshi/audio_comp/home_migrated/audio_comp_data/raw/fma_small/075/075412.mp3,075412,Hip-Hop,validation
/scratch/pdoshi/audio_comp/home_migrated/audio_comp_data/raw/fma_small/075/075415.mp3,075415,Hip-Hop,validation
/scratch/pdoshi/audio_comp/home_migrated/audio_comp_data/raw/fma_small/075/075417.mp3,075417,Hip-Hop,validation
/scratch/pdoshi/audio_comp/home_migrated/audio_comp_data/raw/fma_small/075/075418.mp3,075418,Hip-Hop,validation
/scratch/pdoshi/audio_comp/home_migrated/audio_comp_data/raw/fma_small/075/075419.mp3,075419,Hip-Hop,validation
/scratch/pdoshi/audio_comp/home_migrated/audio_comp_data/raw/fma_small/075/075420.mp3,075420,Hip-Hop,validation
/scratch/pdoshi/audio_comp/home_migrated/audio_comp_data/raw/fma_small/075/075425.mp3,075425,Hip-Hop,validation
/scratch/pdoshi/audio_comp/home_migrated/audio_comp_data/raw/fma_small/075/075427.mp3,075427,Hip-Hop,validation
/scratch/pdoshi/audio_comp/home_migrated/audio_comp_data/raw/fma_small/075/075428.mp3,075428,Hip-Hop,validation
/scratch/pdoshi/audio_comp/home_migrated/audio_comp_data/raw/fma_small/075/075429.mp3,075429,Instrumental,training
/scratch/pdoshi/audio_comp/home_migrated/audio_comp_data/raw/fma_small/075/075430.mp3,075430,Instrumental,training
/scratch/pdoshi/audio_comp/home_migrated/audio_comp_data/raw/fma_small/075/075431.mp3,075431,Instrumental,training
/scratch/pdoshi/audio_comp/home_migrated/audio_comp_data/raw/fma_small/075/075432.mp3,075432,Instrumental,training
/scratch/pdoshi/audio_comp/home_migrated/audio_comp_data/raw/fma_small/075/075433.mp3,075433,Instrumental,training
/scratch/pdoshi/audio_comp/home_migrated/audio_comp_data/raw/fma_small/075/075434.mp3,075434,Instrumental,training
/scratch/pdoshi/audio_comp/home_migrated/audio_comp_data/raw/fma_small/075/075435.mp3,075435,Instrumental,training
/scratch/pdoshi/audio_comp/home_migrated/audio_comp_data/raw/fma_small/075/075436.mp3,075436,Instrumental,training
/scratch/pdoshi/audio_comp/home_migrated/audio_comp_data/raw/fma_small/075/075437.mp3,075437,Instrumental,training
/scratch/pdoshi/audio_comp/home_migrated/audio_comp_data/raw/fma_small/075/075438.mp3,075438,Instrumental,training
/scratch/pdoshi/audio_comp/home_migrated/audio_comp_data/raw/fma_small/075/075439.mp3,075439,Instrumental,training
/scratch/pdoshi/audio_comp/home_migrated/audio_comp_data/raw/fma_small/075/075440.mp3,075440,Instrumental,training
/scratch/pdoshi/audio_comp/home_migrated/audio_comp_data/raw/fma_small/075/075441.mp3,075441,Instrumental,training
/scratch/pdoshi/audio_comp/home_migrated/audio_comp_data/raw/fma_small/075/075442.mp3,075442,Instrumental,training
/scratch/pdoshi/audio_comp/home_migrated/audio_comp_data/raw/fma_small/075/075443.mp3,075443,Instrumental,training
/scratch/pdoshi/audio_comp/home_migrated/audio_comp_data/raw/fma_small/075/075607.mp3,075607,Instrumental,training
/scratch/pdoshi/audio_comp/home_migrated/audio_comp_data/raw/fma_small/075/075612.mp3,075612,Instrumental,training
/scratch/pdoshi/audio_comp/home_migrated/audio_comp_data/raw/fma_small/075/075692.mp3,075692,Pop,training
/scratch/pdoshi/audio_comp/home_migrated/audio_comp_data/raw/fma_small/075/075745.mp3,075745,Hip-Hop,validation
/scratch/pdoshi/audio_comp/home_migrated/audio_comp_data/raw/fma_small/075/075746.mp3,075746,Hip-Hop,validation
/scratch/pdoshi/audio_comp/home_migrated/audio_comp_data/raw/fma_small/075/075747.mp3,075747,Hip-Hop,validation
/scratch/pdoshi/audio_comp/home_migrated/audio_comp_data/raw/fma_small/075/075748.mp3,075748,Hip-Hop,validation
/scratch/pdoshi/audio_comp/home_migrated/audio_comp_data/raw/fma_small/075/075749.mp3,075749,Hip-Hop,validation
/scratch/pdoshi/audio_comp/home_migrated/audio_comp_data/raw/fma_small/075/075750.mp3,075750,Hip-Hop,validation
/scratch/pdoshi/audio_comp/home_migrated/audio_comp_data/raw/fma_small/075/075751.mp3,075751,Hip-Hop,validation
/scratch/pdoshi/audio_comp/home_migrated/audio_comp_data/raw/fma_small/075/075752.mp3,075752,Hip-Hop,validation
/scratch/pdoshi/audio_comp/home_migrated/audio_comp_data/raw/fma_small/075/075754.mp3,075754,Hip-Hop,validation
/scratch/pdoshi/audio_comp/home_migrated/audio_comp_data/raw/fma_small/075/075755.mp3,075755,Hip-Hop,validation
/scratch/pdoshi/audio_comp/home_migrated/audio_comp_data/raw/fma_small/075/075762.mp3,075762,Electronic,training
/scratch/pdoshi/audio_comp/home_migrated/audio_comp_data/raw/fma_small/075/075763.mp3,075763,Electronic,training
/scratch/pdoshi/audio_comp/home_migrated/audio_comp_data/raw/fma_small/075/075764.mp3,075764,Electronic,training
/scratch/pdoshi/audio_comp/home_migrated/audio_comp_data/raw/fma_small/075/075782.mp3,075782,Rock,training
/scratch/pdoshi/audio_comp/home_migrated/audio_comp_data/raw/fma_small/075/075783.mp3,075783,Rock,training
/scratch/pdoshi/audio_comp/home_migrated/audio_comp_data/raw/fma_small/075/075784.mp3,075784,Rock,training
/scratch/pdoshi/audio_comp/home_migrated/audio_comp_data/raw/fma_small/075/075785.mp3,075785,Rock,training
/scratch/pdoshi/audio_comp/home_migrated/audio_comp_data/raw/fma_small/075/075786.mp3,075786,Rock,training
/scratch/pdoshi/audio_comp/home_migrated/audio_comp_data/raw/fma_small/075/075787.mp3,075787,Rock,training
/scratch/pdoshi/audio_comp/home_migrated/audio_comp_data/raw/fma_small/075/075788.mp3,075788,Rock,training
/scratch/pdoshi/audio_comp/home_migrated/audio_comp_data/raw/fma_small/075/075844.mp3,075844,Folk,training
/scratch/pdoshi/audio_comp/home_migrated/audio_comp_data/raw/fma_small/075/075862.mp3,075862,Folk,training
/scratch/pdoshi/audio_comp/home_migrated/audio_comp_data/raw/fma_small/075/075866.mp3,075866,Folk,training
/scratch/pdoshi/audio_comp/home_migrated/audio_comp_data/raw/fma_small/075/075869.mp3,075869,Folk,training
/scratch/pdoshi/audio_comp/home_migrated/audio_comp_data/raw/fma_small/075/075883.mp3,075883,Folk,training
/scratch/pdoshi/audio_comp/home_migrated/audio_comp_data/raw/fma_small/075/075903.mp3,075903,Rock,training
/scratch/pdoshi/audio_comp/home_migrated/audio_comp_data/raw/fma_small/075/075908.mp3,075908,Rock,training
/scratch/pdoshi/audio_comp/home_migrated/audio_comp_data/raw/fma_small/075/075925.mp3,075925,Hip-Hop,training
/scratch/pdoshi/audio_comp/home_migrated/audio_comp_data/raw/fma_small/075/075926.mp3,075926,Hip-Hop,training
/scratch/pdoshi/audio_comp/home_migrated/audio_comp_data/raw/fma_small/075/075927.mp3,075927,Hip-Hop,training
/scratch/pdoshi/audio_comp/home_migrated/audio_comp_data/raw/fma_small/075/075928.mp3,075928,Hip-Hop,training
/scratch/pdoshi/audio_comp/home_migrated/audio_comp_data/raw/fma_small/075/075929.mp3,075929,Hip-Hop,training
/scratch/pdoshi/audio_comp/home_migrated/audio_comp_data/raw/fma_small/075/075930.mp3,075930,Hip-Hop,training
/scratch/pdoshi/audio_comp/home_migrated/audio_comp_data/raw/fma_small/075/075931.mp3,075931,Hip-Hop,training
/scratch/pdoshi/audio_comp/home_migrated/audio_comp_data/raw/fma_small/075/075932.mp3,075932,Hip-Hop,training
/scratch/pdoshi/audio_comp/home_migrated/audio_comp_data/raw/fma_small/075/075933.mp3,075933,Hip-Hop,training
/scratch/pdoshi/audio_comp/home_migrated/audio_comp_data/raw/fma_small/075/075935.mp3,075935,Hip-Hop,training
/scratch/pdoshi/audio_comp/home_migrated/audio_comp_data/raw/fma_small/075/075936.mp3,075936,Hip-Hop,training
/scratch/pdoshi/audio_comp/home_migrated/audio_comp_data/raw/fma_small/075/075937.mp3,075937,Hip-Hop,training
/scratch/pdoshi/audio_comp/home_migrated/audio_comp_data/raw/fma_small/075/075975.mp3,075975,Experimental,training
/scratch/pdoshi/audio_comp/home_migrated/audio_comp_data/raw/fma_small/076/076036.mp3,076036,Experimental,training
/scratch/pdoshi/audio_comp/home_migrated/audio_comp_data/raw/fma_small/076/076069.mp3,076069,International,training
/scratch/pdoshi/audio_comp/home_migrated/audio_comp_data/raw/fma_small/076/076071.mp3,076071,International,training
/scratch/pdoshi/audio_comp/home_migrated/audio_comp_data/raw/fma_small/076/076072.mp3,076072,International,training
/scratch/pdoshi/audio_comp/home_migrated/audio_comp_data/raw/fma_small/076/076073.mp3,076073,International,training
/scratch/pdoshi/audio_comp/home_migrated/audio_comp_data/raw/fma_small/076/076074.mp3,076074,International,training
/scratch/pdoshi/audio_comp/home_migrated/audio_comp_data/raw/fma_small/076/076075.mp3,076075,International,training
/scratch/pdoshi/audio_comp/home_migrated/audio_comp_data/raw/fma_small/076/076076.mp3,076076,International,training
/scratch/pdoshi/audio_comp/home_migrated/audio_comp_data/raw/fma_small/076/076077.mp3,076077,International,training
/scratch/pdoshi/audio_comp/home_migrated/audio_comp_data/raw/fma_small/076/076078.mp3,076078,International,training
/scratch/pdoshi/audio_comp/home_migrated/audio_comp_data/raw/fma_small/076/076079.mp3,076079,International,training
/scratch/pdoshi/audio_comp/home_migrated/audio_comp_data/raw/fma_small/076/076121.mp3,076121,Rock,training
/scratch/pdoshi/audio_comp/home_migrated/audio_comp_data/raw/fma_small/076/076128.mp3,076128,Pop,test
/scratch/pdoshi/audio_comp/home_migrated/audio_comp_data/raw/fma_small/076/076129.mp3,076129,Pop,test
/scratch/pdoshi/audio_comp/home_migrated/audio_comp_data/raw/fma_small/076/076130.mp3,076130,Pop,test
/scratch/pdoshi/audio_comp/home_migrated/audio_comp_data/raw/fma_small/076/076131.mp3,076131,Pop,test
/scratch/pdoshi/audio_comp/home_migrated/audio_comp_data/raw/fma_small/076/076363.mp3,076363,Instrumental,test
/scratch/pdoshi/audio_comp/home_migrated/audio_comp_data/raw/fma_small/076/076375.mp3,076375,Experimental,training
/scratch/pdoshi/audio_comp/home_migrated/audio_comp_data/raw/fma_small/076/076381.mp3,076381,Experimental,training
/scratch/pdoshi/audio_comp/home_migrated/audio_comp_data/raw/fma_small/076/076437.mp3,076437,Folk,training
/scratch/pdoshi/audio_comp/home_migrated/audio_comp_data/raw/fma_small/076/076440.mp3,076440,Folk,training
/scratch/pdoshi/audio_comp/home_migrated/audio_comp_data/raw/fma_small/076/076654.mp3,076654,Electronic,training
/scratch/pdoshi/audio_comp/home_migrated/audio_comp_data/raw/fma_small/076/076659.mp3,076659,Electronic,training
/scratch/pdoshi/audio_comp/home_migrated/audio_comp_data/raw/fma_small/077/077517.mp3,077517,Experimental,training
/scratch/pdoshi/audio_comp/home_migrated/audio_comp_data/raw/fma_small/077/077519.mp3,077519,Experimental,training
/scratch/pdoshi/audio_comp/home_migrated/audio_comp_data/raw/fma_small/077/077521.mp3,077521,Experimental,training
/scratch/pdoshi/audio_comp/home_migrated/audio_comp_data/raw/fma_small/077/077522.mp3,077522,Experimental,training
/scratch/pdoshi/audio_comp/home_migrated/audio_comp_data/raw/fma_small/077/077523.mp3,077523,Experimental,training
/scratch/pdoshi/audio_comp/home_migrated/audio_comp_data/raw/fma_small/077/077564.mp3,077564,Pop,training
/scratch/pdoshi/audio_comp/home_migrated/audio_comp_data/raw/fma_small/077/077571.mp3,077571,Hip-Hop,training
/scratch/pdoshi/audio_comp/home_migrated/audio_comp_data/raw/fma_small/077/077572.mp3,077572,Pop,training
/scratch/pdoshi/audio_comp/home_migrated/audio_comp_data/raw/fma_small/077/077952.mp3,077952,Electronic,training
/scratch/pdoshi/audio_comp/home_migrated/audio_comp_data/raw/fma_small/078/078038.mp3,078038,Experimental,training
/scratch/pdoshi/audio_comp/home_migrated/audio_comp_data/raw/fma_small/078/078156.mp3,078156,Hip-Hop,training
/scratch/pdoshi/audio_comp/home_migrated/audio_comp_data/raw/fma_small/078/078213.mp3,078213,Folk,training
/scratch/pdoshi/audio_comp/home_migrated/audio_comp_data/raw/fma_small/078/078516.mp3,078516,Hip-Hop,training
/scratch/pdoshi/audio_comp/home_migrated/audio_comp_data/raw/fma_small/078/078833.mp3,078833,Hip-Hop,training
/scratch/pdoshi/audio_comp/home_migrated/audio_comp_data/raw/fma_small/078/078834.mp3,078834,Hip-Hop,training
/scratch/pdoshi/audio_comp/home_migrated/audio_comp_data/raw/fma_small/078/078839.mp3,078839,Hip-Hop,training
/scratch/pdoshi/audio_comp/home_migrated/audio_comp_data/raw/fma_small/078/078841.mp3,078841,Hip-Hop,training
/scratch/pdoshi/audio_comp/home_migrated/audio_comp_data/raw/fma_small/078/078843.mp3,078843,Hip-Hop,training
/scratch/pdoshi/audio_comp/home_migrated/audio_comp_data/raw/fma_small/078/078845.mp3,078845,Hip-Hop,training
/scratch/pdoshi/audio_comp/home_migrated/audio_comp_data/raw/fma_small/078/078847.mp3,078847,Hip-Hop,training
/scratch/pdoshi/audio_comp/home_migrated/audio_comp_data/raw/fma_small/078/078848.mp3,078848,Hip-Hop,training
/scratch/pdoshi/audio_comp/home_migrated/audio_comp_data/raw/fma_small/078/078849.mp3,078849,Hip-Hop,training
/scratch/pdoshi/audio_comp/home_migrated/audio_comp_data/raw/fma_small/078/078850.mp3,078850,Hip-Hop,training
/scratch/pdoshi/audio_comp/home_migrated/audio_comp_data/raw/fma_small/078/078851.mp3,078851,Hip-Hop,training
/scratch/pdoshi/audio_comp/home_migrated/audio_comp_data/raw/fma_small/078/078852.mp3,078852,Hip-Hop,training
/scratch/pdoshi/audio_comp/home_migrated/audio_comp_data/raw/fma_small/078/078984.mp3,078984,Hip-Hop,training
/scratch/pdoshi/audio_comp/home_migrated/audio_comp_data/raw/fma_small/078/078998.mp3,078998,Hip-Hop,training
/scratch/pdoshi/audio_comp/home_migrated/audio_comp_data/raw/fma_small/079/079087.mp3,079087,Experimental,training
/scratch/pdoshi/audio_comp/home_migrated/audio_comp_data/raw/fma_small/079/079575.mp3,079575,Rock,training
/scratch/pdoshi/audio_comp/home_migrated/audio_comp_data/raw/fma_small/079/079593.mp3,079593,Folk,training
/scratch/pdoshi/audio_comp/home_migrated/audio_comp_data/raw/fma_small/079/079605.mp3,079605,Electronic,training
/scratch/pdoshi/audio_comp/home_migrated/audio_comp_data/raw/fma_small/079/079606.mp3,079606,Electronic,training
/scratch/pdoshi/audio_comp/home_migrated/audio_comp_data/raw/fma_small/079/079610.mp3,079610,Hip-Hop,training
/scratch/pdoshi/audio_comp/home_migrated/audio_comp_data/raw/fma_small/079/079616.mp3,079616,Hip-Hop,training
/scratch/pdoshi/audio_comp/home_migrated/audio_comp_data/raw/fma_small/079/079741.mp3,079741,Pop,training
/scratch/pdoshi/audio_comp/home_migrated/audio_comp_data/raw/fma_small/079/079973.mp3,079973,Experimental,training
/scratch/pdoshi/audio_comp/home_migrated/audio_comp_data/raw/fma_small/079/079975.mp3,079975,Experimental,training
/scratch/pdoshi/audio_comp/home_migrated/audio_comp_data/raw/fma_small/079/079977.mp3,079977,Experimental,training
/scratch/pdoshi/audio_comp/home_migrated/audio_comp_data/raw/fma_small/079/079978.mp3,079978,Experimental,training
/scratch/pdoshi/audio_comp/home_migrated/audio_comp_data/raw/fma_small/079/079985.mp3,079985,Folk,training
/scratch/pdoshi/audio_comp/home_migrated/audio_comp_data/raw/fma_small/079/079986.mp3,079986,Folk,training
/scratch/pdoshi/audio_comp/home_migrated/audio_comp_data/raw/fma_small/079/079988.mp3,079988,Folk,training
/scratch/pdoshi/audio_comp/home_migrated/audio_comp_data/raw/fma_small/079/079990.mp3,079990,Folk,training
/scratch/pdoshi/audio_comp/home_migrated/audio_comp_data/raw/fma_small/079/079995.mp3,079995,Folk,training
/scratch/pdoshi/audio_comp/home_migrated/audio_comp_data/raw/fma_small/080/080000.mp3,080000,Folk,validation
/scratch/pdoshi/audio_comp/home_migrated/audio_comp_data/raw/fma_small/080/080001.mp3,080001,Folk,validation
/scratch/pdoshi/audio_comp/home_migrated/audio_comp_data/raw/fma_small/080/080002.mp3,080002,Folk,validation
/scratch/pdoshi/audio_comp/home_migrated/audio_comp_data/raw/fma_small/080/080003.mp3,080003,Folk,validation
/scratch/pdoshi/audio_comp/home_migrated/audio_comp_data/raw/fma_small/080/080004.mp3,080004,Folk,validation
/scratch/pdoshi/audio_comp/home_migrated/audio_comp_data/raw/fma_small/080/080005.mp3,080005,Folk,validation
/scratch/pdoshi/audio_comp/home_migrated/audio_comp_data/raw/fma_small/080/080035.mp3,080035,Rock,training
/scratch/pdoshi/audio_comp/home_migrated/audio_comp_data/raw/fma_small/080/080293.mp3,080293,Hip-Hop,training
/scratch/pdoshi/audio_comp/home_migrated/audio_comp_data/raw/fma_small/080/080341.mp3,080341,International,training
/scratch/pdoshi/audio_comp/home_migrated/audio_comp_data/raw/fma_small/080/080351.mp3,080351,International,training
/scratch/pdoshi/audio_comp/home_migrated/audio_comp_data/raw/fma_small/080/080389.mp3,080389,Instrumental,training
/scratch/pdoshi/audio_comp/home_migrated/audio_comp_data/raw/fma_small/080/080402.mp3,080402,Instrumental,training
/scratch/pdoshi/audio_comp/home_migrated/audio_comp_data/raw/fma_small/080/080515.mp3,080515,Instrumental,training
/scratch/pdoshi/audio_comp/home_migrated/audio_comp_data/raw/fma_small/080/080516.mp3,080516,Instrumental,training
/scratch/pdoshi/audio_comp/home_migrated/audio_comp_data/raw/fma_small/080/080517.mp3,080517,Instrumental,training
/scratch/pdoshi/audio_comp/home_migrated/audio_comp_data/raw/fma_small/080/080518.mp3,080518,Instrumental,training
/scratch/pdoshi/audio_comp/home_migrated/audio_comp_data/raw/fma_small/080/080519.mp3,080519,Instrumental,training
/scratch/pdoshi/audio_comp/home_migrated/audio_comp_data/raw/fma_small/080/080520.mp3,080520,Instrumental,training
/scratch/pdoshi/audio_comp/home_migrated/audio_comp_data/raw/fma_small/080/080611.mp3,080611,Experimental,validation
/scratch/pdoshi/audio_comp/home_migrated/audio_comp_data/raw/fma_small/080/080680.mp3,080680,International,validation
/scratch/pdoshi/audio_comp/home_migrated/audio_comp_data/raw/fma_small/080/080686.mp3,080686,International,validation
/scratch/pdoshi/audio_comp/home_migrated/audio_comp_data/raw/fma_small/080/080687.mp3,080687,International,validation
/scratch/pdoshi/audio_comp/home_migrated/audio_comp_data/raw/fma_small/080/080693.mp3,080693,International,training
/scratch/pdoshi/audio_comp/home_migrated/audio_comp_data/raw/fma_small/080/080694.mp3,080694,International,training
/scratch/pdoshi/audio_comp/home_migrated/audio_comp_data/raw/fma_small/080/080695.mp3,080695,International,training
/scratch/pdoshi/audio_comp/home_migrated/audio_comp_data/raw/fma_small/080/080696.mp3,080696,International,training
/scratch/pdoshi/audio_comp/home_migrated/audio_comp_data/raw/fma_small/080/080697.mp3,080697,International,training
/scratch/pdoshi/audio_comp/home_migrated/audio_comp_data/raw/fma_small/080/080751.mp3,080751,International,training
/scratch/pdoshi/audio_comp/home_migrated/audio_comp_data/raw/fma_small/080/080753.mp3,080753,International,training
/scratch/pdoshi/audio_comp/home_migrated/audio_comp_data/raw/fma_small/080/080754.mp3,080754,International,training
/scratch/pdoshi/audio_comp/home_migrated/audio_comp_data/raw/fma_small/080/080755.mp3,080755,International,training
/scratch/pdoshi/audio_comp/home_migrated/audio_comp_data/raw/fma_small/080/080756.mp3,080756,International,training
/scratch/pdoshi/audio_comp/home_migrated/audio_comp_data/raw/fma_small/080/080758.mp3,080758,International,training
/scratch/pdoshi/audio_comp/home_migrated/audio_comp_data/raw/fma_small/080/080765.mp3,080765,International,training
/scratch/pdoshi/audio_comp/home_migrated/audio_comp_data/raw/fma_small/080/080766.mp3,080766,International,training
/scratch/pdoshi/audio_comp/home_migrated/audio_comp_data/raw/fma_small/080/080772.mp3,080772,International,training
/scratch/pdoshi/audio_comp/home_migrated/audio_comp_data/raw/fma_small/080/080773.mp3,080773,International,training
/scratch/pdoshi/audio_comp/home_migrated/audio_comp_data/raw/fma_small/080/080774.mp3,080774,International,training
/scratch/pdoshi/audio_comp/home_migrated/audio_comp_data/raw/fma_small/080/080775.mp3,080775,International,training
/scratch/pdoshi/audio_comp/home_migrated/audio_comp_data/raw/fma_small/080/080776.mp3,080776,International,training
/scratch/pdoshi/audio_comp/home_migrated/audio_comp_data/raw/fma_small/080/080793.mp3,080793,Electronic,training
/scratch/pdoshi/audio_comp/home_migrated/audio_comp_data/raw/fma_small/080/080833.mp3,080833,Electronic,training
/scratch/pdoshi/audio_comp/home_migrated/audio_comp_data/raw/fma_small/080/080834.mp3,080834,Electronic,training
/scratch/pdoshi/audio_comp/home_migrated/audio_comp_data/raw/fma_small/080/080835.mp3,080835,Electronic,training
/scratch/pdoshi/audio_comp/home_migrated/audio_comp_data/raw/fma_small/080/080836.mp3,080836,Electronic,training
/scratch/pdoshi/audio_comp/home_migrated/audio_comp_data/raw/fma_small/081/081033.mp3,081033,Folk,training
/scratch/pdoshi/audio_comp/home_migrated/audio_comp_data/raw/fma_small/081/081037.mp3,081037,Folk,training
/scratch/pdoshi/audio_comp/home_migrated/audio_comp_data/raw/fma_small/081/081071.mp3,081071,Experimental,test
/scratch/pdoshi/audio_comp/home_migrated/audio_comp_data/raw/fma_small/081/081082.mp3,081082,Folk,training
/scratch/pdoshi/audio_comp/home_migrated/audio_comp_data/raw/fma_small/081/081083.mp3,081083,Folk,training
/scratch/pdoshi/audio_comp/home_migrated/audio_comp_data/raw/fma_small/081/081084.mp3,081084,Folk,training
/scratch/pdoshi/audio_comp/home_migrated/audio_comp_data/raw/fma_small/081/081085.mp3,081085,Folk,training
/scratch/pdoshi/audio_comp/home_migrated/audio_comp_data/raw/fma_small/081/081189.mp3,081189,Experimental,training
/scratch/pdoshi/audio_comp/home_migrated/audio_comp_data/raw/fma_small/081/081193.mp3,081193,Electronic,training
/scratch/pdoshi/audio_comp/home_migrated/audio_comp_data/raw/fma_small/081/081194.mp3,081194,Electronic,training
/scratch/pdoshi/audio_comp/home_migrated/audio_comp_data/raw/fma_small/081/081195.mp3,081195,Electronic,training
/scratch/pdoshi/audio_comp/home_migrated/audio_comp_data/raw/fma_small/081/081362.mp3,081362,Experimental,training
/scratch/pdoshi/audio_comp/home_migrated/audio_comp_data/raw/fma_small/081/081365.mp3,081365,Experimental,training
/scratch/pdoshi/audio_comp/home_migrated/audio_comp_data/raw/fma_small/081/081436.mp3,081436,Instrumental,training
/scratch/pdoshi/audio_comp/home_migrated/audio_comp_data/raw/fma_small/081/081457.mp3,081457,Instrumental,training
/scratch/pdoshi/audio_comp/home_migrated/audio_comp_data/raw/fma_small/081/081485.mp3,081485,Instrumental,training
/scratch/pdoshi/audio_comp/home_migrated/audio_comp_data/raw/fma_small/081/081491.mp3,081491,Instrumental,training
/scratch/pdoshi/audio_comp/home_migrated/audio_comp_data/raw/fma_small/081/081512.mp3,081512,Instrumental,training
/scratch/pdoshi/audio_comp/home_migrated/audio_comp_data/raw/fma_small/081/081523.mp3,081523,Instrumental,training
/scratch/pdoshi/audio_comp/home_migrated/audio_comp_data/raw/fma_small/081/081543.mp3,081543,Instrumental,training
/scratch/pdoshi/audio_comp/home_migrated/audio_comp_data/raw/fma_small/081/081554.mp3,081554,Instrumental,training
/scratch/pdoshi/audio_comp/home_migrated/audio_comp_data/raw/fma_small/081/081555.mp3,081555,Instrumental,training
/scratch/pdoshi/audio_comp/home_migrated/audio_comp_data/raw/fma_small/081/081565.mp3,081565,Instrumental,training
/scratch/pdoshi/audio_comp/home_migrated/audio_comp_data/raw/fma_small/081/081576.mp3,081576,Instrumental,training
/scratch/pdoshi/audio_comp/home_migrated/audio_comp_data/raw/fma_small/081/081586.mp3,081586,Instrumental,training
/scratch/pdoshi/audio_comp/home_migrated/audio_comp_data/raw/fma_small/081/081600.mp3,081600,Instrumental,training
/scratch/pdoshi/audio_comp/home_migrated/audio_comp_data/raw/fma_small/081/081612.mp3,081612,Instrumental,training
/scratch/pdoshi/audio_comp/home_migrated/audio_comp_data/raw/fma_small/081/081613.mp3,081613,Instrumental,training
/scratch/pdoshi/audio_comp/home_migrated/audio_comp_data/raw/fma_small/081/081623.mp3,081623,Instrumental,training
/scratch/pdoshi/audio_comp/home_migrated/audio_comp_data/raw/fma_small/081/081638.mp3,081638,Instrumental,training
/scratch/pdoshi/audio_comp/home_migrated/audio_comp_data/raw/fma_small/081/081650.mp3,081650,Instrumental,training
/scratch/pdoshi/audio_comp/home_migrated/audio_comp_data/raw/fma_small/081/081660.mp3,081660,Instrumental,training
/scratch/pdoshi/audio_comp/home_migrated/audio_comp_data/raw/fma_small/081/081781.mp3,081781,Instrumental,training
/scratch/pdoshi/audio_comp/home_migrated/audio_comp_data/raw/fma_small/081/081782.mp3,081782,Instrumental,training
/scratch/pdoshi/audio_comp/home_migrated/audio_comp_data/raw/fma_small/081/081792.mp3,081792,Instrumental,training
/scratch/pdoshi/audio_comp/home_migrated/audio_comp_data/raw/fma_small/081/081802.mp3,081802,Instrumental,training
/scratch/pdoshi/audio_comp/home_migrated/audio_comp_data/raw/fma_small/081/081803.mp3,081803,Instrumental,training
/scratch/pdoshi/audio_comp/home_migrated/audio_comp_data/raw/fma_small/081/081814.mp3,081814,Instrumental,training
/scratch/pdoshi/audio_comp/home_migrated/audio_comp_data/raw/fma_small/081/081868.mp3,081868,Electronic,training
/scratch/pdoshi/audio_comp/home_migrated/audio_comp_data/raw/fma_small/081/081895.mp3,081895,Experimental,validation
/scratch/pdoshi/audio_comp/home_migrated/audio_comp_data/raw/fma_small/081/081938.mp3,081938,Folk,training
/scratch/pdoshi/audio_comp/home_migrated/audio_comp_data/raw/fma_small/081/081945.mp3,081945,Folk,training
/scratch/pdoshi/audio_comp/home_migrated/audio_comp_data/raw/fma_small/081/081946.mp3,081946,Folk,training
/scratch/pdoshi/audio_comp/home_migrated/audio_comp_data/raw/fma_small/081/081988.mp3,081988,Instrumental,training
/scratch/pdoshi/audio_comp/home_migrated/audio_comp_data/raw/fma_small/081/081999.mp3,081999,Instrumental,training
/scratch/pdoshi/audio_comp/home_migrated/audio_comp_data/raw/fma_small/082/082157.mp3,082157,Instrumental,training
/scratch/pdoshi/audio_comp/home_migrated/audio_comp_data/raw/fma_small/082/082231.mp3,082231,Experimental,training
/scratch/pdoshi/audio_comp/home_migrated/audio_comp_data/raw/fma_small/082/082237.mp3,082237,Experimental,training
/scratch/pdoshi/audio_comp/home_migrated/audio_comp_data/raw/fma_small/082/082242.mp3,082242,Experimental,training
/scratch/pdoshi/audio_comp/home_migrated/audio_comp_data/raw/fma_small/082/082250.mp3,082250,Experimental,training
/scratch/pdoshi/audio_comp/home_migrated/audio_comp_data/raw/fma_small/082/082410.mp3,082410,Experimental,training
/scratch/pdoshi/audio_comp/home_migrated/audio_comp_data/raw/fma_small/082/082462.mp3,082462,Rock,test
/scratch/pdoshi/audio_comp/home_migrated/audio_comp_data/raw/fma_small/082/082464.mp3,082464,Rock,test
/scratch/pdoshi/audio_comp/home_migrated/audio_comp_data/raw/fma_small/082/082505.mp3,082505,Folk,training
/scratch/pdoshi/audio_comp/home_migrated/audio_comp_data/raw/fma_small/082/082507.mp3,082507,Folk,training
/scratch/pdoshi/audio_comp/home_migrated/audio_comp_data/raw/fma_small/082/082628.mp3,082628,International,training
/scratch/pdoshi/audio_comp/home_migrated/audio_comp_data/raw/fma_small/082/082629.mp3,082629,International,training
/scratch/pdoshi/audio_comp/home_migrated/audio_comp_data/raw/fma_small/082/082630.mp3,082630,International,training
/scratch/pdoshi/audio_comp/home_migrated/audio_comp_data/raw/fma_small/082/082631.mp3,082631,International,training
/scratch/pdoshi/audio_comp/home_migrated/audio_comp_data/raw/fma_small/082/082778.mp3,082778,Hip-Hop,test
/scratch/pdoshi/audio_comp/home_migrated/audio_comp_data/raw/fma_small/082/082780.mp3,082780,Hip-Hop,test
/scratch/pdoshi/audio_comp/home_migrated/audio_comp_data/raw/fma_small/082/082881.mp3,082881,Experimental,training
/scratch/pdoshi/audio_comp/home_migrated/audio_comp_data/raw/fma_small/082/082886.mp3,082886,Experimental,training
/scratch/pdoshi/audio_comp/home_migrated/audio_comp_data/raw/fma_small/082/082890.mp3,082890,Experimental,training
/scratch/pdoshi/audio_comp/home_migrated/audio_comp_data/raw/fma_small/082/082892.mp3,082892,Folk,training
/scratch/pdoshi/audio_comp/home_migrated/audio_comp_data/raw/fma_small/082/082893.mp3,082893,Folk,training
/scratch/pdoshi/audio_comp/home_migrated/audio_comp_data/raw/fma_small/082/082914.mp3,082914,Instrumental,training
/scratch/pdoshi/audio_comp/home_migrated/audio_comp_data/raw/fma_small/082/082915.mp3,082915,Instrumental,training
/scratch/pdoshi/audio_comp/home_migrated/audio_comp_data/raw/fma_small/082/082916.mp3,082916,Instrumental,training
/scratch/pdoshi/audio_comp/home_migrated/audio_comp_data/raw/fma_small/082/082917.mp3,082917,Instrumental,training
/scratch/pdoshi/audio_comp/home_migrated/audio_comp_data/raw/fma_small/082/082918.mp3,082918,Instrumental,training
/scratch/pdoshi/audio_comp/home_migrated/audio_comp_data/raw/fma_small/082/082919.mp3,082919,Instrumental,training
/scratch/pdoshi/audio_comp/home_migrated/audio_comp_data/raw/fma_small/082/082920.mp3,082920,Instrumental,training
/scratch/pdoshi/audio_comp/home_migrated/audio_comp_data/raw/fma_small/082/082921.mp3,082921,Instrumental,training
/scratch/pdoshi/audio_comp/home_migrated/audio_comp_data/raw/fma_small/082/082928.mp3,082928,Instrumental,training
/scratch/pdoshi/audio_comp/home_migrated/audio_comp_data/raw/fma_small/082/082929.mp3,082929,Instrumental,training
/scratch/pdoshi/audio_comp/home_migrated/audio_comp_data/raw/fma_small/082/082930.mp3,082930,Instrumental,training
/scratch/pdoshi/audio_comp/home_migrated/audio_comp_data/raw/fma_small/082/082931.mp3,082931,Instrumental,training
/scratch/pdoshi/audio_comp/home_migrated/audio_comp_data/raw/fma_small/082/082932.mp3,082932,Instrumental,training
/scratch/pdoshi/audio_comp/home_migrated/audio_comp_data/raw/fma_small/083/083437.mp3,083437,Folk,validation
/scratch/pdoshi/audio_comp/home_migrated/audio_comp_data/raw/fma_small/083/083438.mp3,083438,Folk,validation
/scratch/pdoshi/audio_comp/home_migrated/audio_comp_data/raw/fma_small/083/083439.mp3,083439,Folk,validation
/scratch/pdoshi/audio_comp/home_migrated/audio_comp_data/raw/fma_small/083/083440.mp3,083440,Folk,validation
/scratch/pdoshi/audio_comp/home_migrated/audio_comp_data/raw/fma_small/083/083507.mp3,083507,Pop,validation
/scratch/pdoshi/audio_comp/home_migrated/audio_comp_data/raw/fma_small/083/083509.mp3,083509,Pop,validation
/scratch/pdoshi/audio_comp/home_migrated/audio_comp_data/raw/fma_small/083/083511.mp3,083511,Pop,validation
/scratch/pdoshi/audio_comp/home_migrated/audio_comp_data/raw/fma_small/083/083512.mp3,083512,Pop,validation
/scratch/pdoshi/audio_comp/home_migrated/audio_comp_data/raw/fma_small/083/083558.mp3,083558,Hip-Hop,validation
/scratch/pdoshi/audio_comp/home_migrated/audio_comp_data/raw/fma_small/083/083600.mp3,083600,Instrumental,training
/scratch/pdoshi/audio_comp/home_migrated/audio_comp_data/raw/fma_small/083/083612.mp3,083612,Instrumental,training
/scratch/pdoshi/audio_comp/home_migrated/audio_comp_data/raw/fma_small/083/083613.mp3,083613,Instrumental,training
/scratch/pdoshi/audio_comp/home_migrated/audio_comp_data/raw/fma_small/083/083715.mp3,083715,Hip-Hop,training
/scratch/pdoshi/audio_comp/home_migrated/audio_comp_data/raw/fma_small/083/083717.mp3,083717,Hip-Hop,training
/scratch/pdoshi/audio_comp/home_migrated/audio_comp_data/raw/fma_small/083/083718.mp3,083718,Hip-Hop,training
/scratch/pdoshi/audio_comp/home_migrated/audio_comp_data/raw/fma_small/083/083719.mp3,083719,Hip-Hop,training
/scratch/pdoshi/audio_comp/home_migrated/audio_comp_data/raw/fma_small/083/083789.mp3,083789,Rock,training
/scratch/pdoshi/audio_comp/home_migrated/audio_comp_data/raw/fma_small/083/083790.mp3,083790,Rock,training
/scratch/pdoshi/audio_comp/home_migrated/audio_comp_data/raw/fma_small/083/083791.mp3,083791,Rock,training
/scratch/pdoshi/audio_comp/home_migrated/audio_comp_data/raw/fma_small/083/083898.mp3,083898,Experimental,test
/scratch/pdoshi/audio_comp/home_migrated/audio_comp_data/raw/fma_small/083/083903.mp3,083903,Experimental,training
/scratch/pdoshi/audio_comp/home_migrated/audio_comp_data/raw/fma_small/083/083906.mp3,083906,Experimental,test
/scratch/pdoshi/audio_comp/home_migrated/audio_comp_data/raw/fma_small/083/083908.mp3,083908,Experimental,validation
/scratch/pdoshi/audio_comp/home_migrated/audio_comp_data/raw/fma_small/083/083911.mp3,083911,Experimental,training
/scratch/pdoshi/audio_comp/home_migrated/audio_comp_data/raw/fma_small/083/083913.mp3,083913,Experimental,training
/scratch/pdoshi/audio_comp/home_migrated/audio_comp_data/raw/fma_small/083/083954.mp3,083954,Experimental,training
/scratch/pdoshi/audio_comp/home_migrated/audio_comp_data/raw/fma_small/083/083960.mp3,083960,Experimental,training
/scratch/pdoshi/audio_comp/home_migrated/audio_comp_data/raw/fma_small/083/083969.mp3,083969,Rock,training
/scratch/pdoshi/audio_comp/home_migrated/audio_comp_data/raw/fma_small/084/084009.mp3,084009,Folk,training
/scratch/pdoshi/audio_comp/home_migrated/audio_comp_data/raw/fma_small/084/084054.mp3,084054,Experimental,validation
/scratch/pdoshi/audio_comp/home_migrated/audio_comp_data/raw/fma_small/084/084055.mp3,084055,Experimental,training
/scratch/pdoshi/audio_comp/home_migrated/audio_comp_data/raw/fma_small/084/084056.mp3,084056,Experimental,training
/scratch/pdoshi/audio_comp/home_migrated/audio_comp_data/raw/fma_small/084/084057.mp3,084057,Experimental,test
/scratch/pdoshi/audio_comp/home_migrated/audio_comp_data/raw/fma_small/084/084058.mp3,084058,Experimental,training
/scratch/pdoshi/audio_comp/home_migrated/audio_comp_data/raw/fma_small/084/084091.mp3,084091,Electronic,test
/scratch/pdoshi/audio_comp/home_migrated/audio_comp_data/raw/fma_small/084/084095.mp3,084095,Electronic,training
/scratch/pdoshi/audio_comp/home_migrated/audio_comp_data/raw/fma_small/084/084096.mp3,084096,Electronic,training
/scratch/pdoshi/audio_comp/home_migrated/audio_comp_data/raw/fma_small/084/084097.mp3,084097,Electronic,training
/scratch/pdoshi/audio_comp/home_migrated/audio_comp_data/raw/fma_small/084/084111.mp3,084111,Hip-Hop,training
/scratch/pdoshi/audio_comp/home_migrated/audio_comp_data/raw/fma_small/084/084135.mp3,084135,Experimental,training
/scratch/pdoshi/audio_comp/home_migrated/audio_comp_data/raw/fma_small/084/084136.mp3,084136,Experimental,training
/scratch/pdoshi/audio_comp/home_migrated/audio_comp_data/raw/fma_small/084/084139.mp3,084139,Experimental,training
/scratch/pdoshi/audio_comp/home_migrated/audio_comp_data/raw/fma_small/084/084141.mp3,084141,Experimental,training
/scratch/pdoshi/audio_comp/home_migrated/audio_comp_data/raw/fma_small/084/084142.mp3,084142,Experimental,training
/scratch/pdoshi/audio_comp/home_migrated/audio_comp_data/raw/fma_small/084/084144.mp3,084144,Experimental,training
/scratch/pdoshi/audio_comp/home_migrated/audio_comp_data/raw/fma_small/084/084152.mp3,084152,Experimental,test
/scratch/pdoshi/audio_comp/home_migrated/audio_comp_data/raw/fma_small/084/084154.mp3,084154,Folk,training
/scratch/pdoshi/audio_comp/home_migrated/audio_comp_data/raw/fma_small/084/084155.mp3,084155,Folk,training
/scratch/pdoshi/audio_comp/home_migrated/audio_comp_data/raw/fma_small/084/084156.mp3,084156,Folk,training
/scratch/pdoshi/audio_comp/home_migrated/audio_comp_data/raw/fma_small/084/084157.mp3,084157,Folk,training
/scratch/pdoshi/audio_comp/home_migrated/audio_comp_data/raw/fma_small/084/084158.mp3,084158,Folk,training
/scratch/pdoshi/audio_comp/home_migrated/audio_comp_data/raw/fma_small/084/084159.mp3,084159,Folk,training
/scratch/pdoshi/audio_comp/home_migrated/audio_comp_data/raw/fma_small/084/084195.mp3,084195,Electronic,training
/scratch/pdoshi/audio_comp/home_migrated/audio_comp_data/raw/fma_small/084/084198.mp3,084198,Electronic,training
/scratch/pdoshi/audio_comp/home_migrated/audio_comp_data/raw/fma_small/084/084200.mp3,084200,Electronic,training
/scratch/pdoshi/audio_comp/home_migrated/audio_comp_data/raw/fma_small/084/084201.mp3,084201,Electronic,training
/scratch/pdoshi/audio_comp/home_migrated/audio_comp_data/raw/fma_small/084/084202.mp3,084202,Electronic,training
/scratch/pdoshi/audio_comp/home_migrated/audio_comp_data/raw/fma_small/084/084264.mp3,084264,Electronic,training
/scratch/pdoshi/audio_comp/home_migrated/audio_comp_data/raw/fma_small/084/084290.mp3,084290,Rock,training
/scratch/pdoshi/audio_comp/home_migrated/audio_comp_data/raw/fma_small/084/084291.mp3,084291,Rock,training
/scratch/pdoshi/audio_comp/home_migrated/audio_comp_data/raw/fma_small/084/084405.mp3,084405,Experimental,training
/scratch/pdoshi/audio_comp/home_migrated/audio_comp_data/raw/fma_small/084/084417.mp3,084417,Experimental,training
/scratch/pdoshi/audio_comp/home_migrated/audio_comp_data/raw/fma_small/084/084423.mp3,084423,Experimental,training
/scratch/pdoshi/audio_comp/home_migrated/audio_comp_data/raw/fma_small/084/084483.mp3,084483,Electronic,training
/scratch/pdoshi/audio_comp/home_migrated/audio_comp_data/raw/fma_small/084/084484.mp3,084484,Electronic,training
/scratch/pdoshi/audio_comp/home_migrated/audio_comp_data/raw/fma_small/084/084485.mp3,084485,Electronic,training
/scratch/pdoshi/audio_comp/home_migrated/audio_comp_data/raw/fma_small/084/084486.mp3,084486,Electronic,training
/scratch/pdoshi/audio_comp/home_migrated/audio_comp_data/raw/fma_small/084/084605.mp3,084605,Pop,training
/scratch/pdoshi/audio_comp/home_migrated/audio_comp_data/raw/fma_small/084/084736.mp3,084736,Instrumental,test
/scratch/pdoshi/audio_comp/home_migrated/audio_comp_data/raw/fma_small/084/084743.mp3,084743,Rock,training
/scratch/pdoshi/audio_comp/home_migrated/audio_comp_data/raw/fma_small/084/084757.mp3,084757,Rock,training
/scratch/pdoshi/audio_comp/home_migrated/audio_comp_data/raw/fma_small/084/084768.mp3,084768,Instrumental,training
/scratch/pdoshi/audio_comp/home_migrated/audio_comp_data/raw/fma_small/084/084777.mp3,084777,Electronic,test
/scratch/pdoshi/audio_comp/home_migrated/audio_comp_data/raw/fma_small/084/084788.mp3,084788,Rock,training
/scratch/pdoshi/audio_comp/home_migrated/audio_comp_data/raw/fma_small/084/084817.mp3,084817,Pop,training
/scratch/pdoshi/audio_comp/home_migrated/audio_comp_data/raw/fma_small/085/085027.mp3,085027,Rock,training
/scratch/pdoshi/audio_comp/home_migrated/audio_comp_data/raw/fma_small/085/085038.mp3,085038,Electronic,training
/scratch/pdoshi/audio_comp/home_migrated/audio_comp_data/raw/fma_small/085/085039.mp3,085039,Electronic,training
/scratch/pdoshi/audio_comp/home_migrated/audio_comp_data/raw/fma_small/085/085040.mp3,085040,Electronic,training
/scratch/pdoshi/audio_comp/home_migrated/audio_comp_data/raw/fma_small/085/085041.mp3,085041,Electronic,training
/scratch/pdoshi/audio_comp/home_migrated/audio_comp_data/raw/fma_small/085/085290.mp3,085290,Electronic,training
/scratch/pdoshi/audio_comp/home_migrated/audio_comp_data/raw/fma_small/085/085291.mp3,085291,Electronic,training
/scratch/pdoshi/audio_comp/home_migrated/audio_comp_data/raw/fma_small/085/085307.mp3,085307,Pop,test
/scratch/pdoshi/audio_comp/home_migrated/audio_comp_data/raw/fma_small/085/085308.mp3,085308,Pop,test
/scratch/pdoshi/audio_comp/home_migrated/audio_comp_data/raw/fma_small/085/085309.mp3,085309,Pop,test
/scratch/pdoshi/audio_comp/home_migrated/audio_comp_data/raw/fma_small/085/085310.mp3,085310,Pop,test
/scratch/pdoshi/audio_comp/home_migrated/audio_comp_data/raw/fma_small/085/085311.mp3,085311,Pop,test
/scratch/pdoshi/audio_comp/home_migrated/audio_comp_data/raw/fma_small/085/085317.mp3,085317,Electronic,training
/scratch/pdoshi/audio_comp/home_migrated/audio_comp_data/raw/fma_small/085/085318.mp3,085318,Electronic,training
/scratch/pdoshi/audio_comp/home_migrated/audio_comp_data/raw/fma_small/085/085343.mp3,085343,Electronic,training
/scratch/pdoshi/audio_comp/home_migrated/audio_comp_data/raw/fma_small/085/085346.mp3,085346,Electronic,training
/scratch/pdoshi/audio_comp/home_migrated/audio_comp_data/raw/fma_small/085/085347.mp3,085347,Electronic,training
/scratch/pdoshi/audio_comp/home_migrated/audio_comp_data/raw/fma_small/085/085400.mp3,085400,Experimental,training
/scratch/pdoshi/audio_comp/home_migrated/audio_comp_data/raw/fma_small/085/085419.mp3,085419,Pop,training
/scratch/pdoshi/audio_comp/home_migrated/audio_comp_data/raw/fma_small/085/085420.mp3,085420,Pop,training
/scratch/pdoshi/audio_comp/home_migrated/audio_comp_data/raw/fma_small/085/085421.mp3,085421,Pop,training
/scratch/pdoshi/audio_comp/home_migrated/audio_comp_data/raw/fma_small/085/085422.mp3,085422,Pop,training
/scratch/pdoshi/audio_comp/home_migrated/audio_comp_data/raw/fma_small/085/085423.mp3,085423,Pop,training
/scratch/pdoshi/audio_comp/home_migrated/audio_comp_data/raw/fma_small/085/085424.mp3,085424,Pop,training
/scratch/pdoshi/audio_comp/home_migrated/audio_comp_data/raw/fma_small/085/085425.mp3,085425,Pop,training
/scratch/pdoshi/audio_comp/home_migrated/audio_comp_data/raw/fma_small/085/085426.mp3,085426,Pop,training
/scratch/pdoshi/audio_comp/home_migrated/audio_comp_data/raw/fma_small/085/085427.mp3,085427,Pop,training
/scratch/pdoshi/audio_comp/home_migrated/audio_comp_data/raw/fma_small/085/085428.mp3,085428,Pop,training
/scratch/pdoshi/audio_comp/home_migrated/audio_comp_data/raw/fma_small/085/085436.mp3,085436,Folk,validation
/scratch/pdoshi/audio_comp/home_migrated/audio_comp_data/raw/fma_small/085/085438.mp3,085438,Folk,validation
/scratch/pdoshi/audio_comp/home_migrated/audio_comp_data/raw/fma_small/085/085482.mp3,085482,Folk,training
/scratch/pdoshi/audio_comp/home_migrated/audio_comp_data/raw/fma_small/085/085484.mp3,085484,Folk,training
/scratch/pdoshi/audio_comp/home_migrated/audio_comp_data/raw/fma_small/085/085485.mp3,085485,Folk,training
/scratch/pdoshi/audio_comp/home_migrated/audio_comp_data/raw/fma_small/085/085486.mp3,085486,Folk,training
/scratch/pdoshi/audio_comp/home_migrated/audio_comp_data/raw/fma_small/085/085487.mp3,085487,Folk,training
/scratch/pdoshi/audio_comp/home_migrated/audio_comp_data/raw/fma_small/085/085488.mp3,085488,Folk,training
/scratch/pdoshi/audio_comp/home_migrated/audio_comp_data/raw/fma_small/085/085489.mp3,085489,Folk,training
/scratch/pdoshi/audio_comp/home_migrated/audio_comp_data/raw/fma_small/085/085490.mp3,085490,Folk,training
/scratch/pdoshi/audio_comp/home_migrated/audio_comp_data/raw/fma_small/085/085491.mp3,085491,Folk,training
/scratch/pdoshi/audio_comp/home_migrated/audio_comp_data/raw/fma_small/085/085492.mp3,085492,Folk,training
/scratch/pdoshi/audio_comp/home_migrated/audio_comp_data/raw/fma_small/085/085494.mp3,085494,Experimental,training
/scratch/pdoshi/audio_comp/home_migrated/audio_comp_data/raw/fma_small/085/085592.mp3,085592,Pop,test
/scratch/pdoshi/audio_comp/home_migrated/audio_comp_data/raw/fma_small/085/085593.mp3,085593,Pop,test
/scratch/pdoshi/audio_comp/home_migrated/audio_comp_data/raw/fma_small/085/085594.mp3,085594,Pop,test
/scratch/pdoshi/audio_comp/home_migrated/audio_comp_data/raw/fma_small/085/085595.mp3,085595,Pop,test
/scratch/pdoshi/audio_comp/home_migrated/audio_comp_data/raw/fma_small/085/085596.mp3,085596,Pop,test
/scratch/pdoshi/audio_comp/home_migrated/audio_comp_data/raw/fma_small/085/085598.mp3,085598,Pop,test
/scratch/pdoshi/audio_comp/home_migrated/audio_comp_data/raw/fma_small/085/085599.mp3,085599,Pop,test
/scratch/pdoshi/audio_comp/home_migrated/audio_comp_data/raw/fma_small/085/085600.mp3,085600,Pop,test
/scratch/pdoshi/audio_comp/home_migrated/audio_comp_data/raw/fma_small/085/085691.mp3,085691,Folk,training
/scratch/pdoshi/audio_comp/home_migrated/audio_comp_data/raw/fma_small/085/085692.mp3,085692,Folk,training
/scratch/pdoshi/audio_comp/home_migrated/audio_comp_data/raw/fma_small/085/085693.mp3,085693,Folk,training
/scratch/pdoshi/audio_comp/home_migrated/audio_comp_data/raw/fma_small/085/085787.mp3,085787,Rock,training
/scratch/pdoshi/audio_comp/home_migrated/audio_comp_data/raw/fma_small/085/085788.mp3,085788,Rock,training
/scratch/pdoshi/audio_comp/home_migrated/audio_comp_data/raw/fma_small/085/085791.mp3,085791,Rock,training
/scratch/pdoshi/audio_comp/home_migrated/audio_comp_data/raw/fma_small/085/085792.mp3,085792,Rock,training
/scratch/pdoshi/audio_comp/home_migrated/audio_comp_data/raw/fma_small/085/085816.mp3,085816,Rock,training
/scratch/pdoshi/audio_comp/home_migrated/audio_comp_data/raw/fma_small/085/085817.mp3,085817,Rock,training
/scratch/pdoshi/audio_comp/home_migrated/audio_comp_data/raw/fma_small/085/085822.mp3,085822,Electronic,training
/scratch/pdoshi/audio_comp/home_migrated/audio_comp_data/raw/fma_small/085/085823.mp3,085823,Electronic,training
/scratch/pdoshi/audio_comp/home_migrated/audio_comp_data/raw/fma_small/085/085828.mp3,085828,Electronic,training
/scratch/pdoshi/audio_comp/home_migrated/audio_comp_data/raw/fma_small/085/085831.mp3,085831,Electronic,training
/scratch/pdoshi/audio_comp/home_migrated/audio_comp_data/raw/fma_small/085/085832.mp3,085832,Electronic,training
/scratch/pdoshi/audio_comp/home_migrated/audio_comp_data/raw/fma_small/085/085833.mp3,085833,Electronic,training
/scratch/pdoshi/audio_comp/home_migrated/audio_comp_data/raw/fma_small/085/085834.mp3,085834,Electronic,training
/scratch/pdoshi/audio_comp/home_migrated/audio_comp_data/raw/fma_small/085/085835.mp3,085835,Electronic,training
/scratch/pdoshi/audio_comp/home_migrated/audio_comp_data/raw/fma_small/085/085836.mp3,085836,Electronic,training
/scratch/pdoshi/audio_comp/home_migrated/audio_comp_data/raw/fma_small/085/085837.mp3,085837,Electronic,training
/scratch/pdoshi/audio_comp/home_migrated/audio_comp_data/raw/fma_small/085/085838.mp3,085838,Electronic,training
/scratch/pdoshi/audio_comp/home_migrated/audio_comp_data/raw/fma_small/085/085839.mp3,085839,Electronic,training
/scratch/pdoshi/audio_comp/home_migrated/audio_comp_data/raw/fma_small/085/085840.mp3,085840,Electronic,training
/scratch/pdoshi/audio_comp/home_migrated/audio_comp_data/raw/fma_small/085/085950.mp3,085950,Pop,training
/scratch/pdoshi/audio_comp/home_migrated/audio_comp_data/raw/fma_small/085/085951.mp3,085951,Pop,training
/scratch/pdoshi/audio_comp/home_migrated/audio_comp_data/raw/fma_small/085/085952.mp3,085952,Pop,training
/scratch/pdoshi/audio_comp/home_migrated/audio_comp_data/raw/fma_small/085/085953.mp3,085953,Pop,training
/scratch/pdoshi/audio_comp/home_migrated/audio_comp_data/raw/fma_small/085/085954.mp3,085954,Pop,training
/scratch/pdoshi/audio_comp/home_migrated/audio_comp_data/raw/fma_small/085/085955.mp3,085955,Pop,training
/scratch/pdoshi/audio_comp/home_migrated/audio_comp_data/raw/fma_small/085/085956.mp3,085956,Pop,training
/scratch/pdoshi/audio_comp/home_migrated/audio_comp_data/raw/fma_small/085/085957.mp3,085957,Pop,training
/scratch/pdoshi/audio_comp/home_migrated/audio_comp_data/raw/fma_small/085/085963.mp3,085963,Folk,training
/scratch/pdoshi/audio_comp/home_migrated/audio_comp_data/raw/fma_small/085/085966.mp3,085966,Folk,training
/scratch/pdoshi/audio_comp/home_migrated/audio_comp_data/raw/fma_small/085/085967.mp3,085967,Folk,training
/scratch/pdoshi/audio_comp/home_migrated/audio_comp_data/raw/fma_small/085/085968.mp3,085968,Folk,validation
/scratch/pdoshi/audio_comp/home_migrated/audio_comp_data/raw/fma_small/085/085973.mp3,085973,Folk,validation
/scratch/pdoshi/audio_comp/home_migrated/audio_comp_data/raw/fma_small/086/086037.mp3,086037,Instrumental,test
/scratch/pdoshi/audio_comp/home_migrated/audio_comp_data/raw/fma_small/086/086038.mp3,086038,Instrumental,test
/scratch/pdoshi/audio_comp/home_migrated/audio_comp_data/raw/fma_small/086/086039.mp3,086039,Instrumental,test
/scratch/pdoshi/audio_comp/home_migrated/audio_comp_data/raw/fma_small/086/086040.mp3,086040,Instrumental,test
/scratch/pdoshi/audio_comp/home_migrated/audio_comp_data/raw/fma_small/086/086077.mp3,086077,Experimental,validation
/scratch/pdoshi/audio_comp/home_migrated/audio_comp_data/raw/fma_small/086/086081.mp3,086081,Experimental,validation
/scratch/pdoshi/audio_comp/home_migrated/audio_comp_data/raw/fma_small/086/086082.mp3,086082,Experimental,validation
/scratch/pdoshi/audio_comp/home_migrated/audio_comp_data/raw/fma_small/086/086116.mp3,086116,Pop,test
/scratch/pdoshi/audio_comp/home_migrated/audio_comp_data/raw/fma_small/086/086117.mp3,086117,Pop,test
/scratch/pdoshi/audio_comp/home_migrated/audio_comp_data/raw/fma_small/086/086118.mp3,086118,Pop,test
/scratch/pdoshi/audio_comp/home_migrated/audio_comp_data/raw/fma_small/086/086119.mp3,086119,Pop,test
/scratch/pdoshi/audio_comp/home_migrated/audio_comp_data/raw/fma_small/086/086140.mp3,086140,Experimental,training
/scratch/pdoshi/audio_comp/home_migrated/audio_comp_data/raw/fma_small/086/086256.mp3,086256,Experimental,test
/scratch/pdoshi/audio_comp/home_migrated/audio_comp_data/raw/fma_small/086/086259.mp3,086259,Experimental,training
/scratch/pdoshi/audio_comp/home_migrated/audio_comp_data/raw/fma_small/086/086262.mp3,086262,Rock,validation
/scratch/pdoshi/audio_comp/home_migrated/audio_comp_data/raw/fma_small/086/086263.mp3,086263,Rock,validation
/scratch/pdoshi/audio_comp/home_migrated/audio_comp_data/raw/fma_small/086/086415.mp3,086415,Hip-Hop,test
/scratch/pdoshi/audio_comp/home_migrated/audio_comp_data/raw/fma_small/086/086416.mp3,086416,Hip-Hop,test
/scratch/pdoshi/audio_comp/home_migrated/audio_comp_data/raw/fma_small/086/086417.mp3,086417,Rock,training
/scratch/pdoshi/audio_comp/home_migrated/audio_comp_data/raw/fma_small/086/086419.mp3,086419,Rock,training
/scratch/pdoshi/audio_comp/home_migrated/audio_comp_data/raw/fma_small/086/086441.mp3,086441,Rock,training
/scratch/pdoshi/audio_comp/home_migrated/audio_comp_data/raw/fma_small/086/086443.mp3,086443,Rock,training
/scratch/pdoshi/audio_comp/home_migrated/audio_comp_data/raw/fma_small/086/086481.mp3,086481,Instrumental,training
/scratch/pdoshi/audio_comp/home_migrated/audio_comp_data/raw/fma_small/086/086482.mp3,086482,Instrumental,training
/scratch/pdoshi/audio_comp/home_migrated/audio_comp_data/raw/fma_small/086/086483.mp3,086483,Instrumental,training
/scratch/pdoshi/audio_comp/home_migrated/audio_comp_data/raw/fma_small/086/086484.mp3,086484,Instrumental,training
/scratch/pdoshi/audio_comp/home_migrated/audio_comp_data/raw/fma_small/086/086485.mp3,086485,Instrumental,training
/scratch/pdoshi/audio_comp/home_migrated/audio_comp_data/raw/fma_small/086/086486.mp3,086486,Instrumental,training
/scratch/pdoshi/audio_comp/home_migrated/audio_comp_data/raw/fma_small/086/086487.mp3,086487,Instrumental,training
/scratch/pdoshi/audio_comp/home_migrated/audio_comp_data/raw/fma_small/086/086562.mp3,086562,Rock,training
/scratch/pdoshi/audio_comp/home_migrated/audio_comp_data/raw/fma_small/086/086576.mp3,086576,Experimental,training
/scratch/pdoshi/audio_comp/home_migrated/audio_comp_data/raw/fma_small/086/086623.mp3,086623,Folk,training
/scratch/pdoshi/audio_comp/home_migrated/audio_comp_data/raw/fma_small/086/086634.mp3,086634,Pop,test
/scratch/pdoshi/audio_comp/home_migrated/audio_comp_data/raw/fma_small/086/086678.mp3,086678,Hip-Hop,validation
/scratch/pdoshi/audio_comp/home_migrated/audio_comp_data/raw/fma_small/086/086679.mp3,086679,Hip-Hop,validation
/scratch/pdoshi/audio_comp/home_migrated/audio_comp_data/raw/fma_small/086/086680.mp3,086680,Hip-Hop,validation
/scratch/pdoshi/audio_comp/home_migrated/audio_comp_data/raw/fma_small/086/086720.mp3,086720,Experimental,training
/scratch/pdoshi/audio_comp/home_migrated/audio_comp_data/raw/fma_small/086/086721.mp3,086721,Experimental,training
/scratch/pdoshi/audio_comp/home_migrated/audio_comp_data/raw/fma_small/086/086724.mp3,086724,Experimental,training
/scratch/pdoshi/audio_comp/home_migrated/audio_comp_data/raw/fma_small/086/086725.mp3,086725,Experimental,training
/scratch/pdoshi/audio_comp/home_migrated/audio_comp_data/raw/fma_small/086/086730.mp3,086730,Experimental,training
/scratch/pdoshi/audio_comp/home_migrated/audio_comp_data/raw/fma_small/086/086761.mp3,086761,Rock,training
/scratch/pdoshi/audio_comp/home_migrated/audio_comp_data/raw/fma_small/086/086762.mp3,086762,Rock,training
/scratch/pdoshi/audio_comp/home_migrated/audio_comp_data/raw/fma_small/086/086763.mp3,086763,Rock,training
/scratch/pdoshi/audio_comp/home_migrated/audio_comp_data/raw/fma_small/086/086788.mp3,086788,Rock,test
/scratch/pdoshi/audio_comp/home_migrated/audio_comp_data/raw/fma_small/086/086793.mp3,086793,Electronic,training
/scratch/pdoshi/audio_comp/home_migrated/audio_comp_data/raw/fma_small/086/086795.mp3,086795,Rock,training
/scratch/pdoshi/audio_comp/home_migrated/audio_comp_data/raw/fma_small/086/086799.mp3,086799,Rock,training
/scratch/pdoshi/audio_comp/home_migrated/audio_comp_data/raw/fma_small/086/086993.mp3,086993,Rock,validation
/scratch/pdoshi/audio_comp/home_migrated/audio_comp_data/raw/fma_small/087/087068.mp3,087068,Electronic,training
/scratch/pdoshi/audio_comp/home_migrated/audio_comp_data/raw/fma_small/087/087069.mp3,087069,Electronic,test
/scratch/pdoshi/audio_comp/home_migrated/audio_comp_data/raw/fma_small/087/087070.mp3,087070,Electronic,training
/scratch/pdoshi/audio_comp/home_migrated/audio_comp_data/raw/fma_small/087/087096.mp3,087096,Instrumental,training
/scratch/pdoshi/audio_comp/home_migrated/audio_comp_data/raw/fma_small/087/087097.mp3,087097,Instrumental,training
/scratch/pdoshi/audio_comp/home_migrated/audio_comp_data/raw/fma_small/087/087098.mp3,087098,Instrumental,training
/scratch/pdoshi/audio_comp/home_migrated/audio_comp_data/raw/fma_small/087/087099.mp3,087099,Instrumental,training
/scratch/pdoshi/audio_comp/home_migrated/audio_comp_data/raw/fma_small/087/087100.mp3,087100,Instrumental,training
/scratch/pdoshi/audio_comp/home_migrated/audio_comp_data/raw/fma_small/087/087101.mp3,087101,Instrumental,training
/scratch/pdoshi/audio_comp/home_migrated/audio_comp_data/raw/fma_small/087/087102.mp3,087102,Instrumental,training
/scratch/pdoshi/audio_comp/home_migrated/audio_comp_data/raw/fma_small/087/087103.mp3,087103,Instrumental,training
/scratch/pdoshi/audio_comp/home_migrated/audio_comp_data/raw/fma_small/087/087104.mp3,087104,Instrumental,training
/scratch/pdoshi/audio_comp/home_migrated/audio_comp_data/raw/fma_small/087/087105.mp3,087105,Instrumental,training
/scratch/pdoshi/audio_comp/home_migrated/audio_comp_data/raw/fma_small/087/087106.mp3,087106,Instrumental,training
/scratch/pdoshi/audio_comp/home_migrated/audio_comp_data/raw/fma_small/087/087107.mp3,087107,Instrumental,training
/scratch/pdoshi/audio_comp/home_migrated/audio_comp_data/raw/fma_small/087/087108.mp3,087108,Instrumental,training
/scratch/pdoshi/audio_comp/home_migrated/audio_comp_data/raw/fma_small/087/087121.mp3,087121,Rock,training
/scratch/pdoshi/audio_comp/home_migrated/audio_comp_data/raw/fma_small/087/087151.mp3,087151,Rock,training
/scratch/pdoshi/audio_comp/home_migrated/audio_comp_data/raw/fma_small/087/087152.mp3,087152,Rock,training
/scratch/pdoshi/audio_comp/home_migrated/audio_comp_data/raw/fma_small/087/087153.mp3,087153,Rock,training
/scratch/pdoshi/audio_comp/home_migrated/audio_comp_data/raw/fma_small/087/087154.mp3,087154,Rock,training
/scratch/pdoshi/audio_comp/home_migrated/audio_comp_data/raw/fma_small/087/087155.mp3,087155,Rock,training
/scratch/pdoshi/audio_comp/home_migrated/audio_comp_data/raw/fma_small/087/087157.mp3,087157,Electronic,training
/scratch/pdoshi/audio_comp/home_migrated/audio_comp_data/raw/fma_small/087/087158.mp3,087158,Electronic,training
/scratch/pdoshi/audio_comp/home_migrated/audio_comp_data/raw/fma_small/087/087159.mp3,087159,Electronic,training
/scratch/pdoshi/audio_comp/home_migrated/audio_comp_data/raw/fma_small/087/087160.mp3,087160,Electronic,training
/scratch/pdoshi/audio_comp/home_migrated/audio_comp_data/raw/fma_small/087/087161.mp3,087161,Electronic,training
/scratch/pdoshi/audio_comp/home_migrated/audio_comp_data/raw/fma_small/087/087185.mp3,087185,Pop,training
/scratch/pdoshi/audio_comp/home_migrated/audio_comp_data/raw/fma_small/087/087186.mp3,087186,Pop,training
/scratch/pdoshi/audio_comp/home_migrated/audio_comp_data/raw/fma_small/087/087187.mp3,087187,Pop,training
/scratch/pdoshi/audio_comp/home_migrated/audio_comp_data/raw/fma_small/087/087188.mp3,087188,Pop,training
/scratch/pdoshi/audio_comp/home_migrated/audio_comp_data/raw/fma_small/087/087189.mp3,087189,Pop,training
/scratch/pdoshi/audio_comp/home_migrated/audio_comp_data/raw/fma_small/087/087190.mp3,087190,Pop,training
/scratch/pdoshi/audio_comp/home_migrated/audio_comp_data/raw/fma_small/087/087191.mp3,087191,Pop,training
/scratch/pdoshi/audio_comp/home_migrated/audio_comp_data/raw/fma_small/087/087192.mp3,087192,Pop,training
/scratch/pdoshi/audio_comp/home_migrated/audio_comp_data/raw/fma_small/087/087193.mp3,087193,Pop,training
/scratch/pdoshi/audio_comp/home_migrated/audio_comp_data/raw/fma_small/087/087194.mp3,087194,Pop,training
/scratch/pdoshi/audio_comp/home_migrated/audio_comp_data/raw/fma_small/087/087237.mp3,087237,Electronic,training
/scratch/pdoshi/audio_comp/home_migrated/audio_comp_data/raw/fma_small/087/087322.mp3,087322,Pop,training
/scratch/pdoshi/audio_comp/home_migrated/audio_comp_data/raw/fma_small/087/087323.mp3,087323,Pop,training
/scratch/pdoshi/audio_comp/home_migrated/audio_comp_data/raw/fma_small/087/087324.mp3,087324,Pop,training
/scratch/pdoshi/audio_comp/home_migrated/audio_comp_data/raw/fma_small/087/087325.mp3,087325,Pop,training
/scratch/pdoshi/audio_comp/home_migrated/audio_comp_data/raw/fma_small/087/087361.mp3,087361,Rock,training
/scratch/pdoshi/audio_comp/home_migrated/audio_comp_data/raw/fma_small/087/087362.mp3,087362,Rock,training
/scratch/pdoshi/audio_comp/home_migrated/audio_comp_data/raw/fma_small/087/087363.mp3,087363,Rock,training
/scratch/pdoshi/audio_comp/home_migrated/audio_comp_data/raw/fma_small/087/087377.mp3,087377,Electronic,training
/scratch/pdoshi/audio_comp/home_migrated/audio_comp_data/raw/fma_small/087/087430.mp3,087430,Rock,training
/scratch/pdoshi/audio_comp/home_migrated/audio_comp_data/raw/fma_small/087/087431.mp3,087431,Rock,training
/scratch/pdoshi/audio_comp/home_migrated/audio_comp_data/raw/fma_small/087/087490.mp3,087490,Rock,validation
/scratch/pdoshi/audio_comp/home_migrated/audio_comp_data/raw/fma_small/087/087639.mp3,087639,Electronic,training
/scratch/pdoshi/audio_comp/home_migrated/audio_comp_data/raw/fma_small/087/087641.mp3,087641,Electronic,training
/scratch/pdoshi/audio_comp/home_migrated/audio_comp_data/raw/fma_small/087/087642.mp3,087642,Electronic,training
/scratch/pdoshi/audio_comp/home_migrated/audio_comp_data/raw/fma_small/087/087643.mp3,087643,Electronic,training
/scratch/pdoshi/audio_comp/home_migrated/audio_comp_data/raw/fma_small/087/087644.mp3,087644,Electronic,training
/scratch/pdoshi/audio_comp/home_migrated/audio_comp_data/raw/fma_small/087/087645.mp3,087645,Electronic,training
/scratch/pdoshi/audio_comp/home_migrated/audio_comp_data/raw/fma_small/087/087965.mp3,087965,Folk,validation
/scratch/pdoshi/audio_comp/home_migrated/audio_comp_data/raw/fma_small/087/087966.mp3,087966,Folk,validation
/scratch/pdoshi/audio_comp/home_migrated/audio_comp_data/raw/fma_small/087/087967.mp3,087967,Folk,training
/scratch/pdoshi/audio_comp/home_migrated/audio_comp_data/raw/fma_small/087/087968.mp3,087968,Folk,training
/scratch/pdoshi/audio_comp/home_migrated/audio_comp_data/raw/fma_small/087/087971.mp3,087971,Folk,training
/scratch/pdoshi/audio_comp/home_migrated/audio_comp_data/raw/fma_small/087/087972.mp3,087972,Folk,validation
/scratch/pdoshi/audio_comp/home_migrated/audio_comp_data/raw/fma_small/088/088428.mp3,088428,Pop,training
/scratch/pdoshi/audio_comp/home_migrated/audio_comp_data/raw/fma_small/088/088429.mp3,088429,Pop,training
/scratch/pdoshi/audio_comp/home_migrated/audio_comp_data/raw/fma_small/088/088485.mp3,088485,Experimental,validation
/scratch/pdoshi/audio_comp/home_migrated/audio_comp_data/raw/fma_small/088/088486.mp3,088486,Experimental,training
/scratch/pdoshi/audio_comp/home_migrated/audio_comp_data/raw/fma_small/088/088846.mp3,088846,Folk,training
/scratch/pdoshi/audio_comp/home_migrated/audio_comp_data/raw/fma_small/088/088848.mp3,088848,Folk,training
/scratch/pdoshi/audio_comp/home_migrated/audio_comp_data/raw/fma_small/088/088854.mp3,088854,Folk,training
/scratch/pdoshi/audio_comp/home_migrated/audio_comp_data/raw/fma_small/088/088856.mp3,088856,Folk,training
/scratch/pdoshi/audio_comp/home_migrated/audio_comp_data/raw/fma_small/088/088858.mp3,088858,Folk,training
/scratch/pdoshi/audio_comp/home_migrated/audio_comp_data/raw/fma_small/088/088860.mp3,088860,Folk,training
/scratch/pdoshi/audio_comp/home_migrated/audio_comp_data/raw/fma_small/088/088861.mp3,088861,Folk,training
/scratch/pdoshi/audio_comp/home_migrated/audio_comp_data/raw/fma_small/088/088863.mp3,088863,Folk,training
/scratch/pdoshi/audio_comp/home_migrated/audio_comp_data/raw/fma_small/088/088864.mp3,088864,Folk,training
/scratch/pdoshi/audio_comp/home_migrated/audio_comp_data/raw/fma_small/088/088867.mp3,088867,Folk,training
/scratch/pdoshi/audio_comp/home_migrated/audio_comp_data/raw/fma_small/088/088868.mp3,088868,Folk,training
/scratch/pdoshi/audio_comp/home_migrated/audio_comp_data/raw/fma_small/088/088869.mp3,088869,Folk,training
/scratch/pdoshi/audio_comp/home_migrated/audio_comp_data/raw/fma_small/088/088870.mp3,088870,Folk,training
/scratch/pdoshi/audio_comp/home_migrated/audio_comp_data/raw/fma_small/088/088871.mp3,088871,Folk,training
/scratch/pdoshi/audio_comp/home_migrated/audio_comp_data/raw/fma_small/088/088872.mp3,088872,Folk,training
/scratch/pdoshi/audio_comp/home_migrated/audio_comp_data/raw/fma_small/088/088873.mp3,088873,Folk,training
/scratch/pdoshi/audio_comp/home_migrated/audio_comp_data/raw/fma_small/088/088874.mp3,088874,Folk,training
/scratch/pdoshi/audio_comp/home_migrated/audio_comp_data/raw/fma_small/088/088875.mp3,088875,Folk,training
/scratch/pdoshi/audio_comp/home_migrated/audio_comp_data/raw/fma_small/088/088876.mp3,088876,Folk,training
/scratch/pdoshi/audio_comp/home_migrated/audio_comp_data/raw/fma_small/088/088877.mp3,088877,Folk,training
/scratch/pdoshi/audio_comp/home_migrated/audio_comp_data/raw/fma_small/088/088878.mp3,088878,Folk,training
/scratch/pdoshi/audio_comp/home_migrated/audio_comp_data/raw/fma_small/088/088879.mp3,088879,Folk,training
/scratch/pdoshi/audio_comp/home_migrated/audio_comp_data/raw/fma_small/088/088892.mp3,088892,Folk,training
/scratch/pdoshi/audio_comp/home_migrated/audio_comp_data/raw/fma_small/088/088899.mp3,088899,Rock,training
/scratch/pdoshi/audio_comp/home_migrated/audio_comp_data/raw/fma_small/088/088900.mp3,088900,Rock,training
/scratch/pdoshi/audio_comp/home_migrated/audio_comp_data/raw/fma_small/088/088959.mp3,088959,Rock,training
/scratch/pdoshi/audio_comp/home_migrated/audio_comp_data/raw/fma_small/088/088960.mp3,088960,Rock,training
/scratch/pdoshi/audio_comp/home_migrated/audio_comp_data/raw/fma_small/089/089178.mp3,089178,Hip-Hop,validation
/scratch/pdoshi/audio_comp/home_migrated/audio_comp_data/raw/fma_small/089/089179.mp3,089179,Hip-Hop,validation
/scratch/pdoshi/audio_comp/home_migrated/audio_comp_data/raw/fma_small/089/089192.mp3,089192,Hip-Hop,validation
/scratch/pdoshi/audio_comp/home_migrated/audio_comp_data/raw/fma_small/089/089195.mp3,089195,Hip-Hop,validation
/scratch/pdoshi/audio_comp/home_migrated/audio_comp_data/raw/fma_small/089/089196.mp3,089196,Hip-Hop,validation
/scratch/pdoshi/audio_comp/home_migrated/audio_comp_data/raw/fma_small/089/089212.mp3,089212,Experimental,training
/scratch/pdoshi/audio_comp/home_migrated/audio_comp_data/raw/fma_small/089/089350.mp3,089350,Folk,training
/scratch/pdoshi/audio_comp/home_migrated/audio_comp_data/raw/fma_small/089/089376.mp3,089376,Experimental,training
/scratch/pdoshi/audio_comp/home_migrated/audio_comp_data/raw/fma_small/089/089441.mp3,089441,Folk,training
/scratch/pdoshi/audio_comp/home_migrated/audio_comp_data/raw/fma_small/089/089445.mp3,089445,Hip-Hop,test
/scratch/pdoshi/audio_comp/home_migrated/audio_comp_data/raw/fma_small/089/089447.mp3,089447,Hip-Hop,training
/scratch/pdoshi/audio_comp/home_migrated/audio_comp_data/raw/fma_small/089/089456.mp3,089456,Hip-Hop,training
/scratch/pdoshi/audio_comp/home_migrated/audio_comp_data/raw/fma_small/089/089473.mp3,089473,Hip-Hop,training
/scratch/pdoshi/audio_comp/home_migrated/audio_comp_data/raw/fma_small/089/089474.mp3,089474,Electronic,training
/scratch/pdoshi/audio_comp/home_migrated/audio_comp_data/raw/fma_small/089/089477.mp3,089477,Folk,validation
/scratch/pdoshi/audio_comp/home_migrated/audio_comp_data/raw/fma_small/089/089482.mp3,089482,Folk,training
/scratch/pdoshi/audio_comp/home_migrated/audio_comp_data/raw/fma_small/089/089484.mp3,089484,Folk,training
/scratch/pdoshi/audio_comp/home_migrated/audio_comp_data/raw/fma_small/089/089485.mp3,089485,Folk,training
/scratch/pdoshi/audio_comp/home_migrated/audio_comp_data/raw/fma_small/089/089486.mp3,089486,Folk,training
/scratch/pdoshi/audio_comp/home_migrated/audio_comp_data/raw/fma_small/089/089639.mp3,089639,Electronic,training
/scratch/pdoshi/audio_comp/home_migrated/audio_comp_data/raw/fma_small/089/089704.mp3,089704,Rock,training
/scratch/pdoshi/audio_comp/home_migrated/audio_comp_data/raw/fma_small/089/089814.mp3,089814,Electronic,training
/scratch/pdoshi/audio_comp/home_migrated/audio_comp_data/raw/fma_small/089/089815.mp3,089815,Electronic,training
/scratch/pdoshi/audio_comp/home_migrated/audio_comp_data/raw/fma_small/089/089816.mp3,089816,Electronic,training
/scratch/pdoshi/audio_comp/home_migrated/audio_comp_data/raw/fma_small/089/089817.mp3,089817,Electronic,training
/scratch/pdoshi/audio_comp/home_migrated/audio_comp_data/raw/fma_small/089/089841.mp3,089841,Hip-Hop,training
/scratch/pdoshi/audio_comp/home_migrated/audio_comp_data/raw/fma_small/089/089843.mp3,089843,Hip-Hop,training
/scratch/pdoshi/audio_comp/home_migrated/audio_comp_data/raw/fma_small/089/089846.mp3,089846,Hip-Hop,training
/scratch/pdoshi/audio_comp/home_migrated/audio_comp_data/raw/fma_small/089/089847.mp3,089847,Hip-Hop,training
/scratch/pdoshi/audio_comp/home_migrated/audio_comp_data/raw/fma_small/089/089848.mp3,089848,Hip-Hop,training
/scratch/pdoshi/audio_comp/home_migrated/audio_comp_data/raw/fma_small/089/089857.mp3,089857,Hip-Hop,training
/scratch/pdoshi/audio_comp/home_migrated/audio_comp_data/raw/fma_small/089/089859.mp3,089859,Hip-Hop,training
/scratch/pdoshi/audio_comp/home_migrated/audio_comp_data/raw/fma_small/089/089860.mp3,089860,Hip-Hop,training
/scratch/pdoshi/audio_comp/home_migrated/audio_comp_data/raw/fma_small/089/089991.mp3,089991,Experimental,training
/scratch/pdoshi/audio_comp/home_migrated/audio_comp_data/raw/fma_small/089/089992.mp3,089992,Experimental,training
/scratch/pdoshi/audio_comp/home_migrated/audio_comp_data/raw/fma_small/090/090027.mp3,090027,Experimental,training
/scratch/pdoshi/audio_comp/home_migrated/audio_comp_data/raw/fma_small/090/090074.mp3,090074,Electronic,training
/scratch/pdoshi/audio_comp/home_migrated/audio_comp_data/raw/fma_small/090/090278.mp3,090278,Experimental,training
/scratch/pdoshi/audio_comp/home_migrated/audio_comp_data/raw/fma_small/090/090526.mp3,090526,Instrumental,test
/scratch/pdoshi/audio_comp/home_migrated/audio_comp_data/raw/fma_small/090/090527.mp3,090527,Instrumental,test
/scratch/pdoshi/audio_comp/home_migrated/audio_comp_data/raw/fma_small/090/090529.mp3,090529,Instrumental,test
/scratch/pdoshi/audio_comp/home_migrated/audio_comp_data/raw/fma_small/090/090530.mp3,090530,Instrumental,test
/scratch/pdoshi/audio_comp/home_migrated/audio_comp_data/raw/fma_small/090/090570.mp3,090570,Pop,training
/scratch/pdoshi/audio_comp/home_migrated/audio_comp_data/raw/fma_small/090/090579.mp3,090579,Pop,training
/scratch/pdoshi/audio_comp/home_migrated/audio_comp_data/raw/fma_small/090/090582.mp3,090582,Pop,training
/scratch/pdoshi/audio_comp/home_migrated/audio_comp_data/raw/fma_small/090/090583.mp3,090583,Pop,training
/scratch/pdoshi/audio_comp/home_migrated/audio_comp_data/raw/fma_small/090/090587.mp3,090587,Pop,training
/scratch/pdoshi/audio_comp/home_migrated/audio_comp_data/raw/fma_small/090/090589.mp3,090589,Pop,training
/scratch/pdoshi/audio_comp/home_migrated/audio_comp_data/raw/fma_small/090/090590.mp3,090590,Pop,training
/scratch/pdoshi/audio_comp/home_migrated/audio_comp_data/raw/fma_small/090/090591.mp3,090591,Pop,training
/scratch/pdoshi/audio_comp/home_migrated/audio_comp_data/raw/fma_small/090/090592.mp3,090592,Pop,training
/scratch/pdoshi/audio_comp/home_migrated/audio_comp_data/raw/fma_small/090/090616.mp3,090616,Instrumental,test
/scratch/pdoshi/audio_comp/home_migrated/audio_comp_data/raw/fma_small/090/090617.mp3,090617,Instrumental,test
/scratch/pdoshi/audio_comp/home_migrated/audio_comp_data/raw/fma_small/090/090618.mp3,090618,Instrumental,test
/scratch/pdoshi/audio_comp/home_migrated/audio_comp_data/raw/fma_small/090/090625.mp3,090625,Folk,training
/scratch/pdoshi/audio_comp/home_migrated/audio_comp_data/raw/fma_small/090/090639.mp3,090639,Rock,training
/scratch/pdoshi/audio_comp/home_migrated/audio_comp_data/raw/fma_small/090/090652.mp3,090652,Rock,training
/scratch/pdoshi/audio_comp/home_migrated/audio_comp_data/raw/fma_small/090/090695.mp3,090695,Rock,training
/scratch/pdoshi/audio_comp/home_migrated/audio_comp_data/raw/fma_small/090/090804.mp3,090804,Experimental,training
/scratch/pdoshi/audio_comp/home_migrated/audio_comp_data/raw/fma_small/090/090824.mp3,090824,Pop,training
/scratch/pdoshi/audio_comp/home_migrated/audio_comp_data/raw/fma_small/090/090826.mp3,090826,Pop,training
/scratch/pdoshi/audio_comp/home_migrated/audio_comp_data/raw/fma_small/090/090828.mp3,090828,Pop,training
/scratch/pdoshi/audio_comp/home_migrated/audio_comp_data/raw/fma_small/090/090982.mp3,090982,Hip-Hop,training
/scratch/pdoshi/audio_comp/home_migrated/audio_comp_data/raw/fma_small/090/090987.mp3,090987,Hip-Hop,training
/scratch/pdoshi/audio_comp/home_migrated/audio_comp_data/raw/fma_small/090/090993.mp3,090993,Hip-Hop,training
/scratch/pdoshi/audio_comp/home_migrated/audio_comp_data/raw/fma_small/091/091081.mp3,091081,Electronic,training
/scratch/pdoshi/audio_comp/home_migrated/audio_comp_data/raw/fma_small/091/091082.mp3,091082,Electronic,training
/scratch/pdoshi/audio_comp/home_migrated/audio_comp_data/raw/fma_small/091/091083.mp3,091083,Electronic,training
/scratch/pdoshi/audio_comp/home_migrated/audio_comp_data/raw/fma_small/091/091084.mp3,091084,Electronic,training
/scratch/pdoshi/audio_comp/home_migrated/audio_comp_data/raw/fma_small/091/091085.mp3,091085,Electronic,training
/scratch/pdoshi/audio_comp/home_migrated/audio_comp_data/raw/fma_small/091/091086.mp3,091086,Electronic,training
/scratch/pdoshi/audio_comp/home_migrated/audio_comp_data/raw/fma_small/091/091087.mp3,091087,Electronic,training
/scratch/pdoshi/audio_comp/home_migrated/audio_comp_data/raw/fma_small/091/091088.mp3,091088,Electronic,training
/scratch/pdoshi/audio_comp/home_migrated/audio_comp_data/raw/fma_small/091/091089.mp3,091089,Electronic,training
/scratch/pdoshi/audio_comp/home_migrated/audio_comp_data/raw/fma_small/091/091092.mp3,091092,Rock,training
/scratch/pdoshi/audio_comp/home_migrated/audio_comp_data/raw/fma_small/091/091093.mp3,091093,Rock,training
/scratch/pdoshi/audio_comp/home_migrated/audio_comp_data/raw/fma_small/091/091098.mp3,091098,Folk,training
/scratch/pdoshi/audio_comp/home_migrated/audio_comp_data/raw/fma_small/091/091102.mp3,091102,Folk,training
/scratch/pdoshi/audio_comp/home_migrated/audio_comp_data/raw/fma_small/091/091130.mp3,091130,Experimental,training
/scratch/pdoshi/audio_comp/home_migrated/audio_comp_data/raw/fma_small/091/091157.mp3,091157,Pop,training
/scratch/pdoshi/audio_comp/home_migrated/audio_comp_data/raw/fma_small/091/091158.mp3,091158,Pop,training
/scratch/pdoshi/audio_comp/home_migrated/audio_comp_data/raw/fma_small/091/091159.mp3,091159,Pop,training
/scratch/pdoshi/audio_comp/home_migrated/audio_comp_data/raw/fma_small/091/091160.mp3,091160,Pop,training
/scratch/pdoshi/audio_comp/home_migrated/audio_comp_data/raw/fma_small/091/091161.mp3,091161,Pop,training
/scratch/pdoshi/audio_comp/home_migrated/audio_comp_data/raw/fma_small/091/091162.mp3,091162,Pop,training
/scratch/pdoshi/audio_comp/home_migrated/audio_comp_data/raw/fma_small/091/091163.mp3,091163,Pop,training
/scratch/pdoshi/audio_comp/home_migrated/audio_comp_data/raw/fma_small/091/091164.mp3,091164,Pop,training
/scratch/pdoshi/audio_comp/home_migrated/audio_comp_data/raw/fma_small/091/091170.mp3,091170,Folk,validation
/scratch/pdoshi/audio_comp/home_migrated/audio_comp_data/raw/fma_small/091/091177.mp3,091177,International,training
/scratch/pdoshi/audio_comp/home_migrated/audio_comp_data/raw/fma_small/091/091178.mp3,091178,International,training
/scratch/pdoshi/audio_comp/home_migrated/audio_comp_data/raw/fma_small/091/091179.mp3,091179,International,training
/scratch/pdoshi/audio_comp/home_migrated/audio_comp_data/raw/fma_small/091/091181.mp3,091181,International,training
/scratch/pdoshi/audio_comp/home_migrated/audio_comp_data/raw/fma_small/091/091182.mp3,091182,International,training
/scratch/pdoshi/audio_comp/home_migrated/audio_comp_data/raw/fma_small/091/091183.mp3,091183,International,training
/scratch/pdoshi/audio_comp/home_migrated/audio_comp_data/raw/fma_small/091/091184.mp3,091184,International,training
/scratch/pdoshi/audio_comp/home_migrated/audio_comp_data/raw/fma_small/091/091185.mp3,091185,International,training
/scratch/pdoshi/audio_comp/home_migrated/audio_comp_data/raw/fma_small/091/091186.mp3,091186,International,training
/scratch/pdoshi/audio_comp/home_migrated/audio_comp_data/raw/fma_small/091/091187.mp3,091187,International,training
/scratch/pdoshi/audio_comp/home_migrated/audio_comp_data/raw/fma_small/091/091205.mp3,091205,Rock,training
/scratch/pdoshi/audio_comp/home_migrated/audio_comp_data/raw/fma_small/091/091228.mp3,091228,Folk,training
/scratch/pdoshi/audio_comp/home_migrated/audio_comp_data/raw/fma_small/091/091238.mp3,091238,Folk,training
/scratch/pdoshi/audio_comp/home_migrated/audio_comp_data/raw/fma_small/091/091306.mp3,091306,Hip-Hop,training
/scratch/pdoshi/audio_comp/home_migrated/audio_comp_data/raw/fma_small/091/091309.mp3,091309,Hip-Hop,training
/scratch/pdoshi/audio_comp/home_migrated/audio_comp_data/raw/fma_small/091/091312.mp3,091312,Hip-Hop,training
/scratch/pdoshi/audio_comp/home_migrated/audio_comp_data/raw/fma_small/091/091315.mp3,091315,Hip-Hop,training
/scratch/pdoshi/audio_comp/home_migrated/audio_comp_data/raw/fma_small/091/091317.mp3,091317,Hip-Hop,training
/scratch/pdoshi/audio_comp/home_migrated/audio_comp_data/raw/fma_small/091/091318.mp3,091318,Hip-Hop,training
/scratch/pdoshi/audio_comp/home_migrated/audio_comp_data/raw/fma_small/091/091319.mp3,091319,Hip-Hop,training
/scratch/pdoshi/audio_comp/home_migrated/audio_comp_data/raw/fma_small/091/091329.mp3,091329,Rock,training
/scratch/pdoshi/audio_comp/home_migrated/audio_comp_data/raw/fma_small/091/091349.mp3,091349,Pop,training
/scratch/pdoshi/audio_comp/home_migrated/audio_comp_data/raw/fma_small/091/091443.mp3,091443,Folk,training
/scratch/pdoshi/audio_comp/home_migrated/audio_comp_data/raw/fma_small/091/091455.mp3,091455,Rock,training
/scratch/pdoshi/audio_comp/home_migrated/audio_comp_data/raw/fma_small/091/091458.mp3,091458,Rock,training
/scratch/pdoshi/audio_comp/home_migrated/audio_comp_data/raw/fma_small/091/091459.mp3,091459,Rock,training
/scratch/pdoshi/audio_comp/home_migrated/audio_comp_data/raw/fma_small/091/091468.mp3,091468,Pop,test
/scratch/pdoshi/audio_comp/home_migrated/audio_comp_data/raw/fma_small/091/091471.mp3,091471,Pop,test
/scratch/pdoshi/audio_comp/home_migrated/audio_comp_data/raw/fma_small/091/091619.mp3,091619,Electronic,training
/scratch/pdoshi/audio_comp/home_migrated/audio_comp_data/raw/fma_small/091/091620.mp3,091620,Electronic,training
/scratch/pdoshi/audio_comp/home_migrated/audio_comp_data/raw/fma_small/091/091621.mp3,091621,Electronic,training
/scratch/pdoshi/audio_comp/home_migrated/audio_comp_data/raw/fma_small/091/091622.mp3,091622,Electronic,training
/scratch/pdoshi/audio_comp/home_migrated/audio_comp_data/raw/fma_small/091/091623.mp3,091623,Electronic,training
/scratch/pdoshi/audio_comp/home_migrated/audio_comp_data/raw/fma_small/091/091624.mp3,091624,Electronic,training
/scratch/pdoshi/audio_comp/home_migrated/audio_comp_data/raw/fma_small/091/091625.mp3,091625,Electronic,training
/scratch/pdoshi/audio_comp/home_migrated/audio_comp_data/raw/fma_small/091/091755.mp3,091755,Electronic,training
/scratch/pdoshi/audio_comp/home_migrated/audio_comp_data/raw/fma_small/091/091788.mp3,091788,Folk,training
/scratch/pdoshi/audio_comp/home_migrated/audio_comp_data/raw/fma_small/091/091790.mp3,091790,Folk,training
/scratch/pdoshi/audio_comp/home_migrated/audio_comp_data/raw/fma_small/091/091791.mp3,091791,Folk,training
/scratch/pdoshi/audio_comp/home_migrated/audio_comp_data/raw/fma_small/091/091793.mp3,091793,Folk,training
/scratch/pdoshi/audio_comp/home_migrated/audio_comp_data/raw/fma_small/091/091796.mp3,091796,Folk,training
/scratch/pdoshi/audio_comp/home_migrated/audio_comp_data/raw/fma_small/091/091797.mp3,091797,Folk,training
/scratch/pdoshi/audio_comp/home_migrated/audio_comp_data/raw/fma_small/091/091851.mp3,091851,Rock,training
/scratch/pdoshi/audio_comp/home_migrated/audio_comp_data/raw/fma_small/091/091868.mp3,091868,Rock,training
/scratch/pdoshi/audio_comp/home_migrated/audio_comp_data/raw/fma_small/091/091869.mp3,091869,Rock,training
/scratch/pdoshi/audio_comp/home_migrated/audio_comp_data/raw/fma_small/091/091894.mp3,091894,Experimental,training
/scratch/pdoshi/audio_comp/home_migrated/audio_comp_data/raw/fma_small/091/091897.mp3,091897,Experimental,training
/scratch/pdoshi/audio_comp/home_migrated/audio_comp_data/raw/fma_small/091/091899.mp3,091899,Experimental,training
/scratch/pdoshi/audio_comp/home_migrated/audio_comp_data/raw/fma_small/091/091900.mp3,091900,Experimental,training
/scratch/pdoshi/audio_comp/home_migrated/audio_comp_data/raw/fma_small/091/091933.mp3,091933,Folk,training
/scratch/pdoshi/audio_comp/home_migrated/audio_comp_data/raw/fma_small/091/091934.mp3,091934,Folk,training
/scratch/pdoshi/audio_comp/home_migrated/audio_comp_data/raw/fma_small/091/091936.mp3,091936,Folk,training
/scratch/pdoshi/audio_comp/home_migrated/audio_comp_data/raw/fma_small/091/091937.mp3,091937,Folk,training
/scratch/pdoshi/audio_comp/home_migrated/audio_comp_data/raw/fma_small/091/091938.mp3,091938,Folk,training
/scratch/pdoshi/audio_comp/home_migrated/audio_comp_data/raw/fma_small/091/091958.mp3,091958,Folk,training
/scratch/pdoshi/audio_comp/home_migrated/audio_comp_data/raw/fma_small/091/091960.mp3,091960,International,training
/scratch/pdoshi/audio_comp/home_migrated/audio_comp_data/raw/fma_small/092/092124.mp3,092124,Pop,training
/scratch/pdoshi/audio_comp/home_migrated/audio_comp_data/raw/fma_small/092/092125.mp3,092125,Pop,training
/scratch/pdoshi/audio_comp/home_migrated/audio_comp_data/raw/fma_small/092/092129.mp3,092129,Pop,training
/scratch/pdoshi/audio_comp/home_migrated/audio_comp_data/raw/fma_small/092/092130.mp3,092130,Pop,training
/scratch/pdoshi/audio_comp/home_migrated/audio_comp_data/raw/fma_small/092/092131.mp3,092131,Pop,training
/scratch/pdoshi/audio_comp/home_migrated/audio_comp_data/raw/fma_small/092/092206.mp3,092206,International,training
/scratch/pdoshi/audio_comp/home_migrated/audio_comp_data/raw/fma_small/092/092275.mp3,092275,Electronic,training
/scratch/pdoshi/audio_comp/home_migrated/audio_comp_data/raw/fma_small/092/092282.mp3,092282,Electronic,training
/scratch/pdoshi/audio_comp/home_migrated/audio_comp_data/raw/fma_small/092/092283.mp3,092283,Electronic,training
/scratch/pdoshi/audio_comp/home_migrated/audio_comp_data/raw/fma_small/092/092284.mp3,092284,Electronic,training
/scratch/pdoshi/audio_comp/home_migrated/audio_comp_data/raw/fma_small/092/092292.mp3,092292,Folk,training
/scratch/pdoshi/audio_comp/home_migrated/audio_comp_data/raw/fma_small/092/092366.mp3,092366,Electronic,test
/scratch/pdoshi/audio_comp/home_migrated/audio_comp_data/raw/fma_small/092/092466.mp3,092466,Electronic,training
/scratch/pdoshi/audio_comp/home_migrated/audio_comp_data/raw/fma_small/092/092508.mp3,092508,Rock,training
/scratch/pdoshi/audio_comp/home_migrated/audio_comp_data/raw/fma_small/092/092535.mp3,092535,Folk,training
/scratch/pdoshi/audio_comp/home_migrated/audio_comp_data/raw/fma_small/092/092536.mp3,092536,Folk,training
/scratch/pdoshi/audio_comp/home_migrated/audio_comp_data/raw/fma_small/092/092538.mp3,092538,Folk,training
/scratch/pdoshi/audio_comp/home_migrated/audio_comp_data/raw/fma_small/092/092539.mp3,092539,Folk,training
/scratch/pdoshi/audio_comp/home_migrated/audio_comp_data/raw/fma_small/092/092540.mp3,092540,Folk,training
/scratch/pdoshi/audio_comp/home_migrated/audio_comp_data/raw/fma_small/092/092546.mp3,092546,Electronic,training
/scratch/pdoshi/audio_comp/home_migrated/audio_comp_data/raw/fma_small/092/092548.mp3,092548,Electronic,training
/scratch/pdoshi/audio_comp/home_migrated/audio_comp_data/raw/fma_small/092/092549.mp3,092549,Electronic,validation
/scratch/pdoshi/audio_comp/home_migrated/audio_comp_data/raw/fma_small/092/092551.mp3,092551,Electronic,training
/scratch/pdoshi/audio_comp/home_migrated/audio_comp_data/raw/fma_small/092/092554.mp3,092554,Electronic,training
/scratch/pdoshi/audio_comp/home_migrated/audio_comp_data/raw/fma_small/092/092556.mp3,092556,Electronic,training
/scratch/pdoshi/audio_comp/home_migrated/audio_comp_data/raw/fma_small/092/092561.mp3,092561,Electronic,training
/scratch/pdoshi/audio_comp/home_migrated/audio_comp_data/raw/fma_small/092/092562.mp3,092562,Electronic,training
/scratch/pdoshi/audio_comp/home_migrated/audio_comp_data/raw/fma_small/092/092564.mp3,092564,Electronic,training
/scratch/pdoshi/audio_comp/home_migrated/audio_comp_data/raw/fma_small/092/092565.mp3,092565,Experimental,training
/scratch/pdoshi/audio_comp/home_migrated/audio_comp_data/raw/fma_small/092/092573.mp3,092573,Experimental,training
/scratch/pdoshi/audio_comp/home_migrated/audio_comp_data/raw/fma_small/092/092574.mp3,092574,Experimental,training
/scratch/pdoshi/audio_comp/home_migrated/audio_comp_data/raw/fma_small/092/092868.mp3,092868,Rock,training
/scratch/pdoshi/audio_comp/home_migrated/audio_comp_data/raw/fma_small/092/092872.mp3,092872,Experimental,training
/scratch/pdoshi/audio_comp/home_migrated/audio_comp_data/raw/fma_small/092/092873.mp3,092873,Experimental,training
/scratch/pdoshi/audio_comp/home_migrated/audio_comp_data/raw/fma_small/092/092874.mp3,092874,Experimental,training
/scratch/pdoshi/audio_comp/home_migrated/audio_comp_data/raw/fma_small/092/092878.mp3,092878,Experimental,training
/scratch/pdoshi/audio_comp/home_migrated/audio_comp_data/raw/fma_small/092/092881.mp3,092881,Experimental,training
/scratch/pdoshi/audio_comp/home_migrated/audio_comp_data/raw/fma_small/092/092885.mp3,092885,Experimental,training
/scratch/pdoshi/audio_comp/home_migrated/audio_comp_data/raw/fma_small/092/092886.mp3,092886,Experimental,training
/scratch/pdoshi/audio_comp/home_migrated/audio_comp_data/raw/fma_small/092/092887.mp3,092887,Experimental,training
/scratch/pdoshi/audio_comp/home_migrated/audio_comp_data/raw/fma_small/092/092888.mp3,092888,Experimental,training
/scratch/pdoshi/audio_comp/home_migrated/audio_comp_data/raw/fma_small/092/092889.mp3,092889,Experimental,training
/scratch/pdoshi/audio_comp/home_migrated/audio_comp_data/raw/fma_small/092/092947.mp3,092947,Instrumental,training
/scratch/pdoshi/audio_comp/home_migrated/audio_comp_data/raw/fma_small/092/092948.mp3,092948,Instrumental,training
/scratch/pdoshi/audio_comp/home_migrated/audio_comp_data/raw/fma_small/092/092949.mp3,092949,Instrumental,training
/scratch/pdoshi/audio_comp/home_migrated/audio_comp_data/raw/fma_small/092/092950.mp3,092950,Instrumental,training
/scratch/pdoshi/audio_comp/home_migrated/audio_comp_data/raw/fma_small/092/092951.mp3,092951,Instrumental,training
/scratch/pdoshi/audio_comp/home_migrated/audio_comp_data/raw/fma_small/092/092952.mp3,092952,Instrumental,training
/scratch/pdoshi/audio_comp/home_migrated/audio_comp_data/raw/fma_small/092/092953.mp3,092953,Instrumental,training
/scratch/pdoshi/audio_comp/home_migrated/audio_comp_data/raw/fma_small/092/092954.mp3,092954,Instrumental,training
/scratch/pdoshi/audio_comp/home_migrated/audio_comp_data/raw/fma_small/092/092955.mp3,092955,Instrumental,training
/scratch/pdoshi/audio_comp/home_migrated/audio_comp_data/raw/fma_small/093/093074.mp3,093074,Folk,validation
/scratch/pdoshi/audio_comp/home_migrated/audio_comp_data/raw/fma_small/093/093075.mp3,093075,Folk,validation
/scratch/pdoshi/audio_comp/home_migrated/audio_comp_data/raw/fma_small/093/093076.mp3,093076,Folk,validation
/scratch/pdoshi/audio_comp/home_migrated/audio_comp_data/raw/fma_small/093/093363.mp3,093363,Electronic,training
/scratch/pdoshi/audio_comp/home_migrated/audio_comp_data/raw/fma_small/093/093364.mp3,093364,Electronic,training
/scratch/pdoshi/audio_comp/home_migrated/audio_comp_data/raw/fma_small/093/093518.mp3,093518,Electronic,test
/scratch/pdoshi/audio_comp/home_migrated/audio_comp_data/raw/fma_small/093/093519.mp3,093519,Electronic,test
/scratch/pdoshi/audio_comp/home_migrated/audio_comp_data/raw/fma_small/093/093520.mp3,093520,Electronic,test
/scratch/pdoshi/audio_comp/home_migrated/audio_comp_data/raw/fma_small/093/093521.mp3,093521,Electronic,test
/scratch/pdoshi/audio_comp/home_migrated/audio_comp_data/raw/fma_small/093/093522.mp3,093522,Electronic,test
/scratch/pdoshi/audio_comp/home_migrated/audio_comp_data/raw/fma_small/093/093523.mp3,093523,Electronic,test
/scratch/pdoshi/audio_comp/home_migrated/audio_comp_data/raw/fma_small/093/093704.mp3,093704,Folk,training
/scratch/pdoshi/audio_comp/home_migrated/audio_comp_data/raw/fma_small/093/093710.mp3,093710,Folk,training
/scratch/pdoshi/audio_comp/home_migrated/audio_comp_data/raw/fma_small/093/093712.mp3,093712,Folk,training
/scratch/pdoshi/audio_comp/home_migrated/audio_comp_data/raw/fma_small/093/093716.mp3,093716,Folk,training
/scratch/pdoshi/audio_comp/home_migrated/audio_comp_data/raw/fma_small/093/093727.mp3,093727,Electronic,training
/scratch/pdoshi/audio_comp/home_migrated/audio_comp_data/raw/fma_small/093/093867.mp3,093867,Rock,training
/scratch/pdoshi/audio_comp/home_migrated/audio_comp_data/raw/fma_small/093/093868.mp3,093868,Rock,training
/scratch/pdoshi/audio_comp/home_migrated/audio_comp_data/raw/fma_small/093/093915.mp3,093915,Instrumental,training
/scratch/pdoshi/audio_comp/home_migrated/audio_comp_data/raw/fma_small/093/093917.mp3,093917,Instrumental,training
/scratch/pdoshi/audio_comp/home_migrated/audio_comp_data/raw/fma_small/093/093918.mp3,093918,Instrumental,training
/scratch/pdoshi/audio_comp/home_migrated/audio_comp_data/raw/fma_small/093/093919.mp3,093919,Instrumental,training
/scratch/pdoshi/audio_comp/home_migrated/audio_comp_data/raw/fma_small/093/093920.mp3,093920,Instrumental,training
/scratch/pdoshi/audio_comp/home_migrated/audio_comp_data/raw/fma_small/093/093921.mp3,093921,Instrumental,training
/scratch/pdoshi/audio_comp/home_migrated/audio_comp_data/raw/fma_small/093/093940.mp3,093940,Electronic,training
/scratch/pdoshi/audio_comp/home_migrated/audio_comp_data/raw/fma_small/093/093941.mp3,093941,Electronic,training
/scratch/pdoshi/audio_comp/home_migrated/audio_comp_data/raw/fma_small/093/093942.mp3,093942,Pop,training
/scratch/pdoshi/audio_comp/home_migrated/audio_comp_data/raw/fma_small/093/093943.mp3,093943,Pop,training
/scratch/pdoshi/audio_comp/home_migrated/audio_comp_data/raw/fma_small/093/093944.mp3,093944,Pop,training
/scratch/pdoshi/audio_comp/home_migrated/audio_comp_data/raw/fma_small/093/093950.mp3,093950,Rock,validation
/scratch/pdoshi/audio_comp/home_migrated/audio_comp_data/raw/fma_small/093/093956.mp3,093956,Rock,validation
/scratch/pdoshi/audio_comp/home_migrated/audio_comp_data/raw/fma_small/093/093981.mp3,093981,International,training
/scratch/pdoshi/audio_comp/home_migrated/audio_comp_data/raw/fma_small/093/093983.mp3,093983,Rock,validation
/scratch/pdoshi/audio_comp/home_migrated/audio_comp_data/raw/fma_small/093/093985.mp3,093985,Rock,validation
/scratch/pdoshi/audio_comp/home_migrated/audio_comp_data/raw/fma_small/093/093986.mp3,093986,Rock,validation
/scratch/pdoshi/audio_comp/home_migrated/audio_comp_data/raw/fma_small/094/094026.mp3,094026,Rock,training
/scratch/pdoshi/audio_comp/home_migrated/audio_comp_data/raw/fma_small/094/094033.mp3,094033,Instrumental,training
/scratch/pdoshi/audio_comp/home_migrated/audio_comp_data/raw/fma_small/094/094034.mp3,094034,Instrumental,training
/scratch/pdoshi/audio_comp/home_migrated/audio_comp_data/raw/fma_small/094/094035.mp3,094035,Instrumental,training
/scratch/pdoshi/audio_comp/home_migrated/audio_comp_data/raw/fma_small/094/094036.mp3,094036,Instrumental,training
/scratch/pdoshi/audio_comp/home_migrated/audio_comp_data/raw/fma_small/094/094037.mp3,094037,Instrumental,training
/scratch/pdoshi/audio_comp/home_migrated/audio_comp_data/raw/fma_small/094/094038.mp3,094038,Instrumental,training
/scratch/pdoshi/audio_comp/home_migrated/audio_comp_data/raw/fma_small/094/094039.mp3,094039,Instrumental,training
/scratch/pdoshi/audio_comp/home_migrated/audio_comp_data/raw/fma_small/094/094093.mp3,094093,Rock,test
/scratch/pdoshi/audio_comp/home_migrated/audio_comp_data/raw/fma_small/094/094099.mp3,094099,Rock,test
/scratch/pdoshi/audio_comp/home_migrated/audio_comp_data/raw/fma_small/094/094101.mp3,094101,Rock,test
/scratch/pdoshi/audio_comp/home_migrated/audio_comp_data/raw/fma_small/094/094102.mp3,094102,Rock,test
/scratch/pdoshi/audio_comp/home_migrated/audio_comp_data/raw/fma_small/094/094263.mp3,094263,Electronic,training
/scratch/pdoshi/audio_comp/home_migrated/audio_comp_data/raw/fma_small/094/094348.mp3,094348,Rock,training
/scratch/pdoshi/audio_comp/home_migrated/audio_comp_data/raw/fma_small/094/094411.mp3,094411,Electronic,training
/scratch/pdoshi/audio_comp/home_migrated/audio_comp_data/raw/fma_small/094/094414.mp3,094414,Electronic,training
/scratch/pdoshi/audio_comp/home_migrated/audio_comp_data/raw/fma_small/094/094415.mp3,094415,Electronic,training
/scratch/pdoshi/audio_comp/home_migrated/audio_comp_data/raw/fma_small/094/094419.mp3,094419,Rock,training
/scratch/pdoshi/audio_comp/home_migrated/audio_comp_data/raw/fma_small/094/094422.mp3,094422,Folk,training
/scratch/pdoshi/audio_comp/home_migrated/audio_comp_data/raw/fma_small/094/094423.mp3,094423,Pop,training
/scratch/pdoshi/audio_comp/home_migrated/audio_comp_data/raw/fma_small/094/094426.mp3,094426,Hip-Hop,training
/scratch/pdoshi/audio_comp/home_migrated/audio_comp_data/raw/fma_small/094/094449.mp3,094449,Hip-Hop,training
/scratch/pdoshi/audio_comp/home_migrated/audio_comp_data/raw/fma_small/094/094465.mp3,094465,Hip-Hop,training
/scratch/pdoshi/audio_comp/home_migrated/audio_comp_data/raw/fma_small/094/094467.mp3,094467,Hip-Hop,training
/scratch/pdoshi/audio_comp/home_migrated/audio_comp_data/raw/fma_small/094/094468.mp3,094468,Hip-Hop,training
/scratch/pdoshi/audio_comp/home_migrated/audio_comp_data/raw/fma_small/094/094628.mp3,094628,Pop,training
/scratch/pdoshi/audio_comp/home_migrated/audio_comp_data/raw/fma_small/094/094630.mp3,094630,Pop,training
/scratch/pdoshi/audio_comp/home_migrated/audio_comp_data/raw/fma_small/094/094631.mp3,094631,Pop,training
/scratch/pdoshi/audio_comp/home_migrated/audio_comp_data/raw/fma_small/094/094632.mp3,094632,Pop,training
/scratch/pdoshi/audio_comp/home_migrated/audio_comp_data/raw/fma_small/094/094634.mp3,094634,Pop,training
/scratch/pdoshi/audio_comp/home_migrated/audio_comp_data/raw/fma_small/094/094635.mp3,094635,Pop,training
/scratch/pdoshi/audio_comp/home_migrated/audio_comp_data/raw/fma_small/094/094638.mp3,094638,Pop,training
/scratch/pdoshi/audio_comp/home_migrated/audio_comp_data/raw/fma_small/094/094803.mp3,094803,Electronic,test
/scratch/pdoshi/audio_comp/home_migrated/audio_comp_data/raw/fma_small/095/095189.mp3,095189,Experimental,training
/scratch/pdoshi/audio_comp/home_migrated/audio_comp_data/raw/fma_small/095/095231.mp3,095231,Rock,training
/scratch/pdoshi/audio_comp/home_migrated/audio_comp_data/raw/fma_small/095/095248.mp3,095248,Rock,training
/scratch/pdoshi/audio_comp/home_migrated/audio_comp_data/raw/fma_small/095/095249.mp3,095249,Rock,training
/scratch/pdoshi/audio_comp/home_migrated/audio_comp_data/raw/fma_small/095/095250.mp3,095250,Rock,training
/scratch/pdoshi/audio_comp/home_migrated/audio_comp_data/raw/fma_small/095/095251.mp3,095251,Rock,training
/scratch/pdoshi/audio_comp/home_migrated/audio_comp_data/raw/fma_small/095/095308.mp3,095308,Rock,training
/scratch/pdoshi/audio_comp/home_migrated/audio_comp_data/raw/fma_small/095/095309.mp3,095309,Rock,training
/scratch/pdoshi/audio_comp/home_migrated/audio_comp_data/raw/fma_small/095/095310.mp3,095310,Rock,training
/scratch/pdoshi/audio_comp/home_migrated/audio_comp_data/raw/fma_small/095/095452.mp3,095452,Instrumental,training
/scratch/pdoshi/audio_comp/home_migrated/audio_comp_data/raw/fma_small/095/095486.mp3,095486,Pop,test
/scratch/pdoshi/audio_comp/home_migrated/audio_comp_data/raw/fma_small/095/095506.mp3,095506,Rock,training
/scratch/pdoshi/audio_comp/home_migrated/audio_comp_data/raw/fma_small/095/095535.mp3,095535,Rock,test
/scratch/pdoshi/audio_comp/home_migrated/audio_comp_data/raw/fma_small/095/095564.mp3,095564,Experimental,training
/scratch/pdoshi/audio_comp/home_migrated/audio_comp_data/raw/fma_small/095/095722.mp3,095722,Instrumental,training
/scratch/pdoshi/audio_comp/home_migrated/audio_comp_data/raw/fma_small/095/095724.mp3,095724,Instrumental,training
/scratch/pdoshi/audio_comp/home_migrated/audio_comp_data/raw/fma_small/095/095725.mp3,095725,Instrumental,training
/scratch/pdoshi/audio_comp/home_migrated/audio_comp_data/raw/fma_small/095/095726.mp3,095726,Instrumental,training
/scratch/pdoshi/audio_comp/home_migrated/audio_comp_data/raw/fma_small/095/095727.mp3,095727,Instrumental,training
/scratch/pdoshi/audio_comp/home_migrated/audio_comp_data/raw/fma_small/095/095908.mp3,095908,Hip-Hop,training
/scratch/pdoshi/audio_comp/home_migrated/audio_comp_data/raw/fma_small/095/095910.mp3,095910,Hip-Hop,training
/scratch/pdoshi/audio_comp/home_migrated/audio_comp_data/raw/fma_small/095/095911.mp3,095911,Hip-Hop,training
/scratch/pdoshi/audio_comp/home_migrated/audio_comp_data/raw/fma_small/095/095912.mp3,095912,Hip-Hop,training
/scratch/pdoshi/audio_comp/home_migrated/audio_comp_data/raw/fma_small/095/095914.mp3,095914,Hip-Hop,training
/scratch/pdoshi/audio_comp/home_migrated/audio_comp_data/raw/fma_small/095/095915.mp3,095915,Hip-Hop,training
/scratch/pdoshi/audio_comp/home_migrated/audio_comp_data/raw/fma_small/096/096166.mp3,096166,International,training
/scratch/pdoshi/audio_comp/home_migrated/audio_comp_data/raw/fma_small/096/096167.mp3,096167,International,training
/scratch/pdoshi/audio_comp/home_migrated/audio_comp_data/raw/fma_small/096/096168.mp3,096168,International,training
/scratch/pdoshi/audio_comp/home_migrated/audio_comp_data/raw/fma_small/096/096169.mp3,096169,International,training
/scratch/pdoshi/audio_comp/home_migrated/audio_comp_data/raw/fma_small/096/096399.mp3,096399,Rock,training
/scratch/pdoshi/audio_comp/home_migrated/audio_comp_data/raw/fma_small/096/096400.mp3,096400,Rock,training
/scratch/pdoshi/audio_comp/home_migrated/audio_comp_data/raw/fma_small/096/096401.mp3,096401,Rock,training
/scratch/pdoshi/audio_comp/home_migrated/audio_comp_data/raw/fma_small/096/096402.mp3,096402,Rock,training
/scratch/pdoshi/audio_comp/home_migrated/audio_comp_data/raw/fma_small/096/096403.mp3,096403,Rock,training
/scratch/pdoshi/audio_comp/home_migrated/audio_comp_data/raw/fma_small/096/096408.mp3,096408,Rock,training
/scratch/pdoshi/audio_comp/home_migrated/audio_comp_data/raw/fma_small/096/096560.mp3,096560,Rock,validation
/scratch/pdoshi/audio_comp/home_migrated/audio_comp_data/raw/fma_small/096/096627.mp3,096627,Experimental,training
/scratch/pdoshi/audio_comp/home_migrated/audio_comp_data/raw/fma_small/096/096657.mp3,096657,Hip-Hop,training
/scratch/pdoshi/audio_comp/home_migrated/audio_comp_data/raw/fma_small/096/096675.mp3,096675,Hip-Hop,training
/scratch/pdoshi/audio_comp/home_migrated/audio_comp_data/raw/fma_small/096/096678.mp3,096678,Hip-Hop,training
/scratch/pdoshi/audio_comp/home_migrated/audio_comp_data/raw/fma_small/096/096692.mp3,096692,Folk,training
/scratch/pdoshi/audio_comp/home_migrated/audio_comp_data/raw/fma_small/096/096693.mp3,096693,Folk,training
/scratch/pdoshi/audio_comp/home_migrated/audio_comp_data/raw/fma_small/096/096694.mp3,096694,Folk,training
/scratch/pdoshi/audio_comp/home_migrated/audio_comp_data/raw/fma_small/096/096695.mp3,096695,Folk,training
/scratch/pdoshi/audio_comp/home_migrated/audio_comp_data/raw/fma_small/096/096696.mp3,096696,Folk,training
/scratch/pdoshi/audio_comp/home_migrated/audio_comp_data/raw/fma_small/096/096697.mp3,096697,Folk,training
/scratch/pdoshi/audio_comp/home_migrated/audio_comp_data/raw/fma_small/096/096698.mp3,096698,Folk,training
/scratch/pdoshi/audio_comp/home_migrated/audio_comp_data/raw/fma_small/096/096699.mp3,096699,Folk,training
/scratch/pdoshi/audio_comp/home_migrated/audio_comp_data/raw/fma_small/096/096718.mp3,096718,Rock,training
/scratch/pdoshi/audio_comp/home_migrated/audio_comp_data/raw/fma_small/096/096726.mp3,096726,Folk,training
/scratch/pdoshi/audio_comp/home_migrated/audio_comp_data/raw/fma_small/096/096728.mp3,096728,Folk,training
/scratch/pdoshi/audio_comp/home_migrated/audio_comp_data/raw/fma_small/096/096729.mp3,096729,Folk,training
/scratch/pdoshi/audio_comp/home_migrated/audio_comp_data/raw/fma_small/096/096730.mp3,096730,Folk,training
/scratch/pdoshi/audio_comp/home_migrated/audio_comp_data/raw/fma_small/096/096731.mp3,096731,Folk,training
/scratch/pdoshi/audio_comp/home_migrated/audio_comp_data/raw/fma_small/096/096738.mp3,096738,International,validation
/scratch/pdoshi/audio_comp/home_migrated/audio_comp_data/raw/fma_small/096/096742.mp3,096742,International,validation
/scratch/pdoshi/audio_comp/home_migrated/audio_comp_data/raw/fma_small/096/096743.mp3,096743,International,validation
/scratch/pdoshi/audio_comp/home_migrated/audio_comp_data/raw/fma_small/096/096759.mp3,096759,Rock,validation
/scratch/pdoshi/audio_comp/home_migrated/audio_comp_data/raw/fma_small/096/096898.mp3,096898,Experimental,training
/scratch/pdoshi/audio_comp/home_migrated/audio_comp_data/raw/fma_small/096/096900.mp3,096900,Experimental,training
/scratch/pdoshi/audio_comp/home_migrated/audio_comp_data/raw/fma_small/096/096901.mp3,096901,Experimental,training
/scratch/pdoshi/audio_comp/home_migrated/audio_comp_data/raw/fma_small/096/096902.mp3,096902,Experimental,training
/scratch/pdoshi/audio_comp/home_migrated/audio_comp_data/raw/fma_small/096/096935.mp3,096935,Rock,training
/scratch/pdoshi/audio_comp/home_migrated/audio_comp_data/raw/fma_small/096/096936.mp3,096936,Rock,training
/scratch/pdoshi/audio_comp/home_migrated/audio_comp_data/raw/fma_small/096/096944.mp3,096944,Pop,training
/scratch/pdoshi/audio_comp/home_migrated/audio_comp_data/raw/fma_small/096/096945.mp3,096945,Pop,training
/scratch/pdoshi/audio_comp/home_migrated/audio_comp_data/raw/fma_small/096/096946.mp3,096946,Pop,training
/scratch/pdoshi/audio_comp/home_migrated/audio_comp_data/raw/fma_small/097/097037.mp3,097037,Hip-Hop,training
/scratch/pdoshi/audio_comp/home_migrated/audio_comp_data/raw/fma_small/097/097041.mp3,097041,Hip-Hop,training
/scratch/pdoshi/audio_comp/home_migrated/audio_comp_data/raw/fma_small/097/097043.mp3,097043,Hip-Hop,training
/scratch/pdoshi/audio_comp/home_migrated/audio_comp_data/raw/fma_small/097/097211.mp3,097211,Folk,training
/scratch/pdoshi/audio_comp/home_migrated/audio_comp_data/raw/fma_small/097/097215.mp3,097215,Folk,training
/scratch/pdoshi/audio_comp/home_migrated/audio_comp_data/raw/fma_small/097/097216.mp3,097216,Folk,training
/scratch/pdoshi/audio_comp/home_migrated/audio_comp_data/raw/fma_small/097/097279.mp3,097279,Instrumental,training
/scratch/pdoshi/audio_comp/home_migrated/audio_comp_data/raw/fma_small/097/097283.mp3,097283,Instrumental,training
/scratch/pdoshi/audio_comp/home_migrated/audio_comp_data/raw/fma_small/097/097285.mp3,097285,Instrumental,training
/scratch/pdoshi/audio_comp/home_migrated/audio_comp_data/raw/fma_small/097/097286.mp3,097286,Rock,test
/scratch/pdoshi/audio_comp/home_migrated/audio_comp_data/raw/fma_small/097/097373.mp3,097373,Experimental,training
/scratch/pdoshi/audio_comp/home_migrated/audio_comp_data/raw/fma_small/097/097374.mp3,097374,Experimental,training
/scratch/pdoshi/audio_comp/home_migrated/audio_comp_data/raw/fma_small/097/097393.mp3,097393,Electronic,training
/scratch/pdoshi/audio_comp/home_migrated/audio_comp_data/raw/fma_small/097/097404.mp3,097404,Electronic,training
/scratch/pdoshi/audio_comp/home_migrated/audio_comp_data/raw/fma_small/097/097406.mp3,097406,Experimental,training
/scratch/pdoshi/audio_comp/home_migrated/audio_comp_data/raw/fma_small/097/097407.mp3,097407,Experimental,training
/scratch/pdoshi/audio_comp/home_migrated/audio_comp_data/raw/fma_small/097/097424.mp3,097424,Electronic,training
/scratch/pdoshi/audio_comp/home_migrated/audio_comp_data/raw/fma_small/097/097540.mp3,097540,Electronic,training
/scratch/pdoshi/audio_comp/home_migrated/audio_comp_data/raw/fma_small/097/097542.mp3,097542,Electronic,training
/scratch/pdoshi/audio_comp/home_migrated/audio_comp_data/raw/fma_small/097/097544.mp3,097544,Electronic,training
/scratch/pdoshi/audio_comp/home_migrated/audio_comp_data/raw/fma_small/097/097545.mp3,097545,Electronic,training
/scratch/pdoshi/audio_comp/home_migrated/audio_comp_data/raw/fma_small/097/097547.mp3,097547,Electronic,training
/scratch/pdoshi/audio_comp/home_migrated/audio_comp_data/raw/fma_small/097/097548.mp3,097548,Electronic,training
/scratch/pdoshi/audio_comp/home_migrated/audio_comp_data/raw/fma_small/097/097568.mp3,097568,Hip-Hop,training
/scratch/pdoshi/audio_comp/home_migrated/audio_comp_data/raw/fma_small/097/097569.mp3,097569,Hip-Hop,training
/scratch/pdoshi/audio_comp/home_migrated/audio_comp_data/raw/fma_small/097/097570.mp3,097570,Hip-Hop,training
/scratch/pdoshi/audio_comp/home_migrated/audio_comp_data/raw/fma_small/097/097585.mp3,097585,Folk,training
/scratch/pdoshi/audio_comp/home_migrated/audio_comp_data/raw/fma_small/097/097586.mp3,097586,Folk,training
/scratch/pdoshi/audio_comp/home_migrated/audio_comp_data/raw/fma_small/097/097587.mp3,097587,Folk,training
/scratch/pdoshi/audio_comp/home_migrated/audio_comp_data/raw/fma_small/097/097588.mp3,097588,Folk,training
/scratch/pdoshi/audio_comp/home_migrated/audio_comp_data/raw/fma_small/097/097589.mp3,097589,Folk,training
/scratch/pdoshi/audio_comp/home_migrated/audio_comp_data/raw/fma_small/097/097590.mp3,097590,Folk,training
/scratch/pdoshi/audio_comp/home_migrated/audio_comp_data/raw/fma_small/097/097690.mp3,097690,Rock,training
/scratch/pdoshi/audio_comp/home_migrated/audio_comp_data/raw/fma_small/097/097691.mp3,097691,Hip-Hop,training
/scratch/pdoshi/audio_comp/home_migrated/audio_comp_data/raw/fma_small/097/097692.mp3,097692,Hip-Hop,training
/scratch/pdoshi/audio_comp/home_migrated/audio_comp_data/raw/fma_small/097/097697.mp3,097697,Hip-Hop,training
/scratch/pdoshi/audio_comp/home_migrated/audio_comp_data/raw/fma_small/097/097793.mp3,097793,Experimental,training
/scratch/pdoshi/audio_comp/home_migrated/audio_comp_data/raw/fma_small/097/097794.mp3,097794,Experimental,training
/scratch/pdoshi/audio_comp/home_migrated/audio_comp_data/raw/fma_small/097/097813.mp3,097813,Experimental,training
/scratch/pdoshi/audio_comp/home_migrated/audio_comp_data/raw/fma_small/097/097814.mp3,097814,Experimental,training
/scratch/pdoshi/audio_comp/home_migrated/audio_comp_data/raw/fma_small/097/097841.mp3,097841,Experimental,training
/scratch/pdoshi/audio_comp/home_migrated/audio_comp_data/raw/fma_small/097/097844.mp3,097844,Electronic,training
/scratch/pdoshi/audio_comp/home_migrated/audio_comp_data/raw/fma_small/097/097845.mp3,097845,Electronic,training
/scratch/pdoshi/audio_comp/home_migrated/audio_comp_data/raw/fma_small/097/097846.mp3,097846,Electronic,training
/scratch/pdoshi/audio_comp/home_migrated/audio_comp_data/raw/fma_small/097/097847.mp3,097847,Electronic,training
/scratch/pdoshi/audio_comp/home_migrated/audio_comp_data/raw/fma_small/097/097848.mp3,097848,Electronic,training
/scratch/pdoshi/audio_comp/home_migrated/audio_comp_data/raw/fma_small/097/097886.mp3,097886,Rock,training
/scratch/pdoshi/audio_comp/home_migrated/audio_comp_data/raw/fma_small/097/097887.mp3,097887,Rock,training
/scratch/pdoshi/audio_comp/home_migrated/audio_comp_data/raw/fma_small/097/097894.mp3,097894,Rock,training
/scratch/pdoshi/audio_comp/home_migrated/audio_comp_data/raw/fma_small/097/097940.mp3,097940,Electronic,training
/scratch/pdoshi/audio_comp/home_migrated/audio_comp_data/raw/fma_small/097/097958.mp3,097958,Electronic,training
/scratch/pdoshi/audio_comp/home_migrated/audio_comp_data/raw/fma_small/097/097959.mp3,097959,Electronic,training
/scratch/pdoshi/audio_comp/home_migrated/audio_comp_data/raw/fma_small/097/097960.mp3,097960,Electronic,training
/scratch/pdoshi/audio_comp/home_migrated/audio_comp_data/raw/fma_small/097/097961.mp3,097961,Electronic,training
/scratch/pdoshi/audio_comp/home_migrated/audio_comp_data/raw/fma_small/097/097962.mp3,097962,Electronic,training
/scratch/pdoshi/audio_comp/home_migrated/audio_comp_data/raw/fma_small/097/097980.mp3,097980,Hip-Hop,training
/scratch/pdoshi/audio_comp/home_migrated/audio_comp_data/raw/fma_small/097/097986.mp3,097986,Hip-Hop,training
/scratch/pdoshi/audio_comp/home_migrated/audio_comp_data/raw/fma_small/097/097987.mp3,097987,Hip-Hop,training
/scratch/pdoshi/audio_comp/home_migrated/audio_comp_data/raw/fma_small/097/097988.mp3,097988,Hip-Hop,training
/scratch/pdoshi/audio_comp/home_migrated/audio_comp_data/raw/fma_small/097/097989.mp3,097989,Hip-Hop,training
/scratch/pdoshi/audio_comp/home_migrated/audio_comp_data/raw/fma_small/098/098025.mp3,098025,Rock,validation
/scratch/pdoshi/audio_comp/home_migrated/audio_comp_data/raw/fma_small/098/098026.mp3,098026,International,validation
/scratch/pdoshi/audio_comp/home_migrated/audio_comp_data/raw/fma_small/098/098028.mp3,098028,International,validation
/scratch/pdoshi/audio_comp/home_migrated/audio_comp_data/raw/fma_small/098/098031.mp3,098031,International,validation
/scratch/pdoshi/audio_comp/home_migrated/audio_comp_data/raw/fma_small/098/098077.mp3,098077,Rock,test
/scratch/pdoshi/audio_comp/home_migrated/audio_comp_data/raw/fma_small/098/098202.mp3,098202,Electronic,training
/scratch/pdoshi/audio_comp/home_migrated/audio_comp_data/raw/fma_small/098/098203.mp3,098203,Electronic,training
/scratch/pdoshi/audio_comp/home_migrated/audio_comp_data/raw/fma_small/098/098204.mp3,098204,Electronic,training
/scratch/pdoshi/audio_comp/home_migrated/audio_comp_data/raw/fma_small/098/098205.mp3,098205,Electronic,training
/scratch/pdoshi/audio_comp/home_migrated/audio_comp_data/raw/fma_small/098/098206.mp3,098206,Electronic,training
/scratch/pdoshi/audio_comp/home_migrated/audio_comp_data/raw/fma_small/098/098227.mp3,098227,Electronic,training
/scratch/pdoshi/audio_comp/home_migrated/audio_comp_data/raw/fma_small/098/098228.mp3,098228,Electronic,training
/scratch/pdoshi/audio_comp/home_migrated/audio_comp_data/raw/fma_small/098/098229.mp3,098229,Experimental,validation
/scratch/pdoshi/audio_comp/home_migrated/audio_comp_data/raw/fma_small/098/098235.mp3,098235,Instrumental,training
/scratch/pdoshi/audio_comp/home_migrated/audio_comp_data/raw/fma_small/098/098236.mp3,098236,Instrumental,training
/scratch/pdoshi/audio_comp/home_migrated/audio_comp_data/raw/fma_small/098/098237.mp3,098237,Instrumental,training
/scratch/pdoshi/audio_comp/home_migrated/audio_comp_data/raw/fma_small/098/098238.mp3,098238,Instrumental,training
/scratch/pdoshi/audio_comp/home_migrated/audio_comp_data/raw/fma_small/098/098251.mp3,098251,Rock,training
/scratch/pdoshi/audio_comp/home_migrated/audio_comp_data/raw/fma_small/098/098297.mp3,098297,Rock,training
/scratch/pdoshi/audio_comp/home_migrated/audio_comp_data/raw/fma_small/098/098298.mp3,098298,International,test
/scratch/pdoshi/audio_comp/home_migrated/audio_comp_data/raw/fma_small/098/098299.mp3,098299,International,test
/scratch/pdoshi/audio_comp/home_migrated/audio_comp_data/raw/fma_small/098/098300.mp3,098300,International,test
/scratch/pdoshi/audio_comp/home_migrated/audio_comp_data/raw/fma_small/098/098301.mp3,098301,International,test
/scratch/pdoshi/audio_comp/home_migrated/audio_comp_data/raw/fma_small/098/098302.mp3,098302,International,test
/scratch/pdoshi/audio_comp/home_migrated/audio_comp_data/raw/fma_small/098/098339.mp3,098339,International,training
/scratch/pdoshi/audio_comp/home_migrated/audio_comp_data/raw/fma_small/098/098346.mp3,098346,International,test
/scratch/pdoshi/audio_comp/home_migrated/audio_comp_data/raw/fma_small/098/098348.mp3,098348,International,test
/scratch/pdoshi/audio_comp/home_migrated/audio_comp_data/raw/fma_small/098/098349.mp3,098349,International,test
/scratch/pdoshi/audio_comp/home_migrated/audio_comp_data/raw/fma_small/098/098547.mp3,098547,Hip-Hop,validation
/scratch/pdoshi/audio_comp/home_migrated/audio_comp_data/raw/fma_small/098/098548.mp3,098548,Hip-Hop,validation
/scratch/pdoshi/audio_comp/home_migrated/audio_comp_data/raw/fma_small/098/098549.mp3,098549,Hip-Hop,validation
/scratch/pdoshi/audio_comp/home_migrated/audio_comp_data/raw/fma_small/098/098550.mp3,098550,Hip-Hop,validation
/scratch/pdoshi/audio_comp/home_migrated/audio_comp_data/raw/fma_small/098/098551.mp3,098551,Hip-Hop,validation
/scratch/pdoshi/audio_comp/home_migrated/audio_comp_data/raw/fma_small/098/098552.mp3,098552,Hip-Hop,validation
/scratch/pdoshi/audio_comp/home_migrated/audio_comp_data/raw/fma_small/098/098553.mp3,098553,Hip-Hop,validation
/scratch/pdoshi/audio_comp/home_migrated/audio_comp_data/raw/fma_small/098/098554.mp3,098554,Hip-Hop,validation
/scratch/pdoshi/audio_comp/home_migrated/audio_comp_data/raw/fma_small/098/098555.mp3,098555,Hip-Hop,validation
/scratch/pdoshi/audio_comp/home_migrated/audio_comp_data/raw/fma_small/098/098556.mp3,098556,Hip-Hop,validation
/scratch/pdoshi/audio_comp/home_migrated/audio_comp_data/raw/fma_small/098/098557.mp3,098557,Hip-Hop,validation
/scratch/pdoshi/audio_comp/home_migrated/audio_comp_data/raw/fma_small/098/098565.mp3,098565,Hip-Hop,training
/scratch/pdoshi/audio_comp/home_migrated/audio_comp_data/raw/fma_small/098/098567.mp3,098567,Hip-Hop,training
/scratch/pdoshi/audio_comp/home_migrated/audio_comp_data/raw/fma_small/098/098569.mp3,098569,Hip-Hop,training
/scratch/pdoshi/audio_comp/home_migrated/audio_comp_data/raw/fma_small/098/098573.mp3,098573,Hip-Hop,training
/scratch/pdoshi/audio_comp/home_migrated/audio_comp_data/raw/fma_small/098/098574.mp3,098574,Hip-Hop,training
/scratch/pdoshi/audio_comp/home_migrated/audio_comp_data/raw/fma_small/098/098575.mp3,098575,Hip-Hop,training
/scratch/pdoshi/audio_comp/home_migrated/audio_comp_data/raw/fma_small/098/098576.mp3,098576,Hip-Hop,training
/scratch/pdoshi/audio_comp/home_migrated/audio_comp_data/raw/fma_small/098/098577.mp3,098577,Hip-Hop,training
/scratch/pdoshi/audio_comp/home_migrated/audio_comp_data/raw/fma_small/098/098578.mp3,098578,Hip-Hop,training
/scratch/pdoshi/audio_comp/home_migrated/audio_comp_data/raw/fma_small/098/098579.mp3,098579,Hip-Hop,training
/scratch/pdoshi/audio_comp/home_migrated/audio_comp_data/raw/fma_small/098/098580.mp3,098580,Hip-Hop,training
/scratch/pdoshi/audio_comp/home_migrated/audio_comp_data/raw/fma_small/098/098581.mp3,098581,Hip-Hop,training
/scratch/pdoshi/audio_comp/home_migrated/audio_comp_data/raw/fma_small/098/098582.mp3,098582,Hip-Hop,training
/scratch/pdoshi/audio_comp/home_migrated/audio_comp_data/raw/fma_small/098/098583.mp3,098583,Hip-Hop,training
/scratch/pdoshi/audio_comp/home_migrated/audio_comp_data/raw/fma_small/098/098584.mp3,098584,Hip-Hop,training
/scratch/pdoshi/audio_comp/home_migrated/audio_comp_data/raw/fma_small/098/098585.mp3,098585,Hip-Hop,training
/scratch/pdoshi/audio_comp/home_migrated/audio_comp_data/raw/fma_small/098/098613.mp3,098613,Hip-Hop,training
/scratch/pdoshi/audio_comp/home_migrated/audio_comp_data/raw/fma_small/098/098617.mp3,098617,Hip-Hop,training
/scratch/pdoshi/audio_comp/home_migrated/audio_comp_data/raw/fma_small/098/098618.mp3,098618,Hip-Hop,training
/scratch/pdoshi/audio_comp/home_migrated/audio_comp_data/raw/fma_small/098/098619.mp3,098619,Hip-Hop,training
/scratch/pdoshi/audio_comp/home_migrated/audio_comp_data/raw/fma_small/098/098620.mp3,098620,Hip-Hop,training
/scratch/pdoshi/audio_comp/home_migrated/audio_comp_data/raw/fma_small/098/098621.mp3,098621,Hip-Hop,training
/scratch/pdoshi/audio_comp/home_migrated/audio_comp_data/raw/fma_small/098/098622.mp3,098622,Hip-Hop,training
/scratch/pdoshi/audio_comp/home_migrated/audio_comp_data/raw/fma_small/098/098623.mp3,098623,Hip-Hop,training
/scratch/pdoshi/audio_comp/home_migrated/audio_comp_data/raw/fma_small/098/098624.mp3,098624,Hip-Hop,training
/scratch/pdoshi/audio_comp/home_migrated/audio_comp_data/raw/fma_small/098/098625.mp3,098625,Hip-Hop,training
/scratch/pdoshi/audio_comp/home_migrated/audio_comp_data/raw/fma_small/098/098626.mp3,098626,Hip-Hop,training
/scratch/pdoshi/audio_comp/home_migrated/audio_comp_data/raw/fma_small/098/098627.mp3,098627,Hip-Hop,training
/scratch/pdoshi/audio_comp/home_migrated/audio_comp_data/raw/fma_small/098/098628.mp3,098628,Hip-Hop,training
/scratch/pdoshi/audio_comp/home_migrated/audio_comp_data/raw/fma_small/098/098655.mp3,098655,International,validation
/scratch/pdoshi/audio_comp/home_migrated/audio_comp_data/raw/fma_small/098/098656.mp3,098656,International,validation
/scratch/pdoshi/audio_comp/home_migrated/audio_comp_data/raw/fma_small/098/098657.mp3,098657,International,validation
/scratch/pdoshi/audio_comp/home_migrated/audio_comp_data/raw/fma_small/098/098666.mp3,098666,International,validation
/scratch/pdoshi/audio_comp/home_migrated/audio_comp_data/raw/fma_small/098/098667.mp3,098667,International,validation
/scratch/pdoshi/audio_comp/home_migrated/audio_comp_data/raw/fma_small/098/098668.mp3,098668,International,validation
/scratch/pdoshi/audio_comp/home_migrated/audio_comp_data/raw/fma_small/098/098669.mp3,098669,International,validation
/scratch/pdoshi/audio_comp/home_migrated/audio_comp_data/raw/fma_small/098/098670.mp3,098670,International,validation
/scratch/pdoshi/audio_comp/home_migrated/audio_comp_data/raw/fma_small/098/098671.mp3,098671,International,validation
/scratch/pdoshi/audio_comp/home_migrated/audio_comp_data/raw/fma_small/098/098680.mp3,098680,International,training
/scratch/pdoshi/audio_comp/home_migrated/audio_comp_data/raw/fma_small/098/098681.mp3,098681,International,training
/scratch/pdoshi/audio_comp/home_migrated/audio_comp_data/raw/fma_small/098/098701.mp3,098701,Rock,training
/scratch/pdoshi/audio_comp/home_migrated/audio_comp_data/raw/fma_small/098/098770.mp3,098770,Electronic,training
/scratch/pdoshi/audio_comp/home_migrated/audio_comp_data/raw/fma_small/098/098838.mp3,098838,Electronic,training
/scratch/pdoshi/audio_comp/home_migrated/audio_comp_data/raw/fma_small/099/099041.mp3,099041,Electronic,training
/scratch/pdoshi/audio_comp/home_migrated/audio_comp_data/raw/fma_small/099/099093.mp3,099093,Hip-Hop,test
/scratch/pdoshi/audio_comp/home_migrated/audio_comp_data/raw/fma_small/099/099095.mp3,099095,Hip-Hop,test
/scratch/pdoshi/audio_comp/home_migrated/audio_comp_data/raw/fma_small/099/099096.mp3,099096,Hip-Hop,test
/scratch/pdoshi/audio_comp/home_migrated/audio_comp_data/raw/fma_small/099/099134.mp3,099134,Electronic,training
/scratch/pdoshi/audio_comp/home_migrated/audio_comp_data/raw/fma_small/099/099135.mp3,099135,Electronic,training
/scratch/pdoshi/audio_comp/home_migrated/audio_comp_data/raw/fma_small/099/099214.mp3,099214,Experimental,training
/scratch/pdoshi/audio_comp/home_migrated/audio_comp_data/raw/fma_small/099/099260.mp3,099260,Rock,training
/scratch/pdoshi/audio_comp/home_migrated/audio_comp_data/raw/fma_small/099/099261.mp3,099261,Electronic,training
/scratch/pdoshi/audio_comp/home_migrated/audio_comp_data/raw/fma_small/099/099274.mp3,099274,Experimental,training
/scratch/pdoshi/audio_comp/home_migrated/audio_comp_data/raw/fma_small/099/099311.mp3,099311,Electronic,training
/scratch/pdoshi/audio_comp/home_migrated/audio_comp_data/raw/fma_small/099/099313.mp3,099313,Electronic,training
/scratch/pdoshi/audio_comp/home_migrated/audio_comp_data/raw/fma_small/099/099345.mp3,099345,Rock,training
/scratch/pdoshi/audio_comp/home_migrated/audio_comp_data/raw/fma_small/099/099361.mp3,099361,International,training
/scratch/pdoshi/audio_comp/home_migrated/audio_comp_data/raw/fma_small/099/099362.mp3,099362,International,training
/scratch/pdoshi/audio_comp/home_migrated/audio_comp_data/raw/fma_small/099/099363.mp3,099363,International,training
/scratch/pdoshi/audio_comp/home_migrated/audio_comp_data/raw/fma_small/099/099364.mp3,099364,International,training
/scratch/pdoshi/audio_comp/home_migrated/audio_comp_data/raw/fma_small/099/099368.mp3,099368,International,training
/scratch/pdoshi/audio_comp/home_migrated/audio_comp_data/raw/fma_small/099/099369.mp3,099369,International,training
/scratch/pdoshi/audio_comp/home_migrated/audio_comp_data/raw/fma_small/099/099370.mp3,099370,International,training
/scratch/pdoshi/audio_comp/home_migrated/audio_comp_data/raw/fma_small/099/099371.mp3,099371,International,training
/scratch/pdoshi/audio_comp/home_migrated/audio_comp_data/raw/fma_small/099/099372.mp3,099372,International,training
/scratch/pdoshi/audio_comp/home_migrated/audio_comp_data/raw/fma_small/099/099373.mp3,099373,International,training
/scratch/pdoshi/audio_comp/home_migrated/audio_comp_data/raw/fma_small/099/099374.mp3,099374,International,training
/scratch/pdoshi/audio_comp/home_migrated/audio_comp_data/raw/fma_small/099/099375.mp3,099375,International,training
/scratch/pdoshi/audio_comp/home_migrated/audio_comp_data/raw/fma_small/099/099389.mp3,099389,International,training
/scratch/pdoshi/audio_comp/home_migrated/audio_comp_data/raw/fma_small/099/099390.mp3,099390,International,training
/scratch/pdoshi/audio_comp/home_migrated/audio_comp_data/raw/fma_small/099/099391.mp3,099391,International,training
/scratch/pdoshi/audio_comp/home_migrated/audio_comp_data/raw/fma_small/099/099392.mp3,099392,International,training
/scratch/pdoshi/audio_comp/home_migrated/audio_comp_data/raw/fma_small/099/099393.mp3,099393,International,training
/scratch/pdoshi/audio_comp/home_migrated/audio_comp_data/raw/fma_small/099/099394.mp3,099394,International,training
/scratch/pdoshi/audio_comp/home_migrated/audio_comp_data/raw/fma_small/099/099395.mp3,099395,International,training
/scratch/pdoshi/audio_comp/home_migrated/audio_comp_data/raw/fma_small/099/099411.mp3,099411,Rock,training
/scratch/pdoshi/audio_comp/home_migrated/audio_comp_data/raw/fma_small/099/099419.mp3,099419,Rock,training
/scratch/pdoshi/audio_comp/home_migrated/audio_comp_data/raw/fma_small/099/099436.mp3,099436,Rock,training
/scratch/pdoshi/audio_comp/home_migrated/audio_comp_data/raw/fma_small/099/099437.mp3,099437,Rock,training
/scratch/pdoshi/audio_comp/home_migrated/audio_comp_data/raw/fma_small/099/099438.mp3,099438,Rock,training
/scratch/pdoshi/audio_comp/home_migrated/audio_comp_data/raw/fma_small/099/099439.mp3,099439,Rock,training
/scratch/pdoshi/audio_comp/home_migrated/audio_comp_data/raw/fma_small/099/099440.mp3,099440,Rock,training
/scratch/pdoshi/audio_comp/home_migrated/audio_comp_data/raw/fma_small/099/099441.mp3,099441,Rock,training
/scratch/pdoshi/audio_comp/home_migrated/audio_comp_data/raw/fma_small/099/099442.mp3,099442,Rock,training
/scratch/pdoshi/audio_comp/home_migrated/audio_comp_data/raw/fma_small/099/099501.mp3,099501,Hip-Hop,training
/scratch/pdoshi/audio_comp/home_migrated/audio_comp_data/raw/fma_small/099/099703.mp3,099703,Electronic,training
/scratch/pdoshi/audio_comp/home_migrated/audio_comp_data/raw/fma_small/099/099704.mp3,099704,Electronic,training
/scratch/pdoshi/audio_comp/home_migrated/audio_comp_data/raw/fma_small/099/099707.mp3,099707,Electronic,training
/scratch/pdoshi/audio_comp/home_migrated/audio_comp_data/raw/fma_small/100/100478.mp3,100478,Hip-Hop,training
/scratch/pdoshi/audio_comp/home_migrated/audio_comp_data/raw/fma_small/100/100479.mp3,100479,Hip-Hop,training
/scratch/pdoshi/audio_comp/home_migrated/audio_comp_data/raw/fma_small/100/100480.mp3,100480,Hip-Hop,training
/scratch/pdoshi/audio_comp/home_migrated/audio_comp_data/raw/fma_small/100/100497.mp3,100497,Electronic,training
/scratch/pdoshi/audio_comp/home_migrated/audio_comp_data/raw/fma_small/100/100522.mp3,100522,Electronic,validation
/scratch/pdoshi/audio_comp/home_migrated/audio_comp_data/raw/fma_small/100/100535.mp3,100535,Electronic,training
/scratch/pdoshi/audio_comp/home_migrated/audio_comp_data/raw/fma_small/100/100536.mp3,100536,Electronic,training
/scratch/pdoshi/audio_comp/home_migrated/audio_comp_data/raw/fma_small/100/100544.mp3,100544,Electronic,training
/scratch/pdoshi/audio_comp/home_migrated/audio_comp_data/raw/fma_small/100/100549.mp3,100549,Electronic,training
/scratch/pdoshi/audio_comp/home_migrated/audio_comp_data/raw/fma_small/100/100550.mp3,100550,Electronic,training
/scratch/pdoshi/audio_comp/home_migrated/audio_comp_data/raw/fma_small/100/100552.mp3,100552,Electronic,training
/scratch/pdoshi/audio_comp/home_migrated/audio_comp_data/raw/fma_small/100/100745.mp3,100745,Electronic,training
/scratch/pdoshi/audio_comp/home_migrated/audio_comp_data/raw/fma_small/100/100799.mp3,100799,Rock,training
/scratch/pdoshi/audio_comp/home_migrated/audio_comp_data/raw/fma_small/100/100802.mp3,100802,Rock,training
/scratch/pdoshi/audio_comp/home_migrated/audio_comp_data/raw/fma_small/100/100835.mp3,100835,Electronic,training
/scratch/pdoshi/audio_comp/home_migrated/audio_comp_data/raw/fma_small/100/100949.mp3,100949,Hip-Hop,training
/scratch/pdoshi/audio_comp/home_migrated/audio_comp_data/raw/fma_small/100/100958.mp3,100958,Hip-Hop,training
/scratch/pdoshi/audio_comp/home_migrated/audio_comp_data/raw/fma_small/100/100959.mp3,100959,Hip-Hop,training
/scratch/pdoshi/audio_comp/home_migrated/audio_comp_data/raw/fma_small/100/100972.mp3,100972,Electronic,training
/scratch/pdoshi/audio_comp/home_migrated/audio_comp_data/raw/fma_small/100/100973.mp3,100973,Electronic,training
/scratch/pdoshi/audio_comp/home_migrated/audio_comp_data/raw/fma_small/100/100975.mp3,100975,Electronic,training
/scratch/pdoshi/audio_comp/home_migrated/audio_comp_data/raw/fma_small/100/100976.mp3,100976,Electronic,training
/scratch/pdoshi/audio_comp/home_migrated/audio_comp_data/raw/fma_small/101/101111.mp3,101111,International,training
/scratch/pdoshi/audio_comp/home_migrated/audio_comp_data/raw/fma_small/101/101112.mp3,101112,International,training
/scratch/pdoshi/audio_comp/home_migrated/audio_comp_data/raw/fma_small/101/101116.mp3,101116,International,training
/scratch/pdoshi/audio_comp/home_migrated/audio_comp_data/raw/fma_small/101/101118.mp3,101118,International,training
/scratch/pdoshi/audio_comp/home_migrated/audio_comp_data/raw/fma_small/101/101119.mp3,101119,International,training
/scratch/pdoshi/audio_comp/home_migrated/audio_comp_data/raw/fma_small/101/101864.mp3,101864,Experimental,training
/scratch/pdoshi/audio_comp/home_migrated/audio_comp_data/raw/fma_small/101/101868.mp3,101868,Experimental,training
/scratch/pdoshi/audio_comp/home_migrated/audio_comp_data/raw/fma_small/101/101873.mp3,101873,Experimental,training
/scratch/pdoshi/audio_comp/home_migrated/audio_comp_data/raw/fma_small/101/101893.mp3,101893,Experimental,training
/scratch/pdoshi/audio_comp/home_migrated/audio_comp_data/raw/fma_small/101/101951.mp3,101951,Rock,test
/scratch/pdoshi/audio_comp/home_migrated/audio_comp_data/raw/fma_small/102/102092.mp3,102092,Experimental,training
/scratch/pdoshi/audio_comp/home_migrated/audio_comp_data/raw/fma_small/102/102112.mp3,102112,Experimental,validation
/scratch/pdoshi/audio_comp/home_migrated/audio_comp_data/raw/fma_small/102/102114.mp3,102114,Experimental,validation
/scratch/pdoshi/audio_comp/home_migrated/audio_comp_data/raw/fma_small/102/102195.mp3,102195,Rock,training
/scratch/pdoshi/audio_comp/home_migrated/audio_comp_data/raw/fma_small/103/103518.mp3,103518,Instrumental,test
/scratch/pdoshi/audio_comp/home_migrated/audio_comp_data/raw/fma_small/103/103519.mp3,103519,Instrumental,test
/scratch/pdoshi/audio_comp/home_migrated/audio_comp_data/raw/fma_small/103/103520.mp3,103520,Instrumental,test
/scratch/pdoshi/audio_comp/home_migrated/audio_comp_data/raw/fma_small/103/103521.mp3,103521,Instrumental,test
/scratch/pdoshi/audio_comp/home_migrated/audio_comp_data/raw/fma_small/103/103522.mp3,103522,Instrumental,test
/scratch/pdoshi/audio_comp/home_migrated/audio_comp_data/raw/fma_small/103/103523.mp3,103523,Instrumental,test
/scratch/pdoshi/audio_comp/home_migrated/audio_comp_data/raw/fma_small/103/103600.mp3,103600,Electronic,training
/scratch/pdoshi/audio_comp/home_migrated/audio_comp_data/raw/fma_small/103/103800.mp3,103800,Hip-Hop,training
/scratch/pdoshi/audio_comp/home_migrated/audio_comp_data/raw/fma_small/103/103808.mp3,103808,Hip-Hop,training
/scratch/pdoshi/audio_comp/home_migrated/audio_comp_data/raw/fma_small/104/104008.mp3,104008,Folk,training
/scratch/pdoshi/audio_comp/home_migrated/audio_comp_data/raw/fma_small/104/104009.mp3,104009,Folk,training
/scratch/pdoshi/audio_comp/home_migrated/audio_comp_data/raw/fma_small/104/104010.mp3,104010,Folk,training
/scratch/pdoshi/audio_comp/home_migrated/audio_comp_data/raw/fma_small/104/104062.mp3,104062,Rock,training
/scratch/pdoshi/audio_comp/home_migrated/audio_comp_data/raw/fma_small/104/104063.mp3,104063,Rock,training
/scratch/pdoshi/audio_comp/home_migrated/audio_comp_data/raw/fma_small/104/104064.mp3,104064,Pop,training
/scratch/pdoshi/audio_comp/home_migrated/audio_comp_data/raw/fma_small/104/104065.mp3,104065,Pop,training
/scratch/pdoshi/audio_comp/home_migrated/audio_comp_data/raw/fma_small/104/104066.mp3,104066,Pop,training
/scratch/pdoshi/audio_comp/home_migrated/audio_comp_data/raw/fma_small/104/104067.mp3,104067,Pop,training
/scratch/pdoshi/audio_comp/home_migrated/audio_comp_data/raw/fma_small/104/104068.mp3,104068,Pop,training
/scratch/pdoshi/audio_comp/home_migrated/audio_comp_data/raw/fma_small/104/104086.mp3,104086,Rock,training
/scratch/pdoshi/audio_comp/home_migrated/audio_comp_data/raw/fma_small/104/104227.mp3,104227,Rock,validation
/scratch/pdoshi/audio_comp/home_migrated/audio_comp_data/raw/fma_small/104/104276.mp3,104276,Electronic,training
/scratch/pdoshi/audio_comp/home_migrated/audio_comp_data/raw/fma_small/104/104277.mp3,104277,Electronic,training
/scratch/pdoshi/audio_comp/home_migrated/audio_comp_data/raw/fma_small/104/104278.mp3,104278,Electronic,training
/scratch/pdoshi/audio_comp/home_migrated/audio_comp_data/raw/fma_small/104/104279.mp3,104279,Electronic,training
/scratch/pdoshi/audio_comp/home_migrated/audio_comp_data/raw/fma_small/104/104282.mp3,104282,Electronic,training
/scratch/pdoshi/audio_comp/home_migrated/audio_comp_data/raw/fma_small/104/104283.mp3,104283,Electronic,training
/scratch/pdoshi/audio_comp/home_migrated/audio_comp_data/raw/fma_small/104/104284.mp3,104284,Electronic,training
/scratch/pdoshi/audio_comp/home_migrated/audio_comp_data/raw/fma_small/104/104356.mp3,104356,Folk,training
/scratch/pdoshi/audio_comp/home_migrated/audio_comp_data/raw/fma_small/104/104357.mp3,104357,Folk,training
/scratch/pdoshi/audio_comp/home_migrated/audio_comp_data/raw/fma_small/104/104434.mp3,104434,Experimental,test
/scratch/pdoshi/audio_comp/home_migrated/audio_comp_data/raw/fma_small/104/104625.mp3,104625,Experimental,training
/scratch/pdoshi/audio_comp/home_migrated/audio_comp_data/raw/fma_small/104/104668.mp3,104668,Rock,validation
/scratch/pdoshi/audio_comp/home_migrated/audio_comp_data/raw/fma_small/104/104724.mp3,104724,Experimental,training
/scratch/pdoshi/audio_comp/home_migrated/audio_comp_data/raw/fma_small/104/104725.mp3,104725,Experimental,training
/scratch/pdoshi/audio_comp/home_migrated/audio_comp_data/raw/fma_small/104/104779.mp3,104779,Pop,validation
/scratch/pdoshi/audio_comp/home_migrated/audio_comp_data/raw/fma_small/104/104780.mp3,104780,Pop,validation
/scratch/pdoshi/audio_comp/home_migrated/audio_comp_data/raw/fma_small/105/105022.mp3,105022,Experimental,training
/scratch/pdoshi/audio_comp/home_migrated/audio_comp_data/raw/fma_small/105/105119.mp3,105119,Rock,training
/scratch/pdoshi/audio_comp/home_migrated/audio_comp_data/raw/fma_small/105/105141.mp3,105141,Rock,test
/scratch/pdoshi/audio_comp/home_migrated/audio_comp_data/raw/fma_small/105/105142.mp3,105142,Rock,training
/scratch/pdoshi/audio_comp/home_migrated/audio_comp_data/raw/fma_small/105/105144.mp3,105144,Rock,test
/scratch/pdoshi/audio_comp/home_migrated/audio_comp_data/raw/fma_small/105/105145.mp3,105145,Rock,training
/scratch/pdoshi/audio_comp/home_migrated/audio_comp_data/raw/fma_small/105/105196.mp3,105196,Folk,training
/scratch/pdoshi/audio_comp/home_migrated/audio_comp_data/raw/fma_small/105/105408.mp3,105408,Electronic,training
/scratch/pdoshi/audio_comp/home_migrated/audio_comp_data/raw/fma_small/105/105411.mp3,105411,Electronic,training
/scratch/pdoshi/audio_comp/home_migrated/audio_comp_data/raw/fma_small/105/105412.mp3,105412,Electronic,training
/scratch/pdoshi/audio_comp/home_migrated/audio_comp_data/raw/fma_small/105/105413.mp3,105413,Electronic,training
/scratch/pdoshi/audio_comp/home_migrated/audio_comp_data/raw/fma_small/105/105414.mp3,105414,Electronic,training
/scratch/pdoshi/audio_comp/home_migrated/audio_comp_data/raw/fma_small/105/105443.mp3,105443,Hip-Hop,training
/scratch/pdoshi/audio_comp/home_migrated/audio_comp_data/raw/fma_small/105/105450.mp3,105450,Hip-Hop,training
/scratch/pdoshi/audio_comp/home_migrated/audio_comp_data/raw/fma_small/105/105451.mp3,105451,Hip-Hop,training
/scratch/pdoshi/audio_comp/home_migrated/audio_comp_data/raw/fma_small/105/105662.mp3,105662,Electronic,training
/scratch/pdoshi/audio_comp/home_migrated/audio_comp_data/raw/fma_small/105/105664.mp3,105664,Electronic,training
/scratch/pdoshi/audio_comp/home_migrated/audio_comp_data/raw/fma_small/105/105670.mp3,105670,Electronic,training
/scratch/pdoshi/audio_comp/home_migrated/audio_comp_data/raw/fma_small/105/105671.mp3,105671,Electronic,training
/scratch/pdoshi/audio_comp/home_migrated/audio_comp_data/raw/fma_small/105/105672.mp3,105672,Electronic,training
/scratch/pdoshi/audio_comp/home_migrated/audio_comp_data/raw/fma_small/105/105673.mp3,105673,Electronic,training
/scratch/pdoshi/audio_comp/home_migrated/audio_comp_data/raw/fma_small/105/105674.mp3,105674,Electronic,training
/scratch/pdoshi/audio_comp/home_migrated/audio_comp_data/raw/fma_small/105/105682.mp3,105682,Rock,training
/scratch/pdoshi/audio_comp/home_migrated/audio_comp_data/raw/fma_small/105/105683.mp3,105683,Hip-Hop,training
/scratch/pdoshi/audio_comp/home_migrated/audio_comp_data/raw/fma_small/105/105685.mp3,105685,Hip-Hop,training
/scratch/pdoshi/audio_comp/home_migrated/audio_comp_data/raw/fma_small/105/105712.mp3,105712,Folk,training
/scratch/pdoshi/audio_comp/home_migrated/audio_comp_data/raw/fma_small/105/105713.mp3,105713,Folk,training
/scratch/pdoshi/audio_comp/home_migrated/audio_comp_data/raw/fma_small/105/105714.mp3,105714,Folk,training
/scratch/pdoshi/audio_comp/home_migrated/audio_comp_data/raw/fma_small/105/105715.mp3,105715,Folk,training
/scratch/pdoshi/audio_comp/home_migrated/audio_comp_data/raw/fma_small/105/105716.mp3,105716,Folk,training
/scratch/pdoshi/audio_comp/home_migrated/audio_comp_data/raw/fma_small/105/105717.mp3,105717,Folk,training
/scratch/pdoshi/audio_comp/home_migrated/audio_comp_data/raw/fma_small/105/105718.mp3,105718,Folk,training
/scratch/pdoshi/audio_comp/home_migrated/audio_comp_data/raw/fma_small/105/105719.mp3,105719,Experimental,training
/scratch/pdoshi/audio_comp/home_migrated/audio_comp_data/raw/fma_small/105/105720.mp3,105720,Experimental,training
/scratch/pdoshi/audio_comp/home_migrated/audio_comp_data/raw/fma_small/105/105722.mp3,105722,Experimental,training
/scratch/pdoshi/audio_comp/home_migrated/audio_comp_data/raw/fma_small/105/105824.mp3,105824,Hip-Hop,training
/scratch/pdoshi/audio_comp/home_migrated/audio_comp_data/raw/fma_small/105/105825.mp3,105825,Hip-Hop,training
/scratch/pdoshi/audio_comp/home_migrated/audio_comp_data/raw/fma_small/105/105826.mp3,105826,Hip-Hop,training
/scratch/pdoshi/audio_comp/home_migrated/audio_comp_data/raw/fma_small/105/105827.mp3,105827,Hip-Hop,training
/scratch/pdoshi/audio_comp/home_migrated/audio_comp_data/raw/fma_small/105/105887.mp3,105887,Folk,training
/scratch/pdoshi/audio_comp/home_migrated/audio_comp_data/raw/fma_small/105/105890.mp3,105890,Folk,training
/scratch/pdoshi/audio_comp/home_migrated/audio_comp_data/raw/fma_small/105/105912.mp3,105912,Rock,training
/scratch/pdoshi/audio_comp/home_migrated/audio_comp_data/raw/fma_small/105/105914.mp3,105914,Folk,training
/scratch/pdoshi/audio_comp/home_migrated/audio_comp_data/raw/fma_small/105/105915.mp3,105915,Folk,training
/scratch/pdoshi/audio_comp/home_migrated/audio_comp_data/raw/fma_small/105/105916.mp3,105916,Folk,training
/scratch/pdoshi/audio_comp/home_migrated/audio_comp_data/raw/fma_small/105/105917.mp3,105917,Folk,training
/scratch/pdoshi/audio_comp/home_migrated/audio_comp_data/raw/fma_small/105/105918.mp3,105918,Folk,training
/scratch/pdoshi/audio_comp/home_migrated/audio_comp_data/raw/fma_small/105/105919.mp3,105919,Folk,training
/scratch/pdoshi/audio_comp/home_migrated/audio_comp_data/raw/fma_small/105/105920.mp3,105920,Folk,training
/scratch/pdoshi/audio_comp/home_migrated/audio_comp_data/raw/fma_small/106/106274.mp3,106274,Rock,training
/scratch/pdoshi/audio_comp/home_migrated/audio_comp_data/raw/fma_small/106/106277.mp3,106277,Rock,training
/scratch/pdoshi/audio_comp/home_migrated/audio_comp_data/raw/fma_small/106/106339.mp3,106339,Folk,training
/scratch/pdoshi/audio_comp/home_migrated/audio_comp_data/raw/fma_small/106/106342.mp3,106342,Folk,training
/scratch/pdoshi/audio_comp/home_migrated/audio_comp_data/raw/fma_small/106/106343.mp3,106343,Folk,training
/scratch/pdoshi/audio_comp/home_migrated/audio_comp_data/raw/fma_small/106/106456.mp3,106456,Folk,training
/scratch/pdoshi/audio_comp/home_migrated/audio_comp_data/raw/fma_small/106/106457.mp3,106457,Folk,training
/scratch/pdoshi/audio_comp/home_migrated/audio_comp_data/raw/fma_small/106/106458.mp3,106458,Folk,training
/scratch/pdoshi/audio_comp/home_migrated/audio_comp_data/raw/fma_small/106/106463.mp3,106463,Rock,training
/scratch/pdoshi/audio_comp/home_migrated/audio_comp_data/raw/fma_small/106/106465.mp3,106465,Rock,training
/scratch/pdoshi/audio_comp/home_migrated/audio_comp_data/raw/fma_small/106/106502.mp3,106502,Instrumental,training
/scratch/pdoshi/audio_comp/home_migrated/audio_comp_data/raw/fma_small/106/106522.mp3,106522,Experimental,training
/scratch/pdoshi/audio_comp/home_migrated/audio_comp_data/raw/fma_small/106/106562.mp3,106562,Rock,training
/scratch/pdoshi/audio_comp/home_migrated/audio_comp_data/raw/fma_small/106/106563.mp3,106563,Rock,training
/scratch/pdoshi/audio_comp/home_migrated/audio_comp_data/raw/fma_small/106/106564.mp3,106564,Rock,training
/scratch/pdoshi/audio_comp/home_migrated/audio_comp_data/raw/fma_small/106/106566.mp3,106566,Rock,training
/scratch/pdoshi/audio_comp/home_migrated/audio_comp_data/raw/fma_small/106/106567.mp3,106567,Rock,training
/scratch/pdoshi/audio_comp/home_migrated/audio_comp_data/raw/fma_small/106/106568.mp3,106568,Rock,training
/scratch/pdoshi/audio_comp/home_migrated/audio_comp_data/raw/fma_small/106/106569.mp3,106569,Rock,training
/scratch/pdoshi/audio_comp/home_migrated/audio_comp_data/raw/fma_small/106/106570.mp3,106570,Rock,training
/scratch/pdoshi/audio_comp/home_migrated/audio_comp_data/raw/fma_small/106/106571.mp3,106571,Rock,training
/scratch/pdoshi/audio_comp/home_migrated/audio_comp_data/raw/fma_small/106/106629.mp3,106629,Instrumental,test
/scratch/pdoshi/audio_comp/home_migrated/audio_comp_data/raw/fma_small/106/106872.mp3,106872,Rock,test
/scratch/pdoshi/audio_comp/home_migrated/audio_comp_data/raw/fma_small/106/106876.mp3,106876,Rock,test
/scratch/pdoshi/audio_comp/home_migrated/audio_comp_data/raw/fma_small/106/106877.mp3,106877,Rock,test
/scratch/pdoshi/audio_comp/home_migrated/audio_comp_data/raw/fma_small/106/106937.mp3,106937,Folk,training
/scratch/pdoshi/audio_comp/home_migrated/audio_comp_data/raw/fma_small/106/106948.mp3,106948,Rock,validation
/scratch/pdoshi/audio_comp/home_migrated/audio_comp_data/raw/fma_small/106/106951.mp3,106951,Rock,validation
/scratch/pdoshi/audio_comp/home_migrated/audio_comp_data/raw/fma_small/106/106952.mp3,106952,Rock,validation
/scratch/pdoshi/audio_comp/home_migrated/audio_comp_data/raw/fma_small/106/106953.mp3,106953,Rock,training
/scratch/pdoshi/audio_comp/home_migrated/audio_comp_data/raw/fma_small/106/106954.mp3,106954,Rock,training
/scratch/pdoshi/audio_comp/home_migrated/audio_comp_data/raw/fma_small/106/106955.mp3,106955,Rock,training
/scratch/pdoshi/audio_comp/home_migrated/audio_comp_data/raw/fma_small/106/106956.mp3,106956,Rock,training
/scratch/pdoshi/audio_comp/home_migrated/audio_comp_data/raw/fma_small/107/107020.mp3,107020,Hip-Hop,training
/scratch/pdoshi/audio_comp/home_migrated/audio_comp_data/raw/fma_small/107/107021.mp3,107021,Hip-Hop,training
/scratch/pdoshi/audio_comp/home_migrated/audio_comp_data/raw/fma_small/107/107025.mp3,107025,Hip-Hop,training
/scratch/pdoshi/audio_comp/home_migrated/audio_comp_data/raw/fma_small/107/107027.mp3,107027,Hip-Hop,training
/scratch/pdoshi/audio_comp/home_migrated/audio_comp_data/raw/fma_small/107/107028.mp3,107028,Hip-Hop,training
/scratch/pdoshi/audio_comp/home_migrated/audio_comp_data/raw/fma_small/107/107029.mp3,107029,Hip-Hop,training
/scratch/pdoshi/audio_comp/home_migrated/audio_comp_data/raw/fma_small/107/107030.mp3,107030,Hip-Hop,training
/scratch/pdoshi/audio_comp/home_migrated/audio_comp_data/raw/fma_small/107/107031.mp3,107031,Hip-Hop,training
/scratch/pdoshi/audio_comp/home_migrated/audio_comp_data/raw/fma_small/107/107046.mp3,107046,Pop,validation
/scratch/pdoshi/audio_comp/home_migrated/audio_comp_data/raw/fma_small/107/107047.mp3,107047,Pop,validation
/scratch/pdoshi/audio_comp/home_migrated/audio_comp_data/raw/fma_small/107/107048.mp3,107048,Pop,validation
/scratch/pdoshi/audio_comp/home_migrated/audio_comp_data/raw/fma_small/107/107049.mp3,107049,Pop,validation
/scratch/pdoshi/audio_comp/home_migrated/audio_comp_data/raw/fma_small/107/107050.mp3,107050,Pop,validation
/scratch/pdoshi/audio_comp/home_migrated/audio_comp_data/raw/fma_small/107/107101.mp3,107101,Rock,training
/scratch/pdoshi/audio_comp/home_migrated/audio_comp_data/raw/fma_small/107/107125.mp3,107125,Electronic,training
/scratch/pdoshi/audio_comp/home_migrated/audio_comp_data/raw/fma_small/107/107126.mp3,107126,Electronic,training
/scratch/pdoshi/audio_comp/home_migrated/audio_comp_data/raw/fma_small/107/107127.mp3,107127,Electronic,training
/scratch/pdoshi/audio_comp/home_migrated/audio_comp_data/raw/fma_small/107/107128.mp3,107128,Electronic,training
/scratch/pdoshi/audio_comp/home_migrated/audio_comp_data/raw/fma_small/107/107129.mp3,107129,Electronic,training
/scratch/pdoshi/audio_comp/home_migrated/audio_comp_data/raw/fma_small/107/107178.mp3,107178,International,training
/scratch/pdoshi/audio_comp/home_migrated/audio_comp_data/raw/fma_small/107/107179.mp3,107179,International,training
/scratch/pdoshi/audio_comp/home_migrated/audio_comp_data/raw/fma_small/107/107180.mp3,107180,International,training
/scratch/pdoshi/audio_comp/home_migrated/audio_comp_data/raw/fma_small/107/107181.mp3,107181,International,training
/scratch/pdoshi/audio_comp/home_migrated/audio_comp_data/raw/fma_small/107/107182.mp3,107182,International,training
/scratch/pdoshi/audio_comp/home_migrated/audio_comp_data/raw/fma_small/107/107183.mp3,107183,International,training
/scratch/pdoshi/audio_comp/home_migrated/audio_comp_data/raw/fma_small/107/107184.mp3,107184,International,training
/scratch/pdoshi/audio_comp/home_migrated/audio_comp_data/raw/fma_small/107/107185.mp3,107185,International,training
/scratch/pdoshi/audio_comp/home_migrated/audio_comp_data/raw/fma_small/107/107186.mp3,107186,International,training
/scratch/pdoshi/audio_comp/home_migrated/audio_comp_data/raw/fma_small/107/107187.mp3,107187,International,training
/scratch/pdoshi/audio_comp/home_migrated/audio_comp_data/raw/fma_small/107/107188.mp3,107188,International,training
/scratch/pdoshi/audio_comp/home_migrated/audio_comp_data/raw/fma_small/107/107189.mp3,107189,International,training
/scratch/pdoshi/audio_comp/home_migrated/audio_comp_data/raw/fma_small/107/107248.mp3,107248,International,training
/scratch/pdoshi/audio_comp/home_migrated/audio_comp_data/raw/fma_small/107/107249.mp3,107249,International,training
/scratch/pdoshi/audio_comp/home_migrated/audio_comp_data/raw/fma_small/107/107250.mp3,107250,International,training
/scratch/pdoshi/audio_comp/home_migrated/audio_comp_data/raw/fma_small/107/107251.mp3,107251,International,training
/scratch/pdoshi/audio_comp/home_migrated/audio_comp_data/raw/fma_small/107/107256.mp3,107256,International,training
/scratch/pdoshi/audio_comp/home_migrated/audio_comp_data/raw/fma_small/107/107257.mp3,107257,International,training
/scratch/pdoshi/audio_comp/home_migrated/audio_comp_data/raw/fma_small/107/107388.mp3,107388,Rock,training
/scratch/pdoshi/audio_comp/home_migrated/audio_comp_data/raw/fma_small/107/107389.mp3,107389,Rock,training
/scratch/pdoshi/audio_comp/home_migrated/audio_comp_data/raw/fma_small/107/107390.mp3,107390,Rock,training
/scratch/pdoshi/audio_comp/home_migrated/audio_comp_data/raw/fma_small/107/107391.mp3,107391,Rock,training
/scratch/pdoshi/audio_comp/home_migrated/audio_comp_data/raw/fma_small/107/107425.mp3,107425,Electronic,training
/scratch/pdoshi/audio_comp/home_migrated/audio_comp_data/raw/fma_small/107/107426.mp3,107426,Electronic,training
/scratch/pdoshi/audio_comp/home_migrated/audio_comp_data/raw/fma_small/107/107427.mp3,107427,Electronic,training
/scratch/pdoshi/audio_comp/home_migrated/audio_comp_data/raw/fma_small/107/107429.mp3,107429,Electronic,training
/scratch/pdoshi/audio_comp/home_migrated/audio_comp_data/raw/fma_small/107/107432.mp3,107432,Electronic,training
/scratch/pdoshi/audio_comp/home_migrated/audio_comp_data/raw/fma_small/107/107433.mp3,107433,Electronic,training
/scratch/pdoshi/audio_comp/home_migrated/audio_comp_data/raw/fma_small/107/107434.mp3,107434,Electronic,training
/scratch/pdoshi/audio_comp/home_migrated/audio_comp_data/raw/fma_small/107/107435.mp3,107435,Electronic,training
/scratch/pdoshi/audio_comp/home_migrated/audio_comp_data/raw/fma_small/107/107476.mp3,107476,Rock,training
/scratch/pdoshi/audio_comp/home_migrated/audio_comp_data/raw/fma_small/107/107506.mp3,107506,Rock,training
/scratch/pdoshi/audio_comp/home_migrated/audio_comp_data/raw/fma_small/107/107531.mp3,107531,Instrumental,training
/scratch/pdoshi/audio_comp/home_migrated/audio_comp_data/raw/fma_small/107/107532.mp3,107532,Instrumental,training
/scratch/pdoshi/audio_comp/home_migrated/audio_comp_data/raw/fma_small/107/107533.mp3,107533,Instrumental,training
/scratch/pdoshi/audio_comp/home_migrated/audio_comp_data/raw/fma_small/107/107534.mp3,107534,Instrumental,training
/scratch/pdoshi/audio_comp/home_migrated/audio_comp_data/raw/fma_small/107/107535.mp3,107535,Instrumental,training
/scratch/pdoshi/audio_comp/home_migrated/audio_comp_data/raw/fma_small/107/107567.mp3,107567,Folk,training
/scratch/pdoshi/audio_comp/home_migrated/audio_comp_data/raw/fma_small/107/107569.mp3,107569,Folk,training
/scratch/pdoshi/audio_comp/home_migrated/audio_comp_data/raw/fma_small/107/107571.mp3,107571,Folk,training
/scratch/pdoshi/audio_comp/home_migrated/audio_comp_data/raw/fma_small/107/107574.mp3,107574,Folk,training
/scratch/pdoshi/audio_comp/home_migrated/audio_comp_data/raw/fma_small/107/107577.mp3,107577,Folk,training
/scratch/pdoshi/audio_comp/home_migrated/audio_comp_data/raw/fma_small/107/107578.mp3,107578,Folk,training
/scratch/pdoshi/audio_comp/home_migrated/audio_comp_data/raw/fma_small/107/107579.mp3,107579,Folk,training
/scratch/pdoshi/audio_comp/home_migrated/audio_comp_data/raw/fma_small/107/107583.mp3,107583,Folk,training
/scratch/pdoshi/audio_comp/home_migrated/audio_comp_data/raw/fma_small/107/107584.mp3,107584,Folk,training
/scratch/pdoshi/audio_comp/home_migrated/audio_comp_data/raw/fma_small/107/107588.mp3,107588,Folk,training
/scratch/pdoshi/audio_comp/home_migrated/audio_comp_data/raw/fma_small/107/107589.mp3,107589,Folk,training
/scratch/pdoshi/audio_comp/home_migrated/audio_comp_data/raw/fma_small/107/107590.mp3,107590,Folk,training
/scratch/pdoshi/audio_comp/home_migrated/audio_comp_data/raw/fma_small/107/107591.mp3,107591,Folk,training
/scratch/pdoshi/audio_comp/home_migrated/audio_comp_data/raw/fma_small/107/107592.mp3,107592,Folk,training
/scratch/pdoshi/audio_comp/home_migrated/audio_comp_data/raw/fma_small/107/107593.mp3,107593,Folk,training
/scratch/pdoshi/audio_comp/home_migrated/audio_comp_data/raw/fma_small/107/107594.mp3,107594,Folk,training
/scratch/pdoshi/audio_comp/home_migrated/audio_comp_data/raw/fma_small/107/107595.mp3,107595,Folk,training
/scratch/pdoshi/audio_comp/home_migrated/audio_comp_data/raw/fma_small/107/107596.mp3,107596,Folk,training
/scratch/pdoshi/audio_comp/home_migrated/audio_comp_data/raw/fma_small/107/107597.mp3,107597,Folk,training
/scratch/pdoshi/audio_comp/home_migrated/audio_comp_data/raw/fma_small/107/107598.mp3,107598,Folk,training
/scratch/pdoshi/audio_comp/home_migrated/audio_comp_data/raw/fma_small/107/107613.mp3,107613,Electronic,training
/scratch/pdoshi/audio_comp/home_migrated/audio_comp_data/raw/fma_small/107/107616.mp3,107616,Electronic,training
/scratch/pdoshi/audio_comp/home_migrated/audio_comp_data/raw/fma_small/107/107617.mp3,107617,Electronic,training
/scratch/pdoshi/audio_comp/home_migrated/audio_comp_data/raw/fma_small/107/107659.mp3,107659,Rock,training
/scratch/pdoshi/audio_comp/home_migrated/audio_comp_data/raw/fma_small/107/107799.mp3,107799,Rock,training
/scratch/pdoshi/audio_comp/home_migrated/audio_comp_data/raw/fma_small/107/107804.mp3,107804,Electronic,training
/scratch/pdoshi/audio_comp/home_migrated/audio_comp_data/raw/fma_small/107/107805.mp3,107805,Rock,training
/scratch/pdoshi/audio_comp/home_migrated/audio_comp_data/raw/fma_small/107/107809.mp3,107809,Hip-Hop,training
/scratch/pdoshi/audio_comp/home_migrated/audio_comp_data/raw/fma_small/107/107810.mp3,107810,Pop,training
/scratch/pdoshi/audio_comp/home_migrated/audio_comp_data/raw/fma_small/107/107850.mp3,107850,Hip-Hop,training
/scratch/pdoshi/audio_comp/home_migrated/audio_comp_data/raw/fma_small/107/107851.mp3,107851,Folk,training
/scratch/pdoshi/audio_comp/home_migrated/audio_comp_data/raw/fma_small/107/107852.mp3,107852,Folk,training
/scratch/pdoshi/audio_comp/home_migrated/audio_comp_data/raw/fma_small/107/107908.mp3,107908,Electronic,training
/scratch/pdoshi/audio_comp/home_migrated/audio_comp_data/raw/fma_small/107/107909.mp3,107909,Electronic,validation
/scratch/pdoshi/audio_comp/home_migrated/audio_comp_data/raw/fma_small/107/107910.mp3,107910,Electronic,validation
/scratch/pdoshi/audio_comp/home_migrated/audio_comp_data/raw/fma_small/107/107911.mp3,107911,Electronic,validation
/scratch/pdoshi/audio_comp/home_migrated/audio_comp_data/raw/fma_small/107/107912.mp3,107912,Electronic,validation
/scratch/pdoshi/audio_comp/home_migrated/audio_comp_data/raw/fma_small/107/107913.mp3,107913,Electronic,validation
/scratch/pdoshi/audio_comp/home_migrated/audio_comp_data/raw/fma_small/107/107949.mp3,107949,International,training
/scratch/pdoshi/audio_comp/home_migrated/audio_comp_data/raw/fma_small/107/107950.mp3,107950,International,training
/scratch/pdoshi/audio_comp/home_migrated/audio_comp_data/raw/fma_small/107/107951.mp3,107951,International,training
/scratch/pdoshi/audio_comp/home_migrated/audio_comp_data/raw/fma_small/107/107952.mp3,107952,International,training
/scratch/pdoshi/audio_comp/home_migrated/audio_comp_data/raw/fma_small/107/107953.mp3,107953,International,training
/scratch/pdoshi/audio_comp/home_migrated/audio_comp_data/raw/fma_small/107/107954.mp3,107954,International,training
/scratch/pdoshi/audio_comp/home_migrated/audio_comp_data/raw/fma_small/107/107955.mp3,107955,International,training
/scratch/pdoshi/audio_comp/home_migrated/audio_comp_data/raw/fma_small/107/107956.mp3,107956,International,training
/scratch/pdoshi/audio_comp/home_migrated/audio_comp_data/raw/fma_small/107/107957.mp3,107957,International,training
/scratch/pdoshi/audio_comp/home_migrated/audio_comp_data/raw/fma_small/108/108012.mp3,108012,Folk,training
/scratch/pdoshi/audio_comp/home_migrated/audio_comp_data/raw/fma_small/108/108014.mp3,108014,Folk,training
/scratch/pdoshi/audio_comp/home_migrated/audio_comp_data/raw/fma_small/108/108015.mp3,108015,Folk,training
/scratch/pdoshi/audio_comp/home_migrated/audio_comp_data/raw/fma_small/108/108016.mp3,108016,Folk,training
/scratch/pdoshi/audio_comp/home_migrated/audio_comp_data/raw/fma_small/108/108017.mp3,108017,Instrumental,training
/scratch/pdoshi/audio_comp/home_migrated/audio_comp_data/raw/fma_small/108/108018.mp3,108018,Instrumental,training
/scratch/pdoshi/audio_comp/home_migrated/audio_comp_data/raw/fma_small/108/108019.mp3,108019,Instrumental,training
/scratch/pdoshi/audio_comp/home_migrated/audio_comp_data/raw/fma_small/108/108020.mp3,108020,Instrumental,training
/scratch/pdoshi/audio_comp/home_migrated/audio_comp_data/raw/fma_small/108/108021.mp3,108021,Instrumental,training
/scratch/pdoshi/audio_comp/home_migrated/audio_comp_data/raw/fma_small/108/108022.mp3,108022,Instrumental,training
/scratch/pdoshi/audio_comp/home_migrated/audio_comp_data/raw/fma_small/108/108023.mp3,108023,Instrumental,training
/scratch/pdoshi/audio_comp/home_migrated/audio_comp_data/raw/fma_small/108/108024.mp3,108024,Instrumental,training
/scratch/pdoshi/audio_comp/home_migrated/audio_comp_data/raw/fma_small/108/108025.mp3,108025,Instrumental,training
/scratch/pdoshi/audio_comp/home_migrated/audio_comp_data/raw/fma_small/108/108026.mp3,108026,Instrumental,training
/scratch/pdoshi/audio_comp/home_migrated/audio_comp_data/raw/fma_small/108/108027.mp3,108027,Instrumental,training
/scratch/pdoshi/audio_comp/home_migrated/audio_comp_data/raw/fma_small/108/108031.mp3,108031,Rock,training
/scratch/pdoshi/audio_comp/home_migrated/audio_comp_data/raw/fma_small/108/108036.mp3,108036,Rock,training
/scratch/pdoshi/audio_comp/home_migrated/audio_comp_data/raw/fma_small/108/108037.mp3,108037,Rock,training
/scratch/pdoshi/audio_comp/home_migrated/audio_comp_data/raw/fma_small/108/108038.mp3,108038,Rock,training
/scratch/pdoshi/audio_comp/home_migrated/audio_comp_data/raw/fma_small/108/108049.mp3,108049,Experimental,training
/scratch/pdoshi/audio_comp/home_migrated/audio_comp_data/raw/fma_small/108/108050.mp3,108050,Experimental,training
/scratch/pdoshi/audio_comp/home_migrated/audio_comp_data/raw/fma_small/108/108059.mp3,108059,Experimental,training
/scratch/pdoshi/audio_comp/home_migrated/audio_comp_data/raw/fma_small/108/108060.mp3,108060,Experimental,training
/scratch/pdoshi/audio_comp/home_migrated/audio_comp_data/raw/fma_small/108/108079.mp3,108079,Rock,validation
/scratch/pdoshi/audio_comp/home_migrated/audio_comp_data/raw/fma_small/108/108155.mp3,108155,Rock,training
/scratch/pdoshi/audio_comp/home_migrated/audio_comp_data/raw/fma_small/108/108230.mp3,108230,Electronic,training
/scratch/pdoshi/audio_comp/home_migrated/audio_comp_data/raw/fma_small/108/108290.mp3,108290,Rock,training
/scratch/pdoshi/audio_comp/home_migrated/audio_comp_data/raw/fma_small/108/108297.mp3,108297,Rock,training
/scratch/pdoshi/audio_comp/home_migrated/audio_comp_data/raw/fma_small/108/108298.mp3,108298,Rock,training
/scratch/pdoshi/audio_comp/home_migrated/audio_comp_data/raw/fma_small/108/108299.mp3,108299,Folk,training
/scratch/pdoshi/audio_comp/home_migrated/audio_comp_data/raw/fma_small/108/108300.mp3,108300,Folk,training
/scratch/pdoshi/audio_comp/home_migrated/audio_comp_data/raw/fma_small/108/108301.mp3,108301,Folk,training
/scratch/pdoshi/audio_comp/home_migrated/audio_comp_data/raw/fma_small/108/108302.mp3,108302,Folk,training
/scratch/pdoshi/audio_comp/home_migrated/audio_comp_data/raw/fma_small/108/108303.mp3,108303,Folk,training
/scratch/pdoshi/audio_comp/home_migrated/audio_comp_data/raw/fma_small/108/108304.mp3,108304,Folk,training
/scratch/pdoshi/audio_comp/home_migrated/audio_comp_data/raw/fma_small/108/108305.mp3,108305,Folk,training
/scratch/pdoshi/audio_comp/home_migrated/audio_comp_data/raw/fma_small/108/108306.mp3,108306,Folk,training
/scratch/pdoshi/audio_comp/home_migrated/audio_comp_data/raw/fma_small/108/108307.mp3,108307,Folk,training
/scratch/pdoshi/audio_comp/home_migrated/audio_comp_data/raw/fma_small/108/108308.mp3,108308,Folk,training
/scratch/pdoshi/audio_comp/home_migrated/audio_comp_data/raw/fma_small/108/108313.mp3,108313,Experimental,training
/scratch/pdoshi/audio_comp/home_migrated/audio_comp_data/raw/fma_small/108/108314.mp3,108314,Experimental,training
/scratch/pdoshi/audio_comp/home_migrated/audio_comp_data/raw/fma_small/108/108318.mp3,108318,Experimental,training
/scratch/pdoshi/audio_comp/home_migrated/audio_comp_data/raw/fma_small/108/108319.mp3,108319,Experimental,training
/scratch/pdoshi/audio_comp/home_migrated/audio_comp_data/raw/fma_small/108/108339.mp3,108339,Electronic,validation
/scratch/pdoshi/audio_comp/home_migrated/audio_comp_data/raw/fma_small/108/108341.mp3,108341,Electronic,validation
/scratch/pdoshi/audio_comp/home_migrated/audio_comp_data/raw/fma_small/108/108342.mp3,108342,Electronic,validation
/scratch/pdoshi/audio_comp/home_migrated/audio_comp_data/raw/fma_small/108/108343.mp3,108343,Electronic,training
/scratch/pdoshi/audio_comp/home_migrated/audio_comp_data/raw/fma_small/108/108415.mp3,108415,Electronic,training
/scratch/pdoshi/audio_comp/home_migrated/audio_comp_data/raw/fma_small/108/108416.mp3,108416,Electronic,training
/scratch/pdoshi/audio_comp/home_migrated/audio_comp_data/raw/fma_small/108/108418.mp3,108418,Electronic,training
/scratch/pdoshi/audio_comp/home_migrated/audio_comp_data/raw/fma_small/108/108420.mp3,108420,Electronic,training
/scratch/pdoshi/audio_comp/home_migrated/audio_comp_data/raw/fma_small/108/108421.mp3,108421,Electronic,training
/scratch/pdoshi/audio_comp/home_migrated/audio_comp_data/raw/fma_small/108/108422.mp3,108422,Electronic,training
/scratch/pdoshi/audio_comp/home_migrated/audio_comp_data/raw/fma_small/108/108423.mp3,108423,Electronic,training
/scratch/pdoshi/audio_comp/home_migrated/audio_comp_data/raw/fma_small/108/108425.mp3,108425,Pop,training
/scratch/pdoshi/audio_comp/home_migrated/audio_comp_data/raw/fma_small/108/108426.mp3,108426,Pop,training
/scratch/pdoshi/audio_comp/home_migrated/audio_comp_data/raw/fma_small/108/108427.mp3,108427,Pop,training
/scratch/pdoshi/audio_comp/home_migrated/audio_comp_data/raw/fma_small/108/108428.mp3,108428,Pop,training
/scratch/pdoshi/audio_comp/home_migrated/audio_comp_data/raw/fma_small/108/108429.mp3,108429,Pop,training
/scratch/pdoshi/audio_comp/home_migrated/audio_comp_data/raw/fma_small/108/108456.mp3,108456,Pop,test
/scratch/pdoshi/audio_comp/home_migrated/audio_comp_data/raw/fma_small/108/108457.mp3,108457,Pop,test
/scratch/pdoshi/audio_comp/home_migrated/audio_comp_data/raw/fma_small/108/108459.mp3,108459,Pop,test
/scratch/pdoshi/audio_comp/home_migrated/audio_comp_data/raw/fma_small/108/108460.mp3,108460,Pop,test
/scratch/pdoshi/audio_comp/home_migrated/audio_comp_data/raw/fma_small/108/108461.mp3,108461,Pop,test
/scratch/pdoshi/audio_comp/home_migrated/audio_comp_data/raw/fma_small/108/108464.mp3,108464,Electronic,training
/scratch/pdoshi/audio_comp/home_migrated/audio_comp_data/raw/fma_small/108/108471.mp3,108471,Instrumental,training
/scratch/pdoshi/audio_comp/home_migrated/audio_comp_data/raw/fma_small/108/108472.mp3,108472,Instrumental,training
/scratch/pdoshi/audio_comp/home_migrated/audio_comp_data/raw/fma_small/108/108473.mp3,108473,Instrumental,training
/scratch/pdoshi/audio_comp/home_migrated/audio_comp_data/raw/fma_small/108/108474.mp3,108474,Instrumental,training
/scratch/pdoshi/audio_comp/home_migrated/audio_comp_data/raw/fma_small/108/108475.mp3,108475,Instrumental,training
/scratch/pdoshi/audio_comp/home_migrated/audio_comp_data/raw/fma_small/108/108476.mp3,108476,Instrumental,training
/scratch/pdoshi/audio_comp/home_migrated/audio_comp_data/raw/fma_small/108/108477.mp3,108477,Instrumental,training
/scratch/pdoshi/audio_comp/home_migrated/audio_comp_data/raw/fma_small/108/108478.mp3,108478,Instrumental,training
/scratch/pdoshi/audio_comp/home_migrated/audio_comp_data/raw/fma_small/108/108487.mp3,108487,Hip-Hop,training
/scratch/pdoshi/audio_comp/home_migrated/audio_comp_data/raw/fma_small/108/108488.mp3,108488,Hip-Hop,training
/scratch/pdoshi/audio_comp/home_migrated/audio_comp_data/raw/fma_small/108/108489.mp3,108489,Hip-Hop,training
/scratch/pdoshi/audio_comp/home_migrated/audio_comp_data/raw/fma_small/108/108490.mp3,108490,Hip-Hop,training
/scratch/pdoshi/audio_comp/home_migrated/audio_comp_data/raw/fma_small/108/108491.mp3,108491,Hip-Hop,training
/scratch/pdoshi/audio_comp/home_migrated/audio_comp_data/raw/fma_small/108/108492.mp3,108492,Hip-Hop,training
/scratch/pdoshi/audio_comp/home_migrated/audio_comp_data/raw/fma_small/108/108493.mp3,108493,Hip-Hop,test
/scratch/pdoshi/audio_comp/home_migrated/audio_comp_data/raw/fma_small/108/108494.mp3,108494,Hip-Hop,training
/scratch/pdoshi/audio_comp/home_migrated/audio_comp_data/raw/fma_small/108/108495.mp3,108495,Hip-Hop,test
/scratch/pdoshi/audio_comp/home_migrated/audio_comp_data/raw/fma_small/108/108496.mp3,108496,Hip-Hop,training
/scratch/pdoshi/audio_comp/home_migrated/audio_comp_data/raw/fma_small/108/108497.mp3,108497,Hip-Hop,training
/scratch/pdoshi/audio_comp/home_migrated/audio_comp_data/raw/fma_small/108/108498.mp3,108498,Hip-Hop,training
/scratch/pdoshi/audio_comp/home_migrated/audio_comp_data/raw/fma_small/108/108499.mp3,108499,Hip-Hop,training
/scratch/pdoshi/audio_comp/home_migrated/audio_comp_data/raw/fma_small/108/108500.mp3,108500,Hip-Hop,training
/scratch/pdoshi/audio_comp/home_migrated/audio_comp_data/raw/fma_small/108/108501.mp3,108501,Hip-Hop,training
/scratch/pdoshi/audio_comp/home_migrated/audio_comp_data/raw/fma_small/108/108502.mp3,108502,Rock,training
/scratch/pdoshi/audio_comp/home_migrated/audio_comp_data/raw/fma_small/108/108503.mp3,108503,Rock,training
/scratch/pdoshi/audio_comp/home_migrated/audio_comp_data/raw/fma_small/108/108504.mp3,108504,Rock,training
/scratch/pdoshi/audio_comp/home_migrated/audio_comp_data/raw/fma_small/108/108505.mp3,108505,Rock,training
/scratch/pdoshi/audio_comp/home_migrated/audio_comp_data/raw/fma_small/108/108524.mp3,108524,Electronic,test
/scratch/pdoshi/audio_comp/home_migrated/audio_comp_data/raw/fma_small/108/108525.mp3,108525,Electronic,test
/scratch/pdoshi/audio_comp/home_migrated/audio_comp_data/raw/fma_small/108/108526.mp3,108526,Electronic,test
/scratch/pdoshi/audio_comp/home_migrated/audio_comp_data/raw/fma_small/108/108527.mp3,108527,Electronic,test
/scratch/pdoshi/audio_comp/home_migrated/audio_comp_data/raw/fma_small/108/108528.mp3,108528,Electronic,test
/scratch/pdoshi/audio_comp/home_migrated/audio_comp_data/raw/fma_small/108/108529.mp3,108529,Electronic,test
/scratch/pdoshi/audio_comp/home_migrated/audio_comp_data/raw/fma_small/108/108530.mp3,108530,Electronic,test
/scratch/pdoshi/audio_comp/home_migrated/audio_comp_data/raw/fma_small/108/108531.mp3,108531,Electronic,test
/scratch/pdoshi/audio_comp/home_migrated/audio_comp_data/raw/fma_small/108/108532.mp3,108532,Electronic,test
/scratch/pdoshi/audio_comp/home_migrated/audio_comp_data/raw/fma_small/108/108533.mp3,108533,Electronic,test
/scratch/pdoshi/audio_comp/home_migrated/audio_comp_data/raw/fma_small/108/108745.mp3,108745,Hip-Hop,training
/scratch/pdoshi/audio_comp/home_migrated/audio_comp_data/raw/fma_small/108/108774.mp3,108774,Hip-Hop,training
/scratch/pdoshi/audio_comp/home_migrated/audio_comp_data/raw/fma_small/108/108799.mp3,108799,Hip-Hop,training
/scratch/pdoshi/audio_comp/home_migrated/audio_comp_data/raw/fma_small/108/108808.mp3,108808,Hip-Hop,training
/scratch/pdoshi/audio_comp/home_migrated/audio_comp_data/raw/fma_small/108/108809.mp3,108809,Hip-Hop,training
/scratch/pdoshi/audio_comp/home_migrated/audio_comp_data/raw/fma_small/108/108812.mp3,108812,Hip-Hop,training
/scratch/pdoshi/audio_comp/home_migrated/audio_comp_data/raw/fma_small/108/108836.mp3,108836,Hip-Hop,training
/scratch/pdoshi/audio_comp/home_migrated/audio_comp_data/raw/fma_small/108/108837.mp3,108837,Hip-Hop,training
/scratch/pdoshi/audio_comp/home_migrated/audio_comp_data/raw/fma_small/108/108838.mp3,108838,Hip-Hop,training
/scratch/pdoshi/audio_comp/home_migrated/audio_comp_data/raw/fma_small/108/108839.mp3,108839,Hip-Hop,training
/scratch/pdoshi/audio_comp/home_migrated/audio_comp_data/raw/fma_small/108/108840.mp3,108840,Hip-Hop,training
/scratch/pdoshi/audio_comp/home_migrated/audio_comp_data/raw/fma_small/108/108841.mp3,108841,Hip-Hop,training
/scratch/pdoshi/audio_comp/home_migrated/audio_comp_data/raw/fma_small/108/108842.mp3,108842,Hip-Hop,test
/scratch/pdoshi/audio_comp/home_migrated/audio_comp_data/raw/fma_small/108/108843.mp3,108843,Hip-Hop,test
/scratch/pdoshi/audio_comp/home_migrated/audio_comp_data/raw/fma_small/108/108845.mp3,108845,Hip-Hop,test
/scratch/pdoshi/audio_comp/home_migrated/audio_comp_data/raw/fma_small/108/108846.mp3,108846,Hip-Hop,test
/scratch/pdoshi/audio_comp/home_migrated/audio_comp_data/raw/fma_small/108/108847.mp3,108847,Hip-Hop,test
/scratch/pdoshi/audio_comp/home_migrated/audio_comp_data/raw/fma_small/108/108863.mp3,108863,International,validation
/scratch/pdoshi/audio_comp/home_migrated/audio_comp_data/raw/fma_small/108/108864.mp3,108864,International,validation
/scratch/pdoshi/audio_comp/home_migrated/audio_comp_data/raw/fma_small/108/108865.mp3,108865,International,validation
/scratch/pdoshi/audio_comp/home_migrated/audio_comp_data/raw/fma_small/108/108866.mp3,108866,International,validation
/scratch/pdoshi/audio_comp/home_migrated/audio_comp_data/raw/fma_small/108/108867.mp3,108867,International,validation
/scratch/pdoshi/audio_comp/home_migrated/audio_comp_data/raw/fma_small/108/108868.mp3,108868,International,validation
/scratch/pdoshi/audio_comp/home_migrated/audio_comp_data/raw/fma_small/108/108878.mp3,108878,Instrumental,training
/scratch/pdoshi/audio_comp/home_migrated/audio_comp_data/raw/fma_small/108/108879.mp3,108879,Instrumental,training
/scratch/pdoshi/audio_comp/home_migrated/audio_comp_data/raw/fma_small/108/108880.mp3,108880,Instrumental,training
/scratch/pdoshi/audio_comp/home_migrated/audio_comp_data/raw/fma_small/108/108881.mp3,108881,Instrumental,training
/scratch/pdoshi/audio_comp/home_migrated/audio_comp_data/raw/fma_small/108/108882.mp3,108882,Instrumental,training
/scratch/pdoshi/audio_comp/home_migrated/audio_comp_data/raw/fma_small/108/108883.mp3,108883,Instrumental,training
/scratch/pdoshi/audio_comp/home_migrated/audio_comp_data/raw/fma_small/108/108884.mp3,108884,Instrumental,training
/scratch/pdoshi/audio_comp/home_migrated/audio_comp_data/raw/fma_small/108/108885.mp3,108885,Instrumental,training
/scratch/pdoshi/audio_comp/home_migrated/audio_comp_data/raw/fma_small/108/108906.mp3,108906,Instrumental,training
/scratch/pdoshi/audio_comp/home_migrated/audio_comp_data/raw/fma_small/108/108925.mp3,108925,Rock,training
/scratch/pdoshi/audio_comp/home_migrated/audio_comp_data/raw/fma_small/108/108957.mp3,108957,Rock,training
/scratch/pdoshi/audio_comp/home_migrated/audio_comp_data/raw/fma_small/108/108961.mp3,108961,Rock,training
/scratch/pdoshi/audio_comp/home_migrated/audio_comp_data/raw/fma_small/108/108962.mp3,108962,Rock,training
/scratch/pdoshi/audio_comp/home_migrated/audio_comp_data/raw/fma_small/108/108967.mp3,108967,Rock,training
/scratch/pdoshi/audio_comp/home_migrated/audio_comp_data/raw/fma_small/108/108968.mp3,108968,Rock,training
/scratch/pdoshi/audio_comp/home_migrated/audio_comp_data/raw/fma_small/108/108969.mp3,108969,Rock,training
/scratch/pdoshi/audio_comp/home_migrated/audio_comp_data/raw/fma_small/108/108970.mp3,108970,Rock,training
/scratch/pdoshi/audio_comp/home_migrated/audio_comp_data/raw/fma_small/108/108992.mp3,108992,Rock,validation
/scratch/pdoshi/audio_comp/home_migrated/audio_comp_data/raw/fma_small/109/109068.mp3,109068,Experimental,training
/scratch/pdoshi/audio_comp/home_migrated/audio_comp_data/raw/fma_small/109/109071.mp3,109071,Experimental,training
/scratch/pdoshi/audio_comp/home_migrated/audio_comp_data/raw/fma_small/109/109072.mp3,109072,Experimental,training
/scratch/pdoshi/audio_comp/home_migrated/audio_comp_data/raw/fma_small/109/109106.mp3,109106,Experimental,training
/scratch/pdoshi/audio_comp/home_migrated/audio_comp_data/raw/fma_small/109/109144.mp3,109144,Experimental,validation
/scratch/pdoshi/audio_comp/home_migrated/audio_comp_data/raw/fma_small/109/109189.mp3,109189,Instrumental,training
/scratch/pdoshi/audio_comp/home_migrated/audio_comp_data/raw/fma_small/109/109191.mp3,109191,Instrumental,training
/scratch/pdoshi/audio_comp/home_migrated/audio_comp_data/raw/fma_small/109/109203.mp3,109203,Rock,training
/scratch/pdoshi/audio_comp/home_migrated/audio_comp_data/raw/fma_small/109/109235.mp3,109235,Rock,training
/scratch/pdoshi/audio_comp/home_migrated/audio_comp_data/raw/fma_small/109/109276.mp3,109276,Experimental,training
/scratch/pdoshi/audio_comp/home_migrated/audio_comp_data/raw/fma_small/109/109349.mp3,109349,Rock,training
/scratch/pdoshi/audio_comp/home_migrated/audio_comp_data/raw/fma_small/109/109350.mp3,109350,Rock,training
/scratch/pdoshi/audio_comp/home_migrated/audio_comp_data/raw/fma_small/109/109355.mp3,109355,Rock,training
/scratch/pdoshi/audio_comp/home_migrated/audio_comp_data/raw/fma_small/109/109356.mp3,109356,Rock,training
/scratch/pdoshi/audio_comp/home_migrated/audio_comp_data/raw/fma_small/109/109357.mp3,109357,Rock,training
/scratch/pdoshi/audio_comp/home_migrated/audio_comp_data/raw/fma_small/109/109445.mp3,109445,Folk,training
/scratch/pdoshi/audio_comp/home_migrated/audio_comp_data/raw/fma_small/109/109446.mp3,109446,Folk,training
/scratch/pdoshi/audio_comp/home_migrated/audio_comp_data/raw/fma_small/109/109447.mp3,109447,Folk,training
/scratch/pdoshi/audio_comp/home_migrated/audio_comp_data/raw/fma_small/109/109448.mp3,109448,Folk,training
/scratch/pdoshi/audio_comp/home_migrated/audio_comp_data/raw/fma_small/109/109449.mp3,109449,Folk,training
/scratch/pdoshi/audio_comp/home_migrated/audio_comp_data/raw/fma_small/109/109450.mp3,109450,Folk,training
/scratch/pdoshi/audio_comp/home_migrated/audio_comp_data/raw/fma_small/109/109468.mp3,109468,Rock,training
/scratch/pdoshi/audio_comp/home_migrated/audio_comp_data/raw/fma_small/109/109480.mp3,109480,Folk,training
/scratch/pdoshi/audio_comp/home_migrated/audio_comp_data/raw/fma_small/109/109481.mp3,109481,Rock,training
/scratch/pdoshi/audio_comp/home_migrated/audio_comp_data/raw/fma_small/109/109497.mp3,109497,Rock,training
/scratch/pdoshi/audio_comp/home_migrated/audio_comp_data/raw/fma_small/109/109535.mp3,109535,Electronic,training
/scratch/pdoshi/audio_comp/home_migrated/audio_comp_data/raw/fma_small/109/109537.mp3,109537,Electronic,training
/scratch/pdoshi/audio_comp/home_migrated/audio_comp_data/raw/fma_small/109/109538.mp3,109538,Electronic,training
/scratch/pdoshi/audio_comp/home_migrated/audio_comp_data/raw/fma_small/109/109542.mp3,109542,Electronic,training
/scratch/pdoshi/audio_comp/home_migrated/audio_comp_data/raw/fma_small/109/109543.mp3,109543,Electronic,training
/scratch/pdoshi/audio_comp/home_migrated/audio_comp_data/raw/fma_small/109/109548.mp3,109548,Experimental,training
/scratch/pdoshi/audio_comp/home_migrated/audio_comp_data/raw/fma_small/109/109670.mp3,109670,Hip-Hop,training
/scratch/pdoshi/audio_comp/home_migrated/audio_comp_data/raw/fma_small/109/109681.mp3,109681,Hip-Hop,training
/scratch/pdoshi/audio_comp/home_migrated/audio_comp_data/raw/fma_small/109/109684.mp3,109684,Hip-Hop,training
/scratch/pdoshi/audio_comp/home_migrated/audio_comp_data/raw/fma_small/109/109685.mp3,109685,Hip-Hop,training
/scratch/pdoshi/audio_comp/home_migrated/audio_comp_data/raw/fma_small/109/109686.mp3,109686,Hip-Hop,training
/scratch/pdoshi/audio_comp/home_migrated/audio_comp_data/raw/fma_small/109/109687.mp3,109687,Hip-Hop,training
/scratch/pdoshi/audio_comp/home_migrated/audio_comp_data/raw/fma_small/109/109711.mp3,109711,Experimental,training
/scratch/pdoshi/audio_comp/home_migrated/audio_comp_data/raw/fma_small/109/109712.mp3,109712,Experimental,training
/scratch/pdoshi/audio_comp/home_migrated/audio_comp_data/raw/fma_small/109/109896.mp3,109896,Folk,training
/scratch/pdoshi/audio_comp/home_migrated/audio_comp_data/raw/fma_small/109/109900.mp3,109900,Folk,training
/scratch/pdoshi/audio_comp/home_migrated/audio_comp_data/raw/fma_small/109/109901.mp3,109901,Folk,training
/scratch/pdoshi/audio_comp/home_migrated/audio_comp_data/raw/fma_small/109/109902.mp3,109902,Folk,training
/scratch/pdoshi/audio_comp/home_migrated/audio_comp_data/raw/fma_small/109/109903.mp3,109903,Folk,training
/scratch/pdoshi/audio_comp/home_migrated/audio_comp_data/raw/fma_small/109/109904.mp3,109904,Folk,training
/scratch/pdoshi/audio_comp/home_migrated/audio_comp_data/raw/fma_small/109/109905.mp3,109905,Folk,training
/scratch/pdoshi/audio_comp/home_migrated/audio_comp_data/raw/fma_small/109/109906.mp3,109906,Folk,training
/scratch/pdoshi/audio_comp/home_migrated/audio_comp_data/raw/fma_small/109/109925.mp3,109925,Electronic,validation
/scratch/pdoshi/audio_comp/home_migrated/audio_comp_data/raw/fma_small/109/109957.mp3,109957,Pop,validation
/scratch/pdoshi/audio_comp/home_migrated/audio_comp_data/raw/fma_small/109/109958.mp3,109958,Pop,validation
/scratch/pdoshi/audio_comp/home_migrated/audio_comp_data/raw/fma_small/109/109960.mp3,109960,Pop,validation
/scratch/pdoshi/audio_comp/home_migrated/audio_comp_data/raw/fma_small/109/109962.mp3,109962,Pop,validation
/scratch/pdoshi/audio_comp/home_migrated/audio_comp_data/raw/fma_small/109/109963.mp3,109963,Pop,validation
/scratch/pdoshi/audio_comp/home_migrated/audio_comp_data/raw/fma_small/109/109971.mp3,109971,Pop,validation
/scratch/pdoshi/audio_comp/home_migrated/audio_comp_data/raw/fma_small/109/109972.mp3,109972,Pop,validation
/scratch/pdoshi/audio_comp/home_migrated/audio_comp_data/raw/fma_small/109/109973.mp3,109973,Pop,validation
/scratch/pdoshi/audio_comp/home_migrated/audio_comp_data/raw/fma_small/109/109974.mp3,109974,Pop,validation
/scratch/pdoshi/audio_comp/home_migrated/audio_comp_data/raw/fma_small/109/109975.mp3,109975,Pop,validation
/scratch/pdoshi/audio_comp/home_migrated/audio_comp_data/raw/fma_small/109/109976.mp3,109976,Pop,validation
/scratch/pdoshi/audio_comp/home_migrated/audio_comp_data/raw/fma_small/109/109977.mp3,109977,Pop,validation
/scratch/pdoshi/audio_comp/home_migrated/audio_comp_data/raw/fma_small/109/109978.mp3,109978,Pop,validation
/scratch/pdoshi/audio_comp/home_migrated/audio_comp_data/raw/fma_small/110/110070.mp3,110070,Hip-Hop,test
/scratch/pdoshi/audio_comp/home_migrated/audio_comp_data/raw/fma_small/110/110082.mp3,110082,Hip-Hop,test
/scratch/pdoshi/audio_comp/home_migrated/audio_comp_data/raw/fma_small/110/110084.mp3,110084,Hip-Hop,test
/scratch/pdoshi/audio_comp/home_migrated/audio_comp_data/raw/fma_small/110/110085.mp3,110085,Hip-Hop,test
/scratch/pdoshi/audio_comp/home_migrated/audio_comp_data/raw/fma_small/110/110086.mp3,110086,Hip-Hop,test
/scratch/pdoshi/audio_comp/home_migrated/audio_comp_data/raw/fma_small/110/110102.mp3,110102,Electronic,validation
/scratch/pdoshi/audio_comp/home_migrated/audio_comp_data/raw/fma_small/110/110103.mp3,110103,Electronic,validation
/scratch/pdoshi/audio_comp/home_migrated/audio_comp_data/raw/fma_small/110/110104.mp3,110104,Electronic,validation
/scratch/pdoshi/audio_comp/home_migrated/audio_comp_data/raw/fma_small/110/110105.mp3,110105,Electronic,validation
/scratch/pdoshi/audio_comp/home_migrated/audio_comp_data/raw/fma_small/110/110106.mp3,110106,Electronic,validation
/scratch/pdoshi/audio_comp/home_migrated/audio_comp_data/raw/fma_small/110/110107.mp3,110107,Electronic,validation
/scratch/pdoshi/audio_comp/home_migrated/audio_comp_data/raw/fma_small/110/110108.mp3,110108,Electronic,validation
/scratch/pdoshi/audio_comp/home_migrated/audio_comp_data/raw/fma_small/110/110109.mp3,110109,Electronic,training
/scratch/pdoshi/audio_comp/home_migrated/audio_comp_data/raw/fma_small/110/110110.mp3,110110,Electronic,training
/scratch/pdoshi/audio_comp/home_migrated/audio_comp_data/raw/fma_small/110/110111.mp3,110111,Electronic,training
/scratch/pdoshi/audio_comp/home_migrated/audio_comp_data/raw/fma_small/110/110166.mp3,110166,Rock,training
/scratch/pdoshi/audio_comp/home_migrated/audio_comp_data/raw/fma_small/110/110167.mp3,110167,Rock,training
/scratch/pdoshi/audio_comp/home_migrated/audio_comp_data/raw/fma_small/110/110171.mp3,110171,Folk,training
/scratch/pdoshi/audio_comp/home_migrated/audio_comp_data/raw/fma_small/110/110172.mp3,110172,Folk,training
/scratch/pdoshi/audio_comp/home_migrated/audio_comp_data/raw/fma_small/110/110204.mp3,110204,Experimental,test
/scratch/pdoshi/audio_comp/home_migrated/audio_comp_data/raw/fma_small/110/110205.mp3,110205,Experimental,test
/scratch/pdoshi/audio_comp/home_migrated/audio_comp_data/raw/fma_small/110/110206.mp3,110206,Experimental,test
/scratch/pdoshi/audio_comp/home_migrated/audio_comp_data/raw/fma_small/110/110207.mp3,110207,Experimental,test
/scratch/pdoshi/audio_comp/home_migrated/audio_comp_data/raw/fma_small/110/110208.mp3,110208,Experimental,test
/scratch/pdoshi/audio_comp/home_migrated/audio_comp_data/raw/fma_small/110/110209.mp3,110209,Experimental,test
/scratch/pdoshi/audio_comp/home_migrated/audio_comp_data/raw/fma_small/110/110230.mp3,110230,Experimental,training
/scratch/pdoshi/audio_comp/home_migrated/audio_comp_data/raw/fma_small/110/110259.mp3,110259,Hip-Hop,training
/scratch/pdoshi/audio_comp/home_migrated/audio_comp_data/raw/fma_small/110/110260.mp3,110260,Hip-Hop,training
/scratch/pdoshi/audio_comp/home_migrated/audio_comp_data/raw/fma_small/110/110261.mp3,110261,Hip-Hop,training
/scratch/pdoshi/audio_comp/home_migrated/audio_comp_data/raw/fma_small/110/110262.mp3,110262,Hip-Hop,training
/scratch/pdoshi/audio_comp/home_migrated/audio_comp_data/raw/fma_small/110/110263.mp3,110263,Hip-Hop,training
/scratch/pdoshi/audio_comp/home_migrated/audio_comp_data/raw/fma_small/110/110264.mp3,110264,Hip-Hop,training
/scratch/pdoshi/audio_comp/home_migrated/audio_comp_data/raw/fma_small/110/110265.mp3,110265,Hip-Hop,training
/scratch/pdoshi/audio_comp/home_migrated/audio_comp_data/raw/fma_small/110/110266.mp3,110266,Hip-Hop,training
/scratch/pdoshi/audio_comp/home_migrated/audio_comp_data/raw/fma_small/110/110267.mp3,110267,Hip-Hop,training
/scratch/pdoshi/audio_comp/home_migrated/audio_comp_data/raw/fma_small/110/110274.mp3,110274,Experimental,training
/scratch/pdoshi/audio_comp/home_migrated/audio_comp_data/raw/fma_small/110/110384.mp3,110384,Folk,training
/scratch/pdoshi/audio_comp/home_migrated/audio_comp_data/raw/fma_small/110/110410.mp3,110410,Rock,training
/scratch/pdoshi/audio_comp/home_migrated/audio_comp_data/raw/fma_small/110/110417.mp3,110417,Rock,training
/scratch/pdoshi/audio_comp/home_migrated/audio_comp_data/raw/fma_small/110/110436.mp3,110436,Folk,training
/scratch/pdoshi/audio_comp/home_migrated/audio_comp_data/raw/fma_small/110/110437.mp3,110437,Folk,training
/scratch/pdoshi/audio_comp/home_migrated/audio_comp_data/raw/fma_small/110/110438.mp3,110438,Folk,training
/scratch/pdoshi/audio_comp/home_migrated/audio_comp_data/raw/fma_small/110/110439.mp3,110439,Folk,training
/scratch/pdoshi/audio_comp/home_migrated/audio_comp_data/raw/fma_small/110/110440.mp3,110440,Folk,training
/scratch/pdoshi/audio_comp/home_migrated/audio_comp_data/raw/fma_small/110/110441.mp3,110441,Folk,training
/scratch/pdoshi/audio_comp/home_migrated/audio_comp_data/raw/fma_small/110/110447.mp3,110447,International,training
/scratch/pdoshi/audio_comp/home_migrated/audio_comp_data/raw/fma_small/110/110448.mp3,110448,International,training
/scratch/pdoshi/audio_comp/home_migrated/audio_comp_data/raw/fma_small/110/110449.mp3,110449,International,training
/scratch/pdoshi/audio_comp/home_migrated/audio_comp_data/raw/fma_small/110/110450.mp3,110450,International,training
/scratch/pdoshi/audio_comp/home_migrated/audio_comp_data/raw/fma_small/110/110451.mp3,110451,International,training
/scratch/pdoshi/audio_comp/home_migrated/audio_comp_data/raw/fma_small/110/110452.mp3,110452,International,training
/scratch/pdoshi/audio_comp/home_migrated/audio_comp_data/raw/fma_small/110/110546.mp3,110546,Rock,training
/scratch/pdoshi/audio_comp/home_migrated/audio_comp_data/raw/fma_small/110/110610.mp3,110610,Experimental,training
/scratch/pdoshi/audio_comp/home_migrated/audio_comp_data/raw/fma_small/110/110611.mp3,110611,Experimental,training
/scratch/pdoshi/audio_comp/home_migrated/audio_comp_data/raw/fma_small/110/110623.mp3,110623,Experimental,training
/scratch/pdoshi/audio_comp/home_migrated/audio_comp_data/raw/fma_small/110/110629.mp3,110629,Experimental,training
/scratch/pdoshi/audio_comp/home_migrated/audio_comp_data/raw/fma_small/110/110630.mp3,110630,Experimental,training
/scratch/pdoshi/audio_comp/home_migrated/audio_comp_data/raw/fma_small/110/110634.mp3,110634,Rock,training
/scratch/pdoshi/audio_comp/home_migrated/audio_comp_data/raw/fma_small/110/110636.mp3,110636,Rock,training
/scratch/pdoshi/audio_comp/home_migrated/audio_comp_data/raw/fma_small/110/110637.mp3,110637,Rock,training
/scratch/pdoshi/audio_comp/home_migrated/audio_comp_data/raw/fma_small/110/110647.mp3,110647,Instrumental,training
/scratch/pdoshi/audio_comp/home_migrated/audio_comp_data/raw/fma_small/110/110648.mp3,110648,Instrumental,training
/scratch/pdoshi/audio_comp/home_migrated/audio_comp_data/raw/fma_small/110/110649.mp3,110649,Instrumental,training
/scratch/pdoshi/audio_comp/home_migrated/audio_comp_data/raw/fma_small/110/110650.mp3,110650,Instrumental,training
/scratch/pdoshi/audio_comp/home_migrated/audio_comp_data/raw/fma_small/110/110651.mp3,110651,Instrumental,training
/scratch/pdoshi/audio_comp/home_migrated/audio_comp_data/raw/fma_small/110/110652.mp3,110652,Instrumental,training
/scratch/pdoshi/audio_comp/home_migrated/audio_comp_data/raw/fma_small/110/110653.mp3,110653,Instrumental,training
/scratch/pdoshi/audio_comp/home_migrated/audio_comp_data/raw/fma_small/110/110654.mp3,110654,Instrumental,training
/scratch/pdoshi/audio_comp/home_migrated/audio_comp_data/raw/fma_small/110/110681.mp3,110681,Experimental,training
/scratch/pdoshi/audio_comp/home_migrated/audio_comp_data/raw/fma_small/110/110684.mp3,110684,Experimental,training
/scratch/pdoshi/audio_comp/home_migrated/audio_comp_data/raw/fma_small/110/110687.mp3,110687,Electronic,training
/scratch/pdoshi/audio_comp/home_migrated/audio_comp_data/raw/fma_small/110/110688.mp3,110688,Electronic,training
/scratch/pdoshi/audio_comp/home_migrated/audio_comp_data/raw/fma_small/110/110689.mp3,110689,Electronic,training
/scratch/pdoshi/audio_comp/home_migrated/audio_comp_data/raw/fma_small/110/110690.mp3,110690,Electronic,training
/scratch/pdoshi/audio_comp/home_migrated/audio_comp_data/raw/fma_small/110/110691.mp3,110691,Electronic,training
/scratch/pdoshi/audio_comp/home_migrated/audio_comp_data/raw/fma_small/110/110711.mp3,110711,Experimental,training
/scratch/pdoshi/audio_comp/home_migrated/audio_comp_data/raw/fma_small/110/110735.mp3,110735,Hip-Hop,training
/scratch/pdoshi/audio_comp/home_migrated/audio_comp_data/raw/fma_small/110/110736.mp3,110736,Hip-Hop,training
/scratch/pdoshi/audio_comp/home_migrated/audio_comp_data/raw/fma_small/110/110743.mp3,110743,Hip-Hop,test
/scratch/pdoshi/audio_comp/home_migrated/audio_comp_data/raw/fma_small/110/110744.mp3,110744,Hip-Hop,test
/scratch/pdoshi/audio_comp/home_migrated/audio_comp_data/raw/fma_small/110/110756.mp3,110756,Hip-Hop,test
/scratch/pdoshi/audio_comp/home_migrated/audio_comp_data/raw/fma_small/110/110764.mp3,110764,Hip-Hop,test
/scratch/pdoshi/audio_comp/home_migrated/audio_comp_data/raw/fma_small/110/110765.mp3,110765,Hip-Hop,test
/scratch/pdoshi/audio_comp/home_migrated/audio_comp_data/raw/fma_small/110/110768.mp3,110768,Hip-Hop,test
/scratch/pdoshi/audio_comp/home_migrated/audio_comp_data/raw/fma_small/110/110771.mp3,110771,Hip-Hop,test
/scratch/pdoshi/audio_comp/home_migrated/audio_comp_data/raw/fma_small/110/110772.mp3,110772,Hip-Hop,test
/scratch/pdoshi/audio_comp/home_migrated/audio_comp_data/raw/fma_small/110/110774.mp3,110774,Hip-Hop,test
/scratch/pdoshi/audio_comp/home_migrated/audio_comp_data/raw/fma_small/110/110775.mp3,110775,Hip-Hop,test
/scratch/pdoshi/audio_comp/home_migrated/audio_comp_data/raw/fma_small/110/110776.mp3,110776,Hip-Hop,test
/scratch/pdoshi/audio_comp/home_migrated/audio_comp_data/raw/fma_small/110/110777.mp3,110777,Hip-Hop,test
/scratch/pdoshi/audio_comp/home_migrated/audio_comp_data/raw/fma_small/110/110778.mp3,110778,Hip-Hop,test
/scratch/pdoshi/audio_comp/home_migrated/audio_comp_data/raw/fma_small/110/110779.mp3,110779,Hip-Hop,test
/scratch/pdoshi/audio_comp/home_migrated/audio_comp_data/raw/fma_small/110/110923.mp3,110923,Folk,training
/scratch/pdoshi/audio_comp/home_migrated/audio_comp_data/raw/fma_small/110/110927.mp3,110927,Folk,training
/scratch/pdoshi/audio_comp/home_migrated/audio_comp_data/raw/fma_small/110/110928.mp3,110928,Folk,training
/scratch/pdoshi/audio_comp/home_migrated/audio_comp_data/raw/fma_small/110/110980.mp3,110980,Rock,training
/scratch/pdoshi/audio_comp/home_migrated/audio_comp_data/raw/fma_small/110/110982.mp3,110982,Rock,training
/scratch/pdoshi/audio_comp/home_migrated/audio_comp_data/raw/fma_small/110/110983.mp3,110983,Rock,training
/scratch/pdoshi/audio_comp/home_migrated/audio_comp_data/raw/fma_small/110/110985.mp3,110985,Rock,training
/scratch/pdoshi/audio_comp/home_migrated/audio_comp_data/raw/fma_small/111/111015.mp3,111015,Instrumental,training
/scratch/pdoshi/audio_comp/home_migrated/audio_comp_data/raw/fma_small/111/111146.mp3,111146,Instrumental,test
/scratch/pdoshi/audio_comp/home_migrated/audio_comp_data/raw/fma_small/111/111147.mp3,111147,Instrumental,test
/scratch/pdoshi/audio_comp/home_migrated/audio_comp_data/raw/fma_small/111/111148.mp3,111148,Instrumental,test
/scratch/pdoshi/audio_comp/home_migrated/audio_comp_data/raw/fma_small/111/111149.mp3,111149,Instrumental,test
/scratch/pdoshi/audio_comp/home_migrated/audio_comp_data/raw/fma_small/111/111150.mp3,111150,Instrumental,test
/scratch/pdoshi/audio_comp/home_migrated/audio_comp_data/raw/fma_small/111/111151.mp3,111151,Instrumental,test
/scratch/pdoshi/audio_comp/home_migrated/audio_comp_data/raw/fma_small/111/111153.mp3,111153,Instrumental,test
/scratch/pdoshi/audio_comp/home_migrated/audio_comp_data/raw/fma_small/111/111154.mp3,111154,Instrumental,test
/scratch/pdoshi/audio_comp/home_migrated/audio_comp_data/raw/fma_small/111/111182.mp3,111182,Folk,validation
/scratch/pdoshi/audio_comp/home_migrated/audio_comp_data/raw/fma_small/111/111186.mp3,111186,Folk,validation
/scratch/pdoshi/audio_comp/home_migrated/audio_comp_data/raw/fma_small/111/111187.mp3,111187,Folk,validation
/scratch/pdoshi/audio_comp/home_migrated/audio_comp_data/raw/fma_small/111/111188.mp3,111188,Folk,validation
/scratch/pdoshi/audio_comp/home_migrated/audio_comp_data/raw/fma_small/111/111216.mp3,111216,Experimental,test
/scratch/pdoshi/audio_comp/home_migrated/audio_comp_data/raw/fma_small/111/111220.mp3,111220,Instrumental,training
/scratch/pdoshi/audio_comp/home_migrated/audio_comp_data/raw/fma_small/111/111221.mp3,111221,Instrumental,training
/scratch/pdoshi/audio_comp/home_migrated/audio_comp_data/raw/fma_small/111/111222.mp3,111222,Instrumental,training
/scratch/pdoshi/audio_comp/home_migrated/audio_comp_data/raw/fma_small/111/111223.mp3,111223,Instrumental,training
/scratch/pdoshi/audio_comp/home_migrated/audio_comp_data/raw/fma_small/111/111224.mp3,111224,Instrumental,training
/scratch/pdoshi/audio_comp/home_migrated/audio_comp_data/raw/fma_small/111/111225.mp3,111225,Instrumental,training
/scratch/pdoshi/audio_comp/home_migrated/audio_comp_data/raw/fma_small/111/111226.mp3,111226,Instrumental,training
/scratch/pdoshi/audio_comp/home_migrated/audio_comp_data/raw/fma_small/111/111227.mp3,111227,Instrumental,training
/scratch/pdoshi/audio_comp/home_migrated/audio_comp_data/raw/fma_small/111/111228.mp3,111228,Instrumental,training
/scratch/pdoshi/audio_comp/home_migrated/audio_comp_data/raw/fma_small/111/111229.mp3,111229,Instrumental,training
/scratch/pdoshi/audio_comp/home_migrated/audio_comp_data/raw/fma_small/111/111230.mp3,111230,Instrumental,training
/scratch/pdoshi/audio_comp/home_migrated/audio_comp_data/raw/fma_small/111/111306.mp3,111306,Rock,training
/scratch/pdoshi/audio_comp/home_migrated/audio_comp_data/raw/fma_small/111/111311.mp3,111311,Rock,training
/scratch/pdoshi/audio_comp/home_migrated/audio_comp_data/raw/fma_small/111/111335.mp3,111335,Rock,training
/scratch/pdoshi/audio_comp/home_migrated/audio_comp_data/raw/fma_small/111/111367.mp3,111367,Pop,training
/scratch/pdoshi/audio_comp/home_migrated/audio_comp_data/raw/fma_small/111/111368.mp3,111368,Pop,training
/scratch/pdoshi/audio_comp/home_migrated/audio_comp_data/raw/fma_small/111/111371.mp3,111371,Pop,training
/scratch/pdoshi/audio_comp/home_migrated/audio_comp_data/raw/fma_small/111/111372.mp3,111372,Pop,training
/scratch/pdoshi/audio_comp/home_migrated/audio_comp_data/raw/fma_small/111/111375.mp3,111375,Pop,training
/scratch/pdoshi/audio_comp/home_migrated/audio_comp_data/raw/fma_small/111/111376.mp3,111376,Pop,training
/scratch/pdoshi/audio_comp/home_migrated/audio_comp_data/raw/fma_small/111/111377.mp3,111377,Pop,training
/scratch/pdoshi/audio_comp/home_migrated/audio_comp_data/raw/fma_small/111/111378.mp3,111378,Pop,training
/scratch/pdoshi/audio_comp/home_migrated/audio_comp_data/raw/fma_small/111/111379.mp3,111379,Pop,training
/scratch/pdoshi/audio_comp/home_migrated/audio_comp_data/raw/fma_small/111/111382.mp3,111382,Pop,training
/scratch/pdoshi/audio_comp/home_migrated/audio_comp_data/raw/fma_small/111/111385.mp3,111385,Pop,training
/scratch/pdoshi/audio_comp/home_migrated/audio_comp_data/raw/fma_small/111/111386.mp3,111386,Pop,training
/scratch/pdoshi/audio_comp/home_migrated/audio_comp_data/raw/fma_small/111/111387.mp3,111387,Pop,training
/scratch/pdoshi/audio_comp/home_migrated/audio_comp_data/raw/fma_small/111/111388.mp3,111388,Pop,training
/scratch/pdoshi/audio_comp/home_migrated/audio_comp_data/raw/fma_small/111/111389.mp3,111389,Pop,training
/scratch/pdoshi/audio_comp/home_migrated/audio_comp_data/raw/fma_small/111/111390.mp3,111390,Pop,training
/scratch/pdoshi/audio_comp/home_migrated/audio_comp_data/raw/fma_small/111/111391.mp3,111391,Pop,training
/scratch/pdoshi/audio_comp/home_migrated/audio_comp_data/raw/fma_small/111/111392.mp3,111392,Pop,training
/scratch/pdoshi/audio_comp/home_migrated/audio_comp_data/raw/fma_small/111/111393.mp3,111393,Pop,training
/scratch/pdoshi/audio_comp/home_migrated/audio_comp_data/raw/fma_small/111/111394.mp3,111394,Pop,training
/scratch/pdoshi/audio_comp/home_migrated/audio_comp_data/raw/fma_small/111/111395.mp3,111395,Pop,training
/scratch/pdoshi/audio_comp/home_migrated/audio_comp_data/raw/fma_small/111/111396.mp3,111396,Pop,training
/scratch/pdoshi/audio_comp/home_migrated/audio_comp_data/raw/fma_small/111/111397.mp3,111397,Pop,training
/scratch/pdoshi/audio_comp/home_migrated/audio_comp_data/raw/fma_small/111/111398.mp3,111398,Pop,training
/scratch/pdoshi/audio_comp/home_migrated/audio_comp_data/raw/fma_small/111/111399.mp3,111399,Pop,training
/scratch/pdoshi/audio_comp/home_migrated/audio_comp_data/raw/fma_small/111/111400.mp3,111400,Pop,training
/scratch/pdoshi/audio_comp/home_migrated/audio_comp_data/raw/fma_small/111/111401.mp3,111401,Pop,training
/scratch/pdoshi/audio_comp/home_migrated/audio_comp_data/raw/fma_small/111/111402.mp3,111402,Pop,training
/scratch/pdoshi/audio_comp/home_migrated/audio_comp_data/raw/fma_small/111/111413.mp3,111413,Electronic,validation
/scratch/pdoshi/audio_comp/home_migrated/audio_comp_data/raw/fma_small/111/111416.mp3,111416,Electronic,validation
/scratch/pdoshi/audio_comp/home_migrated/audio_comp_data/raw/fma_small/111/111460.mp3,111460,Experimental,training
/scratch/pdoshi/audio_comp/home_migrated/audio_comp_data/raw/fma_small/111/111579.mp3,111579,Experimental,training
/scratch/pdoshi/audio_comp/home_migrated/audio_comp_data/raw/fma_small/111/111658.mp3,111658,Rock,training
/scratch/pdoshi/audio_comp/home_migrated/audio_comp_data/raw/fma_small/111/111747.mp3,111747,Rock,training
/scratch/pdoshi/audio_comp/home_migrated/audio_comp_data/raw/fma_small/111/111793.mp3,111793,Instrumental,training
/scratch/pdoshi/audio_comp/home_migrated/audio_comp_data/raw/fma_small/111/111819.mp3,111819,Electronic,training
/scratch/pdoshi/audio_comp/home_migrated/audio_comp_data/raw/fma_small/111/111871.mp3,111871,Instrumental,validation
/scratch/pdoshi/audio_comp/home_migrated/audio_comp_data/raw/fma_small/111/111872.mp3,111872,Instrumental,validation
/scratch/pdoshi/audio_comp/home_migrated/audio_comp_data/raw/fma_small/111/111873.mp3,111873,Instrumental,training
/scratch/pdoshi/audio_comp/home_migrated/audio_comp_data/raw/fma_small/111/111911.mp3,111911,Rock,training
/scratch/pdoshi/audio_comp/home_migrated/audio_comp_data/raw/fma_small/111/111933.mp3,111933,Electronic,training
/scratch/pdoshi/audio_comp/home_migrated/audio_comp_data/raw/fma_small/111/111934.mp3,111934,Hip-Hop,test
/scratch/pdoshi/audio_comp/home_migrated/audio_comp_data/raw/fma_small/111/111935.mp3,111935,Hip-Hop,test
/scratch/pdoshi/audio_comp/home_migrated/audio_comp_data/raw/fma_small/111/111936.mp3,111936,Hip-Hop,test
/scratch/pdoshi/audio_comp/home_migrated/audio_comp_data/raw/fma_small/111/111937.mp3,111937,Hip-Hop,test
/scratch/pdoshi/audio_comp/home_migrated/audio_comp_data/raw/fma_small/111/111938.mp3,111938,Hip-Hop,test
/scratch/pdoshi/audio_comp/home_migrated/audio_comp_data/raw/fma_small/111/111974.mp3,111974,Rock,training
/scratch/pdoshi/audio_comp/home_migrated/audio_comp_data/raw/fma_small/111/111982.mp3,111982,Rock,validation
/scratch/pdoshi/audio_comp/home_migrated/audio_comp_data/raw/fma_small/111/111994.mp3,111994,Instrumental,test
/scratch/pdoshi/audio_comp/home_migrated/audio_comp_data/raw/fma_small/112/112000.mp3,112000,Instrumental,test
/scratch/pdoshi/audio_comp/home_migrated/audio_comp_data/raw/fma_small/112/112001.mp3,112001,Instrumental,test
/scratch/pdoshi/audio_comp/home_migrated/audio_comp_data/raw/fma_small/112/112020.mp3,112020,Rock,training
/scratch/pdoshi/audio_comp/home_migrated/audio_comp_data/raw/fma_small/112/112065.mp3,112065,Rock,training
/scratch/pdoshi/audio_comp/home_migrated/audio_comp_data/raw/fma_small/112/112066.mp3,112066,Rock,training
/scratch/pdoshi/audio_comp/home_migrated/audio_comp_data/raw/fma_small/112/112088.mp3,112088,Experimental,training
/scratch/pdoshi/audio_comp/home_migrated/audio_comp_data/raw/fma_small/112/112133.mp3,112133,Experimental,training
/scratch/pdoshi/audio_comp/home_migrated/audio_comp_data/raw/fma_small/112/112196.mp3,112196,Experimental,training
/scratch/pdoshi/audio_comp/home_migrated/audio_comp_data/raw/fma_small/112/112197.mp3,112197,Experimental,training
/scratch/pdoshi/audio_comp/home_migrated/audio_comp_data/raw/fma_small/112/112198.mp3,112198,Experimental,training
/scratch/pdoshi/audio_comp/home_migrated/audio_comp_data/raw/fma_small/112/112199.mp3,112199,Experimental,training
/scratch/pdoshi/audio_comp/home_migrated/audio_comp_data/raw/fma_small/112/112209.mp3,112209,Instrumental,training
/scratch/pdoshi/audio_comp/home_migrated/audio_comp_data/raw/fma_small/112/112210.mp3,112210,Instrumental,training
/scratch/pdoshi/audio_comp/home_migrated/audio_comp_data/raw/fma_small/112/112211.mp3,112211,Instrumental,training
/scratch/pdoshi/audio_comp/home_migrated/audio_comp_data/raw/fma_small/112/112215.mp3,112215,Experimental,training
/scratch/pdoshi/audio_comp/home_migrated/audio_comp_data/raw/fma_small/112/112252.mp3,112252,Folk,training
/scratch/pdoshi/audio_comp/home_migrated/audio_comp_data/raw/fma_small/112/112314.mp3,112314,Rock,training
/scratch/pdoshi/audio_comp/home_migrated/audio_comp_data/raw/fma_small/112/112315.mp3,112315,Rock,training
/scratch/pdoshi/audio_comp/home_migrated/audio_comp_data/raw/fma_small/112/112316.mp3,112316,Rock,training
/scratch/pdoshi/audio_comp/home_migrated/audio_comp_data/raw/fma_small/112/112317.mp3,112317,Rock,training
/scratch/pdoshi/audio_comp/home_migrated/audio_comp_data/raw/fma_small/112/112318.mp3,112318,Rock,training
/scratch/pdoshi/audio_comp/home_migrated/audio_comp_data/raw/fma_small/112/112468.mp3,112468,Hip-Hop,test
/scratch/pdoshi/audio_comp/home_migrated/audio_comp_data/raw/fma_small/112/112481.mp3,112481,Hip-Hop,test
/scratch/pdoshi/audio_comp/home_migrated/audio_comp_data/raw/fma_small/112/112483.mp3,112483,Hip-Hop,test
/scratch/pdoshi/audio_comp/home_migrated/audio_comp_data/raw/fma_small/112/112484.mp3,112484,Hip-Hop,test
/scratch/pdoshi/audio_comp/home_migrated/audio_comp_data/raw/fma_small/112/112485.mp3,112485,Hip-Hop,test
/scratch/pdoshi/audio_comp/home_migrated/audio_comp_data/raw/fma_small/112/112486.mp3,112486,Hip-Hop,test
/scratch/pdoshi/audio_comp/home_migrated/audio_comp_data/raw/fma_small/112/112487.mp3,112487,Hip-Hop,test
/scratch/pdoshi/audio_comp/home_migrated/audio_comp_data/raw/fma_small/112/112488.mp3,112488,Hip-Hop,test
/scratch/pdoshi/audio_comp/home_migrated/audio_comp_data/raw/fma_small/112/112490.mp3,112490,Electronic,training
/scratch/pdoshi/audio_comp/home_migrated/audio_comp_data/raw/fma_small/112/112526.mp3,112526,Rock,training
/scratch/pdoshi/audio_comp/home_migrated/audio_comp_data/raw/fma_small/112/112527.mp3,112527,Rock,training
/scratch/pdoshi/audio_comp/home_migrated/audio_comp_data/raw/fma_small/112/112528.mp3,112528,Rock,training
/scratch/pdoshi/audio_comp/home_migrated/audio_comp_data/raw/fma_small/112/112529.mp3,112529,Rock,training
/scratch/pdoshi/audio_comp/home_migrated/audio_comp_data/raw/fma_small/112/112583.mp3,112583,Experimental,training
/scratch/pdoshi/audio_comp/home_migrated/audio_comp_data/raw/fma_small/112/112584.mp3,112584,Experimental,training
/scratch/pdoshi/audio_comp/home_migrated/audio_comp_data/raw/fma_small/112/112585.mp3,112585,Experimental,training
/scratch/pdoshi/audio_comp/home_migrated/audio_comp_data/raw/fma_small/112/112586.mp3,112586,Experimental,training
/scratch/pdoshi/audio_comp/home_migrated/audio_comp_data/raw/fma_small/112/112587.mp3,112587,Experimental,training
/scratch/pdoshi/audio_comp/home_migrated/audio_comp_data/raw/fma_small/112/112588.mp3,112588,Experimental,training
/scratch/pdoshi/audio_comp/home_migrated/audio_comp_data/raw/fma_small/112/112668.mp3,112668,Experimental,training
/scratch/pdoshi/audio_comp/home_migrated/audio_comp_data/raw/fma_small/112/112733.mp3,112733,Rock,training
/scratch/pdoshi/audio_comp/home_migrated/audio_comp_data/raw/fma_small/112/112734.mp3,112734,Rock,training
/scratch/pdoshi/audio_comp/home_migrated/audio_comp_data/raw/fma_small/112/112735.mp3,112735,Rock,training
/scratch/pdoshi/audio_comp/home_migrated/audio_comp_data/raw/fma_small/112/112767.mp3,112767,Electronic,training
/scratch/pdoshi/audio_comp/home_migrated/audio_comp_data/raw/fma_small/112/112768.mp3,112768,Electronic,training
/scratch/pdoshi/audio_comp/home_migrated/audio_comp_data/raw/fma_small/112/112769.mp3,112769,Electronic,training
/scratch/pdoshi/audio_comp/home_migrated/audio_comp_data/raw/fma_small/112/112770.mp3,112770,Electronic,training
/scratch/pdoshi/audio_comp/home_migrated/audio_comp_data/raw/fma_small/112/112780.mp3,112780,Experimental,training
/scratch/pdoshi/audio_comp/home_migrated/audio_comp_data/raw/fma_small/112/112781.mp3,112781,Experimental,training
/scratch/pdoshi/audio_comp/home_migrated/audio_comp_data/raw/fma_small/112/112785.mp3,112785,Experimental,training
/scratch/pdoshi/audio_comp/home_migrated/audio_comp_data/raw/fma_small/112/112788.mp3,112788,Experimental,training
/scratch/pdoshi/audio_comp/home_migrated/audio_comp_data/raw/fma_small/112/112789.mp3,112789,Experimental,training
/scratch/pdoshi/audio_comp/home_migrated/audio_comp_data/raw/fma_small/112/112790.mp3,112790,Experimental,test
/scratch/pdoshi/audio_comp/home_migrated/audio_comp_data/raw/fma_small/112/112821.mp3,112821,Experimental,training
/scratch/pdoshi/audio_comp/home_migrated/audio_comp_data/raw/fma_small/112/112975.mp3,112975,Instrumental,training
/scratch/pdoshi/audio_comp/home_migrated/audio_comp_data/raw/fma_small/112/112976.mp3,112976,Instrumental,training
/scratch/pdoshi/audio_comp/home_migrated/audio_comp_data/raw/fma_small/112/112977.mp3,112977,Instrumental,training
/scratch/pdoshi/audio_comp/home_migrated/audio_comp_data/raw/fma_small/112/112978.mp3,112978,Instrumental,training
/scratch/pdoshi/audio_comp/home_migrated/audio_comp_data/raw/fma_small/113/113016.mp3,113016,Pop,training
/scratch/pdoshi/audio_comp/home_migrated/audio_comp_data/raw/fma_small/113/113017.mp3,113017,Pop,training
/scratch/pdoshi/audio_comp/home_migrated/audio_comp_data/raw/fma_small/113/113018.mp3,113018,Pop,training
/scratch/pdoshi/audio_comp/home_migrated/audio_comp_data/raw/fma_small/113/113019.mp3,113019,Pop,training
/scratch/pdoshi/audio_comp/home_migrated/audio_comp_data/raw/fma_small/113/113020.mp3,113020,Pop,training
/scratch/pdoshi/audio_comp/home_migrated/audio_comp_data/raw/fma_small/113/113021.mp3,113021,Pop,training
/scratch/pdoshi/audio_comp/home_migrated/audio_comp_data/raw/fma_small/113/113022.mp3,113022,Pop,training
/scratch/pdoshi/audio_comp/home_migrated/audio_comp_data/raw/fma_small/113/113023.mp3,113023,Pop,training
/scratch/pdoshi/audio_comp/home_migrated/audio_comp_data/raw/fma_small/113/113024.mp3,113024,Pop,training
/scratch/pdoshi/audio_comp/home_migrated/audio_comp_data/raw/fma_small/113/113025.mp3,113025,Pop,training
/scratch/pdoshi/audio_comp/home_migrated/audio_comp_data/raw/fma_small/113/113026.mp3,113026,Pop,training
/scratch/pdoshi/audio_comp/home_migrated/audio_comp_data/raw/fma_small/113/113027.mp3,113027,Pop,training
/scratch/pdoshi/audio_comp/home_migrated/audio_comp_data/raw/fma_small/113/113028.mp3,113028,Pop,training
/scratch/pdoshi/audio_comp/home_migrated/audio_comp_data/raw/fma_small/113/113030.mp3,113030,Hip-Hop,validation
/scratch/pdoshi/audio_comp/home_migrated/audio_comp_data/raw/fma_small/113/113031.mp3,113031,Hip-Hop,validation
/scratch/pdoshi/audio_comp/home_migrated/audio_comp_data/raw/fma_small/113/113032.mp3,113032,Hip-Hop,validation
/scratch/pdoshi/audio_comp/home_migrated/audio_comp_data/raw/fma_small/113/113033.mp3,113033,Hip-Hop,validation
/scratch/pdoshi/audio_comp/home_migrated/audio_comp_data/raw/fma_small/113/113034.mp3,113034,Hip-Hop,training
/scratch/pdoshi/audio_comp/home_migrated/audio_comp_data/raw/fma_small/113/113035.mp3,113035,Hip-Hop,training
/scratch/pdoshi/audio_comp/home_migrated/audio_comp_data/raw/fma_small/113/113036.mp3,113036,Hip-Hop,training
/scratch/pdoshi/audio_comp/home_migrated/audio_comp_data/raw/fma_small/113/113037.mp3,113037,Hip-Hop,training
/scratch/pdoshi/audio_comp/home_migrated/audio_comp_data/raw/fma_small/113/113063.mp3,113063,Rock,training
/scratch/pdoshi/audio_comp/home_migrated/audio_comp_data/raw/fma_small/113/113110.mp3,113110,Instrumental,training
/scratch/pdoshi/audio_comp/home_migrated/audio_comp_data/raw/fma_small/113/113164.mp3,113164,Rock,training
/scratch/pdoshi/audio_comp/home_migrated/audio_comp_data/raw/fma_small/113/113165.mp3,113165,Rock,training
/scratch/pdoshi/audio_comp/home_migrated/audio_comp_data/raw/fma_small/113/113166.mp3,113166,Rock,training
/scratch/pdoshi/audio_comp/home_migrated/audio_comp_data/raw/fma_small/113/113167.mp3,113167,Folk,training
/scratch/pdoshi/audio_comp/home_migrated/audio_comp_data/raw/fma_small/113/113203.mp3,113203,Experimental,training
/scratch/pdoshi/audio_comp/home_migrated/audio_comp_data/raw/fma_small/113/113259.mp3,113259,International,training
/scratch/pdoshi/audio_comp/home_migrated/audio_comp_data/raw/fma_small/113/113260.mp3,113260,International,training
/scratch/pdoshi/audio_comp/home_migrated/audio_comp_data/raw/fma_small/113/113261.mp3,113261,International,training
/scratch/pdoshi/audio_comp/home_migrated/audio_comp_data/raw/fma_small/113/113262.mp3,113262,International,test
/scratch/pdoshi/audio_comp/home_migrated/audio_comp_data/raw/fma_small/113/113263.mp3,113263,International,training
/scratch/pdoshi/audio_comp/home_migrated/audio_comp_data/raw/fma_small/113/113264.mp3,113264,International,validation
/scratch/pdoshi/audio_comp/home_migrated/audio_comp_data/raw/fma_small/113/113265.mp3,113265,International,training
/scratch/pdoshi/audio_comp/home_migrated/audio_comp_data/raw/fma_small/113/113266.mp3,113266,International,training
/scratch/pdoshi/audio_comp/home_migrated/audio_comp_data/raw/fma_small/113/113267.mp3,113267,International,validation
/scratch/pdoshi/audio_comp/home_migrated/audio_comp_data/raw/fma_small/113/113268.mp3,113268,International,training
/scratch/pdoshi/audio_comp/home_migrated/audio_comp_data/raw/fma_small/113/113269.mp3,113269,International,training
/scratch/pdoshi/audio_comp/home_migrated/audio_comp_data/raw/fma_small/113/113270.mp3,113270,International,training
/scratch/pdoshi/audio_comp/home_migrated/audio_comp_data/raw/fma_small/113/113271.mp3,113271,International,training
/scratch/pdoshi/audio_comp/home_migrated/audio_comp_data/raw/fma_small/113/113272.mp3,113272,International,training
/scratch/pdoshi/audio_comp/home_migrated/audio_comp_data/raw/fma_small/113/113273.mp3,113273,International,test
/scratch/pdoshi/audio_comp/home_migrated/audio_comp_data/raw/fma_small/113/113274.mp3,113274,International,test
/scratch/pdoshi/audio_comp/home_migrated/audio_comp_data/raw/fma_small/113/113275.mp3,113275,International,test
/scratch/pdoshi/audio_comp/home_migrated/audio_comp_data/raw/fma_small/113/113276.mp3,113276,International,training
/scratch/pdoshi/audio_comp/home_migrated/audio_comp_data/raw/fma_small/113/113277.mp3,113277,International,training
/scratch/pdoshi/audio_comp/home_migrated/audio_comp_data/raw/fma_small/113/113278.mp3,113278,International,validation
/scratch/pdoshi/audio_comp/home_migrated/audio_comp_data/raw/fma_small/113/113279.mp3,113279,International,test
/scratch/pdoshi/audio_comp/home_migrated/audio_comp_data/raw/fma_small/113/113280.mp3,113280,International,training
/scratch/pdoshi/audio_comp/home_migrated/audio_comp_data/raw/fma_small/113/113281.mp3,113281,International,training
/scratch/pdoshi/audio_comp/home_migrated/audio_comp_data/raw/fma_small/113/113282.mp3,113282,International,training
/scratch/pdoshi/audio_comp/home_migrated/audio_comp_data/raw/fma_small/113/113284.mp3,113284,International,validation
/scratch/pdoshi/audio_comp/home_migrated/audio_comp_data/raw/fma_small/113/113294.mp3,113294,Rock,training
/scratch/pdoshi/audio_comp/home_migrated/audio_comp_data/raw/fma_small/113/113303.mp3,113303,Rock,training
/scratch/pdoshi/audio_comp/home_migrated/audio_comp_data/raw/fma_small/113/113304.mp3,113304,Rock,training
/scratch/pdoshi/audio_comp/home_migrated/audio_comp_data/raw/fma_small/113/113305.mp3,113305,Rock,training
/scratch/pdoshi/audio_comp/home_migrated/audio_comp_data/raw/fma_small/113/113311.mp3,113311,Rock,training
/scratch/pdoshi/audio_comp/home_migrated/audio_comp_data/raw/fma_small/113/113334.mp3,113334,Electronic,training
/scratch/pdoshi/audio_comp/home_migrated/audio_comp_data/raw/fma_small/113/113335.mp3,113335,Electronic,training
/scratch/pdoshi/audio_comp/home_migrated/audio_comp_data/raw/fma_small/113/113336.mp3,113336,Electronic,training
/scratch/pdoshi/audio_comp/home_migrated/audio_comp_data/raw/fma_small/113/113342.mp3,113342,Folk,training
/scratch/pdoshi/audio_comp/home_migrated/audio_comp_data/raw/fma_small/113/113343.mp3,113343,Folk,training
/scratch/pdoshi/audio_comp/home_migrated/audio_comp_data/raw/fma_small/113/113344.mp3,113344,Folk,training
/scratch/pdoshi/audio_comp/home_migrated/audio_comp_data/raw/fma_small/113/113357.mp3,113357,Folk,training
/scratch/pdoshi/audio_comp/home_migrated/audio_comp_data/raw/fma_small/113/113359.mp3,113359,Folk,training
/scratch/pdoshi/audio_comp/home_migrated/audio_comp_data/raw/fma_small/113/113360.mp3,113360,Folk,training
/scratch/pdoshi/audio_comp/home_migrated/audio_comp_data/raw/fma_small/113/113453.mp3,113453,Electronic,validation
/scratch/pdoshi/audio_comp/home_migrated/audio_comp_data/raw/fma_small/113/113511.mp3,113511,Rock,training
/scratch/pdoshi/audio_comp/home_migrated/audio_comp_data/raw/fma_small/113/113512.mp3,113512,Rock,training
/scratch/pdoshi/audio_comp/home_migrated/audio_comp_data/raw/fma_small/113/113513.mp3,113513,Rock,training
/scratch/pdoshi/audio_comp/home_migrated/audio_comp_data/raw/fma_small/113/113530.mp3,113530,Rock,training
/scratch/pdoshi/audio_comp/home_migrated/audio_comp_data/raw/fma_small/113/113558.mp3,113558,Experimental,training
/scratch/pdoshi/audio_comp/home_migrated/audio_comp_data/raw/fma_small/113/113564.mp3,113564,Experimental,training
/scratch/pdoshi/audio_comp/home_migrated/audio_comp_data/raw/fma_small/113/113574.mp3,113574,Rock,training
/scratch/pdoshi/audio_comp/home_migrated/audio_comp_data/raw/fma_small/113/113696.mp3,113696,International,training
/scratch/pdoshi/audio_comp/home_migrated/audio_comp_data/raw/fma_small/113/113697.mp3,113697,International,training
/scratch/pdoshi/audio_comp/home_migrated/audio_comp_data/raw/fma_small/113/113698.mp3,113698,International,training
/scratch/pdoshi/audio_comp/home_migrated/audio_comp_data/raw/fma_small/113/113699.mp3,113699,International,training
/scratch/pdoshi/audio_comp/home_migrated/audio_comp_data/raw/fma_small/113/113700.mp3,113700,International,training
/scratch/pdoshi/audio_comp/home_migrated/audio_comp_data/raw/fma_small/113/113701.mp3,113701,International,training
/scratch/pdoshi/audio_comp/home_migrated/audio_comp_data/raw/fma_small/113/113702.mp3,113702,Experimental,training
/scratch/pdoshi/audio_comp/home_migrated/audio_comp_data/raw/fma_small/113/113787.mp3,113787,Instrumental,training
/scratch/pdoshi/audio_comp/home_migrated/audio_comp_data/raw/fma_small/113/113788.mp3,113788,Instrumental,training
/scratch/pdoshi/audio_comp/home_migrated/audio_comp_data/raw/fma_small/113/113789.mp3,113789,Instrumental,training
/scratch/pdoshi/audio_comp/home_migrated/audio_comp_data/raw/fma_small/113/113790.mp3,113790,Instrumental,training
/scratch/pdoshi/audio_comp/home_migrated/audio_comp_data/raw/fma_small/113/113808.mp3,113808,Pop,training
/scratch/pdoshi/audio_comp/home_migrated/audio_comp_data/raw/fma_small/113/113809.mp3,113809,Pop,training
/scratch/pdoshi/audio_comp/home_migrated/audio_comp_data/raw/fma_small/113/113810.mp3,113810,Pop,training
/scratch/pdoshi/audio_comp/home_migrated/audio_comp_data/raw/fma_small/113/113822.mp3,113822,Rock,training
/scratch/pdoshi/audio_comp/home_migrated/audio_comp_data/raw/fma_small/113/113932.mp3,113932,Pop,training
/scratch/pdoshi/audio_comp/home_migrated/audio_comp_data/raw/fma_small/113/113933.mp3,113933,Pop,training
/scratch/pdoshi/audio_comp/home_migrated/audio_comp_data/raw/fma_small/113/113934.mp3,113934,Pop,training
/scratch/pdoshi/audio_comp/home_migrated/audio_comp_data/raw/fma_small/113/113935.mp3,113935,Pop,training
/scratch/pdoshi/audio_comp/home_migrated/audio_comp_data/raw/fma_small/113/113946.mp3,113946,Folk,training
/scratch/pdoshi/audio_comp/home_migrated/audio_comp_data/raw/fma_small/113/113949.mp3,113949,Folk,training
/scratch/pdoshi/audio_comp/home_migrated/audio_comp_data/raw/fma_small/113/113950.mp3,113950,Folk,training
/scratch/pdoshi/audio_comp/home_migrated/audio_comp_data/raw/fma_small/113/113969.mp3,113969,Instrumental,training
/scratch/pdoshi/audio_comp/home_migrated/audio_comp_data/raw/fma_small/113/113970.mp3,113970,Electronic,training
/scratch/pdoshi/audio_comp/home_migrated/audio_comp_data/raw/fma_small/113/113971.mp3,113971,Electronic,training
/scratch/pdoshi/audio_comp/home_migrated/audio_comp_data/raw/fma_small/113/113972.mp3,113972,Electronic,training
/scratch/pdoshi/audio_comp/home_migrated/audio_comp_data/raw/fma_small/113/113973.mp3,113973,Electronic,training
/scratch/pdoshi/audio_comp/home_migrated/audio_comp_data/raw/fma_small/114/114006.mp3,114006,Instrumental,validation
/scratch/pdoshi/audio_comp/home_migrated/audio_comp_data/raw/fma_small/114/114007.mp3,114007,Instrumental,validation
/scratch/pdoshi/audio_comp/home_migrated/audio_comp_data/raw/fma_small/114/114036.mp3,114036,Hip-Hop,training
/scratch/pdoshi/audio_comp/home_migrated/audio_comp_data/raw/fma_small/114/114037.mp3,114037,Hip-Hop,training
/scratch/pdoshi/audio_comp/home_migrated/audio_comp_data/raw/fma_small/114/114040.mp3,114040,Hip-Hop,training
/scratch/pdoshi/audio_comp/home_migrated/audio_comp_data/raw/fma_small/114/114041.mp3,114041,Hip-Hop,training
/scratch/pdoshi/audio_comp/home_migrated/audio_comp_data/raw/fma_small/114/114042.mp3,114042,Hip-Hop,training
/scratch/pdoshi/audio_comp/home_migrated/audio_comp_data/raw/fma_small/114/114044.mp3,114044,Hip-Hop,training
/scratch/pdoshi/audio_comp/home_migrated/audio_comp_data/raw/fma_small/114/114045.mp3,114045,Hip-Hop,training
/scratch/pdoshi/audio_comp/home_migrated/audio_comp_data/raw/fma_small/114/114047.mp3,114047,Hip-Hop,training
/scratch/pdoshi/audio_comp/home_migrated/audio_comp_data/raw/fma_small/114/114048.mp3,114048,Hip-Hop,training
/scratch/pdoshi/audio_comp/home_migrated/audio_comp_data/raw/fma_small/114/114049.mp3,114049,Hip-Hop,training
/scratch/pdoshi/audio_comp/home_migrated/audio_comp_data/raw/fma_small/114/114050.mp3,114050,Hip-Hop,training
/scratch/pdoshi/audio_comp/home_migrated/audio_comp_data/raw/fma_small/114/114051.mp3,114051,Hip-Hop,training
/scratch/pdoshi/audio_comp/home_migrated/audio_comp_data/raw/fma_small/114/114061.mp3,114061,Electronic,training
/scratch/pdoshi/audio_comp/home_migrated/audio_comp_data/raw/fma_small/114/114062.mp3,114062,Electronic,training
/scratch/pdoshi/audio_comp/home_migrated/audio_comp_data/raw/fma_small/114/114063.mp3,114063,Electronic,validation
/scratch/pdoshi/audio_comp/home_migrated/audio_comp_data/raw/fma_small/114/114064.mp3,114064,Electronic,training
/scratch/pdoshi/audio_comp/home_migrated/audio_comp_data/raw/fma_small/114/114065.mp3,114065,Electronic,training
/scratch/pdoshi/audio_comp/home_migrated/audio_comp_data/raw/fma_small/114/114066.mp3,114066,Electronic,training
/scratch/pdoshi/audio_comp/home_migrated/audio_comp_data/raw/fma_small/114/114067.mp3,114067,Electronic,training
/scratch/pdoshi/audio_comp/home_migrated/audio_comp_data/raw/fma_small/114/114069.mp3,114069,Instrumental,training
/scratch/pdoshi/audio_comp/home_migrated/audio_comp_data/raw/fma_small/114/114070.mp3,114070,Instrumental,training
/scratch/pdoshi/audio_comp/home_migrated/audio_comp_data/raw/fma_small/114/114072.mp3,114072,Instrumental,training
/scratch/pdoshi/audio_comp/home_migrated/audio_comp_data/raw/fma_small/114/114073.mp3,114073,Instrumental,training
/scratch/pdoshi/audio_comp/home_migrated/audio_comp_data/raw/fma_small/114/114074.mp3,114074,Instrumental,training
/scratch/pdoshi/audio_comp/home_migrated/audio_comp_data/raw/fma_small/114/114076.mp3,114076,Instrumental,training
/scratch/pdoshi/audio_comp/home_migrated/audio_comp_data/raw/fma_small/114/114077.mp3,114077,Instrumental,training
/scratch/pdoshi/audio_comp/home_migrated/audio_comp_data/raw/fma_small/114/114198.mp3,114198,Rock,training
/scratch/pdoshi/audio_comp/home_migrated/audio_comp_data/raw/fma_small/114/114199.mp3,114199,Rock,training
/scratch/pdoshi/audio_comp/home_migrated/audio_comp_data/raw/fma_small/114/114200.mp3,114200,Rock,training
/scratch/pdoshi/audio_comp/home_migrated/audio_comp_data/raw/fma_small/114/114201.mp3,114201,Rock,training
/scratch/pdoshi/audio_comp/home_migrated/audio_comp_data/raw/fma_small/114/114212.mp3,114212,Instrumental,test
/scratch/pdoshi/audio_comp/home_migrated/audio_comp_data/raw/fma_small/114/114222.mp3,114222,Instrumental,test
/scratch/pdoshi/audio_comp/home_migrated/audio_comp_data/raw/fma_small/114/114223.mp3,114223,Instrumental,test
/scratch/pdoshi/audio_comp/home_migrated/audio_comp_data/raw/fma_small/114/114231.mp3,114231,Instrumental,training
/scratch/pdoshi/audio_comp/home_migrated/audio_comp_data/raw/fma_small/114/114232.mp3,114232,Instrumental,training
/scratch/pdoshi/audio_comp/home_migrated/audio_comp_data/raw/fma_small/114/114233.mp3,114233,Instrumental,training
/scratch/pdoshi/audio_comp/home_migrated/audio_comp_data/raw/fma_small/114/114234.mp3,114234,Instrumental,training
/scratch/pdoshi/audio_comp/home_migrated/audio_comp_data/raw/fma_small/114/114235.mp3,114235,Instrumental,training
/scratch/pdoshi/audio_comp/home_migrated/audio_comp_data/raw/fma_small/114/114236.mp3,114236,Instrumental,training
/scratch/pdoshi/audio_comp/home_migrated/audio_comp_data/raw/fma_small/114/114237.mp3,114237,Instrumental,training
/scratch/pdoshi/audio_comp/home_migrated/audio_comp_data/raw/fma_small/114/114238.mp3,114238,Instrumental,training
/scratch/pdoshi/audio_comp/home_migrated/audio_comp_data/raw/fma_small/114/114239.mp3,114239,Instrumental,training
/scratch/pdoshi/audio_comp/home_migrated/audio_comp_data/raw/fma_small/114/114242.mp3,114242,Electronic,training
/scratch/pdoshi/audio_comp/home_migrated/audio_comp_data/raw/fma_small/114/114245.mp3,114245,Electronic,training
/scratch/pdoshi/audio_comp/home_migrated/audio_comp_data/raw/fma_small/114/114265.mp3,114265,Hip-Hop,training
/scratch/pdoshi/audio_comp/home_migrated/audio_comp_data/raw/fma_small/114/114266.mp3,114266,Hip-Hop,training
/scratch/pdoshi/audio_comp/home_migrated/audio_comp_data/raw/fma_small/114/114268.mp3,114268,Hip-Hop,training
/scratch/pdoshi/audio_comp/home_migrated/audio_comp_data/raw/fma_small/114/114272.mp3,114272,Hip-Hop,training
/scratch/pdoshi/audio_comp/home_migrated/audio_comp_data/raw/fma_small/114/114274.mp3,114274,Hip-Hop,training
/scratch/pdoshi/audio_comp/home_migrated/audio_comp_data/raw/fma_small/114/114275.mp3,114275,Hip-Hop,training
/scratch/pdoshi/audio_comp/home_migrated/audio_comp_data/raw/fma_small/114/114279.mp3,114279,Electronic,validation
/scratch/pdoshi/audio_comp/home_migrated/audio_comp_data/raw/fma_small/114/114282.mp3,114282,Electronic,validation
/scratch/pdoshi/audio_comp/home_migrated/audio_comp_data/raw/fma_small/114/114283.mp3,114283,Electronic,validation
/scratch/pdoshi/audio_comp/home_migrated/audio_comp_data/raw/fma_small/114/114289.mp3,114289,Electronic,training
/scratch/pdoshi/audio_comp/home_migrated/audio_comp_data/raw/fma_small/114/114290.mp3,114290,Electronic,training
/scratch/pdoshi/audio_comp/home_migrated/audio_comp_data/raw/fma_small/114/114291.mp3,114291,Electronic,training
/scratch/pdoshi/audio_comp/home_migrated/audio_comp_data/raw/fma_small/114/114292.mp3,114292,Electronic,training
/scratch/pdoshi/audio_comp/home_migrated/audio_comp_data/raw/fma_small/114/114293.mp3,114293,Electronic,training
/scratch/pdoshi/audio_comp/home_migrated/audio_comp_data/raw/fma_small/114/114294.mp3,114294,Electronic,training
/scratch/pdoshi/audio_comp/home_migrated/audio_comp_data/raw/fma_small/114/114295.mp3,114295,Electronic,training
/scratch/pdoshi/audio_comp/home_migrated/audio_comp_data/raw/fma_small/114/114296.mp3,114296,Electronic,training
/scratch/pdoshi/audio_comp/home_migrated/audio_comp_data/raw/fma_small/114/114297.mp3,114297,Electronic,training
/scratch/pdoshi/audio_comp/home_migrated/audio_comp_data/raw/fma_small/114/114298.mp3,114298,Electronic,training
/scratch/pdoshi/audio_comp/home_migrated/audio_comp_data/raw/fma_small/114/114371.mp3,114371,Instrumental,training
/scratch/pdoshi/audio_comp/home_migrated/audio_comp_data/raw/fma_small/114/114372.mp3,114372,Instrumental,training
/scratch/pdoshi/audio_comp/home_migrated/audio_comp_data/raw/fma_small/114/114373.mp3,114373,Instrumental,training
/scratch/pdoshi/audio_comp/home_migrated/audio_comp_data/raw/fma_small/114/114374.mp3,114374,Instrumental,training
/scratch/pdoshi/audio_comp/home_migrated/audio_comp_data/raw/fma_small/114/114375.mp3,114375,Instrumental,training
/scratch/pdoshi/audio_comp/home_migrated/audio_comp_data/raw/fma_small/114/114384.mp3,114384,Electronic,training
/scratch/pdoshi/audio_comp/home_migrated/audio_comp_data/raw/fma_small/114/114385.mp3,114385,Electronic,training
/scratch/pdoshi/audio_comp/home_migrated/audio_comp_data/raw/fma_small/114/114386.mp3,114386,Electronic,training
/scratch/pdoshi/audio_comp/home_migrated/audio_comp_data/raw/fma_small/114/114387.mp3,114387,Electronic,training
/scratch/pdoshi/audio_comp/home_migrated/audio_comp_data/raw/fma_small/114/114388.mp3,114388,Electronic,training
/scratch/pdoshi/audio_comp/home_migrated/audio_comp_data/raw/fma_small/114/114389.mp3,114389,Electronic,training
/scratch/pdoshi/audio_comp/home_migrated/audio_comp_data/raw/fma_small/114/114390.mp3,114390,Electronic,training
/scratch/pdoshi/audio_comp/home_migrated/audio_comp_data/raw/fma_small/114/114391.mp3,114391,Electronic,training
/scratch/pdoshi/audio_comp/home_migrated/audio_comp_data/raw/fma_small/114/114392.mp3,114392,Electronic,training
/scratch/pdoshi/audio_comp/home_migrated/audio_comp_data/raw/fma_small/114/114393.mp3,114393,Electronic,training
/scratch/pdoshi/audio_comp/home_migrated/audio_comp_data/raw/fma_small/114/114395.mp3,114395,Rock,training
/scratch/pdoshi/audio_comp/home_migrated/audio_comp_data/raw/fma_small/114/114396.mp3,114396,Rock,training
/scratch/pdoshi/audio_comp/home_migrated/audio_comp_data/raw/fma_small/114/114397.mp3,114397,Rock,training
/scratch/pdoshi/audio_comp/home_migrated/audio_comp_data/raw/fma_small/114/114398.mp3,114398,Rock,training
/scratch/pdoshi/audio_comp/home_migrated/audio_comp_data/raw/fma_small/114/114399.mp3,114399,Rock,training
/scratch/pdoshi/audio_comp/home_migrated/audio_comp_data/raw/fma_small/114/114400.mp3,114400,Rock,training
/scratch/pdoshi/audio_comp/home_migrated/audio_comp_data/raw/fma_small/114/114401.mp3,114401,Rock,training
/scratch/pdoshi/audio_comp/home_migrated/audio_comp_data/raw/fma_small/114/114402.mp3,114402,Rock,training
/scratch/pdoshi/audio_comp/home_migrated/audio_comp_data/raw/fma_small/114/114403.mp3,114403,Rock,training
/scratch/pdoshi/audio_comp/home_migrated/audio_comp_data/raw/fma_small/114/114404.mp3,114404,Rock,training
/scratch/pdoshi/audio_comp/home_migrated/audio_comp_data/raw/fma_small/114/114405.mp3,114405,Rock,training
/scratch/pdoshi/audio_comp/home_migrated/audio_comp_data/raw/fma_small/114/114406.mp3,114406,Rock,training
/scratch/pdoshi/audio_comp/home_migrated/audio_comp_data/raw/fma_small/114/114408.mp3,114408,Rock,training
/scratch/pdoshi/audio_comp/home_migrated/audio_comp_data/raw/fma_small/114/114409.mp3,114409,Rock,training
/scratch/pdoshi/audio_comp/home_migrated/audio_comp_data/raw/fma_small/114/114410.mp3,114410,Rock,training
/scratch/pdoshi/audio_comp/home_migrated/audio_comp_data/raw/fma_small/114/114411.mp3,114411,Rock,training
/scratch/pdoshi/audio_comp/home_migrated/audio_comp_data/raw/fma_small/114/114412.mp3,114412,Rock,training
/scratch/pdoshi/audio_comp/home_migrated/audio_comp_data/raw/fma_small/114/114413.mp3,114413,Rock,training
/scratch/pdoshi/audio_comp/home_migrated/audio_comp_data/raw/fma_small/114/114414.mp3,114414,Rock,training
/scratch/pdoshi/audio_comp/home_migrated/audio_comp_data/raw/fma_small/114/114415.mp3,114415,Rock,training
/scratch/pdoshi/audio_comp/home_migrated/audio_comp_data/raw/fma_small/114/114416.mp3,114416,Rock,training
/scratch/pdoshi/audio_comp/home_migrated/audio_comp_data/raw/fma_small/114/114430.mp3,114430,Rock,training
/scratch/pdoshi/audio_comp/home_migrated/audio_comp_data/raw/fma_small/114/114532.mp3,114532,Instrumental,training
/scratch/pdoshi/audio_comp/home_migrated/audio_comp_data/raw/fma_small/114/114533.mp3,114533,Instrumental,training
/scratch/pdoshi/audio_comp/home_migrated/audio_comp_data/raw/fma_small/114/114534.mp3,114534,Instrumental,training
/scratch/pdoshi/audio_comp/home_migrated/audio_comp_data/raw/fma_small/114/114535.mp3,114535,Instrumental,training
/scratch/pdoshi/audio_comp/home_migrated/audio_comp_data/raw/fma_small/114/114536.mp3,114536,Instrumental,training
/scratch/pdoshi/audio_comp/home_migrated/audio_comp_data/raw/fma_small/114/114538.mp3,114538,Instrumental,training
/scratch/pdoshi/audio_comp/home_migrated/audio_comp_data/raw/fma_small/114/114539.mp3,114539,Instrumental,training
/scratch/pdoshi/audio_comp/home_migrated/audio_comp_data/raw/fma_small/114/114541.mp3,114541,Instrumental,training
/scratch/pdoshi/audio_comp/home_migrated/audio_comp_data/raw/fma_small/114/114544.mp3,114544,Electronic,training
/scratch/pdoshi/audio_comp/home_migrated/audio_comp_data/raw/fma_small/114/114545.mp3,114545,Electronic,training
/scratch/pdoshi/audio_comp/home_migrated/audio_comp_data/raw/fma_small/114/114556.mp3,114556,Electronic,training
/scratch/pdoshi/audio_comp/home_migrated/audio_comp_data/raw/fma_small/114/114558.mp3,114558,Electronic,training
/scratch/pdoshi/audio_comp/home_migrated/audio_comp_data/raw/fma_small/114/114559.mp3,114559,Electronic,training
/scratch/pdoshi/audio_comp/home_migrated/audio_comp_data/raw/fma_small/114/114879.mp3,114879,International,training
/scratch/pdoshi/audio_comp/home_migrated/audio_comp_data/raw/fma_small/114/114880.mp3,114880,International,training
/scratch/pdoshi/audio_comp/home_migrated/audio_comp_data/raw/fma_small/114/114884.mp3,114884,International,training
/scratch/pdoshi/audio_comp/home_migrated/audio_comp_data/raw/fma_small/114/114936.mp3,114936,International,training
/scratch/pdoshi/audio_comp/home_migrated/audio_comp_data/raw/fma_small/114/114937.mp3,114937,International,training
/scratch/pdoshi/audio_comp/home_migrated/audio_comp_data/raw/fma_small/114/114938.mp3,114938,International,training
/scratch/pdoshi/audio_comp/home_migrated/audio_comp_data/raw/fma_small/114/114939.mp3,114939,International,training
/scratch/pdoshi/audio_comp/home_migrated/audio_comp_data/raw/fma_small/114/114940.mp3,114940,International,training
/scratch/pdoshi/audio_comp/home_migrated/audio_comp_data/raw/fma_small/114/114941.mp3,114941,International,training
/scratch/pdoshi/audio_comp/home_migrated/audio_comp_data/raw/fma_small/114/114942.mp3,114942,International,training
/scratch/pdoshi/audio_comp/home_migrated/audio_comp_data/raw/fma_small/114/114943.mp3,114943,International,training
/scratch/pdoshi/audio_comp/home_migrated/audio_comp_data/raw/fma_small/114/114974.mp3,114974,Experimental,test
/scratch/pdoshi/audio_comp/home_migrated/audio_comp_data/raw/fma_small/114/114976.mp3,114976,Experimental,test
/scratch/pdoshi/audio_comp/home_migrated/audio_comp_data/raw/fma_small/115/115002.mp3,115002,Instrumental,test
/scratch/pdoshi/audio_comp/home_migrated/audio_comp_data/raw/fma_small/115/115011.mp3,115011,Instrumental,test
/scratch/pdoshi/audio_comp/home_migrated/audio_comp_data/raw/fma_small/115/115125.mp3,115125,Experimental,training
/scratch/pdoshi/audio_comp/home_migrated/audio_comp_data/raw/fma_small/115/115176.mp3,115176,Instrumental,test
/scratch/pdoshi/audio_comp/home_migrated/audio_comp_data/raw/fma_small/115/115262.mp3,115262,International,training
/scratch/pdoshi/audio_comp/home_migrated/audio_comp_data/raw/fma_small/115/115263.mp3,115263,International,training
/scratch/pdoshi/audio_comp/home_migrated/audio_comp_data/raw/fma_small/115/115267.mp3,115267,International,training
/scratch/pdoshi/audio_comp/home_migrated/audio_comp_data/raw/fma_small/115/115268.mp3,115268,International,training
/scratch/pdoshi/audio_comp/home_migrated/audio_comp_data/raw/fma_small/115/115269.mp3,115269,International,training
/scratch/pdoshi/audio_comp/home_migrated/audio_comp_data/raw/fma_small/115/115271.mp3,115271,International,training
/scratch/pdoshi/audio_comp/home_migrated/audio_comp_data/raw/fma_small/115/115272.mp3,115272,International,training
/scratch/pdoshi/audio_comp/home_migrated/audio_comp_data/raw/fma_small/115/115273.mp3,115273,International,training
/scratch/pdoshi/audio_comp/home_migrated/audio_comp_data/raw/fma_small/115/115288.mp3,115288,Instrumental,test
/scratch/pdoshi/audio_comp/home_migrated/audio_comp_data/raw/fma_small/115/115289.mp3,115289,Instrumental,test
/scratch/pdoshi/audio_comp/home_migrated/audio_comp_data/raw/fma_small/115/115290.mp3,115290,Instrumental,test
/scratch/pdoshi/audio_comp/home_migrated/audio_comp_data/raw/fma_small/115/115292.mp3,115292,Instrumental,test
/scratch/pdoshi/audio_comp/home_migrated/audio_comp_data/raw/fma_small/115/115293.mp3,115293,Instrumental,test
/scratch/pdoshi/audio_comp/home_migrated/audio_comp_data/raw/fma_small/115/115294.mp3,115294,Instrumental,test
/scratch/pdoshi/audio_comp/home_migrated/audio_comp_data/raw/fma_small/115/115321.mp3,115321,Electronic,training
/scratch/pdoshi/audio_comp/home_migrated/audio_comp_data/raw/fma_small/115/115339.mp3,115339,Electronic,training
/scratch/pdoshi/audio_comp/home_migrated/audio_comp_data/raw/fma_small/115/115391.mp3,115391,Electronic,training
/scratch/pdoshi/audio_comp/home_migrated/audio_comp_data/raw/fma_small/115/115392.mp3,115392,Electronic,training
/scratch/pdoshi/audio_comp/home_migrated/audio_comp_data/raw/fma_small/115/115470.mp3,115470,Instrumental,training
/scratch/pdoshi/audio_comp/home_migrated/audio_comp_data/raw/fma_small/115/115471.mp3,115471,Instrumental,training
/scratch/pdoshi/audio_comp/home_migrated/audio_comp_data/raw/fma_small/115/115472.mp3,115472,Instrumental,training
/scratch/pdoshi/audio_comp/home_migrated/audio_comp_data/raw/fma_small/115/115473.mp3,115473,Instrumental,training
/scratch/pdoshi/audio_comp/home_migrated/audio_comp_data/raw/fma_small/115/115474.mp3,115474,Instrumental,training
/scratch/pdoshi/audio_comp/home_migrated/audio_comp_data/raw/fma_small/115/115475.mp3,115475,Instrumental,training
/scratch/pdoshi/audio_comp/home_migrated/audio_comp_data/raw/fma_small/115/115591.mp3,115591,Experimental,training
/scratch/pdoshi/audio_comp/home_migrated/audio_comp_data/raw/fma_small/115/115592.mp3,115592,Experimental,training
/scratch/pdoshi/audio_comp/home_migrated/audio_comp_data/raw/fma_small/115/115597.mp3,115597,Experimental,training
/scratch/pdoshi/audio_comp/home_migrated/audio_comp_data/raw/fma_small/115/115697.mp3,115697,Electronic,training
/scratch/pdoshi/audio_comp/home_migrated/audio_comp_data/raw/fma_small/115/115698.mp3,115698,Electronic,training
/scratch/pdoshi/audio_comp/home_migrated/audio_comp_data/raw/fma_small/115/115699.mp3,115699,Electronic,training
/scratch/pdoshi/audio_comp/home_migrated/audio_comp_data/raw/fma_small/115/115700.mp3,115700,Electronic,training
/scratch/pdoshi/audio_comp/home_migrated/audio_comp_data/raw/fma_small/115/115721.mp3,115721,Electronic,training
/scratch/pdoshi/audio_comp/home_migrated/audio_comp_data/raw/fma_small/115/115722.mp3,115722,Electronic,training
/scratch/pdoshi/audio_comp/home_migrated/audio_comp_data/raw/fma_small/115/115723.mp3,115723,Electronic,training
/scratch/pdoshi/audio_comp/home_migrated/audio_comp_data/raw/fma_small/115/115724.mp3,115724,Electronic,training
/scratch/pdoshi/audio_comp/home_migrated/audio_comp_data/raw/fma_small/115/115735.mp3,115735,Rock,training
/scratch/pdoshi/audio_comp/home_migrated/audio_comp_data/raw/fma_small/115/115761.mp3,115761,Rock,training
/scratch/pdoshi/audio_comp/home_migrated/audio_comp_data/raw/fma_small/115/115762.mp3,115762,Rock,training
/scratch/pdoshi/audio_comp/home_migrated/audio_comp_data/raw/fma_small/115/115764.mp3,115764,Rock,training
/scratch/pdoshi/audio_comp/home_migrated/audio_comp_data/raw/fma_small/115/115765.mp3,115765,Rock,training
/scratch/pdoshi/audio_comp/home_migrated/audio_comp_data/raw/fma_small/115/115766.mp3,115766,Rock,training
/scratch/pdoshi/audio_comp/home_migrated/audio_comp_data/raw/fma_small/115/115767.mp3,115767,Instrumental,training
/scratch/pdoshi/audio_comp/home_migrated/audio_comp_data/raw/fma_small/115/115768.mp3,115768,Instrumental,training
/scratch/pdoshi/audio_comp/home_migrated/audio_comp_data/raw/fma_small/115/115769.mp3,115769,Instrumental,training
/scratch/pdoshi/audio_comp/home_migrated/audio_comp_data/raw/fma_small/115/115771.mp3,115771,Instrumental,training
/scratch/pdoshi/audio_comp/home_migrated/audio_comp_data/raw/fma_small/115/115772.mp3,115772,Instrumental,training
/scratch/pdoshi/audio_comp/home_migrated/audio_comp_data/raw/fma_small/115/115773.mp3,115773,Instrumental,training
/scratch/pdoshi/audio_comp/home_migrated/audio_comp_data/raw/fma_small/115/115774.mp3,115774,Instrumental,training
/scratch/pdoshi/audio_comp/home_migrated/audio_comp_data/raw/fma_small/115/115775.mp3,115775,Instrumental,training
/scratch/pdoshi/audio_comp/home_migrated/audio_comp_data/raw/fma_small/115/115811.mp3,115811,Electronic,training
/scratch/pdoshi/audio_comp/home_migrated/audio_comp_data/raw/fma_small/115/115812.mp3,115812,Electronic,training
/scratch/pdoshi/audio_comp/home_migrated/audio_comp_data/raw/fma_small/115/115813.mp3,115813,Electronic,training
/scratch/pdoshi/audio_comp/home_migrated/audio_comp_data/raw/fma_small/115/115814.mp3,115814,Electronic,training
/scratch/pdoshi/audio_comp/home_migrated/audio_comp_data/raw/fma_small/115/115815.mp3,115815,Electronic,training
/scratch/pdoshi/audio_comp/home_migrated/audio_comp_data/raw/fma_small/115/115816.mp3,115816,Electronic,training
/scratch/pdoshi/audio_comp/home_migrated/audio_comp_data/raw/fma_small/115/115817.mp3,115817,Experimental,training
/scratch/pdoshi/audio_comp/home_migrated/audio_comp_data/raw/fma_small/115/115849.mp3,115849,Experimental,training
/scratch/pdoshi/audio_comp/home_migrated/audio_comp_data/raw/fma_small/115/115850.mp3,115850,Experimental,training
/scratch/pdoshi/audio_comp/home_migrated/audio_comp_data/raw/fma_small/115/115852.mp3,115852,Experimental,training
/scratch/pdoshi/audio_comp/home_migrated/audio_comp_data/raw/fma_small/115/115888.mp3,115888,Instrumental,training
/scratch/pdoshi/audio_comp/home_migrated/audio_comp_data/raw/fma_small/115/115891.mp3,115891,Instrumental,training
/scratch/pdoshi/audio_comp/home_migrated/audio_comp_data/raw/fma_small/115/115892.mp3,115892,Instrumental,training
/scratch/pdoshi/audio_comp/home_migrated/audio_comp_data/raw/fma_small/115/115922.mp3,115922,Folk,training
/scratch/pdoshi/audio_comp/home_migrated/audio_comp_data/raw/fma_small/115/115923.mp3,115923,Folk,training
/scratch/pdoshi/audio_comp/home_migrated/audio_comp_data/raw/fma_small/115/115925.mp3,115925,Folk,training
/scratch/pdoshi/audio_comp/home_migrated/audio_comp_data/raw/fma_small/115/115926.mp3,115926,Folk,test
/scratch/pdoshi/audio_comp/home_migrated/audio_comp_data/raw/fma_small/115/115927.mp3,115927,Folk,training
/scratch/pdoshi/audio_comp/home_migrated/audio_comp_data/raw/fma_small/115/115930.mp3,115930,Folk,training
/scratch/pdoshi/audio_comp/home_migrated/audio_comp_data/raw/fma_small/115/115932.mp3,115932,Folk,training
/scratch/pdoshi/audio_comp/home_migrated/audio_comp_data/raw/fma_small/115/115935.mp3,115935,Folk,training
/scratch/pdoshi/audio_comp/home_migrated/audio_comp_data/raw/fma_small/115/115944.mp3,115944,Folk,training
/scratch/pdoshi/audio_comp/home_migrated/audio_comp_data/raw/fma_small/115/115948.mp3,115948,Folk,training
/scratch/pdoshi/audio_comp/home_migrated/audio_comp_data/raw/fma_small/116/116029.mp3,116029,Electronic,training
/scratch/pdoshi/audio_comp/home_migrated/audio_comp_data/raw/fma_small/116/116068.mp3,116068,Electronic,training
/scratch/pdoshi/audio_comp/home_migrated/audio_comp_data/raw/fma_small/116/116098.mp3,116098,Instrumental,training
/scratch/pdoshi/audio_comp/home_migrated/audio_comp_data/raw/fma_small/116/116099.mp3,116099,Instrumental,training
/scratch/pdoshi/audio_comp/home_migrated/audio_comp_data/raw/fma_small/116/116101.mp3,116101,Instrumental,training
/scratch/pdoshi/audio_comp/home_migrated/audio_comp_data/raw/fma_small/116/116116.mp3,116116,Experimental,training
/scratch/pdoshi/audio_comp/home_migrated/audio_comp_data/raw/fma_small/116/116119.mp3,116119,Experimental,training
/scratch/pdoshi/audio_comp/home_migrated/audio_comp_data/raw/fma_small/116/116175.mp3,116175,Instrumental,test
/scratch/pdoshi/audio_comp/home_migrated/audio_comp_data/raw/fma_small/116/116176.mp3,116176,Instrumental,test
/scratch/pdoshi/audio_comp/home_migrated/audio_comp_data/raw/fma_small/116/116177.mp3,116177,Instrumental,test
/scratch/pdoshi/audio_comp/home_migrated/audio_comp_data/raw/fma_small/116/116235.mp3,116235,Electronic,training
/scratch/pdoshi/audio_comp/home_migrated/audio_comp_data/raw/fma_small/116/116236.mp3,116236,Electronic,training
/scratch/pdoshi/audio_comp/home_migrated/audio_comp_data/raw/fma_small/116/116237.mp3,116237,Electronic,training
/scratch/pdoshi/audio_comp/home_migrated/audio_comp_data/raw/fma_small/116/116238.mp3,116238,Electronic,validation
/scratch/pdoshi/audio_comp/home_migrated/audio_comp_data/raw/fma_small/116/116239.mp3,116239,Electronic,training
/scratch/pdoshi/audio_comp/home_migrated/audio_comp_data/raw/fma_small/116/116240.mp3,116240,Electronic,validation
/scratch/pdoshi/audio_comp/home_migrated/audio_comp_data/raw/fma_small/116/116241.mp3,116241,Electronic,training
/scratch/pdoshi/audio_comp/home_migrated/audio_comp_data/raw/fma_small/116/116242.mp3,116242,Electronic,training
/scratch/pdoshi/audio_comp/home_migrated/audio_comp_data/raw/fma_small/116/116243.mp3,116243,Electronic,training
/scratch/pdoshi/audio_comp/home_migrated/audio_comp_data/raw/fma_small/116/116261.mp3,116261,Experimental,training
/scratch/pdoshi/audio_comp/home_migrated/audio_comp_data/raw/fma_small/116/116344.mp3,116344,Electronic,training
/scratch/pdoshi/audio_comp/home_migrated/audio_comp_data/raw/fma_small/116/116345.mp3,116345,Electronic,training
/scratch/pdoshi/audio_comp/home_migrated/audio_comp_data/raw/fma_small/116/116372.mp3,116372,Experimental,training
/scratch/pdoshi/audio_comp/home_migrated/audio_comp_data/raw/fma_small/116/116383.mp3,116383,Experimental,training
/scratch/pdoshi/audio_comp/home_migrated/audio_comp_data/raw/fma_small/116/116388.mp3,116388,Hip-Hop,test
/scratch/pdoshi/audio_comp/home_migrated/audio_comp_data/raw/fma_small/116/116389.mp3,116389,Hip-Hop,test
/scratch/pdoshi/audio_comp/home_migrated/audio_comp_data/raw/fma_small/116/116390.mp3,116390,Hip-Hop,test
/scratch/pdoshi/audio_comp/home_migrated/audio_comp_data/raw/fma_small/116/116407.mp3,116407,Hip-Hop,test
/scratch/pdoshi/audio_comp/home_migrated/audio_comp_data/raw/fma_small/116/116446.mp3,116446,Folk,training
/scratch/pdoshi/audio_comp/home_migrated/audio_comp_data/raw/fma_small/116/116447.mp3,116447,Folk,training
/scratch/pdoshi/audio_comp/home_migrated/audio_comp_data/raw/fma_small/116/116448.mp3,116448,Folk,training
/scratch/pdoshi/audio_comp/home_migrated/audio_comp_data/raw/fma_small/116/116449.mp3,116449,Folk,training
/scratch/pdoshi/audio_comp/home_migrated/audio_comp_data/raw/fma_small/116/116451.mp3,116451,Folk,training
/scratch/pdoshi/audio_comp/home_migrated/audio_comp_data/raw/fma_small/116/116452.mp3,116452,Folk,training
/scratch/pdoshi/audio_comp/home_migrated/audio_comp_data/raw/fma_small/116/116453.mp3,116453,Folk,training
/scratch/pdoshi/audio_comp/home_migrated/audio_comp_data/raw/fma_small/116/116454.mp3,116454,Folk,training
/scratch/pdoshi/audio_comp/home_migrated/audio_comp_data/raw/fma_small/116/116455.mp3,116455,Folk,training
/scratch/pdoshi/audio_comp/home_migrated/audio_comp_data/raw/fma_small/116/116456.mp3,116456,Folk,training
/scratch/pdoshi/audio_comp/home_migrated/audio_comp_data/raw/fma_small/116/116457.mp3,116457,Folk,training
/scratch/pdoshi/audio_comp/home_migrated/audio_comp_data/raw/fma_small/116/116458.mp3,116458,Folk,training
/scratch/pdoshi/audio_comp/home_migrated/audio_comp_data/raw/fma_small/116/116464.mp3,116464,Experimental,training
/scratch/pdoshi/audio_comp/home_migrated/audio_comp_data/raw/fma_small/116/116465.mp3,116465,Experimental,training
/scratch/pdoshi/audio_comp/home_migrated/audio_comp_data/raw/fma_small/116/116466.mp3,116466,Instrumental,training
/scratch/pdoshi/audio_comp/home_migrated/audio_comp_data/raw/fma_small/116/116467.mp3,116467,Instrumental,training
/scratch/pdoshi/audio_comp/home_migrated/audio_comp_data/raw/fma_small/116/116468.mp3,116468,Instrumental,training
/scratch/pdoshi/audio_comp/home_migrated/audio_comp_data/raw/fma_small/116/116487.mp3,116487,Instrumental,training
/scratch/pdoshi/audio_comp/home_migrated/audio_comp_data/raw/fma_small/116/116488.mp3,116488,Instrumental,training
/scratch/pdoshi/audio_comp/home_migrated/audio_comp_data/raw/fma_small/116/116489.mp3,116489,Instrumental,training
/scratch/pdoshi/audio_comp/home_migrated/audio_comp_data/raw/fma_small/116/116490.mp3,116490,Instrumental,training
/scratch/pdoshi/audio_comp/home_migrated/audio_comp_data/raw/fma_small/116/116491.mp3,116491,Instrumental,training
/scratch/pdoshi/audio_comp/home_migrated/audio_comp_data/raw/fma_small/116/116514.mp3,116514,Experimental,validation
/scratch/pdoshi/audio_comp/home_migrated/audio_comp_data/raw/fma_small/116/116517.mp3,116517,Experimental,validation
/scratch/pdoshi/audio_comp/home_migrated/audio_comp_data/raw/fma_small/116/116525.mp3,116525,Experimental,validation
/scratch/pdoshi/audio_comp/home_migrated/audio_comp_data/raw/fma_small/116/116526.mp3,116526,Instrumental,test
/scratch/pdoshi/audio_comp/home_migrated/audio_comp_data/raw/fma_small/116/116527.mp3,116527,Instrumental,test
/scratch/pdoshi/audio_comp/home_migrated/audio_comp_data/raw/fma_small/116/116528.mp3,116528,Instrumental,test
/scratch/pdoshi/audio_comp/home_migrated/audio_comp_data/raw/fma_small/116/116547.mp3,116547,Rock,training
/scratch/pdoshi/audio_comp/home_migrated/audio_comp_data/raw/fma_small/116/116549.mp3,116549,Instrumental,training
/scratch/pdoshi/audio_comp/home_migrated/audio_comp_data/raw/fma_small/116/116586.mp3,116586,Experimental,training
/scratch/pdoshi/audio_comp/home_migrated/audio_comp_data/raw/fma_small/116/116587.mp3,116587,Experimental,training
/scratch/pdoshi/audio_comp/home_migrated/audio_comp_data/raw/fma_small/116/116704.mp3,116704,Folk,training
/scratch/pdoshi/audio_comp/home_migrated/audio_comp_data/raw/fma_small/116/116706.mp3,116706,Folk,training
/scratch/pdoshi/audio_comp/home_migrated/audio_comp_data/raw/fma_small/116/116707.mp3,116707,Folk,training
/scratch/pdoshi/audio_comp/home_migrated/audio_comp_data/raw/fma_small/116/116709.mp3,116709,Experimental,training
/scratch/pdoshi/audio_comp/home_migrated/audio_comp_data/raw/fma_small/116/116733.mp3,116733,Instrumental,training
/scratch/pdoshi/audio_comp/home_migrated/audio_comp_data/raw/fma_small/116/116735.mp3,116735,Instrumental,training
/scratch/pdoshi/audio_comp/home_migrated/audio_comp_data/raw/fma_small/116/116736.mp3,116736,Instrumental,training
/scratch/pdoshi/audio_comp/home_migrated/audio_comp_data/raw/fma_small/116/116753.mp3,116753,Instrumental,training
/scratch/pdoshi/audio_comp/home_migrated/audio_comp_data/raw/fma_small/116/116755.mp3,116755,Instrumental,training
/scratch/pdoshi/audio_comp/home_migrated/audio_comp_data/raw/fma_small/116/116756.mp3,116756,Instrumental,training
/scratch/pdoshi/audio_comp/home_migrated/audio_comp_data/raw/fma_small/116/116757.mp3,116757,Instrumental,training
/scratch/pdoshi/audio_comp/home_migrated/audio_comp_data/raw/fma_small/116/116758.mp3,116758,Instrumental,training
/scratch/pdoshi/audio_comp/home_migrated/audio_comp_data/raw/fma_small/116/116759.mp3,116759,Instrumental,training
/scratch/pdoshi/audio_comp/home_migrated/audio_comp_data/raw/fma_small/116/116760.mp3,116760,Instrumental,training
/scratch/pdoshi/audio_comp/home_migrated/audio_comp_data/raw/fma_small/116/116833.mp3,116833,Rock,training
/scratch/pdoshi/audio_comp/home_migrated/audio_comp_data/raw/fma_small/116/116868.mp3,116868,Instrumental,training
/scratch/pdoshi/audio_comp/home_migrated/audio_comp_data/raw/fma_small/116/116869.mp3,116869,Instrumental,training
/scratch/pdoshi/audio_comp/home_migrated/audio_comp_data/raw/fma_small/116/116870.mp3,116870,Instrumental,training
/scratch/pdoshi/audio_comp/home_migrated/audio_comp_data/raw/fma_small/116/116871.mp3,116871,Instrumental,training
/scratch/pdoshi/audio_comp/home_migrated/audio_comp_data/raw/fma_small/116/116872.mp3,116872,Folk,training
/scratch/pdoshi/audio_comp/home_migrated/audio_comp_data/raw/fma_small/116/116873.mp3,116873,Folk,training
/scratch/pdoshi/audio_comp/home_migrated/audio_comp_data/raw/fma_small/116/116874.mp3,116874,Folk,training
/scratch/pdoshi/audio_comp/home_migrated/audio_comp_data/raw/fma_small/116/116876.mp3,116876,Folk,training
/scratch/pdoshi/audio_comp/home_migrated/audio_comp_data/raw/fma_small/116/116877.mp3,116877,Electronic,training
/scratch/pdoshi/audio_comp/home_migrated/audio_comp_data/raw/fma_small/116/116878.mp3,116878,Electronic,training
/scratch/pdoshi/audio_comp/home_migrated/audio_comp_data/raw/fma_small/116/116879.mp3,116879,Electronic,training
/scratch/pdoshi/audio_comp/home_migrated/audio_comp_data/raw/fma_small/116/116880.mp3,116880,Electronic,training
/scratch/pdoshi/audio_comp/home_migrated/audio_comp_data/raw/fma_small/116/116881.mp3,116881,Electronic,training
/scratch/pdoshi/audio_comp/home_migrated/audio_comp_data/raw/fma_small/116/116882.mp3,116882,Electronic,training
/scratch/pdoshi/audio_comp/home_migrated/audio_comp_data/raw/fma_small/116/116883.mp3,116883,Folk,training
/scratch/pdoshi/audio_comp/home_migrated/audio_comp_data/raw/fma_small/117/117057.mp3,117057,Experimental,training
/scratch/pdoshi/audio_comp/home_migrated/audio_comp_data/raw/fma_small/117/117159.mp3,117159,Instrumental,training
/scratch/pdoshi/audio_comp/home_migrated/audio_comp_data/raw/fma_small/117/117160.mp3,117160,Instrumental,training
/scratch/pdoshi/audio_comp/home_migrated/audio_comp_data/raw/fma_small/117/117161.mp3,117161,Instrumental,training
/scratch/pdoshi/audio_comp/home_migrated/audio_comp_data/raw/fma_small/117/117169.mp3,117169,Instrumental,training
/scratch/pdoshi/audio_comp/home_migrated/audio_comp_data/raw/fma_small/117/117170.mp3,117170,Instrumental,training
/scratch/pdoshi/audio_comp/home_migrated/audio_comp_data/raw/fma_small/117/117171.mp3,117171,Instrumental,training
/scratch/pdoshi/audio_comp/home_migrated/audio_comp_data/raw/fma_small/117/117172.mp3,117172,Instrumental,training
/scratch/pdoshi/audio_comp/home_migrated/audio_comp_data/raw/fma_small/117/117173.mp3,117173,Instrumental,training
/scratch/pdoshi/audio_comp/home_migrated/audio_comp_data/raw/fma_small/117/117251.mp3,117251,Instrumental,test
/scratch/pdoshi/audio_comp/home_migrated/audio_comp_data/raw/fma_small/117/117252.mp3,117252,Instrumental,test
/scratch/pdoshi/audio_comp/home_migrated/audio_comp_data/raw/fma_small/117/117253.mp3,117253,Instrumental,test
/scratch/pdoshi/audio_comp/home_migrated/audio_comp_data/raw/fma_small/117/117287.mp3,117287,Electronic,training
/scratch/pdoshi/audio_comp/home_migrated/audio_comp_data/raw/fma_small/117/117288.mp3,117288,Electronic,training
/scratch/pdoshi/audio_comp/home_migrated/audio_comp_data/raw/fma_small/117/117450.mp3,117450,Rock,training
/scratch/pdoshi/audio_comp/home_migrated/audio_comp_data/raw/fma_small/117/117472.mp3,117472,Pop,training
/scratch/pdoshi/audio_comp/home_migrated/audio_comp_data/raw/fma_small/117/117473.mp3,117473,Pop,training
/scratch/pdoshi/audio_comp/home_migrated/audio_comp_data/raw/fma_small/117/117609.mp3,117609,Instrumental,training
/scratch/pdoshi/audio_comp/home_migrated/audio_comp_data/raw/fma_small/117/117610.mp3,117610,Instrumental,training
/scratch/pdoshi/audio_comp/home_migrated/audio_comp_data/raw/fma_small/117/117611.mp3,117611,Instrumental,training
/scratch/pdoshi/audio_comp/home_migrated/audio_comp_data/raw/fma_small/117/117612.mp3,117612,Instrumental,training
/scratch/pdoshi/audio_comp/home_migrated/audio_comp_data/raw/fma_small/117/117613.mp3,117613,Instrumental,training
/scratch/pdoshi/audio_comp/home_migrated/audio_comp_data/raw/fma_small/117/117614.mp3,117614,Instrumental,training
/scratch/pdoshi/audio_comp/home_migrated/audio_comp_data/raw/fma_small/117/117626.mp3,117626,Instrumental,test
/scratch/pdoshi/audio_comp/home_migrated/audio_comp_data/raw/fma_small/117/117627.mp3,117627,Folk,training
/scratch/pdoshi/audio_comp/home_migrated/audio_comp_data/raw/fma_small/117/117628.mp3,117628,Folk,training
/scratch/pdoshi/audio_comp/home_migrated/audio_comp_data/raw/fma_small/117/117629.mp3,117629,Folk,training
/scratch/pdoshi/audio_comp/home_migrated/audio_comp_data/raw/fma_small/117/117630.mp3,117630,Folk,training
/scratch/pdoshi/audio_comp/home_migrated/audio_comp_data/raw/fma_small/117/117631.mp3,117631,Folk,training
/scratch/pdoshi/audio_comp/home_migrated/audio_comp_data/raw/fma_small/117/117632.mp3,117632,Folk,training
/scratch/pdoshi/audio_comp/home_migrated/audio_comp_data/raw/fma_small/117/117666.mp3,117666,International,training
/scratch/pdoshi/audio_comp/home_migrated/audio_comp_data/raw/fma_small/117/117667.mp3,117667,International,training
/scratch/pdoshi/audio_comp/home_migrated/audio_comp_data/raw/fma_small/117/117668.mp3,117668,International,training
/scratch/pdoshi/audio_comp/home_migrated/audio_comp_data/raw/fma_small/117/117669.mp3,117669,International,training
/scratch/pdoshi/audio_comp/home_migrated/audio_comp_data/raw/fma_small/117/117670.mp3,117670,International,training
/scratch/pdoshi/audio_comp/home_migrated/audio_comp_data/raw/fma_small/117/117846.mp3,117846,Experimental,training
/scratch/pdoshi/audio_comp/home_migrated/audio_comp_data/raw/fma_small/117/117883.mp3,117883,Rock,test
/scratch/pdoshi/audio_comp/home_migrated/audio_comp_data/raw/fma_small/117/117884.mp3,117884,Rock,test
/scratch/pdoshi/audio_comp/home_migrated/audio_comp_data/raw/fma_small/117/117885.mp3,117885,Rock,test
/scratch/pdoshi/audio_comp/home_migrated/audio_comp_data/raw/fma_small/117/117886.mp3,117886,Rock,test
/scratch/pdoshi/audio_comp/home_migrated/audio_comp_data/raw/fma_small/117/117887.mp3,117887,Rock,test
/scratch/pdoshi/audio_comp/home_migrated/audio_comp_data/raw/fma_small/117/117942.mp3,117942,International,validation
/scratch/pdoshi/audio_comp/home_migrated/audio_comp_data/raw/fma_small/117/117943.mp3,117943,International,test
/scratch/pdoshi/audio_comp/home_migrated/audio_comp_data/raw/fma_small/117/117944.mp3,117944,International,training
/scratch/pdoshi/audio_comp/home_migrated/audio_comp_data/raw/fma_small/117/117945.mp3,117945,International,training
/scratch/pdoshi/audio_comp/home_migrated/audio_comp_data/raw/fma_small/117/117946.mp3,117946,International,training
/scratch/pdoshi/audio_comp/home_migrated/audio_comp_data/raw/fma_small/117/117961.mp3,117961,Experimental,test
/scratch/pdoshi/audio_comp/home_migrated/audio_comp_data/raw/fma_small/117/117966.mp3,117966,Experimental,training
/scratch/pdoshi/audio_comp/home_migrated/audio_comp_data/raw/fma_small/117/117967.mp3,117967,Experimental,validation
/scratch/pdoshi/audio_comp/home_migrated/audio_comp_data/raw/fma_small/117/117970.mp3,117970,Experimental,training
/scratch/pdoshi/audio_comp/home_migrated/audio_comp_data/raw/fma_small/117/117991.mp3,117991,Experimental,training
/scratch/pdoshi/audio_comp/home_migrated/audio_comp_data/raw/fma_small/118/118000.mp3,118000,Experimental,training
/scratch/pdoshi/audio_comp/home_migrated/audio_comp_data/raw/fma_small/118/118012.mp3,118012,Experimental,training
/scratch/pdoshi/audio_comp/home_migrated/audio_comp_data/raw/fma_small/118/118058.mp3,118058,Instrumental,training
/scratch/pdoshi/audio_comp/home_migrated/audio_comp_data/raw/fma_small/118/118059.mp3,118059,Instrumental,training
/scratch/pdoshi/audio_comp/home_migrated/audio_comp_data/raw/fma_small/118/118060.mp3,118060,Instrumental,training
/scratch/pdoshi/audio_comp/home_migrated/audio_comp_data/raw/fma_small/118/118061.mp3,118061,Instrumental,training
/scratch/pdoshi/audio_comp/home_migrated/audio_comp_data/raw/fma_small/118/118062.mp3,118062,Instrumental,training
/scratch/pdoshi/audio_comp/home_migrated/audio_comp_data/raw/fma_small/118/118063.mp3,118063,Instrumental,training
/scratch/pdoshi/audio_comp/home_migrated/audio_comp_data/raw/fma_small/118/118068.mp3,118068,Instrumental,training
/scratch/pdoshi/audio_comp/home_migrated/audio_comp_data/raw/fma_small/118/118070.mp3,118070,Electronic,validation
/scratch/pdoshi/audio_comp/home_migrated/audio_comp_data/raw/fma_small/118/118084.mp3,118084,Experimental,training
/scratch/pdoshi/audio_comp/home_migrated/audio_comp_data/raw/fma_small/118/118085.mp3,118085,Experimental,training
/scratch/pdoshi/audio_comp/home_migrated/audio_comp_data/raw/fma_small/118/118087.mp3,118087,Experimental,training
/scratch/pdoshi/audio_comp/home_migrated/audio_comp_data/raw/fma_small/118/118195.mp3,118195,Experimental,training
/scratch/pdoshi/audio_comp/home_migrated/audio_comp_data/raw/fma_small/118/118196.mp3,118196,Experimental,training
/scratch/pdoshi/audio_comp/home_migrated/audio_comp_data/raw/fma_small/118/118222.mp3,118222,Experimental,training
/scratch/pdoshi/audio_comp/home_migrated/audio_comp_data/raw/fma_small/118/118223.mp3,118223,Experimental,training
/scratch/pdoshi/audio_comp/home_migrated/audio_comp_data/raw/fma_small/118/118257.mp3,118257,Experimental,training
/scratch/pdoshi/audio_comp/home_migrated/audio_comp_data/raw/fma_small/118/118276.mp3,118276,Experimental,training
/scratch/pdoshi/audio_comp/home_migrated/audio_comp_data/raw/fma_small/118/118277.mp3,118277,Experimental,training
/scratch/pdoshi/audio_comp/home_migrated/audio_comp_data/raw/fma_small/118/118279.mp3,118279,Rock,training
/scratch/pdoshi/audio_comp/home_migrated/audio_comp_data/raw/fma_small/118/118327.mp3,118327,Rock,training
/scratch/pdoshi/audio_comp/home_migrated/audio_comp_data/raw/fma_small/118/118384.mp3,118384,Rock,training
/scratch/pdoshi/audio_comp/home_migrated/audio_comp_data/raw/fma_small/118/118478.mp3,118478,Experimental,training
/scratch/pdoshi/audio_comp/home_migrated/audio_comp_data/raw/fma_small/118/118484.mp3,118484,Experimental,training
/scratch/pdoshi/audio_comp/home_migrated/audio_comp_data/raw/fma_small/118/118489.mp3,118489,Experimental,training
/scratch/pdoshi/audio_comp/home_migrated/audio_comp_data/raw/fma_small/118/118496.mp3,118496,Experimental,training
/scratch/pdoshi/audio_comp/home_migrated/audio_comp_data/raw/fma_small/118/118498.mp3,118498,Experimental,training
/scratch/pdoshi/audio_comp/home_migrated/audio_comp_data/raw/fma_small/118/118499.mp3,118499,Experimental,training
/scratch/pdoshi/audio_comp/home_migrated/audio_comp_data/raw/fma_small/118/118500.mp3,118500,Experimental,training
/scratch/pdoshi/audio_comp/home_migrated/audio_comp_data/raw/fma_small/118/118502.mp3,118502,Experimental,training
/scratch/pdoshi/audio_comp/home_migrated/audio_comp_data/raw/fma_small/118/118503.mp3,118503,Experimental,training
/scratch/pdoshi/audio_comp/home_migrated/audio_comp_data/raw/fma_small/118/118504.mp3,118504,Experimental,training
/scratch/pdoshi/audio_comp/home_migrated/audio_comp_data/raw/fma_small/118/118505.mp3,118505,Experimental,test
/scratch/pdoshi/audio_comp/home_migrated/audio_comp_data/raw/fma_small/118/118507.mp3,118507,Experimental,training
/scratch/pdoshi/audio_comp/home_migrated/audio_comp_data/raw/fma_small/118/118569.mp3,118569,Hip-Hop,training
/scratch/pdoshi/audio_comp/home_migrated/audio_comp_data/raw/fma_small/118/118618.mp3,118618,Instrumental,training
/scratch/pdoshi/audio_comp/home_migrated/audio_comp_data/raw/fma_small/118/118629.mp3,118629,Electronic,training
/scratch/pdoshi/audio_comp/home_migrated/audio_comp_data/raw/fma_small/118/118670.mp3,118670,Folk,training
/scratch/pdoshi/audio_comp/home_migrated/audio_comp_data/raw/fma_small/118/118671.mp3,118671,Folk,training
/scratch/pdoshi/audio_comp/home_migrated/audio_comp_data/raw/fma_small/118/118672.mp3,118672,Folk,training
/scratch/pdoshi/audio_comp/home_migrated/audio_comp_data/raw/fma_small/118/118674.mp3,118674,Folk,training
/scratch/pdoshi/audio_comp/home_migrated/audio_comp_data/raw/fma_small/118/118734.mp3,118734,Electronic,training
/scratch/pdoshi/audio_comp/home_migrated/audio_comp_data/raw/fma_small/118/118735.mp3,118735,Folk,training
/scratch/pdoshi/audio_comp/home_migrated/audio_comp_data/raw/fma_small/118/118738.mp3,118738,Folk,training
/scratch/pdoshi/audio_comp/home_migrated/audio_comp_data/raw/fma_small/118/118739.mp3,118739,Folk,training
/scratch/pdoshi/audio_comp/home_migrated/audio_comp_data/raw/fma_small/118/118886.mp3,118886,Folk,validation
/scratch/pdoshi/audio_comp/home_migrated/audio_comp_data/raw/fma_small/118/118891.mp3,118891,Folk,validation
/scratch/pdoshi/audio_comp/home_migrated/audio_comp_data/raw/fma_small/118/118920.mp3,118920,Electronic,training
/scratch/pdoshi/audio_comp/home_migrated/audio_comp_data/raw/fma_small/118/118921.mp3,118921,Electronic,training
/scratch/pdoshi/audio_comp/home_migrated/audio_comp_data/raw/fma_small/118/118922.mp3,118922,Electronic,training
/scratch/pdoshi/audio_comp/home_migrated/audio_comp_data/raw/fma_small/118/118923.mp3,118923,Electronic,training
/scratch/pdoshi/audio_comp/home_migrated/audio_comp_data/raw/fma_small/118/118950.mp3,118950,Instrumental,training
/scratch/pdoshi/audio_comp/home_migrated/audio_comp_data/raw/fma_small/118/118951.mp3,118951,Instrumental,training
/scratch/pdoshi/audio_comp/home_migrated/audio_comp_data/raw/fma_small/118/118952.mp3,118952,Instrumental,training
/scratch/pdoshi/audio_comp/home_migrated/audio_comp_data/raw/fma_small/118/118953.mp3,118953,Instrumental,training
/scratch/pdoshi/audio_comp/home_migrated/audio_comp_data/raw/fma_small/118/118954.mp3,118954,Instrumental,training
/scratch/pdoshi/audio_comp/home_migrated/audio_comp_data/raw/fma_small/118/118955.mp3,118955,Instrumental,training
/scratch/pdoshi/audio_comp/home_migrated/audio_comp_data/raw/fma_small/118/118957.mp3,118957,Experimental,training
/scratch/pdoshi/audio_comp/home_migrated/audio_comp_data/raw/fma_small/118/118958.mp3,118958,Experimental,training
/scratch/pdoshi/audio_comp/home_migrated/audio_comp_data/raw/fma_small/118/118972.mp3,118972,Experimental,training
/scratch/pdoshi/audio_comp/home_migrated/audio_comp_data/raw/fma_small/118/118986.mp3,118986,Experimental,training
/scratch/pdoshi/audio_comp/home_migrated/audio_comp_data/raw/fma_small/118/118987.mp3,118987,Experimental,training
/scratch/pdoshi/audio_comp/home_migrated/audio_comp_data/raw/fma_small/118/118988.mp3,118988,Experimental,training
/scratch/pdoshi/audio_comp/home_migrated/audio_comp_data/raw/fma_small/119/119025.mp3,119025,Experimental,training
/scratch/pdoshi/audio_comp/home_migrated/audio_comp_data/raw/fma_small/119/119026.mp3,119026,Experimental,training
/scratch/pdoshi/audio_comp/home_migrated/audio_comp_data/raw/fma_small/119/119027.mp3,119027,Experimental,training
/scratch/pdoshi/audio_comp/home_migrated/audio_comp_data/raw/fma_small/119/119063.mp3,119063,Experimental,training
/scratch/pdoshi/audio_comp/home_migrated/audio_comp_data/raw/fma_small/119/119086.mp3,119086,Experimental,training
/scratch/pdoshi/audio_comp/home_migrated/audio_comp_data/raw/fma_small/119/119095.mp3,119095,Experimental,training
/scratch/pdoshi/audio_comp/home_migrated/audio_comp_data/raw/fma_small/119/119097.mp3,119097,Experimental,training
/scratch/pdoshi/audio_comp/home_migrated/audio_comp_data/raw/fma_small/119/119118.mp3,119118,Experimental,training
/scratch/pdoshi/audio_comp/home_migrated/audio_comp_data/raw/fma_small/119/119134.mp3,119134,Experimental,training
/scratch/pdoshi/audio_comp/home_migrated/audio_comp_data/raw/fma_small/119/119187.mp3,119187,Pop,training
/scratch/pdoshi/audio_comp/home_migrated/audio_comp_data/raw/fma_small/119/119193.mp3,119193,Pop,training
/scratch/pdoshi/audio_comp/home_migrated/audio_comp_data/raw/fma_small/119/119257.mp3,119257,Rock,training
/scratch/pdoshi/audio_comp/home_migrated/audio_comp_data/raw/fma_small/119/119369.mp3,119369,Experimental,training
/scratch/pdoshi/audio_comp/home_migrated/audio_comp_data/raw/fma_small/119/119379.mp3,119379,Experimental,training
/scratch/pdoshi/audio_comp/home_migrated/audio_comp_data/raw/fma_small/119/119413.mp3,119413,Experimental,training
/scratch/pdoshi/audio_comp/home_migrated/audio_comp_data/raw/fma_small/119/119545.mp3,119545,Experimental,training
/scratch/pdoshi/audio_comp/home_migrated/audio_comp_data/raw/fma_small/119/119569.mp3,119569,Rock,training
/scratch/pdoshi/audio_comp/home_migrated/audio_comp_data/raw/fma_small/119/119571.mp3,119571,Rock,training
/scratch/pdoshi/audio_comp/home_migrated/audio_comp_data/raw/fma_small/119/119574.mp3,119574,Rock,training
/scratch/pdoshi/audio_comp/home_migrated/audio_comp_data/raw/fma_small/119/119575.mp3,119575,Experimental,training
/scratch/pdoshi/audio_comp/home_migrated/audio_comp_data/raw/fma_small/119/119578.mp3,119578,Experimental,training
/scratch/pdoshi/audio_comp/home_migrated/audio_comp_data/raw/fma_small/119/119579.mp3,119579,Experimental,training
/scratch/pdoshi/audio_comp/home_migrated/audio_comp_data/raw/fma_small/119/119580.mp3,119580,Experimental,training
/scratch/pdoshi/audio_comp/home_migrated/audio_comp_data/raw/fma_small/119/119582.mp3,119582,Experimental,training
/scratch/pdoshi/audio_comp/home_migrated/audio_comp_data/raw/fma_small/119/119583.mp3,119583,Experimental,training
/scratch/pdoshi/audio_comp/home_migrated/audio_comp_data/raw/fma_small/119/119584.mp3,119584,Pop,test
/scratch/pdoshi/audio_comp/home_migrated/audio_comp_data/raw/fma_small/119/119592.mp3,119592,Pop,test
/scratch/pdoshi/audio_comp/home_migrated/audio_comp_data/raw/fma_small/119/119715.mp3,119715,Rock,training
/scratch/pdoshi/audio_comp/home_migrated/audio_comp_data/raw/fma_small/119/119719.mp3,119719,Folk,training
/scratch/pdoshi/audio_comp/home_migrated/audio_comp_data/raw/fma_small/119/119725.mp3,119725,Folk,training
/scratch/pdoshi/audio_comp/home_migrated/audio_comp_data/raw/fma_small/119/119726.mp3,119726,Folk,training
/scratch/pdoshi/audio_comp/home_migrated/audio_comp_data/raw/fma_small/119/119727.mp3,119727,Experimental,training
/scratch/pdoshi/audio_comp/home_migrated/audio_comp_data/raw/fma_small/119/119745.mp3,119745,Experimental,validation
/scratch/pdoshi/audio_comp/home_migrated/audio_comp_data/raw/fma_small/119/119828.mp3,119828,Instrumental,test
/scratch/pdoshi/audio_comp/home_migrated/audio_comp_data/raw/fma_small/119/119830.mp3,119830,Instrumental,test
/scratch/pdoshi/audio_comp/home_migrated/audio_comp_data/raw/fma_small/119/119831.mp3,119831,Instrumental,test
/scratch/pdoshi/audio_comp/home_migrated/audio_comp_data/raw/fma_small/119/119893.mp3,119893,Instrumental,training
/scratch/pdoshi/audio_comp/home_migrated/audio_comp_data/raw/fma_small/119/119894.mp3,119894,Instrumental,training
/scratch/pdoshi/audio_comp/home_migrated/audio_comp_data/raw/fma_small/119/119895.mp3,119895,Instrumental,training
/scratch/pdoshi/audio_comp/home_migrated/audio_comp_data/raw/fma_small/119/119896.mp3,119896,Instrumental,training
/scratch/pdoshi/audio_comp/home_migrated/audio_comp_data/raw/fma_small/119/119897.mp3,119897,Instrumental,training
/scratch/pdoshi/audio_comp/home_migrated/audio_comp_data/raw/fma_small/119/119898.mp3,119898,Instrumental,training
/scratch/pdoshi/audio_comp/home_migrated/audio_comp_data/raw/fma_small/119/119899.mp3,119899,Instrumental,training
/scratch/pdoshi/audio_comp/home_migrated/audio_comp_data/raw/fma_small/119/119900.mp3,119900,Instrumental,training
/scratch/pdoshi/audio_comp/home_migrated/audio_comp_data/raw/fma_small/119/119901.mp3,119901,Instrumental,training
/scratch/pdoshi/audio_comp/home_migrated/audio_comp_data/raw/fma_small/119/119922.mp3,119922,Rock,training
/scratch/pdoshi/audio_comp/home_migrated/audio_comp_data/raw/fma_small/119/119938.mp3,119938,Hip-Hop,training
/scratch/pdoshi/audio_comp/home_migrated/audio_comp_data/raw/fma_small/119/119939.mp3,119939,Hip-Hop,training
/scratch/pdoshi/audio_comp/home_migrated/audio_comp_data/raw/fma_small/119/119940.mp3,119940,Hip-Hop,training
/scratch/pdoshi/audio_comp/home_migrated/audio_comp_data/raw/fma_small/119/119941.mp3,119941,Hip-Hop,training
/scratch/pdoshi/audio_comp/home_migrated/audio_comp_data/raw/fma_small/119/119942.mp3,119942,Hip-Hop,training
/scratch/pdoshi/audio_comp/home_migrated/audio_comp_data/raw/fma_small/119/119979.mp3,119979,Hip-Hop,training
/scratch/pdoshi/audio_comp/home_migrated/audio_comp_data/raw/fma_small/119/119985.mp3,119985,Hip-Hop,training
/scratch/pdoshi/audio_comp/home_migrated/audio_comp_data/raw/fma_small/119/119988.mp3,119988,Hip-Hop,training
/scratch/pdoshi/audio_comp/home_migrated/audio_comp_data/raw/fma_small/119/119991.mp3,119991,Hip-Hop,training
/scratch/pdoshi/audio_comp/home_migrated/audio_comp_data/raw/fma_small/119/119992.mp3,119992,Hip-Hop,training
/scratch/pdoshi/audio_comp/home_migrated/audio_comp_data/raw/fma_small/119/119993.mp3,119993,Hip-Hop,training
/scratch/pdoshi/audio_comp/home_migrated/audio_comp_data/raw/fma_small/119/119994.mp3,119994,Hip-Hop,training
/scratch/pdoshi/audio_comp/home_migrated/audio_comp_data/raw/fma_small/120/120099.mp3,120099,Pop,validation
/scratch/pdoshi/audio_comp/home_migrated/audio_comp_data/raw/fma_small/120/120105.mp3,120105,Pop,training
/scratch/pdoshi/audio_comp/home_migrated/audio_comp_data/raw/fma_small/120/120109.mp3,120109,Pop,training
/scratch/pdoshi/audio_comp/home_migrated/audio_comp_data/raw/fma_small/120/120111.mp3,120111,Pop,training
/scratch/pdoshi/audio_comp/home_migrated/audio_comp_data/raw/fma_small/120/120112.mp3,120112,Pop,training
/scratch/pdoshi/audio_comp/home_migrated/audio_comp_data/raw/fma_small/120/120150.mp3,120150,Experimental,training
/scratch/pdoshi/audio_comp/home_migrated/audio_comp_data/raw/fma_small/120/120160.mp3,120160,Experimental,training
/scratch/pdoshi/audio_comp/home_migrated/audio_comp_data/raw/fma_small/120/120161.mp3,120161,Experimental,training
/scratch/pdoshi/audio_comp/home_migrated/audio_comp_data/raw/fma_small/120/120171.mp3,120171,Experimental,training
/scratch/pdoshi/audio_comp/home_migrated/audio_comp_data/raw/fma_small/120/120172.mp3,120172,Folk,training
/scratch/pdoshi/audio_comp/home_migrated/audio_comp_data/raw/fma_small/120/120177.mp3,120177,Folk,training
/scratch/pdoshi/audio_comp/home_migrated/audio_comp_data/raw/fma_small/120/120178.mp3,120178,Folk,training
/scratch/pdoshi/audio_comp/home_migrated/audio_comp_data/raw/fma_small/120/120179.mp3,120179,Pop,training
/scratch/pdoshi/audio_comp/home_migrated/audio_comp_data/raw/fma_small/120/120183.mp3,120183,Pop,training
/scratch/pdoshi/audio_comp/home_migrated/audio_comp_data/raw/fma_small/120/120184.mp3,120184,Pop,training
/scratch/pdoshi/audio_comp/home_migrated/audio_comp_data/raw/fma_small/120/120188.mp3,120188,Pop,training
/scratch/pdoshi/audio_comp/home_migrated/audio_comp_data/raw/fma_small/120/120189.mp3,120189,Pop,training
/scratch/pdoshi/audio_comp/home_migrated/audio_comp_data/raw/fma_small/120/120194.mp3,120194,Pop,training
/scratch/pdoshi/audio_comp/home_migrated/audio_comp_data/raw/fma_small/120/120196.mp3,120196,Pop,training
/scratch/pdoshi/audio_comp/home_migrated/audio_comp_data/raw/fma_small/120/120199.mp3,120199,Pop,training
/scratch/pdoshi/audio_comp/home_migrated/audio_comp_data/raw/fma_small/120/120200.mp3,120200,Pop,training
/scratch/pdoshi/audio_comp/home_migrated/audio_comp_data/raw/fma_small/120/120201.mp3,120201,Pop,validation
/scratch/pdoshi/audio_comp/home_migrated/audio_comp_data/raw/fma_small/120/120203.mp3,120203,Pop,training
/scratch/pdoshi/audio_comp/home_migrated/audio_comp_data/raw/fma_small/120/120206.mp3,120206,Pop,test
/scratch/pdoshi/audio_comp/home_migrated/audio_comp_data/raw/fma_small/120/120207.mp3,120207,Pop,training
/scratch/pdoshi/audio_comp/home_migrated/audio_comp_data/raw/fma_small/120/120208.mp3,120208,Pop,training
/scratch/pdoshi/audio_comp/home_migrated/audio_comp_data/raw/fma_small/120/120296.mp3,120296,Instrumental,training
/scratch/pdoshi/audio_comp/home_migrated/audio_comp_data/raw/fma_small/120/120297.mp3,120297,Instrumental,training
/scratch/pdoshi/audio_comp/home_migrated/audio_comp_data/raw/fma_small/120/120298.mp3,120298,Instrumental,training
/scratch/pdoshi/audio_comp/home_migrated/audio_comp_data/raw/fma_small/120/120299.mp3,120299,Instrumental,training
/scratch/pdoshi/audio_comp/home_migrated/audio_comp_data/raw/fma_small/120/120300.mp3,120300,Instrumental,training
/scratch/pdoshi/audio_comp/home_migrated/audio_comp_data/raw/fma_small/120/120302.mp3,120302,Instrumental,training
/scratch/pdoshi/audio_comp/home_migrated/audio_comp_data/raw/fma_small/120/120303.mp3,120303,Instrumental,training
/scratch/pdoshi/audio_comp/home_migrated/audio_comp_data/raw/fma_small/120/120304.mp3,120304,Instrumental,training
/scratch/pdoshi/audio_comp/home_migrated/audio_comp_data/raw/fma_small/120/120305.mp3,120305,Instrumental,training
/scratch/pdoshi/audio_comp/home_migrated/audio_comp_data/raw/fma_small/120/120306.mp3,120306,Instrumental,training
/scratch/pdoshi/audio_comp/home_migrated/audio_comp_data/raw/fma_small/120/120307.mp3,120307,Instrumental,training
/scratch/pdoshi/audio_comp/home_migrated/audio_comp_data/raw/fma_small/120/120308.mp3,120308,Instrumental,training
/scratch/pdoshi/audio_comp/home_migrated/audio_comp_data/raw/fma_small/120/120309.mp3,120309,Instrumental,training
/scratch/pdoshi/audio_comp/home_migrated/audio_comp_data/raw/fma_small/120/120310.mp3,120310,Instrumental,training
/scratch/pdoshi/audio_comp/home_migrated/audio_comp_data/raw/fma_small/120/120312.mp3,120312,Instrumental,training
/scratch/pdoshi/audio_comp/home_migrated/audio_comp_data/raw/fma_small/120/120313.mp3,120313,Instrumental,training
/scratch/pdoshi/audio_comp/home_migrated/audio_comp_data/raw/fma_small/120/120314.mp3,120314,Instrumental,training
/scratch/pdoshi/audio_comp/home_migrated/audio_comp_data/raw/fma_small/120/120315.mp3,120315,Instrumental,training
/scratch/pdoshi/audio_comp/home_migrated/audio_comp_data/raw/fma_small/120/120316.mp3,120316,Instrumental,training
/scratch/pdoshi/audio_comp/home_migrated/audio_comp_data/raw/fma_small/120/120317.mp3,120317,Instrumental,training
/scratch/pdoshi/audio_comp/home_migrated/audio_comp_data/raw/fma_small/120/120318.mp3,120318,Instrumental,training
/scratch/pdoshi/audio_comp/home_migrated/audio_comp_data/raw/fma_small/120/120319.mp3,120319,Instrumental,training
/scratch/pdoshi/audio_comp/home_migrated/audio_comp_data/raw/fma_small/120/120320.mp3,120320,Instrumental,training
/scratch/pdoshi/audio_comp/home_migrated/audio_comp_data/raw/fma_small/120/120321.mp3,120321,Instrumental,training
/scratch/pdoshi/audio_comp/home_migrated/audio_comp_data/raw/fma_small/120/120322.mp3,120322,Instrumental,training
/scratch/pdoshi/audio_comp/home_migrated/audio_comp_data/raw/fma_small/120/120323.mp3,120323,Instrumental,training
/scratch/pdoshi/audio_comp/home_migrated/audio_comp_data/raw/fma_small/120/120324.mp3,120324,Instrumental,training
/scratch/pdoshi/audio_comp/home_migrated/audio_comp_data/raw/fma_small/120/120325.mp3,120325,Instrumental,training
/scratch/pdoshi/audio_comp/home_migrated/audio_comp_data/raw/fma_small/120/120326.mp3,120326,Instrumental,training
/scratch/pdoshi/audio_comp/home_migrated/audio_comp_data/raw/fma_small/120/120327.mp3,120327,Instrumental,training
/scratch/pdoshi/audio_comp/home_migrated/audio_comp_data/raw/fma_small/120/120328.mp3,120328,Instrumental,training
/scratch/pdoshi/audio_comp/home_migrated/audio_comp_data/raw/fma_small/120/120329.mp3,120329,Instrumental,training
/scratch/pdoshi/audio_comp/home_migrated/audio_comp_data/raw/fma_small/120/120330.mp3,120330,Instrumental,training
/scratch/pdoshi/audio_comp/home_migrated/audio_comp_data/raw/fma_small/120/120331.mp3,120331,Instrumental,training
/scratch/pdoshi/audio_comp/home_migrated/audio_comp_data/raw/fma_small/120/120332.mp3,120332,Instrumental,training
/scratch/pdoshi/audio_comp/home_migrated/audio_comp_data/raw/fma_small/120/120333.mp3,120333,Instrumental,training
/scratch/pdoshi/audio_comp/home_migrated/audio_comp_data/raw/fma_small/120/120462.mp3,120462,Electronic,training
/scratch/pdoshi/audio_comp/home_migrated/audio_comp_data/raw/fma_small/120/120466.mp3,120466,Electronic,training
/scratch/pdoshi/audio_comp/home_migrated/audio_comp_data/raw/fma_small/120/120467.mp3,120467,Electronic,training
/scratch/pdoshi/audio_comp/home_migrated/audio_comp_data/raw/fma_small/120/120468.mp3,120468,Electronic,training
/scratch/pdoshi/audio_comp/home_migrated/audio_comp_data/raw/fma_small/120/120469.mp3,120469,Electronic,training
/scratch/pdoshi/audio_comp/home_migrated/audio_comp_data/raw/fma_small/120/120470.mp3,120470,Electronic,training
/scratch/pdoshi/audio_comp/home_migrated/audio_comp_data/raw/fma_small/120/120471.mp3,120471,Electronic,training
/scratch/pdoshi/audio_comp/home_migrated/audio_comp_data/raw/fma_small/120/120504.mp3,120504,Instrumental,training
/scratch/pdoshi/audio_comp/home_migrated/audio_comp_data/raw/fma_small/120/120513.mp3,120513,Instrumental,validation
/scratch/pdoshi/audio_comp/home_migrated/audio_comp_data/raw/fma_small/120/120514.mp3,120514,Instrumental,validation
/scratch/pdoshi/audio_comp/home_migrated/audio_comp_data/raw/fma_small/120/120515.mp3,120515,Instrumental,validation
/scratch/pdoshi/audio_comp/home_migrated/audio_comp_data/raw/fma_small/120/120518.mp3,120518,Rock,validation
/scratch/pdoshi/audio_comp/home_migrated/audio_comp_data/raw/fma_small/120/120769.mp3,120769,Instrumental,training
/scratch/pdoshi/audio_comp/home_migrated/audio_comp_data/raw/fma_small/120/120770.mp3,120770,Instrumental,training
/scratch/pdoshi/audio_comp/home_migrated/audio_comp_data/raw/fma_small/120/120771.mp3,120771,Instrumental,training
/scratch/pdoshi/audio_comp/home_migrated/audio_comp_data/raw/fma_small/120/120772.mp3,120772,Instrumental,training
/scratch/pdoshi/audio_comp/home_migrated/audio_comp_data/raw/fma_small/120/120773.mp3,120773,Instrumental,training
/scratch/pdoshi/audio_comp/home_migrated/audio_comp_data/raw/fma_small/120/120774.mp3,120774,Instrumental,training
/scratch/pdoshi/audio_comp/home_migrated/audio_comp_data/raw/fma_small/120/120775.mp3,120775,Instrumental,training
/scratch/pdoshi/audio_comp/home_migrated/audio_comp_data/raw/fma_small/120/120776.mp3,120776,Instrumental,training
/scratch/pdoshi/audio_comp/home_migrated/audio_comp_data/raw/fma_small/120/120777.mp3,120777,Instrumental,training
/scratch/pdoshi/audio_comp/home_migrated/audio_comp_data/raw/fma_small/120/120778.mp3,120778,Instrumental,training
/scratch/pdoshi/audio_comp/home_migrated/audio_comp_data/raw/fma_small/120/120779.mp3,120779,Experimental,validation
/scratch/pdoshi/audio_comp/home_migrated/audio_comp_data/raw/fma_small/120/120782.mp3,120782,Experimental,validation
/scratch/pdoshi/audio_comp/home_migrated/audio_comp_data/raw/fma_small/121/121251.mp3,121251,Rock,training
/scratch/pdoshi/audio_comp/home_migrated/audio_comp_data/raw/fma_small/121/121256.mp3,121256,Rock,training
/scratch/pdoshi/audio_comp/home_migrated/audio_comp_data/raw/fma_small/121/121257.mp3,121257,Rock,training
/scratch/pdoshi/audio_comp/home_migrated/audio_comp_data/raw/fma_small/121/121273.mp3,121273,Experimental,training
/scratch/pdoshi/audio_comp/home_migrated/audio_comp_data/raw/fma_small/121/121288.mp3,121288,Experimental,training
/scratch/pdoshi/audio_comp/home_migrated/audio_comp_data/raw/fma_small/121/121312.mp3,121312,Hip-Hop,training
/scratch/pdoshi/audio_comp/home_migrated/audio_comp_data/raw/fma_small/121/121313.mp3,121313,Hip-Hop,training
/scratch/pdoshi/audio_comp/home_migrated/audio_comp_data/raw/fma_small/121/121314.mp3,121314,Hip-Hop,training
/scratch/pdoshi/audio_comp/home_migrated/audio_comp_data/raw/fma_small/121/121315.mp3,121315,Hip-Hop,training
/scratch/pdoshi/audio_comp/home_migrated/audio_comp_data/raw/fma_small/121/121316.mp3,121316,Hip-Hop,training
/scratch/pdoshi/audio_comp/home_migrated/audio_comp_data/raw/fma_small/121/121317.mp3,121317,Hip-Hop,training
/scratch/pdoshi/audio_comp/home_migrated/audio_comp_data/raw/fma_small/121/121318.mp3,121318,Hip-Hop,training
/scratch/pdoshi/audio_comp/home_migrated/audio_comp_data/raw/fma_small/121/121319.mp3,121319,Hip-Hop,training
/scratch/pdoshi/audio_comp/home_migrated/audio_comp_data/raw/fma_small/121/121320.mp3,121320,Hip-Hop,training
/scratch/pdoshi/audio_comp/home_migrated/audio_comp_data/raw/fma_small/121/121321.mp3,121321,Hip-Hop,training
/scratch/pdoshi/audio_comp/home_migrated/audio_comp_data/raw/fma_small/121/121322.mp3,121322,Hip-Hop,training
/scratch/pdoshi/audio_comp/home_migrated/audio_comp_data/raw/fma_small/121/121323.mp3,121323,Hip-Hop,training
/scratch/pdoshi/audio_comp/home_migrated/audio_comp_data/raw/fma_small/121/121346.mp3,121346,Experimental,training
/scratch/pdoshi/audio_comp/home_migrated/audio_comp_data/raw/fma_small/121/121366.mp3,121366,Experimental,training
/scratch/pdoshi/audio_comp/home_migrated/audio_comp_data/raw/fma_small/121/121415.mp3,121415,Rock,test
/scratch/pdoshi/audio_comp/home_migrated/audio_comp_data/raw/fma_small/121/121449.mp3,121449,Electronic,training
/scratch/pdoshi/audio_comp/home_migrated/audio_comp_data/raw/fma_small/121/121450.mp3,121450,Electronic,training
/scratch/pdoshi/audio_comp/home_migrated/audio_comp_data/raw/fma_small/121/121451.mp3,121451,Electronic,training
/scratch/pdoshi/audio_comp/home_migrated/audio_comp_data/raw/fma_small/121/121452.mp3,121452,Electronic,training
/scratch/pdoshi/audio_comp/home_migrated/audio_comp_data/raw/fma_small/121/121453.mp3,121453,Electronic,training
/scratch/pdoshi/audio_comp/home_migrated/audio_comp_data/raw/fma_small/121/121454.mp3,121454,Electronic,training
/scratch/pdoshi/audio_comp/home_migrated/audio_comp_data/raw/fma_small/121/121472.mp3,121472,Instrumental,training
/scratch/pdoshi/audio_comp/home_migrated/audio_comp_data/raw/fma_small/121/121473.mp3,121473,Instrumental,training
/scratch/pdoshi/audio_comp/home_migrated/audio_comp_data/raw/fma_small/121/121474.mp3,121474,Instrumental,training
/scratch/pdoshi/audio_comp/home_migrated/audio_comp_data/raw/fma_small/121/121475.mp3,121475,Instrumental,training
/scratch/pdoshi/audio_comp/home_migrated/audio_comp_data/raw/fma_small/121/121570.mp3,121570,Rock,training
/scratch/pdoshi/audio_comp/home_migrated/audio_comp_data/raw/fma_small/121/121589.mp3,121589,Pop,training
/scratch/pdoshi/audio_comp/home_migrated/audio_comp_data/raw/fma_small/121/121590.mp3,121590,Pop,training
/scratch/pdoshi/audio_comp/home_migrated/audio_comp_data/raw/fma_small/121/121591.mp3,121591,Pop,training
/scratch/pdoshi/audio_comp/home_migrated/audio_comp_data/raw/fma_small/121/121592.mp3,121592,Pop,training
/scratch/pdoshi/audio_comp/home_migrated/audio_comp_data/raw/fma_small/121/121593.mp3,121593,Pop,training
/scratch/pdoshi/audio_comp/home_migrated/audio_comp_data/raw/fma_small/121/121594.mp3,121594,Pop,training
/scratch/pdoshi/audio_comp/home_migrated/audio_comp_data/raw/fma_small/121/121595.mp3,121595,Electronic,test
/scratch/pdoshi/audio_comp/home_migrated/audio_comp_data/raw/fma_small/121/121651.mp3,121651,Instrumental,validation
/scratch/pdoshi/audio_comp/home_migrated/audio_comp_data/raw/fma_small/121/121652.mp3,121652,Instrumental,validation
/scratch/pdoshi/audio_comp/home_migrated/audio_comp_data/raw/fma_small/121/121653.mp3,121653,Instrumental,validation
/scratch/pdoshi/audio_comp/home_migrated/audio_comp_data/raw/fma_small/121/121654.mp3,121654,Instrumental,validation
/scratch/pdoshi/audio_comp/home_migrated/audio_comp_data/raw/fma_small/121/121655.mp3,121655,Instrumental,validation
/scratch/pdoshi/audio_comp/home_migrated/audio_comp_data/raw/fma_small/121/121656.mp3,121656,Instrumental,validation
/scratch/pdoshi/audio_comp/home_migrated/audio_comp_data/raw/fma_small/121/121657.mp3,121657,Instrumental,validation
/scratch/pdoshi/audio_comp/home_migrated/audio_comp_data/raw/fma_small/121/121658.mp3,121658,Instrumental,validation
/scratch/pdoshi/audio_comp/home_migrated/audio_comp_data/raw/fma_small/121/121659.mp3,121659,Instrumental,validation
/scratch/pdoshi/audio_comp/home_migrated/audio_comp_data/raw/fma_small/121/121660.mp3,121660,Instrumental,validation
/scratch/pdoshi/audio_comp/home_migrated/audio_comp_data/raw/fma_small/121/121661.mp3,121661,Instrumental,validation
/scratch/pdoshi/audio_comp/home_migrated/audio_comp_data/raw/fma_small/121/121662.mp3,121662,Instrumental,validation
/scratch/pdoshi/audio_comp/home_migrated/audio_comp_data/raw/fma_small/121/121663.mp3,121663,Instrumental,validation
/scratch/pdoshi/audio_comp/home_migrated/audio_comp_data/raw/fma_small/121/121664.mp3,121664,Instrumental,validation
/scratch/pdoshi/audio_comp/home_migrated/audio_comp_data/raw/fma_small/121/121665.mp3,121665,Instrumental,validation
/scratch/pdoshi/audio_comp/home_migrated/audio_comp_data/raw/fma_small/121/121666.mp3,121666,Instrumental,validation
/scratch/pdoshi/audio_comp/home_migrated/audio_comp_data/raw/fma_small/121/121734.mp3,121734,Pop,training
/scratch/pdoshi/audio_comp/home_migrated/audio_comp_data/raw/fma_small/121/121735.mp3,121735,Pop,training
/scratch/pdoshi/audio_comp/home_migrated/audio_comp_data/raw/fma_small/121/121736.mp3,121736,Pop,training
/scratch/pdoshi/audio_comp/home_migrated/audio_comp_data/raw/fma_small/121/121737.mp3,121737,Pop,training
/scratch/pdoshi/audio_comp/home_migrated/audio_comp_data/raw/fma_small/121/121738.mp3,121738,Pop,training
/scratch/pdoshi/audio_comp/home_migrated/audio_comp_data/raw/fma_small/121/121739.mp3,121739,Pop,training
/scratch/pdoshi/audio_comp/home_migrated/audio_comp_data/raw/fma_small/121/121740.mp3,121740,Pop,training
/scratch/pdoshi/audio_comp/home_migrated/audio_comp_data/raw/fma_small/121/121813.mp3,121813,Rock,training
/scratch/pdoshi/audio_comp/home_migrated/audio_comp_data/raw/fma_small/121/121866.mp3,121866,Rock,training
/scratch/pdoshi/audio_comp/home_migrated/audio_comp_data/raw/fma_small/121/121867.mp3,121867,Rock,training
/scratch/pdoshi/audio_comp/home_migrated/audio_comp_data/raw/fma_small/121/121869.mp3,121869,Rock,training
/scratch/pdoshi/audio_comp/home_migrated/audio_comp_data/raw/fma_small/121/121913.mp3,121913,International,test
/scratch/pdoshi/audio_comp/home_migrated/audio_comp_data/raw/fma_small/121/121915.mp3,121915,International,test
/scratch/pdoshi/audio_comp/home_migrated/audio_comp_data/raw/fma_small/121/121922.mp3,121922,International,test
/scratch/pdoshi/audio_comp/home_migrated/audio_comp_data/raw/fma_small/121/121926.mp3,121926,International,test
/scratch/pdoshi/audio_comp/home_migrated/audio_comp_data/raw/fma_small/121/121929.mp3,121929,International,test
/scratch/pdoshi/audio_comp/home_migrated/audio_comp_data/raw/fma_small/121/121930.mp3,121930,International,test
/scratch/pdoshi/audio_comp/home_migrated/audio_comp_data/raw/fma_small/121/121976.mp3,121976,Experimental,training
/scratch/pdoshi/audio_comp/home_migrated/audio_comp_data/raw/fma_small/121/121985.mp3,121985,Experimental,training
/scratch/pdoshi/audio_comp/home_migrated/audio_comp_data/raw/fma_small/121/121987.mp3,121987,Experimental,training
/scratch/pdoshi/audio_comp/home_migrated/audio_comp_data/raw/fma_small/121/121998.mp3,121998,Experimental,test
/scratch/pdoshi/audio_comp/home_migrated/audio_comp_data/raw/fma_small/122/122001.mp3,122001,Experimental,training
/scratch/pdoshi/audio_comp/home_migrated/audio_comp_data/raw/fma_small/122/122003.mp3,122003,Experimental,training
/scratch/pdoshi/audio_comp/home_migrated/audio_comp_data/raw/fma_small/122/122004.mp3,122004,Experimental,training
/scratch/pdoshi/audio_comp/home_migrated/audio_comp_data/raw/fma_small/122/122066.mp3,122066,Rock,training
/scratch/pdoshi/audio_comp/home_migrated/audio_comp_data/raw/fma_small/122/122077.mp3,122077,Rock,training
/scratch/pdoshi/audio_comp/home_migrated/audio_comp_data/raw/fma_small/122/122079.mp3,122079,Rock,training
/scratch/pdoshi/audio_comp/home_migrated/audio_comp_data/raw/fma_small/122/122080.mp3,122080,Rock,training
/scratch/pdoshi/audio_comp/home_migrated/audio_comp_data/raw/fma_small/122/122081.mp3,122081,Rock,training
/scratch/pdoshi/audio_comp/home_migrated/audio_comp_data/raw/fma_small/122/122082.mp3,122082,Rock,training
/scratch/pdoshi/audio_comp/home_migrated/audio_comp_data/raw/fma_small/122/122083.mp3,122083,Rock,training
/scratch/pdoshi/audio_comp/home_migrated/audio_comp_data/raw/fma_small/122/122084.mp3,122084,Rock,training
/scratch/pdoshi/audio_comp/home_migrated/audio_comp_data/raw/fma_small/122/122085.mp3,122085,Rock,training
/scratch/pdoshi/audio_comp/home_migrated/audio_comp_data/raw/fma_small/122/122086.mp3,122086,Rock,training
/scratch/pdoshi/audio_comp/home_migrated/audio_comp_data/raw/fma_small/122/122087.mp3,122087,Rock,training
/scratch/pdoshi/audio_comp/home_migrated/audio_comp_data/raw/fma_small/122/122088.mp3,122088,Rock,training
/scratch/pdoshi/audio_comp/home_migrated/audio_comp_data/raw/fma_small/122/122106.mp3,122106,Experimental,test
/scratch/pdoshi/audio_comp/home_migrated/audio_comp_data/raw/fma_small/122/122107.mp3,122107,Experimental,test
/scratch/pdoshi/audio_comp/home_migrated/audio_comp_data/raw/fma_small/122/122132.mp3,122132,Experimental,training
/scratch/pdoshi/audio_comp/home_migrated/audio_comp_data/raw/fma_small/122/122143.mp3,122143,Experimental,test
/scratch/pdoshi/audio_comp/home_migrated/audio_comp_data/raw/fma_small/122/122153.mp3,122153,Experimental,training
/scratch/pdoshi/audio_comp/home_migrated/audio_comp_data/raw/fma_small/122/122155.mp3,122155,Experimental,test
/scratch/pdoshi/audio_comp/home_migrated/audio_comp_data/raw/fma_small/122/122166.mp3,122166,Experimental,training
/scratch/pdoshi/audio_comp/home_migrated/audio_comp_data/raw/fma_small/122/122168.mp3,122168,Experimental,test
/scratch/pdoshi/audio_comp/home_migrated/audio_comp_data/raw/fma_small/122/122190.mp3,122190,Rock,training
/scratch/pdoshi/audio_comp/home_migrated/audio_comp_data/raw/fma_small/122/122199.mp3,122199,Experimental,training
/scratch/pdoshi/audio_comp/home_migrated/audio_comp_data/raw/fma_small/122/122201.mp3,122201,Experimental,training
/scratch/pdoshi/audio_comp/home_migrated/audio_comp_data/raw/fma_small/122/122204.mp3,122204,Experimental,training
/scratch/pdoshi/audio_comp/home_migrated/audio_comp_data/raw/fma_small/122/122247.mp3,122247,Experimental,training
/scratch/pdoshi/audio_comp/home_migrated/audio_comp_data/raw/fma_small/122/122261.mp3,122261,Experimental,training
/scratch/pdoshi/audio_comp/home_migrated/audio_comp_data/raw/fma_small/122/122352.mp3,122352,Folk,validation
/scratch/pdoshi/audio_comp/home_migrated/audio_comp_data/raw/fma_small/122/122353.mp3,122353,Folk,validation
/scratch/pdoshi/audio_comp/home_migrated/audio_comp_data/raw/fma_small/122/122354.mp3,122354,Folk,validation
/scratch/pdoshi/audio_comp/home_migrated/audio_comp_data/raw/fma_small/122/122355.mp3,122355,Folk,validation
/scratch/pdoshi/audio_comp/home_migrated/audio_comp_data/raw/fma_small/122/122356.mp3,122356,Folk,validation
/scratch/pdoshi/audio_comp/home_migrated/audio_comp_data/raw/fma_small/122/122357.mp3,122357,Folk,validation
/scratch/pdoshi/audio_comp/home_migrated/audio_comp_data/raw/fma_small/122/122358.mp3,122358,Folk,validation
/scratch/pdoshi/audio_comp/home_migrated/audio_comp_data/raw/fma_small/122/122359.mp3,122359,Folk,validation
/scratch/pdoshi/audio_comp/home_migrated/audio_comp_data/raw/fma_small/122/122360.mp3,122360,Folk,validation
/scratch/pdoshi/audio_comp/home_migrated/audio_comp_data/raw/fma_small/122/122362.mp3,122362,Folk,validation
/scratch/pdoshi/audio_comp/home_migrated/audio_comp_data/raw/fma_small/122/122363.mp3,122363,Folk,validation
/scratch/pdoshi/audio_comp/home_migrated/audio_comp_data/raw/fma_small/122/122364.mp3,122364,Folk,validation
/scratch/pdoshi/audio_comp/home_migrated/audio_comp_data/raw/fma_small/122/122365.mp3,122365,Folk,validation
/scratch/pdoshi/audio_comp/home_migrated/audio_comp_data/raw/fma_small/122/122395.mp3,122395,Rock,training
/scratch/pdoshi/audio_comp/home_migrated/audio_comp_data/raw/fma_small/122/122397.mp3,122397,Rock,training
/scratch/pdoshi/audio_comp/home_migrated/audio_comp_data/raw/fma_small/122/122398.mp3,122398,Rock,training
/scratch/pdoshi/audio_comp/home_migrated/audio_comp_data/raw/fma_small/122/122399.mp3,122399,Rock,training
/scratch/pdoshi/audio_comp/home_migrated/audio_comp_data/raw/fma_small/122/122400.mp3,122400,Rock,training
/scratch/pdoshi/audio_comp/home_migrated/audio_comp_data/raw/fma_small/122/122456.mp3,122456,Electronic,validation
/scratch/pdoshi/audio_comp/home_migrated/audio_comp_data/raw/fma_small/122/122457.mp3,122457,Electronic,validation
/scratch/pdoshi/audio_comp/home_migrated/audio_comp_data/raw/fma_small/122/122472.mp3,122472,Rock,training
/scratch/pdoshi/audio_comp/home_migrated/audio_comp_data/raw/fma_small/122/122473.mp3,122473,Pop,training
/scratch/pdoshi/audio_comp/home_migrated/audio_comp_data/raw/fma_small/122/122474.mp3,122474,Pop,training
/scratch/pdoshi/audio_comp/home_migrated/audio_comp_data/raw/fma_small/122/122475.mp3,122475,Pop,training
/scratch/pdoshi/audio_comp/home_migrated/audio_comp_data/raw/fma_small/122/122498.mp3,122498,Pop,training
/scratch/pdoshi/audio_comp/home_migrated/audio_comp_data/raw/fma_small/122/122499.mp3,122499,Pop,training
/scratch/pdoshi/audio_comp/home_migrated/audio_comp_data/raw/fma_small/122/122500.mp3,122500,Pop,training
/scratch/pdoshi/audio_comp/home_migrated/audio_comp_data/raw/fma_small/122/122503.mp3,122503,Pop,training
/scratch/pdoshi/audio_comp/home_migrated/audio_comp_data/raw/fma_small/122/122504.mp3,122504,Pop,training
/scratch/pdoshi/audio_comp/home_migrated/audio_comp_data/raw/fma_small/122/122510.mp3,122510,Instrumental,test
/scratch/pdoshi/audio_comp/home_migrated/audio_comp_data/raw/fma_small/122/122511.mp3,122511,Instrumental,test
/scratch/pdoshi/audio_comp/home_migrated/audio_comp_data/raw/fma_small/122/122533.mp3,122533,Pop,training
/scratch/pdoshi/audio_comp/home_migrated/audio_comp_data/raw/fma_small/122/122534.mp3,122534,Pop,training
/scratch/pdoshi/audio_comp/home_migrated/audio_comp_data/raw/fma_small/122/122578.mp3,122578,Pop,training
/scratch/pdoshi/audio_comp/home_migrated/audio_comp_data/raw/fma_small/122/122579.mp3,122579,Pop,training
/scratch/pdoshi/audio_comp/home_migrated/audio_comp_data/raw/fma_small/122/122620.mp3,122620,Rock,training
/scratch/pdoshi/audio_comp/home_migrated/audio_comp_data/raw/fma_small/122/122621.mp3,122621,Instrumental,training
/scratch/pdoshi/audio_comp/home_migrated/audio_comp_data/raw/fma_small/122/122622.mp3,122622,Instrumental,training
/scratch/pdoshi/audio_comp/home_migrated/audio_comp_data/raw/fma_small/122/122623.mp3,122623,Instrumental,training
/scratch/pdoshi/audio_comp/home_migrated/audio_comp_data/raw/fma_small/122/122624.mp3,122624,Instrumental,training
/scratch/pdoshi/audio_comp/home_migrated/audio_comp_data/raw/fma_small/122/122625.mp3,122625,Instrumental,training
/scratch/pdoshi/audio_comp/home_migrated/audio_comp_data/raw/fma_small/122/122626.mp3,122626,Instrumental,training
/scratch/pdoshi/audio_comp/home_migrated/audio_comp_data/raw/fma_small/122/122627.mp3,122627,Instrumental,training
/scratch/pdoshi/audio_comp/home_migrated/audio_comp_data/raw/fma_small/122/122628.mp3,122628,Instrumental,training
/scratch/pdoshi/audio_comp/home_migrated/audio_comp_data/raw/fma_small/122/122630.mp3,122630,Instrumental,training
/scratch/pdoshi/audio_comp/home_migrated/audio_comp_data/raw/fma_small/122/122631.mp3,122631,Instrumental,training
/scratch/pdoshi/audio_comp/home_migrated/audio_comp_data/raw/fma_small/122/122632.mp3,122632,Instrumental,training
/scratch/pdoshi/audio_comp/home_migrated/audio_comp_data/raw/fma_small/122/122633.mp3,122633,Instrumental,training
/scratch/pdoshi/audio_comp/home_migrated/audio_comp_data/raw/fma_small/122/122634.mp3,122634,Instrumental,training
/scratch/pdoshi/audio_comp/home_migrated/audio_comp_data/raw/fma_small/122/122635.mp3,122635,Instrumental,training
/scratch/pdoshi/audio_comp/home_migrated/audio_comp_data/raw/fma_small/122/122644.mp3,122644,Instrumental,training
/scratch/pdoshi/audio_comp/home_migrated/audio_comp_data/raw/fma_small/122/122645.mp3,122645,Instrumental,training
/scratch/pdoshi/audio_comp/home_migrated/audio_comp_data/raw/fma_small/122/122646.mp3,122646,Instrumental,training
/scratch/pdoshi/audio_comp/home_migrated/audio_comp_data/raw/fma_small/122/122647.mp3,122647,Instrumental,training
/scratch/pdoshi/audio_comp/home_migrated/audio_comp_data/raw/fma_small/122/122648.mp3,122648,Instrumental,training
/scratch/pdoshi/audio_comp/home_migrated/audio_comp_data/raw/fma_small/122/122649.mp3,122649,Instrumental,training
/scratch/pdoshi/audio_comp/home_migrated/audio_comp_data/raw/fma_small/122/122650.mp3,122650,Instrumental,training
/scratch/pdoshi/audio_comp/home_migrated/audio_comp_data/raw/fma_small/122/122651.mp3,122651,Instrumental,training
/scratch/pdoshi/audio_comp/home_migrated/audio_comp_data/raw/fma_small/122/122654.mp3,122654,Instrumental,training
/scratch/pdoshi/audio_comp/home_migrated/audio_comp_data/raw/fma_small/122/122671.mp3,122671,Instrumental,training
/scratch/pdoshi/audio_comp/home_migrated/audio_comp_data/raw/fma_small/122/122673.mp3,122673,Instrumental,training
/scratch/pdoshi/audio_comp/home_migrated/audio_comp_data/raw/fma_small/122/122675.mp3,122675,Instrumental,training
/scratch/pdoshi/audio_comp/home_migrated/audio_comp_data/raw/fma_small/122/122683.mp3,122683,Rock,training
/scratch/pdoshi/audio_comp/home_migrated/audio_comp_data/raw/fma_small/122/122685.mp3,122685,Rock,training
/scratch/pdoshi/audio_comp/home_migrated/audio_comp_data/raw/fma_small/122/122686.mp3,122686,Rock,training
/scratch/pdoshi/audio_comp/home_migrated/audio_comp_data/raw/fma_small/122/122798.mp3,122798,Pop,training
/scratch/pdoshi/audio_comp/home_migrated/audio_comp_data/raw/fma_small/122/122799.mp3,122799,Pop,training
/scratch/pdoshi/audio_comp/home_migrated/audio_comp_data/raw/fma_small/122/122800.mp3,122800,Pop,training
/scratch/pdoshi/audio_comp/home_migrated/audio_comp_data/raw/fma_small/122/122803.mp3,122803,Pop,training
/scratch/pdoshi/audio_comp/home_migrated/audio_comp_data/raw/fma_small/122/122804.mp3,122804,Pop,training
/scratch/pdoshi/audio_comp/home_migrated/audio_comp_data/raw/fma_small/122/122805.mp3,122805,Pop,training
/scratch/pdoshi/audio_comp/home_migrated/audio_comp_data/raw/fma_small/122/122806.mp3,122806,Pop,training
/scratch/pdoshi/audio_comp/home_migrated/audio_comp_data/raw/fma_small/122/122807.mp3,122807,Pop,training
/scratch/pdoshi/audio_comp/home_migrated/audio_comp_data/raw/fma_small/122/122808.mp3,122808,Pop,training
/scratch/pdoshi/audio_comp/home_migrated/audio_comp_data/raw/fma_small/122/122809.mp3,122809,Pop,training
/scratch/pdoshi/audio_comp/home_migrated/audio_comp_data/raw/fma_small/122/122810.mp3,122810,Pop,training
/scratch/pdoshi/audio_comp/home_migrated/audio_comp_data/raw/fma_small/122/122832.mp3,122832,Electronic,validation
/scratch/pdoshi/audio_comp/home_migrated/audio_comp_data/raw/fma_small/122/122901.mp3,122901,International,training
/scratch/pdoshi/audio_comp/home_migrated/audio_comp_data/raw/fma_small/122/122910.mp3,122910,Experimental,training
/scratch/pdoshi/audio_comp/home_migrated/audio_comp_data/raw/fma_small/122/122911.mp3,122911,Rock,training
/scratch/pdoshi/audio_comp/home_migrated/audio_comp_data/raw/fma_small/122/122932.mp3,122932,Folk,training
/scratch/pdoshi/audio_comp/home_migrated/audio_comp_data/raw/fma_small/122/122934.mp3,122934,Folk,training
/scratch/pdoshi/audio_comp/home_migrated/audio_comp_data/raw/fma_small/122/122935.mp3,122935,Folk,training
/scratch/pdoshi/audio_comp/home_migrated/audio_comp_data/raw/fma_small/122/122936.mp3,122936,Folk,training
/scratch/pdoshi/audio_comp/home_migrated/audio_comp_data/raw/fma_small/122/122959.mp3,122959,Experimental,training
/scratch/pdoshi/audio_comp/home_migrated/audio_comp_data/raw/fma_small/122/122999.mp3,122999,Electronic,training
/scratch/pdoshi/audio_comp/home_migrated/audio_comp_data/raw/fma_small/123/123000.mp3,123000,Electronic,training
/scratch/pdoshi/audio_comp/home_migrated/audio_comp_data/raw/fma_small/123/123001.mp3,123001,Electronic,training
/scratch/pdoshi/audio_comp/home_migrated/audio_comp_data/raw/fma_small/123/123002.mp3,123002,Electronic,training
/scratch/pdoshi/audio_comp/home_migrated/audio_comp_data/raw/fma_small/123/123003.mp3,123003,Electronic,training
/scratch/pdoshi/audio_comp/home_migrated/audio_comp_data/raw/fma_small/123/123004.mp3,123004,Electronic,training
/scratch/pdoshi/audio_comp/home_migrated/audio_comp_data/raw/fma_small/123/123094.mp3,123094,Folk,training
/scratch/pdoshi/audio_comp/home_migrated/audio_comp_data/raw/fma_small/123/123096.mp3,123096,Folk,training
/scratch/pdoshi/audio_comp/home_migrated/audio_comp_data/raw/fma_small/123/123097.mp3,123097,Folk,training
/scratch/pdoshi/audio_comp/home_migrated/audio_comp_data/raw/fma_small/123/123099.mp3,123099,Folk,training
/scratch/pdoshi/audio_comp/home_migrated/audio_comp_data/raw/fma_small/123/123147.mp3,123147,Hip-Hop,training
/scratch/pdoshi/audio_comp/home_migrated/audio_comp_data/raw/fma_small/123/123273.mp3,123273,Rock,training
/scratch/pdoshi/audio_comp/home_migrated/audio_comp_data/raw/fma_small/123/123278.mp3,123278,Rock,training
/scratch/pdoshi/audio_comp/home_migrated/audio_comp_data/raw/fma_small/123/123333.mp3,123333,Experimental,training
/scratch/pdoshi/audio_comp/home_migrated/audio_comp_data/raw/fma_small/123/123342.mp3,123342,Experimental,training
/scratch/pdoshi/audio_comp/home_migrated/audio_comp_data/raw/fma_small/123/123427.mp3,123427,Rock,training
/scratch/pdoshi/audio_comp/home_migrated/audio_comp_data/raw/fma_small/123/123438.mp3,123438,Hip-Hop,training
/scratch/pdoshi/audio_comp/home_migrated/audio_comp_data/raw/fma_small/123/123439.mp3,123439,Hip-Hop,training
/scratch/pdoshi/audio_comp/home_migrated/audio_comp_data/raw/fma_small/123/123440.mp3,123440,Hip-Hop,training
/scratch/pdoshi/audio_comp/home_migrated/audio_comp_data/raw/fma_small/123/123441.mp3,123441,Hip-Hop,training
/scratch/pdoshi/audio_comp/home_migrated/audio_comp_data/raw/fma_small/123/123442.mp3,123442,Hip-Hop,training
/scratch/pdoshi/audio_comp/home_migrated/audio_comp_data/raw/fma_small/123/123458.mp3,123458,Instrumental,training
/scratch/pdoshi/audio_comp/home_migrated/audio_comp_data/raw/fma_small/123/123461.mp3,123461,Instrumental,training
/scratch/pdoshi/audio_comp/home_migrated/audio_comp_data/raw/fma_small/123/123467.mp3,123467,Instrumental,training
/scratch/pdoshi/audio_comp/home_migrated/audio_comp_data/raw/fma_small/123/123468.mp3,123468,Instrumental,training
/scratch/pdoshi/audio_comp/home_migrated/audio_comp_data/raw/fma_small/123/123474.mp3,123474,Rock,training
/scratch/pdoshi/audio_comp/home_migrated/audio_comp_data/raw/fma_small/123/123484.mp3,123484,Instrumental,training
/scratch/pdoshi/audio_comp/home_migrated/audio_comp_data/raw/fma_small/123/123485.mp3,123485,Instrumental,training
/scratch/pdoshi/audio_comp/home_migrated/audio_comp_data/raw/fma_small/123/123486.mp3,123486,Instrumental,training
/scratch/pdoshi/audio_comp/home_migrated/audio_comp_data/raw/fma_small/123/123487.mp3,123487,Instrumental,training
/scratch/pdoshi/audio_comp/home_migrated/audio_comp_data/raw/fma_small/123/123488.mp3,123488,Instrumental,training
/scratch/pdoshi/audio_comp/home_migrated/audio_comp_data/raw/fma_small/123/123490.mp3,123490,Folk,validation
/scratch/pdoshi/audio_comp/home_migrated/audio_comp_data/raw/fma_small/123/123494.mp3,123494,Folk,validation
/scratch/pdoshi/audio_comp/home_migrated/audio_comp_data/raw/fma_small/123/123501.mp3,123501,Electronic,validation
/scratch/pdoshi/audio_comp/home_migrated/audio_comp_data/raw/fma_small/123/123502.mp3,123502,Electronic,validation
/scratch/pdoshi/audio_comp/home_migrated/audio_comp_data/raw/fma_small/123/123503.mp3,123503,Electronic,validation
/scratch/pdoshi/audio_comp/home_migrated/audio_comp_data/raw/fma_small/123/123504.mp3,123504,Electronic,training
/scratch/pdoshi/audio_comp/home_migrated/audio_comp_data/raw/fma_small/123/123505.mp3,123505,Electronic,training
/scratch/pdoshi/audio_comp/home_migrated/audio_comp_data/raw/fma_small/123/123506.mp3,123506,Electronic,training
/scratch/pdoshi/audio_comp/home_migrated/audio_comp_data/raw/fma_small/123/123509.mp3,123509,Pop,training
/scratch/pdoshi/audio_comp/home_migrated/audio_comp_data/raw/fma_small/123/123523.mp3,123523,Instrumental,training
/scratch/pdoshi/audio_comp/home_migrated/audio_comp_data/raw/fma_small/123/123614.mp3,123614,Hip-Hop,training
/scratch/pdoshi/audio_comp/home_migrated/audio_comp_data/raw/fma_small/123/123641.mp3,123641,Hip-Hop,training
/scratch/pdoshi/audio_comp/home_migrated/audio_comp_data/raw/fma_small/123/123645.mp3,123645,Hip-Hop,training
/scratch/pdoshi/audio_comp/home_migrated/audio_comp_data/raw/fma_small/123/123647.mp3,123647,Hip-Hop,training
/scratch/pdoshi/audio_comp/home_migrated/audio_comp_data/raw/fma_small/123/123760.mp3,123760,Instrumental,training
/scratch/pdoshi/audio_comp/home_migrated/audio_comp_data/raw/fma_small/123/123761.mp3,123761,Instrumental,training
/scratch/pdoshi/audio_comp/home_migrated/audio_comp_data/raw/fma_small/123/123762.mp3,123762,Instrumental,training
/scratch/pdoshi/audio_comp/home_migrated/audio_comp_data/raw/fma_small/123/123763.mp3,123763,Instrumental,training
/scratch/pdoshi/audio_comp/home_migrated/audio_comp_data/raw/fma_small/123/123764.mp3,123764,Instrumental,training
/scratch/pdoshi/audio_comp/home_migrated/audio_comp_data/raw/fma_small/123/123821.mp3,123821,Rock,training
/scratch/pdoshi/audio_comp/home_migrated/audio_comp_data/raw/fma_small/123/123825.mp3,123825,Rock,training
/scratch/pdoshi/audio_comp/home_migrated/audio_comp_data/raw/fma_small/123/123832.mp3,123832,Rock,training
/scratch/pdoshi/audio_comp/home_migrated/audio_comp_data/raw/fma_small/123/123834.mp3,123834,Rock,training
/scratch/pdoshi/audio_comp/home_migrated/audio_comp_data/raw/fma_small/123/123835.mp3,123835,Rock,training
/scratch/pdoshi/audio_comp/home_migrated/audio_comp_data/raw/fma_small/123/123866.mp3,123866,Rock,training
/scratch/pdoshi/audio_comp/home_migrated/audio_comp_data/raw/fma_small/123/123867.mp3,123867,Rock,training
/scratch/pdoshi/audio_comp/home_migrated/audio_comp_data/raw/fma_small/123/123868.mp3,123868,Rock,training
/scratch/pdoshi/audio_comp/home_migrated/audio_comp_data/raw/fma_small/123/123899.mp3,123899,Folk,training
/scratch/pdoshi/audio_comp/home_migrated/audio_comp_data/raw/fma_small/123/123932.mp3,123932,Electronic,training
/scratch/pdoshi/audio_comp/home_migrated/audio_comp_data/raw/fma_small/123/123933.mp3,123933,Electronic,training
/scratch/pdoshi/audio_comp/home_migrated/audio_comp_data/raw/fma_small/123/123934.mp3,123934,Electronic,training
/scratch/pdoshi/audio_comp/home_migrated/audio_comp_data/raw/fma_small/123/123935.mp3,123935,Electronic,training
/scratch/pdoshi/audio_comp/home_migrated/audio_comp_data/raw/fma_small/123/123936.mp3,123936,Electronic,training
/scratch/pdoshi/audio_comp/home_migrated/audio_comp_data/raw/fma_small/123/123937.mp3,123937,Electronic,training
/scratch/pdoshi/audio_comp/home_migrated/audio_comp_data/raw/fma_small/123/123938.mp3,123938,Electronic,training
/scratch/pdoshi/audio_comp/home_migrated/audio_comp_data/raw/fma_small/123/123964.mp3,123964,Hip-Hop,training
/scratch/pdoshi/audio_comp/home_migrated/audio_comp_data/raw/fma_small/123/123965.mp3,123965,Hip-Hop,training
/scratch/pdoshi/audio_comp/home_migrated/audio_comp_data/raw/fma_small/123/123966.mp3,123966,Hip-Hop,training
/scratch/pdoshi/audio_comp/home_migrated/audio_comp_data/raw/fma_small/123/123968.mp3,123968,Hip-Hop,training
/scratch/pdoshi/audio_comp/home_migrated/audio_comp_data/raw/fma_small/123/123969.mp3,123969,Hip-Hop,training
/scratch/pdoshi/audio_comp/home_migrated/audio_comp_data/raw/fma_small/123/123970.mp3,123970,Hip-Hop,training
/scratch/pdoshi/audio_comp/home_migrated/audio_comp_data/raw/fma_small/123/123971.mp3,123971,Hip-Hop,training
/scratch/pdoshi/audio_comp/home_migrated/audio_comp_data/raw/fma_small/123/123972.mp3,123972,Hip-Hop,training
/scratch/pdoshi/audio_comp/home_migrated/audio_comp_data/raw/fma_small/123/123973.mp3,123973,Hip-Hop,training
/scratch/pdoshi/audio_comp/home_migrated/audio_comp_data/raw/fma_small/123/123974.mp3,123974,Hip-Hop,training
/scratch/pdoshi/audio_comp/home_migrated/audio_comp_data/raw/fma_small/123/123975.mp3,123975,Hip-Hop,training
/scratch/pdoshi/audio_comp/home_migrated/audio_comp_data/raw/fma_small/123/123976.mp3,123976,Hip-Hop,training
/scratch/pdoshi/audio_comp/home_migrated/audio_comp_data/raw/fma_small/123/123977.mp3,123977,Hip-Hop,training
/scratch/pdoshi/audio_comp/home_migrated/audio_comp_data/raw/fma_small/123/123978.mp3,123978,Hip-Hop,training
/scratch/pdoshi/audio_comp/home_migrated/audio_comp_data/raw/fma_small/123/123979.mp3,123979,Hip-Hop,training
/scratch/pdoshi/audio_comp/home_migrated/audio_comp_data/raw/fma_small/123/123980.mp3,123980,Hip-Hop,training
/scratch/pdoshi/audio_comp/home_migrated/audio_comp_data/raw/fma_small/123/123981.mp3,123981,Hip-Hop,training
/scratch/pdoshi/audio_comp/home_migrated/audio_comp_data/raw/fma_small/123/123986.mp3,123986,Hip-Hop,training
/scratch/pdoshi/audio_comp/home_migrated/audio_comp_data/raw/fma_small/124/124154.mp3,124154,Experimental,training
/scratch/pdoshi/audio_comp/home_migrated/audio_comp_data/raw/fma_small/124/124175.mp3,124175,Instrumental,training
/scratch/pdoshi/audio_comp/home_migrated/audio_comp_data/raw/fma_small/124/124176.mp3,124176,Instrumental,training
/scratch/pdoshi/audio_comp/home_migrated/audio_comp_data/raw/fma_small/124/124177.mp3,124177,Instrumental,training
/scratch/pdoshi/audio_comp/home_migrated/audio_comp_data/raw/fma_small/124/124178.mp3,124178,Instrumental,training
/scratch/pdoshi/audio_comp/home_migrated/audio_comp_data/raw/fma_small/124/124179.mp3,124179,Instrumental,training
/scratch/pdoshi/audio_comp/home_migrated/audio_comp_data/raw/fma_small/124/124180.mp3,124180,Instrumental,training
/scratch/pdoshi/audio_comp/home_migrated/audio_comp_data/raw/fma_small/124/124181.mp3,124181,Instrumental,training
/scratch/pdoshi/audio_comp/home_migrated/audio_comp_data/raw/fma_small/124/124183.mp3,124183,Instrumental,training
/scratch/pdoshi/audio_comp/home_migrated/audio_comp_data/raw/fma_small/124/124184.mp3,124184,Rock,test
/scratch/pdoshi/audio_comp/home_migrated/audio_comp_data/raw/fma_small/124/124185.mp3,124185,Rock,test
/scratch/pdoshi/audio_comp/home_migrated/audio_comp_data/raw/fma_small/124/124186.mp3,124186,Rock,test
/scratch/pdoshi/audio_comp/home_migrated/audio_comp_data/raw/fma_small/124/124201.mp3,124201,Rock,validation
/scratch/pdoshi/audio_comp/home_migrated/audio_comp_data/raw/fma_small/124/124231.mp3,124231,Experimental,training
/scratch/pdoshi/audio_comp/home_migrated/audio_comp_data/raw/fma_small/124/124391.mp3,124391,Rock,test
/scratch/pdoshi/audio_comp/home_migrated/audio_comp_data/raw/fma_small/124/124392.mp3,124392,Rock,test
/scratch/pdoshi/audio_comp/home_migrated/audio_comp_data/raw/fma_small/124/124393.mp3,124393,Rock,test
/scratch/pdoshi/audio_comp/home_migrated/audio_comp_data/raw/fma_small/124/124394.mp3,124394,Rock,test
/scratch/pdoshi/audio_comp/home_migrated/audio_comp_data/raw/fma_small/124/124409.mp3,124409,Experimental,training
/scratch/pdoshi/audio_comp/home_migrated/audio_comp_data/raw/fma_small/124/124411.mp3,124411,Experimental,training
/scratch/pdoshi/audio_comp/home_migrated/audio_comp_data/raw/fma_small/124/124424.mp3,124424,Folk,training
/scratch/pdoshi/audio_comp/home_migrated/audio_comp_data/raw/fma_small/124/124425.mp3,124425,Folk,training
/scratch/pdoshi/audio_comp/home_migrated/audio_comp_data/raw/fma_small/124/124426.mp3,124426,Folk,training
/scratch/pdoshi/audio_comp/home_migrated/audio_comp_data/raw/fma_small/124/124460.mp3,124460,Rock,training
/scratch/pdoshi/audio_comp/home_migrated/audio_comp_data/raw/fma_small/124/124461.mp3,124461,Rock,training
/scratch/pdoshi/audio_comp/home_migrated/audio_comp_data/raw/fma_small/124/124470.mp3,124470,Rock,training
/scratch/pdoshi/audio_comp/home_migrated/audio_comp_data/raw/fma_small/124/124474.mp3,124474,Pop,training
/scratch/pdoshi/audio_comp/home_migrated/audio_comp_data/raw/fma_small/124/124477.mp3,124477,Pop,training
/scratch/pdoshi/audio_comp/home_migrated/audio_comp_data/raw/fma_small/124/124479.mp3,124479,Pop,training
/scratch/pdoshi/audio_comp/home_migrated/audio_comp_data/raw/fma_small/124/124480.mp3,124480,Pop,training
/scratch/pdoshi/audio_comp/home_migrated/audio_comp_data/raw/fma_small/124/124481.mp3,124481,Pop,training
/scratch/pdoshi/audio_comp/home_migrated/audio_comp_data/raw/fma_small/124/124482.mp3,124482,Pop,training
/scratch/pdoshi/audio_comp/home_migrated/audio_comp_data/raw/fma_small/124/124483.mp3,124483,Pop,training
/scratch/pdoshi/audio_comp/home_migrated/audio_comp_data/raw/fma_small/124/124484.mp3,124484,Pop,training
/scratch/pdoshi/audio_comp/home_migrated/audio_comp_data/raw/fma_small/124/124485.mp3,124485,Pop,training
/scratch/pdoshi/audio_comp/home_migrated/audio_comp_data/raw/fma_small/124/124509.mp3,124509,Experimental,training
/scratch/pdoshi/audio_comp/home_migrated/audio_comp_data/raw/fma_small/124/124517.mp3,124517,Experimental,validation
/scratch/pdoshi/audio_comp/home_migrated/audio_comp_data/raw/fma_small/124/124518.mp3,124518,Experimental,validation
/scratch/pdoshi/audio_comp/home_migrated/audio_comp_data/raw/fma_small/124/124519.mp3,124519,Experimental,validation
/scratch/pdoshi/audio_comp/home_migrated/audio_comp_data/raw/fma_small/124/124554.mp3,124554,Electronic,training
/scratch/pdoshi/audio_comp/home_migrated/audio_comp_data/raw/fma_small/124/124555.mp3,124555,Electronic,training
/scratch/pdoshi/audio_comp/home_migrated/audio_comp_data/raw/fma_small/124/124702.mp3,124702,Hip-Hop,training
/scratch/pdoshi/audio_comp/home_migrated/audio_comp_data/raw/fma_small/124/124752.mp3,124752,Electronic,training
/scratch/pdoshi/audio_comp/home_migrated/audio_comp_data/raw/fma_small/124/124753.mp3,124753,Electronic,training
/scratch/pdoshi/audio_comp/home_migrated/audio_comp_data/raw/fma_small/124/124754.mp3,124754,Electronic,training
/scratch/pdoshi/audio_comp/home_migrated/audio_comp_data/raw/fma_small/124/124755.mp3,124755,Electronic,training
/scratch/pdoshi/audio_comp/home_migrated/audio_comp_data/raw/fma_small/124/124756.mp3,124756,Electronic,training
/scratch/pdoshi/audio_comp/home_migrated/audio_comp_data/raw/fma_small/124/124870.mp3,124870,Experimental,training
/scratch/pdoshi/audio_comp/home_migrated/audio_comp_data/raw/fma_small/124/124872.mp3,124872,Instrumental,training
/scratch/pdoshi/audio_comp/home_migrated/audio_comp_data/raw/fma_small/124/124873.mp3,124873,Instrumental,training
/scratch/pdoshi/audio_comp/home_migrated/audio_comp_data/raw/fma_small/124/124874.mp3,124874,Instrumental,training
/scratch/pdoshi/audio_comp/home_migrated/audio_comp_data/raw/fma_small/124/124875.mp3,124875,Instrumental,training
/scratch/pdoshi/audio_comp/home_migrated/audio_comp_data/raw/fma_small/124/124876.mp3,124876,Instrumental,training
/scratch/pdoshi/audio_comp/home_migrated/audio_comp_data/raw/fma_small/124/124877.mp3,124877,Instrumental,training
/scratch/pdoshi/audio_comp/home_migrated/audio_comp_data/raw/fma_small/124/124891.mp3,124891,Experimental,validation
/scratch/pdoshi/audio_comp/home_migrated/audio_comp_data/raw/fma_small/124/124892.mp3,124892,Experimental,validation
/scratch/pdoshi/audio_comp/home_migrated/audio_comp_data/raw/fma_small/124/124912.mp3,124912,Electronic,training
/scratch/pdoshi/audio_comp/home_migrated/audio_comp_data/raw/fma_small/124/124913.mp3,124913,Electronic,training
/scratch/pdoshi/audio_comp/home_migrated/audio_comp_data/raw/fma_small/124/124915.mp3,124915,Electronic,training
/scratch/pdoshi/audio_comp/home_migrated/audio_comp_data/raw/fma_small/124/124916.mp3,124916,Electronic,training
/scratch/pdoshi/audio_comp/home_migrated/audio_comp_data/raw/fma_small/124/124917.mp3,124917,Electronic,training
/scratch/pdoshi/audio_comp/home_migrated/audio_comp_data/raw/fma_small/124/124918.mp3,124918,Electronic,training
/scratch/pdoshi/audio_comp/home_migrated/audio_comp_data/raw/fma_small/124/124971.mp3,124971,Experimental,training
/scratch/pdoshi/audio_comp/home_migrated/audio_comp_data/raw/fma_small/124/124992.mp3,124992,Rock,training
/scratch/pdoshi/audio_comp/home_migrated/audio_comp_data/raw/fma_small/124/124996.mp3,124996,Rock,training
/scratch/pdoshi/audio_comp/home_migrated/audio_comp_data/raw/fma_small/125/125001.mp3,125001,Rock,training
/scratch/pdoshi/audio_comp/home_migrated/audio_comp_data/raw/fma_small/125/125002.mp3,125002,Rock,training
/scratch/pdoshi/audio_comp/home_migrated/audio_comp_data/raw/fma_small/125/125003.mp3,125003,Rock,training
/scratch/pdoshi/audio_comp/home_migrated/audio_comp_data/raw/fma_small/125/125004.mp3,125004,Rock,training
/scratch/pdoshi/audio_comp/home_migrated/audio_comp_data/raw/fma_small/125/125154.mp3,125154,Electronic,validation
/scratch/pdoshi/audio_comp/home_migrated/audio_comp_data/raw/fma_small/125/125156.mp3,125156,Electronic,validation
/scratch/pdoshi/audio_comp/home_migrated/audio_comp_data/raw/fma_small/125/125157.mp3,125157,Electronic,validation
/scratch/pdoshi/audio_comp/home_migrated/audio_comp_data/raw/fma_small/125/125158.mp3,125158,Electronic,validation
/scratch/pdoshi/audio_comp/home_migrated/audio_comp_data/raw/fma_small/125/125159.mp3,125159,Electronic,validation
/scratch/pdoshi/audio_comp/home_migrated/audio_comp_data/raw/fma_small/125/125160.mp3,125160,Electronic,validation
/scratch/pdoshi/audio_comp/home_migrated/audio_comp_data/raw/fma_small/125/125161.mp3,125161,Electronic,validation
/scratch/pdoshi/audio_comp/home_migrated/audio_comp_data/raw/fma_small/125/125182.mp3,125182,Folk,training
/scratch/pdoshi/audio_comp/home_migrated/audio_comp_data/raw/fma_small/125/125183.mp3,125183,Folk,training
/scratch/pdoshi/audio_comp/home_migrated/audio_comp_data/raw/fma_small/125/125185.mp3,125185,Folk,training
/scratch/pdoshi/audio_comp/home_migrated/audio_comp_data/raw/fma_small/125/125186.mp3,125186,Folk,training
/scratch/pdoshi/audio_comp/home_migrated/audio_comp_data/raw/fma_small/125/125187.mp3,125187,Folk,training
/scratch/pdoshi/audio_comp/home_migrated/audio_comp_data/raw/fma_small/125/125188.mp3,125188,Folk,training
/scratch/pdoshi/audio_comp/home_migrated/audio_comp_data/raw/fma_small/125/125189.mp3,125189,Folk,training
/scratch/pdoshi/audio_comp/home_migrated/audio_comp_data/raw/fma_small/125/125190.mp3,125190,Folk,training
/scratch/pdoshi/audio_comp/home_migrated/audio_comp_data/raw/fma_small/125/125191.mp3,125191,Folk,training
/scratch/pdoshi/audio_comp/home_migrated/audio_comp_data/raw/fma_small/125/125192.mp3,125192,Folk,training
/scratch/pdoshi/audio_comp/home_migrated/audio_comp_data/raw/fma_small/125/125193.mp3,125193,Folk,training
/scratch/pdoshi/audio_comp/home_migrated/audio_comp_data/raw/fma_small/125/125194.mp3,125194,Folk,training
/scratch/pdoshi/audio_comp/home_migrated/audio_comp_data/raw/fma_small/125/125195.mp3,125195,Folk,training
/scratch/pdoshi/audio_comp/home_migrated/audio_comp_data/raw/fma_small/125/125196.mp3,125196,Folk,training
/scratch/pdoshi/audio_comp/home_migrated/audio_comp_data/raw/fma_small/125/125237.mp3,125237,Experimental,validation
/scratch/pdoshi/audio_comp/home_migrated/audio_comp_data/raw/fma_small/125/125238.mp3,125238,Experimental,validation
/scratch/pdoshi/audio_comp/home_migrated/audio_comp_data/raw/fma_small/125/125239.mp3,125239,Experimental,validation
/scratch/pdoshi/audio_comp/home_migrated/audio_comp_data/raw/fma_small/125/125240.mp3,125240,Experimental,validation
/scratch/pdoshi/audio_comp/home_migrated/audio_comp_data/raw/fma_small/125/125286.mp3,125286,Electronic,training
/scratch/pdoshi/audio_comp/home_migrated/audio_comp_data/raw/fma_small/125/125287.mp3,125287,Electronic,training
/scratch/pdoshi/audio_comp/home_migrated/audio_comp_data/raw/fma_small/125/125288.mp3,125288,Electronic,training
/scratch/pdoshi/audio_comp/home_migrated/audio_comp_data/raw/fma_small/125/125289.mp3,125289,Electronic,training
/scratch/pdoshi/audio_comp/home_migrated/audio_comp_data/raw/fma_small/125/125291.mp3,125291,Electronic,training
/scratch/pdoshi/audio_comp/home_migrated/audio_comp_data/raw/fma_small/125/125293.mp3,125293,Electronic,training
/scratch/pdoshi/audio_comp/home_migrated/audio_comp_data/raw/fma_small/125/125298.mp3,125298,Electronic,training
/scratch/pdoshi/audio_comp/home_migrated/audio_comp_data/raw/fma_small/125/125299.mp3,125299,Electronic,training
/scratch/pdoshi/audio_comp/home_migrated/audio_comp_data/raw/fma_small/125/125312.mp3,125312,International,training
/scratch/pdoshi/audio_comp/home_migrated/audio_comp_data/raw/fma_small/125/125313.mp3,125313,International,training
/scratch/pdoshi/audio_comp/home_migrated/audio_comp_data/raw/fma_small/125/125314.mp3,125314,International,training
/scratch/pdoshi/audio_comp/home_migrated/audio_comp_data/raw/fma_small/125/125315.mp3,125315,Electronic,training
/scratch/pdoshi/audio_comp/home_migrated/audio_comp_data/raw/fma_small/125/125333.mp3,125333,Experimental,training
/scratch/pdoshi/audio_comp/home_migrated/audio_comp_data/raw/fma_small/125/125337.mp3,125337,Experimental,training
/scratch/pdoshi/audio_comp/home_migrated/audio_comp_data/raw/fma_small/125/125375.mp3,125375,Pop,training
/scratch/pdoshi/audio_comp/home_migrated/audio_comp_data/raw/fma_small/125/125377.mp3,125377,Pop,training
/scratch/pdoshi/audio_comp/home_migrated/audio_comp_data/raw/fma_small/125/125432.mp3,125432,Rock,training
/scratch/pdoshi/audio_comp/home_migrated/audio_comp_data/raw/fma_small/125/125551.mp3,125551,Rock,training
/scratch/pdoshi/audio_comp/home_migrated/audio_comp_data/raw/fma_small/125/125612.mp3,125612,Instrumental,training
/scratch/pdoshi/audio_comp/home_migrated/audio_comp_data/raw/fma_small/125/125614.mp3,125614,Instrumental,training
/scratch/pdoshi/audio_comp/home_migrated/audio_comp_data/raw/fma_small/125/125616.mp3,125616,Instrumental,training
/scratch/pdoshi/audio_comp/home_migrated/audio_comp_data/raw/fma_small/125/125617.mp3,125617,Instrumental,training
/scratch/pdoshi/audio_comp/home_migrated/audio_comp_data/raw/fma_small/125/125618.mp3,125618,Instrumental,training
/scratch/pdoshi/audio_comp/home_migrated/audio_comp_data/raw/fma_small/125/125620.mp3,125620,Instrumental,training
/scratch/pdoshi/audio_comp/home_migrated/audio_comp_data/raw/fma_small/125/125621.mp3,125621,Instrumental,training
/scratch/pdoshi/audio_comp/home_migrated/audio_comp_data/raw/fma_small/125/125622.mp3,125622,Instrumental,training
/scratch/pdoshi/audio_comp/home_migrated/audio_comp_data/raw/fma_small/125/125657.mp3,125657,Instrumental,training
/scratch/pdoshi/audio_comp/home_migrated/audio_comp_data/raw/fma_small/125/125659.mp3,125659,Instrumental,training
/scratch/pdoshi/audio_comp/home_migrated/audio_comp_data/raw/fma_small/125/125680.mp3,125680,Instrumental,training
/scratch/pdoshi/audio_comp/home_migrated/audio_comp_data/raw/fma_small/125/125681.mp3,125681,Instrumental,training
/scratch/pdoshi/audio_comp/home_migrated/audio_comp_data/raw/fma_small/125/125721.mp3,125721,Pop,training
/scratch/pdoshi/audio_comp/home_migrated/audio_comp_data/raw/fma_small/125/125722.mp3,125722,Pop,training
/scratch/pdoshi/audio_comp/home_migrated/audio_comp_data/raw/fma_small/125/125723.mp3,125723,Pop,training
/scratch/pdoshi/audio_comp/home_migrated/audio_comp_data/raw/fma_small/125/125774.mp3,125774,Rock,training
/scratch/pdoshi/audio_comp/home_migrated/audio_comp_data/raw/fma_small/125/125776.mp3,125776,Rock,training
/scratch/pdoshi/audio_comp/home_migrated/audio_comp_data/raw/fma_small/125/125777.mp3,125777,Rock,training
/scratch/pdoshi/audio_comp/home_migrated/audio_comp_data/raw/fma_small/125/125778.mp3,125778,Rock,training
/scratch/pdoshi/audio_comp/home_migrated/audio_comp_data/raw/fma_small/125/125779.mp3,125779,Rock,training
/scratch/pdoshi/audio_comp/home_migrated/audio_comp_data/raw/fma_small/125/125809.mp3,125809,Instrumental,training
/scratch/pdoshi/audio_comp/home_migrated/audio_comp_data/raw/fma_small/125/125812.mp3,125812,Instrumental,training
/scratch/pdoshi/audio_comp/home_migrated/audio_comp_data/raw/fma_small/125/125813.mp3,125813,Instrumental,training
/scratch/pdoshi/audio_comp/home_migrated/audio_comp_data/raw/fma_small/125/125814.mp3,125814,Instrumental,training
/scratch/pdoshi/audio_comp/home_migrated/audio_comp_data/raw/fma_small/125/125815.mp3,125815,Instrumental,training
/scratch/pdoshi/audio_comp/home_migrated/audio_comp_data/raw/fma_small/125/125816.mp3,125816,Instrumental,training
/scratch/pdoshi/audio_comp/home_migrated/audio_comp_data/raw/fma_small/125/125817.mp3,125817,Instrumental,training
/scratch/pdoshi/audio_comp/home_migrated/audio_comp_data/raw/fma_small/125/125818.mp3,125818,Instrumental,training
/scratch/pdoshi/audio_comp/home_migrated/audio_comp_data/raw/fma_small/125/125819.mp3,125819,Instrumental,training
/scratch/pdoshi/audio_comp/home_migrated/audio_comp_data/raw/fma_small/125/125820.mp3,125820,Instrumental,training
/scratch/pdoshi/audio_comp/home_migrated/audio_comp_data/raw/fma_small/125/125821.mp3,125821,Instrumental,training
/scratch/pdoshi/audio_comp/home_migrated/audio_comp_data/raw/fma_small/125/125822.mp3,125822,Instrumental,training
/scratch/pdoshi/audio_comp/home_migrated/audio_comp_data/raw/fma_small/125/125823.mp3,125823,Instrumental,training
/scratch/pdoshi/audio_comp/home_migrated/audio_comp_data/raw/fma_small/125/125824.mp3,125824,Instrumental,training
/scratch/pdoshi/audio_comp/home_migrated/audio_comp_data/raw/fma_small/125/125825.mp3,125825,Instrumental,training
/scratch/pdoshi/audio_comp/home_migrated/audio_comp_data/raw/fma_small/125/125826.mp3,125826,Instrumental,training
/scratch/pdoshi/audio_comp/home_migrated/audio_comp_data/raw/fma_small/125/125827.mp3,125827,Instrumental,training
/scratch/pdoshi/audio_comp/home_migrated/audio_comp_data/raw/fma_small/125/125999.mp3,125999,Electronic,validation
/scratch/pdoshi/audio_comp/home_migrated/audio_comp_data/raw/fma_small/126/126014.mp3,126014,Instrumental,training
/scratch/pdoshi/audio_comp/home_migrated/audio_comp_data/raw/fma_small/126/126015.mp3,126015,Instrumental,training
/scratch/pdoshi/audio_comp/home_migrated/audio_comp_data/raw/fma_small/126/126016.mp3,126016,Instrumental,training
/scratch/pdoshi/audio_comp/home_migrated/audio_comp_data/raw/fma_small/126/126017.mp3,126017,Instrumental,training
/scratch/pdoshi/audio_comp/home_migrated/audio_comp_data/raw/fma_small/126/126018.mp3,126018,Instrumental,training
/scratch/pdoshi/audio_comp/home_migrated/audio_comp_data/raw/fma_small/126/126047.mp3,126047,Rock,training
/scratch/pdoshi/audio_comp/home_migrated/audio_comp_data/raw/fma_small/126/126055.mp3,126055,Experimental,training
/scratch/pdoshi/audio_comp/home_migrated/audio_comp_data/raw/fma_small/126/126102.mp3,126102,Pop,training
/scratch/pdoshi/audio_comp/home_migrated/audio_comp_data/raw/fma_small/126/126103.mp3,126103,Pop,training
/scratch/pdoshi/audio_comp/home_migrated/audio_comp_data/raw/fma_small/126/126104.mp3,126104,Pop,training
/scratch/pdoshi/audio_comp/home_migrated/audio_comp_data/raw/fma_small/126/126105.mp3,126105,Pop,training
/scratch/pdoshi/audio_comp/home_migrated/audio_comp_data/raw/fma_small/126/126180.mp3,126180,Instrumental,training
/scratch/pdoshi/audio_comp/home_migrated/audio_comp_data/raw/fma_small/126/126181.mp3,126181,Instrumental,training
/scratch/pdoshi/audio_comp/home_migrated/audio_comp_data/raw/fma_small/126/126182.mp3,126182,Instrumental,training
/scratch/pdoshi/audio_comp/home_migrated/audio_comp_data/raw/fma_small/126/126183.mp3,126183,Instrumental,training
/scratch/pdoshi/audio_comp/home_migrated/audio_comp_data/raw/fma_small/126/126185.mp3,126185,Instrumental,training
/scratch/pdoshi/audio_comp/home_migrated/audio_comp_data/raw/fma_small/126/126186.mp3,126186,Instrumental,training
/scratch/pdoshi/audio_comp/home_migrated/audio_comp_data/raw/fma_small/126/126187.mp3,126187,Instrumental,training
/scratch/pdoshi/audio_comp/home_migrated/audio_comp_data/raw/fma_small/126/126188.mp3,126188,Instrumental,training
/scratch/pdoshi/audio_comp/home_migrated/audio_comp_data/raw/fma_small/126/126189.mp3,126189,Instrumental,training
/scratch/pdoshi/audio_comp/home_migrated/audio_comp_data/raw/fma_small/126/126214.mp3,126214,Instrumental,training
/scratch/pdoshi/audio_comp/home_migrated/audio_comp_data/raw/fma_small/126/126215.mp3,126215,Instrumental,training
/scratch/pdoshi/audio_comp/home_migrated/audio_comp_data/raw/fma_small/126/126216.mp3,126216,Instrumental,training
/scratch/pdoshi/audio_comp/home_migrated/audio_comp_data/raw/fma_small/126/126217.mp3,126217,Instrumental,training
/scratch/pdoshi/audio_comp/home_migrated/audio_comp_data/raw/fma_small/126/126218.mp3,126218,Instrumental,training
/scratch/pdoshi/audio_comp/home_migrated/audio_comp_data/raw/fma_small/126/126219.mp3,126219,Instrumental,training
/scratch/pdoshi/audio_comp/home_migrated/audio_comp_data/raw/fma_small/126/126220.mp3,126220,Instrumental,training
/scratch/pdoshi/audio_comp/home_migrated/audio_comp_data/raw/fma_small/126/126221.mp3,126221,Experimental,training
/scratch/pdoshi/audio_comp/home_migrated/audio_comp_data/raw/fma_small/126/126223.mp3,126223,Experimental,training
/scratch/pdoshi/audio_comp/home_migrated/audio_comp_data/raw/fma_small/126/126224.mp3,126224,Experimental,training
/scratch/pdoshi/audio_comp/home_migrated/audio_comp_data/raw/fma_small/126/126225.mp3,126225,Experimental,training
/scratch/pdoshi/audio_comp/home_migrated/audio_comp_data/raw/fma_small/126/126226.mp3,126226,Experimental,training
/scratch/pdoshi/audio_comp/home_migrated/audio_comp_data/raw/fma_small/126/126227.mp3,126227,Experimental,training
/scratch/pdoshi/audio_comp/home_migrated/audio_comp_data/raw/fma_small/126/126229.mp3,126229,Instrumental,training
/scratch/pdoshi/audio_comp/home_migrated/audio_comp_data/raw/fma_small/126/126230.mp3,126230,Instrumental,training
/scratch/pdoshi/audio_comp/home_migrated/audio_comp_data/raw/fma_small/126/126231.mp3,126231,Instrumental,training
/scratch/pdoshi/audio_comp/home_migrated/audio_comp_data/raw/fma_small/126/126232.mp3,126232,Instrumental,training
/scratch/pdoshi/audio_comp/home_migrated/audio_comp_data/raw/fma_small/126/126233.mp3,126233,Instrumental,training
/scratch/pdoshi/audio_comp/home_migrated/audio_comp_data/raw/fma_small/126/126234.mp3,126234,Instrumental,training
/scratch/pdoshi/audio_comp/home_migrated/audio_comp_data/raw/fma_small/126/126240.mp3,126240,Instrumental,test
/scratch/pdoshi/audio_comp/home_migrated/audio_comp_data/raw/fma_small/126/126241.mp3,126241,Instrumental,test
/scratch/pdoshi/audio_comp/home_migrated/audio_comp_data/raw/fma_small/126/126242.mp3,126242,Instrumental,test
/scratch/pdoshi/audio_comp/home_migrated/audio_comp_data/raw/fma_small/126/126243.mp3,126243,Instrumental,test
/scratch/pdoshi/audio_comp/home_migrated/audio_comp_data/raw/fma_small/126/126276.mp3,126276,Instrumental,training
/scratch/pdoshi/audio_comp/home_migrated/audio_comp_data/raw/fma_small/126/126283.mp3,126283,Instrumental,training
/scratch/pdoshi/audio_comp/home_migrated/audio_comp_data/raw/fma_small/126/126289.mp3,126289,Instrumental,training
/scratch/pdoshi/audio_comp/home_migrated/audio_comp_data/raw/fma_small/126/126290.mp3,126290,Instrumental,training
/scratch/pdoshi/audio_comp/home_migrated/audio_comp_data/raw/fma_small/126/126291.mp3,126291,Instrumental,training
/scratch/pdoshi/audio_comp/home_migrated/audio_comp_data/raw/fma_small/126/126292.mp3,126292,Electronic,validation
/scratch/pdoshi/audio_comp/home_migrated/audio_comp_data/raw/fma_small/126/126294.mp3,126294,Rock,training
/scratch/pdoshi/audio_comp/home_migrated/audio_comp_data/raw/fma_small/126/126295.mp3,126295,Rock,training
/scratch/pdoshi/audio_comp/home_migrated/audio_comp_data/raw/fma_small/126/126297.mp3,126297,Rock,training
/scratch/pdoshi/audio_comp/home_migrated/audio_comp_data/raw/fma_small/126/126300.mp3,126300,Rock,training
/scratch/pdoshi/audio_comp/home_migrated/audio_comp_data/raw/fma_small/126/126316.mp3,126316,Instrumental,training
/scratch/pdoshi/audio_comp/home_migrated/audio_comp_data/raw/fma_small/126/126317.mp3,126317,Instrumental,training
/scratch/pdoshi/audio_comp/home_migrated/audio_comp_data/raw/fma_small/126/126318.mp3,126318,Instrumental,training
/scratch/pdoshi/audio_comp/home_migrated/audio_comp_data/raw/fma_small/126/126319.mp3,126319,Instrumental,training
/scratch/pdoshi/audio_comp/home_migrated/audio_comp_data/raw/fma_small/126/126320.mp3,126320,Instrumental,training
/scratch/pdoshi/audio_comp/home_migrated/audio_comp_data/raw/fma_small/126/126321.mp3,126321,Instrumental,training
/scratch/pdoshi/audio_comp/home_migrated/audio_comp_data/raw/fma_small/126/126354.mp3,126354,Pop,training
/scratch/pdoshi/audio_comp/home_migrated/audio_comp_data/raw/fma_small/126/126357.mp3,126357,Pop,training
/scratch/pdoshi/audio_comp/home_migrated/audio_comp_data/raw/fma_small/126/126362.mp3,126362,Pop,training
/scratch/pdoshi/audio_comp/home_migrated/audio_comp_data/raw/fma_small/126/126398.mp3,126398,Pop,training
/scratch/pdoshi/audio_comp/home_migrated/audio_comp_data/raw/fma_small/126/126400.mp3,126400,Pop,training
/scratch/pdoshi/audio_comp/home_migrated/audio_comp_data/raw/fma_small/126/126401.mp3,126401,Pop,training
/scratch/pdoshi/audio_comp/home_migrated/audio_comp_data/raw/fma_small/126/126402.mp3,126402,Pop,training
/scratch/pdoshi/audio_comp/home_migrated/audio_comp_data/raw/fma_small/126/126403.mp3,126403,Pop,training
/scratch/pdoshi/audio_comp/home_migrated/audio_comp_data/raw/fma_small/126/126404.mp3,126404,Pop,training
/scratch/pdoshi/audio_comp/home_migrated/audio_comp_data/raw/fma_small/126/126405.mp3,126405,Pop,training
/scratch/pdoshi/audio_comp/home_migrated/audio_comp_data/raw/fma_small/126/126406.mp3,126406,Pop,training
/scratch/pdoshi/audio_comp/home_migrated/audio_comp_data/raw/fma_small/126/126407.mp3,126407,Pop,training
/scratch/pdoshi/audio_comp/home_migrated/audio_comp_data/raw/fma_small/126/126408.mp3,126408,Instrumental,training
/scratch/pdoshi/audio_comp/home_migrated/audio_comp_data/raw/fma_small/126/126409.mp3,126409,Instrumental,training
/scratch/pdoshi/audio_comp/home_migrated/audio_comp_data/raw/fma_small/126/126410.mp3,126410,Instrumental,training
/scratch/pdoshi/audio_comp/home_migrated/audio_comp_data/raw/fma_small/126/126411.mp3,126411,Instrumental,training
/scratch/pdoshi/audio_comp/home_migrated/audio_comp_data/raw/fma_small/126/126412.mp3,126412,Instrumental,training
/scratch/pdoshi/audio_comp/home_migrated/audio_comp_data/raw/fma_small/126/126413.mp3,126413,Instrumental,training
/scratch/pdoshi/audio_comp/home_migrated/audio_comp_data/raw/fma_small/126/126414.mp3,126414,Instrumental,training
/scratch/pdoshi/audio_comp/home_migrated/audio_comp_data/raw/fma_small/126/126415.mp3,126415,Instrumental,training
/scratch/pdoshi/audio_comp/home_migrated/audio_comp_data/raw/fma_small/126/126416.mp3,126416,Instrumental,training
/scratch/pdoshi/audio_comp/home_migrated/audio_comp_data/raw/fma_small/126/126417.mp3,126417,Instrumental,training
/scratch/pdoshi/audio_comp/home_migrated/audio_comp_data/raw/fma_small/126/126425.mp3,126425,Pop,training
/scratch/pdoshi/audio_comp/home_migrated/audio_comp_data/raw/fma_small/126/126426.mp3,126426,Pop,training
/scratch/pdoshi/audio_comp/home_migrated/audio_comp_data/raw/fma_small/126/126427.mp3,126427,Pop,training
/scratch/pdoshi/audio_comp/home_migrated/audio_comp_data/raw/fma_small/126/126428.mp3,126428,Pop,training
/scratch/pdoshi/audio_comp/home_migrated/audio_comp_data/raw/fma_small/126/126429.mp3,126429,Pop,training
/scratch/pdoshi/audio_comp/home_migrated/audio_comp_data/raw/fma_small/126/126430.mp3,126430,Pop,training
/scratch/pdoshi/audio_comp/home_migrated/audio_comp_data/raw/fma_small/126/126431.mp3,126431,Pop,training
/scratch/pdoshi/audio_comp/home_migrated/audio_comp_data/raw/fma_small/126/126455.mp3,126455,Folk,training
/scratch/pdoshi/audio_comp/home_migrated/audio_comp_data/raw/fma_small/126/126489.mp3,126489,Folk,training
/scratch/pdoshi/audio_comp/home_migrated/audio_comp_data/raw/fma_small/126/126490.mp3,126490,Folk,training
/scratch/pdoshi/audio_comp/home_migrated/audio_comp_data/raw/fma_small/126/126491.mp3,126491,Folk,training
/scratch/pdoshi/audio_comp/home_migrated/audio_comp_data/raw/fma_small/126/126505.mp3,126505,Experimental,training
/scratch/pdoshi/audio_comp/home_migrated/audio_comp_data/raw/fma_small/126/126506.mp3,126506,Experimental,validation
/scratch/pdoshi/audio_comp/home_migrated/audio_comp_data/raw/fma_small/126/126507.mp3,126507,Experimental,test
/scratch/pdoshi/audio_comp/home_migrated/audio_comp_data/raw/fma_small/126/126508.mp3,126508,Experimental,training
/scratch/pdoshi/audio_comp/home_migrated/audio_comp_data/raw/fma_small/126/126510.mp3,126510,Experimental,training
/scratch/pdoshi/audio_comp/home_migrated/audio_comp_data/raw/fma_small/126/126512.mp3,126512,Experimental,training
/scratch/pdoshi/audio_comp/home_migrated/audio_comp_data/raw/fma_small/126/126516.mp3,126516,Experimental,validation
/scratch/pdoshi/audio_comp/home_migrated/audio_comp_data/raw/fma_small/126/126519.mp3,126519,Experimental,training
/scratch/pdoshi/audio_comp/home_migrated/audio_comp_data/raw/fma_small/126/126520.mp3,126520,Experimental,training
/scratch/pdoshi/audio_comp/home_migrated/audio_comp_data/raw/fma_small/126/126521.mp3,126521,Experimental,training
/scratch/pdoshi/audio_comp/home_migrated/audio_comp_data/raw/fma_small/126/126522.mp3,126522,Experimental,training
/scratch/pdoshi/audio_comp/home_migrated/audio_comp_data/raw/fma_small/126/126550.mp3,126550,Experimental,validation
/scratch/pdoshi/audio_comp/home_migrated/audio_comp_data/raw/fma_small/126/126557.mp3,126557,Experimental,validation
/scratch/pdoshi/audio_comp/home_migrated/audio_comp_data/raw/fma_small/126/126559.mp3,126559,Experimental,validation
/scratch/pdoshi/audio_comp/home_migrated/audio_comp_data/raw/fma_small/126/126584.mp3,126584,Instrumental,validation
/scratch/pdoshi/audio_comp/home_migrated/audio_comp_data/raw/fma_small/126/126585.mp3,126585,Instrumental,validation
/scratch/pdoshi/audio_comp/home_migrated/audio_comp_data/raw/fma_small/126/126586.mp3,126586,Instrumental,validation
/scratch/pdoshi/audio_comp/home_migrated/audio_comp_data/raw/fma_small/126/126587.mp3,126587,Instrumental,validation
/scratch/pdoshi/audio_comp/home_migrated/audio_comp_data/raw/fma_small/126/126588.mp3,126588,Instrumental,validation
/scratch/pdoshi/audio_comp/home_migrated/audio_comp_data/raw/fma_small/126/126589.mp3,126589,Instrumental,validation
/scratch/pdoshi/audio_comp/home_migrated/audio_comp_data/raw/fma_small/126/126598.mp3,126598,Rock,training
/scratch/pdoshi/audio_comp/home_migrated/audio_comp_data/raw/fma_small/126/126600.mp3,126600,Experimental,training
/scratch/pdoshi/audio_comp/home_migrated/audio_comp_data/raw/fma_small/126/126601.mp3,126601,Experimental,training
/scratch/pdoshi/audio_comp/home_migrated/audio_comp_data/raw/fma_small/126/126602.mp3,126602,Experimental,training
/scratch/pdoshi/audio_comp/home_migrated/audio_comp_data/raw/fma_small/126/126603.mp3,126603,Experimental,training
/scratch/pdoshi/audio_comp/home_migrated/audio_comp_data/raw/fma_small/126/126605.mp3,126605,Experimental,training
/scratch/pdoshi/audio_comp/home_migrated/audio_comp_data/raw/fma_small/126/126606.mp3,126606,Experimental,training
/scratch/pdoshi/audio_comp/home_migrated/audio_comp_data/raw/fma_small/126/126607.mp3,126607,Experimental,training
/scratch/pdoshi/audio_comp/home_migrated/audio_comp_data/raw/fma_small/126/126608.mp3,126608,Experimental,training
/scratch/pdoshi/audio_comp/home_migrated/audio_comp_data/raw/fma_small/126/126646.mp3,126646,Instrumental,training
/scratch/pdoshi/audio_comp/home_migrated/audio_comp_data/raw/fma_small/126/126666.mp3,126666,Rock,training
/scratch/pdoshi/audio_comp/home_migrated/audio_comp_data/raw/fma_small/126/126667.mp3,126667,Rock,training
/scratch/pdoshi/audio_comp/home_migrated/audio_comp_data/raw/fma_small/126/126668.mp3,126668,Rock,training
/scratch/pdoshi/audio_comp/home_migrated/audio_comp_data/raw/fma_small/126/126669.mp3,126669,Rock,training
/scratch/pdoshi/audio_comp/home_migrated/audio_comp_data/raw/fma_small/126/126670.mp3,126670,Rock,training
/scratch/pdoshi/audio_comp/home_migrated/audio_comp_data/raw/fma_small/126/126671.mp3,126671,Rock,training
/scratch/pdoshi/audio_comp/home_migrated/audio_comp_data/raw/fma_small/126/126672.mp3,126672,Rock,training
/scratch/pdoshi/audio_comp/home_migrated/audio_comp_data/raw/fma_small/126/126673.mp3,126673,Rock,training
/scratch/pdoshi/audio_comp/home_migrated/audio_comp_data/raw/fma_small/126/126674.mp3,126674,Rock,training
/scratch/pdoshi/audio_comp/home_migrated/audio_comp_data/raw/fma_small/126/126675.mp3,126675,Rock,training
/scratch/pdoshi/audio_comp/home_migrated/audio_comp_data/raw/fma_small/126/126676.mp3,126676,Rock,training
/scratch/pdoshi/audio_comp/home_migrated/audio_comp_data/raw/fma_small/126/126716.mp3,126716,Instrumental,training
/scratch/pdoshi/audio_comp/home_migrated/audio_comp_data/raw/fma_small/126/126717.mp3,126717,Instrumental,training
/scratch/pdoshi/audio_comp/home_migrated/audio_comp_data/raw/fma_small/126/126718.mp3,126718,Instrumental,training
/scratch/pdoshi/audio_comp/home_migrated/audio_comp_data/raw/fma_small/126/126719.mp3,126719,Instrumental,training
/scratch/pdoshi/audio_comp/home_migrated/audio_comp_data/raw/fma_small/126/126720.mp3,126720,Instrumental,training
/scratch/pdoshi/audio_comp/home_migrated/audio_comp_data/raw/fma_small/126/126743.mp3,126743,Folk,training
/scratch/pdoshi/audio_comp/home_migrated/audio_comp_data/raw/fma_small/126/126746.mp3,126746,Folk,training
/scratch/pdoshi/audio_comp/home_migrated/audio_comp_data/raw/fma_small/126/126747.mp3,126747,Folk,training
/scratch/pdoshi/audio_comp/home_migrated/audio_comp_data/raw/fma_small/126/126748.mp3,126748,Folk,training
/scratch/pdoshi/audio_comp/home_migrated/audio_comp_data/raw/fma_small/126/126749.mp3,126749,Folk,training
/scratch/pdoshi/audio_comp/home_migrated/audio_comp_data/raw/fma_small/126/126773.mp3,126773,Electronic,validation
/scratch/pdoshi/audio_comp/home_migrated/audio_comp_data/raw/fma_small/126/126778.mp3,126778,Folk,training
/scratch/pdoshi/audio_comp/home_migrated/audio_comp_data/raw/fma_small/126/126781.mp3,126781,Folk,training
/scratch/pdoshi/audio_comp/home_migrated/audio_comp_data/raw/fma_small/126/126782.mp3,126782,Folk,training
/scratch/pdoshi/audio_comp/home_migrated/audio_comp_data/raw/fma_small/126/126786.mp3,126786,Folk,training
/scratch/pdoshi/audio_comp/home_migrated/audio_comp_data/raw/fma_small/126/126789.mp3,126789,Folk,training
/scratch/pdoshi/audio_comp/home_migrated/audio_comp_data/raw/fma_small/126/126790.mp3,126790,Folk,training
/scratch/pdoshi/audio_comp/home_migrated/audio_comp_data/raw/fma_small/126/126882.mp3,126882,Instrumental,training
/scratch/pdoshi/audio_comp/home_migrated/audio_comp_data/raw/fma_small/126/126883.mp3,126883,Instrumental,training
/scratch/pdoshi/audio_comp/home_migrated/audio_comp_data/raw/fma_small/126/126884.mp3,126884,Instrumental,training
/scratch/pdoshi/audio_comp/home_migrated/audio_comp_data/raw/fma_small/126/126885.mp3,126885,Instrumental,training
/scratch/pdoshi/audio_comp/home_migrated/audio_comp_data/raw/fma_small/126/126886.mp3,126886,Instrumental,training
/scratch/pdoshi/audio_comp/home_migrated/audio_comp_data/raw/fma_small/126/126887.mp3,126887,Instrumental,training
/scratch/pdoshi/audio_comp/home_migrated/audio_comp_data/raw/fma_small/126/126899.mp3,126899,Electronic,training
/scratch/pdoshi/audio_comp/home_migrated/audio_comp_data/raw/fma_small/126/126900.mp3,126900,Electronic,training
/scratch/pdoshi/audio_comp/home_migrated/audio_comp_data/raw/fma_small/126/126944.mp3,126944,Rock,training
/scratch/pdoshi/audio_comp/home_migrated/audio_comp_data/raw/fma_small/126/126979.mp3,126979,Folk,training
/scratch/pdoshi/audio_comp/home_migrated/audio_comp_data/raw/fma_small/127/127036.mp3,127036,Instrumental,training
/scratch/pdoshi/audio_comp/home_migrated/audio_comp_data/raw/fma_small/127/127037.mp3,127037,Instrumental,training
/scratch/pdoshi/audio_comp/home_migrated/audio_comp_data/raw/fma_small/127/127062.mp3,127062,Folk,training
/scratch/pdoshi/audio_comp/home_migrated/audio_comp_data/raw/fma_small/127/127066.mp3,127066,Folk,training
/scratch/pdoshi/audio_comp/home_migrated/audio_comp_data/raw/fma_small/127/127155.mp3,127155,Experimental,training
/scratch/pdoshi/audio_comp/home_migrated/audio_comp_data/raw/fma_small/127/127159.mp3,127159,Electronic,training
/scratch/pdoshi/audio_comp/home_migrated/audio_comp_data/raw/fma_small/127/127180.mp3,127180,Pop,test
/scratch/pdoshi/audio_comp/home_migrated/audio_comp_data/raw/fma_small/127/127181.mp3,127181,Pop,test
/scratch/pdoshi/audio_comp/home_migrated/audio_comp_data/raw/fma_small/127/127182.mp3,127182,Pop,test
/scratch/pdoshi/audio_comp/home_migrated/audio_comp_data/raw/fma_small/127/127183.mp3,127183,Pop,test
/scratch/pdoshi/audio_comp/home_migrated/audio_comp_data/raw/fma_small/127/127184.mp3,127184,Pop,test
/scratch/pdoshi/audio_comp/home_migrated/audio_comp_data/raw/fma_small/127/127185.mp3,127185,Pop,test
/scratch/pdoshi/audio_comp/home_migrated/audio_comp_data/raw/fma_small/127/127186.mp3,127186,Pop,test
/scratch/pdoshi/audio_comp/home_migrated/audio_comp_data/raw/fma_small/127/127187.mp3,127187,Pop,test
/scratch/pdoshi/audio_comp/home_migrated/audio_comp_data/raw/fma_small/127/127188.mp3,127188,Pop,test
/scratch/pdoshi/audio_comp/home_migrated/audio_comp_data/raw/fma_small/127/127189.mp3,127189,Pop,test
/scratch/pdoshi/audio_comp/home_migrated/audio_comp_data/raw/fma_small/127/127190.mp3,127190,Folk,training
/scratch/pdoshi/audio_comp/home_migrated/audio_comp_data/raw/fma_small/127/127191.mp3,127191,Folk,training
/scratch/pdoshi/audio_comp/home_migrated/audio_comp_data/raw/fma_small/127/127192.mp3,127192,Folk,training
/scratch/pdoshi/audio_comp/home_migrated/audio_comp_data/raw/fma_small/127/127193.mp3,127193,Folk,training
/scratch/pdoshi/audio_comp/home_migrated/audio_comp_data/raw/fma_small/127/127194.mp3,127194,Folk,training
/scratch/pdoshi/audio_comp/home_migrated/audio_comp_data/raw/fma_small/127/127203.mp3,127203,Pop,training
/scratch/pdoshi/audio_comp/home_migrated/audio_comp_data/raw/fma_small/127/127204.mp3,127204,Pop,training
/scratch/pdoshi/audio_comp/home_migrated/audio_comp_data/raw/fma_small/127/127205.mp3,127205,Pop,training
/scratch/pdoshi/audio_comp/home_migrated/audio_comp_data/raw/fma_small/127/127206.mp3,127206,Pop,training
/scratch/pdoshi/audio_comp/home_migrated/audio_comp_data/raw/fma_small/127/127207.mp3,127207,Instrumental,training
/scratch/pdoshi/audio_comp/home_migrated/audio_comp_data/raw/fma_small/127/127208.mp3,127208,Instrumental,training
/scratch/pdoshi/audio_comp/home_migrated/audio_comp_data/raw/fma_small/127/127209.mp3,127209,Instrumental,training
/scratch/pdoshi/audio_comp/home_migrated/audio_comp_data/raw/fma_small/127/127210.mp3,127210,Instrumental,training
/scratch/pdoshi/audio_comp/home_migrated/audio_comp_data/raw/fma_small/127/127211.mp3,127211,Instrumental,training
/scratch/pdoshi/audio_comp/home_migrated/audio_comp_data/raw/fma_small/127/127212.mp3,127212,Instrumental,training
/scratch/pdoshi/audio_comp/home_migrated/audio_comp_data/raw/fma_small/127/127263.mp3,127263,Electronic,training
/scratch/pdoshi/audio_comp/home_migrated/audio_comp_data/raw/fma_small/127/127265.mp3,127265,Folk,training
/scratch/pdoshi/audio_comp/home_migrated/audio_comp_data/raw/fma_small/127/127266.mp3,127266,Folk,training
/scratch/pdoshi/audio_comp/home_migrated/audio_comp_data/raw/fma_small/127/127267.mp3,127267,Folk,training
/scratch/pdoshi/audio_comp/home_migrated/audio_comp_data/raw/fma_small/127/127268.mp3,127268,Pop,training
/scratch/pdoshi/audio_comp/home_migrated/audio_comp_data/raw/fma_small/127/127269.mp3,127269,Pop,training
/scratch/pdoshi/audio_comp/home_migrated/audio_comp_data/raw/fma_small/127/127271.mp3,127271,Pop,training
/scratch/pdoshi/audio_comp/home_migrated/audio_comp_data/raw/fma_small/127/127273.mp3,127273,Pop,training
/scratch/pdoshi/audio_comp/home_migrated/audio_comp_data/raw/fma_small/127/127274.mp3,127274,Pop,training
/scratch/pdoshi/audio_comp/home_migrated/audio_comp_data/raw/fma_small/127/127275.mp3,127275,Pop,training
/scratch/pdoshi/audio_comp/home_migrated/audio_comp_data/raw/fma_small/127/127276.mp3,127276,Pop,training
/scratch/pdoshi/audio_comp/home_migrated/audio_comp_data/raw/fma_small/127/127277.mp3,127277,Pop,training
/scratch/pdoshi/audio_comp/home_migrated/audio_comp_data/raw/fma_small/127/127278.mp3,127278,Pop,training
/scratch/pdoshi/audio_comp/home_migrated/audio_comp_data/raw/fma_small/127/127279.mp3,127279,Pop,training
/scratch/pdoshi/audio_comp/home_migrated/audio_comp_data/raw/fma_small/127/127280.mp3,127280,Pop,training
/scratch/pdoshi/audio_comp/home_migrated/audio_comp_data/raw/fma_small/127/127281.mp3,127281,Pop,training
/scratch/pdoshi/audio_comp/home_migrated/audio_comp_data/raw/fma_small/127/127285.mp3,127285,Pop,training
/scratch/pdoshi/audio_comp/home_migrated/audio_comp_data/raw/fma_small/127/127286.mp3,127286,Pop,training
/scratch/pdoshi/audio_comp/home_migrated/audio_comp_data/raw/fma_small/127/127287.mp3,127287,Pop,training
/scratch/pdoshi/audio_comp/home_migrated/audio_comp_data/raw/fma_small/127/127288.mp3,127288,Pop,training
/scratch/pdoshi/audio_comp/home_migrated/audio_comp_data/raw/fma_small/127/127289.mp3,127289,Pop,training
/scratch/pdoshi/audio_comp/home_migrated/audio_comp_data/raw/fma_small/127/127290.mp3,127290,Pop,training
/scratch/pdoshi/audio_comp/home_migrated/audio_comp_data/raw/fma_small/127/127294.mp3,127294,Pop,training
/scratch/pdoshi/audio_comp/home_migrated/audio_comp_data/raw/fma_small/127/127295.mp3,127295,Pop,training
/scratch/pdoshi/audio_comp/home_migrated/audio_comp_data/raw/fma_small/127/127296.mp3,127296,Pop,training
/scratch/pdoshi/audio_comp/home_migrated/audio_comp_data/raw/fma_small/127/127297.mp3,127297,Pop,training
/scratch/pdoshi/audio_comp/home_migrated/audio_comp_data/raw/fma_small/127/127298.mp3,127298,Pop,training
/scratch/pdoshi/audio_comp/home_migrated/audio_comp_data/raw/fma_small/127/127299.mp3,127299,Pop,training
/scratch/pdoshi/audio_comp/home_migrated/audio_comp_data/raw/fma_small/127/127300.mp3,127300,Pop,training
/scratch/pdoshi/audio_comp/home_migrated/audio_comp_data/raw/fma_small/127/127301.mp3,127301,Pop,training
/scratch/pdoshi/audio_comp/home_migrated/audio_comp_data/raw/fma_small/127/127302.mp3,127302,Pop,training
/scratch/pdoshi/audio_comp/home_migrated/audio_comp_data/raw/fma_small/127/127303.mp3,127303,Pop,training
/scratch/pdoshi/audio_comp/home_migrated/audio_comp_data/raw/fma_small/127/127330.mp3,127330,Rock,test
/scratch/pdoshi/audio_comp/home_migrated/audio_comp_data/raw/fma_small/127/127331.mp3,127331,Instrumental,test
/scratch/pdoshi/audio_comp/home_migrated/audio_comp_data/raw/fma_small/127/127339.mp3,127339,Rock,training
/scratch/pdoshi/audio_comp/home_migrated/audio_comp_data/raw/fma_small/127/127343.mp3,127343,Electronic,training
/scratch/pdoshi/audio_comp/home_migrated/audio_comp_data/raw/fma_small/127/127349.mp3,127349,Electronic,training
/scratch/pdoshi/audio_comp/home_migrated/audio_comp_data/raw/fma_small/127/127350.mp3,127350,Electronic,training
/scratch/pdoshi/audio_comp/home_migrated/audio_comp_data/raw/fma_small/127/127356.mp3,127356,International,training
/scratch/pdoshi/audio_comp/home_migrated/audio_comp_data/raw/fma_small/127/127357.mp3,127357,International,training
/scratch/pdoshi/audio_comp/home_migrated/audio_comp_data/raw/fma_small/127/127358.mp3,127358,International,training
/scratch/pdoshi/audio_comp/home_migrated/audio_comp_data/raw/fma_small/127/127359.mp3,127359,International,training
/scratch/pdoshi/audio_comp/home_migrated/audio_comp_data/raw/fma_small/127/127360.mp3,127360,International,training
/scratch/pdoshi/audio_comp/home_migrated/audio_comp_data/raw/fma_small/127/127402.mp3,127402,Experimental,training
/scratch/pdoshi/audio_comp/home_migrated/audio_comp_data/raw/fma_small/127/127422.mp3,127422,Experimental,training
/scratch/pdoshi/audio_comp/home_migrated/audio_comp_data/raw/fma_small/127/127469.mp3,127469,Experimental,training
/scratch/pdoshi/audio_comp/home_migrated/audio_comp_data/raw/fma_small/127/127484.mp3,127484,Experimental,test
/scratch/pdoshi/audio_comp/home_migrated/audio_comp_data/raw/fma_small/127/127494.mp3,127494,Instrumental,training
/scratch/pdoshi/audio_comp/home_migrated/audio_comp_data/raw/fma_small/127/127495.mp3,127495,Instrumental,training
/scratch/pdoshi/audio_comp/home_migrated/audio_comp_data/raw/fma_small/127/127496.mp3,127496,Instrumental,training
/scratch/pdoshi/audio_comp/home_migrated/audio_comp_data/raw/fma_small/127/127497.mp3,127497,Instrumental,training
/scratch/pdoshi/audio_comp/home_migrated/audio_comp_data/raw/fma_small/127/127498.mp3,127498,Instrumental,training
/scratch/pdoshi/audio_comp/home_migrated/audio_comp_data/raw/fma_small/127/127499.mp3,127499,Instrumental,training
/scratch/pdoshi/audio_comp/home_migrated/audio_comp_data/raw/fma_small/127/127519.mp3,127519,Instrumental,test
/scratch/pdoshi/audio_comp/home_migrated/audio_comp_data/raw/fma_small/127/127520.mp3,127520,Instrumental,test
/scratch/pdoshi/audio_comp/home_migrated/audio_comp_data/raw/fma_small/127/127532.mp3,127532,Experimental,validation
/scratch/pdoshi/audio_comp/home_migrated/audio_comp_data/raw/fma_small/127/127541.mp3,127541,Experimental,validation
/scratch/pdoshi/audio_comp/home_migrated/audio_comp_data/raw/fma_small/127/127542.mp3,127542,Experimental,validation
/scratch/pdoshi/audio_comp/home_migrated/audio_comp_data/raw/fma_small/127/127559.mp3,127559,Rock,test
/scratch/pdoshi/audio_comp/home_migrated/audio_comp_data/raw/fma_small/127/127620.mp3,127620,Pop,training
/scratch/pdoshi/audio_comp/home_migrated/audio_comp_data/raw/fma_small/127/127623.mp3,127623,Pop,training
/scratch/pdoshi/audio_comp/home_migrated/audio_comp_data/raw/fma_small/127/127648.mp3,127648,Instrumental,training
/scratch/pdoshi/audio_comp/home_migrated/audio_comp_data/raw/fma_small/127/127660.mp3,127660,Instrumental,training
/scratch/pdoshi/audio_comp/home_migrated/audio_comp_data/raw/fma_small/127/127661.mp3,127661,Instrumental,training
/scratch/pdoshi/audio_comp/home_migrated/audio_comp_data/raw/fma_small/127/127662.mp3,127662,Instrumental,training
/scratch/pdoshi/audio_comp/home_migrated/audio_comp_data/raw/fma_small/127/127663.mp3,127663,Instrumental,training
/scratch/pdoshi/audio_comp/home_migrated/audio_comp_data/raw/fma_small/127/127720.mp3,127720,Rock,training
/scratch/pdoshi/audio_comp/home_migrated/audio_comp_data/raw/fma_small/127/127722.mp3,127722,Folk,training
/scratch/pdoshi/audio_comp/home_migrated/audio_comp_data/raw/fma_small/127/127726.mp3,127726,Folk,training
/scratch/pdoshi/audio_comp/home_migrated/audio_comp_data/raw/fma_small/127/127798.mp3,127798,Experimental,training
/scratch/pdoshi/audio_comp/home_migrated/audio_comp_data/raw/fma_small/127/127804.mp3,127804,Electronic,training
/scratch/pdoshi/audio_comp/home_migrated/audio_comp_data/raw/fma_small/127/127806.mp3,127806,Electronic,training
/scratch/pdoshi/audio_comp/home_migrated/audio_comp_data/raw/fma_small/127/127865.mp3,127865,International,validation
/scratch/pdoshi/audio_comp/home_migrated/audio_comp_data/raw/fma_small/127/127866.mp3,127866,International,validation
/scratch/pdoshi/audio_comp/home_migrated/audio_comp_data/raw/fma_small/127/127867.mp3,127867,International,validation
/scratch/pdoshi/audio_comp/home_migrated/audio_comp_data/raw/fma_small/127/127868.mp3,127868,International,validation
/scratch/pdoshi/audio_comp/home_migrated/audio_comp_data/raw/fma_small/127/127869.mp3,127869,International,validation
/scratch/pdoshi/audio_comp/home_migrated/audio_comp_data/raw/fma_small/127/127870.mp3,127870,International,validation
/scratch/pdoshi/audio_comp/home_migrated/audio_comp_data/raw/fma_small/127/127871.mp3,127871,International,validation
/scratch/pdoshi/audio_comp/home_migrated/audio_comp_data/raw/fma_small/127/127878.mp3,127878,Experimental,training
/scratch/pdoshi/audio_comp/home_migrated/audio_comp_data/raw/fma_small/127/127908.mp3,127908,Pop,training
/scratch/pdoshi/audio_comp/home_migrated/audio_comp_data/raw/fma_small/127/127909.mp3,127909,Pop,training
/scratch/pdoshi/audio_comp/home_migrated/audio_comp_data/raw/fma_small/127/127910.mp3,127910,Pop,training
/scratch/pdoshi/audio_comp/home_migrated/audio_comp_data/raw/fma_small/127/127911.mp3,127911,Pop,training
/scratch/pdoshi/audio_comp/home_migrated/audio_comp_data/raw/fma_small/127/127912.mp3,127912,Pop,training
/scratch/pdoshi/audio_comp/home_migrated/audio_comp_data/raw/fma_small/127/127913.mp3,127913,Pop,training
/scratch/pdoshi/audio_comp/home_migrated/audio_comp_data/raw/fma_small/127/127914.mp3,127914,Pop,training
/scratch/pdoshi/audio_comp/home_migrated/audio_comp_data/raw/fma_small/127/127915.mp3,127915,Pop,training
/scratch/pdoshi/audio_comp/home_migrated/audio_comp_data/raw/fma_small/127/127916.mp3,127916,Folk,training
/scratch/pdoshi/audio_comp/home_migrated/audio_comp_data/raw/fma_small/127/127936.mp3,127936,Electronic,validation
/scratch/pdoshi/audio_comp/home_migrated/audio_comp_data/raw/fma_small/127/127996.mp3,127996,Instrumental,training
/scratch/pdoshi/audio_comp/home_migrated/audio_comp_data/raw/fma_small/128/128441.mp3,128441,Hip-Hop,test
/scratch/pdoshi/audio_comp/home_migrated/audio_comp_data/raw/fma_small/128/128443.mp3,128443,Hip-Hop,training
/scratch/pdoshi/audio_comp/home_migrated/audio_comp_data/raw/fma_small/128/128448.mp3,128448,Rock,training
/scratch/pdoshi/audio_comp/home_migrated/audio_comp_data/raw/fma_small/128/128469.mp3,128469,Instrumental,training
/scratch/pdoshi/audio_comp/home_migrated/audio_comp_data/raw/fma_small/128/128470.mp3,128470,Instrumental,training
/scratch/pdoshi/audio_comp/home_migrated/audio_comp_data/raw/fma_small/128/128471.mp3,128471,Instrumental,training
/scratch/pdoshi/audio_comp/home_migrated/audio_comp_data/raw/fma_small/128/128472.mp3,128472,Instrumental,training
/scratch/pdoshi/audio_comp/home_migrated/audio_comp_data/raw/fma_small/128/128473.mp3,128473,Instrumental,training
/scratch/pdoshi/audio_comp/home_migrated/audio_comp_data/raw/fma_small/128/128476.mp3,128476,Pop,training
/scratch/pdoshi/audio_comp/home_migrated/audio_comp_data/raw/fma_small/128/128477.mp3,128477,Pop,training
/scratch/pdoshi/audio_comp/home_migrated/audio_comp_data/raw/fma_small/128/128482.mp3,128482,Pop,training
/scratch/pdoshi/audio_comp/home_migrated/audio_comp_data/raw/fma_small/128/128484.mp3,128484,Pop,validation
/scratch/pdoshi/audio_comp/home_migrated/audio_comp_data/raw/fma_small/128/128494.mp3,128494,Hip-Hop,training
/scratch/pdoshi/audio_comp/home_migrated/audio_comp_data/raw/fma_small/128/128500.mp3,128500,Folk,training
/scratch/pdoshi/audio_comp/home_migrated/audio_comp_data/raw/fma_small/128/128504.mp3,128504,Rock,training
/scratch/pdoshi/audio_comp/home_migrated/audio_comp_data/raw/fma_small/128/128619.mp3,128619,Instrumental,training
/scratch/pdoshi/audio_comp/home_migrated/audio_comp_data/raw/fma_small/128/128666.mp3,128666,Hip-Hop,training
/scratch/pdoshi/audio_comp/home_migrated/audio_comp_data/raw/fma_small/128/128668.mp3,128668,Hip-Hop,training
/scratch/pdoshi/audio_comp/home_migrated/audio_comp_data/raw/fma_small/128/128699.mp3,128699,Rock,training
/scratch/pdoshi/audio_comp/home_migrated/audio_comp_data/raw/fma_small/128/128709.mp3,128709,Rock,training
/scratch/pdoshi/audio_comp/home_migrated/audio_comp_data/raw/fma_small/128/128710.mp3,128710,Rock,training
/scratch/pdoshi/audio_comp/home_migrated/audio_comp_data/raw/fma_small/128/128711.mp3,128711,Rock,training
/scratch/pdoshi/audio_comp/home_migrated/audio_comp_data/raw/fma_small/128/128758.mp3,128758,Electronic,validation
/scratch/pdoshi/audio_comp/home_migrated/audio_comp_data/raw/fma_small/128/128759.mp3,128759,Electronic,validation
/scratch/pdoshi/audio_comp/home_migrated/audio_comp_data/raw/fma_small/128/128760.mp3,128760,Electronic,validation
/scratch/pdoshi/audio_comp/home_migrated/audio_comp_data/raw/fma_small/128/128799.mp3,128799,Experimental,training
/scratch/pdoshi/audio_comp/home_migrated/audio_comp_data/raw/fma_small/128/128811.mp3,128811,Instrumental,training
/scratch/pdoshi/audio_comp/home_migrated/audio_comp_data/raw/fma_small/128/128812.mp3,128812,Instrumental,training
/scratch/pdoshi/audio_comp/home_migrated/audio_comp_data/raw/fma_small/128/128813.mp3,128813,Instrumental,training
/scratch/pdoshi/audio_comp/home_migrated/audio_comp_data/raw/fma_small/128/128814.mp3,128814,Instrumental,training
/scratch/pdoshi/audio_comp/home_migrated/audio_comp_data/raw/fma_small/128/128815.mp3,128815,Instrumental,training
/scratch/pdoshi/audio_comp/home_migrated/audio_comp_data/raw/fma_small/128/128816.mp3,128816,Instrumental,training
/scratch/pdoshi/audio_comp/home_migrated/audio_comp_data/raw/fma_small/128/128825.mp3,128825,Experimental,training
/scratch/pdoshi/audio_comp/home_migrated/audio_comp_data/raw/fma_small/128/128827.mp3,128827,Experimental,training
/scratch/pdoshi/audio_comp/home_migrated/audio_comp_data/raw/fma_small/128/128828.mp3,128828,Experimental,training
/scratch/pdoshi/audio_comp/home_migrated/audio_comp_data/raw/fma_small/128/128835.mp3,128835,Experimental,training
/scratch/pdoshi/audio_comp/home_migrated/audio_comp_data/raw/fma_small/128/128845.mp3,128845,Experimental,training
/scratch/pdoshi/audio_comp/home_migrated/audio_comp_data/raw/fma_small/128/128878.mp3,128878,Experimental,test
/scratch/pdoshi/audio_comp/home_migrated/audio_comp_data/raw/fma_small/128/128879.mp3,128879,Experimental,test
/scratch/pdoshi/audio_comp/home_migrated/audio_comp_data/raw/fma_small/128/128880.mp3,128880,Experimental,test
/scratch/pdoshi/audio_comp/home_migrated/audio_comp_data/raw/fma_small/128/128881.mp3,128881,Experimental,test
/scratch/pdoshi/audio_comp/home_migrated/audio_comp_data/raw/fma_small/128/128882.mp3,128882,Experimental,test
/scratch/pdoshi/audio_comp/home_migrated/audio_comp_data/raw/fma_small/128/128885.mp3,128885,Instrumental,test
/scratch/pdoshi/audio_comp/home_migrated/audio_comp_data/raw/fma_small/128/128886.mp3,128886,Instrumental,test
/scratch/pdoshi/audio_comp/home_migrated/audio_comp_data/raw/fma_small/128/128887.mp3,128887,Instrumental,test
/scratch/pdoshi/audio_comp/home_migrated/audio_comp_data/raw/fma_small/128/128888.mp3,128888,Instrumental,test
/scratch/pdoshi/audio_comp/home_migrated/audio_comp_data/raw/fma_small/128/128927.mp3,128927,Hip-Hop,training
/scratch/pdoshi/audio_comp/home_migrated/audio_comp_data/raw/fma_small/128/128992.mp3,128992,Experimental,training
/scratch/pdoshi/audio_comp/home_migrated/audio_comp_data/raw/fma_small/129/129039.mp3,129039,Instrumental,training
/scratch/pdoshi/audio_comp/home_migrated/audio_comp_data/raw/fma_small/129/129040.mp3,129040,Instrumental,training
/scratch/pdoshi/audio_comp/home_migrated/audio_comp_data/raw/fma_small/129/129042.mp3,129042,Instrumental,training
/scratch/pdoshi/audio_comp/home_migrated/audio_comp_data/raw/fma_small/129/129043.mp3,129043,Instrumental,training
/scratch/pdoshi/audio_comp/home_migrated/audio_comp_data/raw/fma_small/129/129044.mp3,129044,Instrumental,training
/scratch/pdoshi/audio_comp/home_migrated/audio_comp_data/raw/fma_small/129/129046.mp3,129046,Rock,training
/scratch/pdoshi/audio_comp/home_migrated/audio_comp_data/raw/fma_small/129/129048.mp3,129048,Pop,validation
/scratch/pdoshi/audio_comp/home_migrated/audio_comp_data/raw/fma_small/129/129049.mp3,129049,Pop,validation
/scratch/pdoshi/audio_comp/home_migrated/audio_comp_data/raw/fma_small/129/129051.mp3,129051,Pop,validation
/scratch/pdoshi/audio_comp/home_migrated/audio_comp_data/raw/fma_small/129/129052.mp3,129052,Pop,validation
/scratch/pdoshi/audio_comp/home_migrated/audio_comp_data/raw/fma_small/129/129053.mp3,129053,Pop,validation
/scratch/pdoshi/audio_comp/home_migrated/audio_comp_data/raw/fma_small/129/129054.mp3,129054,Pop,validation
/scratch/pdoshi/audio_comp/home_migrated/audio_comp_data/raw/fma_small/129/129055.mp3,129055,Pop,validation
/scratch/pdoshi/audio_comp/home_migrated/audio_comp_data/raw/fma_small/129/129056.mp3,129056,Pop,validation
/scratch/pdoshi/audio_comp/home_migrated/audio_comp_data/raw/fma_small/129/129088.mp3,129088,Rock,validation
/scratch/pdoshi/audio_comp/home_migrated/audio_comp_data/raw/fma_small/129/129089.mp3,129089,Rock,validation
/scratch/pdoshi/audio_comp/home_migrated/audio_comp_data/raw/fma_small/129/129090.mp3,129090,Rock,validation
/scratch/pdoshi/audio_comp/home_migrated/audio_comp_data/raw/fma_small/129/129091.mp3,129091,Rock,validation
/scratch/pdoshi/audio_comp/home_migrated/audio_comp_data/raw/fma_small/129/129092.mp3,129092,Rock,validation
/scratch/pdoshi/audio_comp/home_migrated/audio_comp_data/raw/fma_small/129/129093.mp3,129093,Rock,validation
/scratch/pdoshi/audio_comp/home_migrated/audio_comp_data/raw/fma_small/129/129094.mp3,129094,Rock,validation
/scratch/pdoshi/audio_comp/home_migrated/audio_comp_data/raw/fma_small/129/129095.mp3,129095,Rock,validation
/scratch/pdoshi/audio_comp/home_migrated/audio_comp_data/raw/fma_small/129/129096.mp3,129096,Rock,validation
/scratch/pdoshi/audio_comp/home_migrated/audio_comp_data/raw/fma_small/129/129097.mp3,129097,Rock,validation
/scratch/pdoshi/audio_comp/home_migrated/audio_comp_data/raw/fma_small/129/129098.mp3,129098,Rock,validation
/scratch/pdoshi/audio_comp/home_migrated/audio_comp_data/raw/fma_small/129/129184.mp3,129184,Instrumental,training
/scratch/pdoshi/audio_comp/home_migrated/audio_comp_data/raw/fma_small/129/129185.mp3,129185,Instrumental,training
/scratch/pdoshi/audio_comp/home_migrated/audio_comp_data/raw/fma_small/129/129186.mp3,129186,Instrumental,training
/scratch/pdoshi/audio_comp/home_migrated/audio_comp_data/raw/fma_small/129/129187.mp3,129187,Instrumental,training
/scratch/pdoshi/audio_comp/home_migrated/audio_comp_data/raw/fma_small/129/129188.mp3,129188,Instrumental,training
/scratch/pdoshi/audio_comp/home_migrated/audio_comp_data/raw/fma_small/129/129189.mp3,129189,Instrumental,training
/scratch/pdoshi/audio_comp/home_migrated/audio_comp_data/raw/fma_small/129/129190.mp3,129190,Instrumental,training
/scratch/pdoshi/audio_comp/home_migrated/audio_comp_data/raw/fma_small/129/129268.mp3,129268,Rock,training
/scratch/pdoshi/audio_comp/home_migrated/audio_comp_data/raw/fma_small/129/129362.mp3,129362,Pop,training
/scratch/pdoshi/audio_comp/home_migrated/audio_comp_data/raw/fma_small/129/129372.mp3,129372,Pop,training
/scratch/pdoshi/audio_comp/home_migrated/audio_comp_data/raw/fma_small/129/129374.mp3,129374,Pop,training
/scratch/pdoshi/audio_comp/home_migrated/audio_comp_data/raw/fma_small/129/129375.mp3,129375,Pop,training
/scratch/pdoshi/audio_comp/home_migrated/audio_comp_data/raw/fma_small/129/129391.mp3,129391,Pop,training
/scratch/pdoshi/audio_comp/home_migrated/audio_comp_data/raw/fma_small/129/129392.mp3,129392,Pop,training
/scratch/pdoshi/audio_comp/home_migrated/audio_comp_data/raw/fma_small/129/129393.mp3,129393,Pop,training
/scratch/pdoshi/audio_comp/home_migrated/audio_comp_data/raw/fma_small/129/129395.mp3,129395,International,training
/scratch/pdoshi/audio_comp/home_migrated/audio_comp_data/raw/fma_small/129/129396.mp3,129396,International,training
/scratch/pdoshi/audio_comp/home_migrated/audio_comp_data/raw/fma_small/129/129397.mp3,129397,International,training
/scratch/pdoshi/audio_comp/home_migrated/audio_comp_data/raw/fma_small/129/129398.mp3,129398,International,training
/scratch/pdoshi/audio_comp/home_migrated/audio_comp_data/raw/fma_small/129/129399.mp3,129399,Rock,training
/scratch/pdoshi/audio_comp/home_migrated/audio_comp_data/raw/fma_small/129/129400.mp3,129400,International,training
/scratch/pdoshi/audio_comp/home_migrated/audio_comp_data/raw/fma_small/129/129401.mp3,129401,International,training
/scratch/pdoshi/audio_comp/home_migrated/audio_comp_data/raw/fma_small/129/129402.mp3,129402,International,training
/scratch/pdoshi/audio_comp/home_migrated/audio_comp_data/raw/fma_small/129/129403.mp3,129403,International,training
/scratch/pdoshi/audio_comp/home_migrated/audio_comp_data/raw/fma_small/129/129404.mp3,129404,International,training
/scratch/pdoshi/audio_comp/home_migrated/audio_comp_data/raw/fma_small/129/129405.mp3,129405,International,training
/scratch/pdoshi/audio_comp/home_migrated/audio_comp_data/raw/fma_small/129/129406.mp3,129406,International,training
/scratch/pdoshi/audio_comp/home_migrated/audio_comp_data/raw/fma_small/129/129407.mp3,129407,International,training
/scratch/pdoshi/audio_comp/home_migrated/audio_comp_data/raw/fma_small/129/129439.mp3,129439,Folk,training
/scratch/pdoshi/audio_comp/home_migrated/audio_comp_data/raw/fma_small/129/129442.mp3,129442,Folk,training
/scratch/pdoshi/audio_comp/home_migrated/audio_comp_data/raw/fma_small/129/129444.mp3,129444,Folk,training
/scratch/pdoshi/audio_comp/home_migrated/audio_comp_data/raw/fma_small/129/129620.mp3,129620,Experimental,training
/scratch/pdoshi/audio_comp/home_migrated/audio_comp_data/raw/fma_small/129/129622.mp3,129622,Experimental,validation
/scratch/pdoshi/audio_comp/home_migrated/audio_comp_data/raw/fma_small/129/129624.mp3,129624,Experimental,training
/scratch/pdoshi/audio_comp/home_migrated/audio_comp_data/raw/fma_small/129/129674.mp3,129674,Hip-Hop,training
/scratch/pdoshi/audio_comp/home_migrated/audio_comp_data/raw/fma_small/129/129675.mp3,129675,Hip-Hop,training
/scratch/pdoshi/audio_comp/home_migrated/audio_comp_data/raw/fma_small/129/129683.mp3,129683,Folk,training
/scratch/pdoshi/audio_comp/home_migrated/audio_comp_data/raw/fma_small/129/129694.mp3,129694,Folk,training
/scratch/pdoshi/audio_comp/home_migrated/audio_comp_data/raw/fma_small/129/129695.mp3,129695,Folk,training
/scratch/pdoshi/audio_comp/home_migrated/audio_comp_data/raw/fma_small/129/129696.mp3,129696,Folk,training
/scratch/pdoshi/audio_comp/home_migrated/audio_comp_data/raw/fma_small/129/129742.mp3,129742,Electronic,validation
/scratch/pdoshi/audio_comp/home_migrated/audio_comp_data/raw/fma_small/129/129806.mp3,129806,Hip-Hop,training
/scratch/pdoshi/audio_comp/home_migrated/audio_comp_data/raw/fma_small/129/129807.mp3,129807,Hip-Hop,training
/scratch/pdoshi/audio_comp/home_migrated/audio_comp_data/raw/fma_small/129/129808.mp3,129808,Hip-Hop,training
/scratch/pdoshi/audio_comp/home_migrated/audio_comp_data/raw/fma_small/129/129816.mp3,129816,International,training
/scratch/pdoshi/audio_comp/home_migrated/audio_comp_data/raw/fma_small/129/129874.mp3,129874,International,training
/scratch/pdoshi/audio_comp/home_migrated/audio_comp_data/raw/fma_small/129/129875.mp3,129875,International,training
/scratch/pdoshi/audio_comp/home_migrated/audio_comp_data/raw/fma_small/129/129876.mp3,129876,International,training
/scratch/pdoshi/audio_comp/home_migrated/audio_comp_data/raw/fma_small/129/129879.mp3,129879,International,training
/scratch/pdoshi/audio_comp/home_migrated/audio_comp_data/raw/fma_small/129/129880.mp3,129880,International,training
/scratch/pdoshi/audio_comp/home_migrated/audio_comp_data/raw/fma_small/129/129882.mp3,129882,International,training
/scratch/pdoshi/audio_comp/home_migrated/audio_comp_data/raw/fma_small/129/129883.mp3,129883,International,training
/scratch/pdoshi/audio_comp/home_migrated/audio_comp_data/raw/fma_small/129/129884.mp3,129884,International,training
/scratch/pdoshi/audio_comp/home_migrated/audio_comp_data/raw/fma_small/129/129885.mp3,129885,International,training
/scratch/pdoshi/audio_comp/home_migrated/audio_comp_data/raw/fma_small/129/129886.mp3,129886,International,training
/scratch/pdoshi/audio_comp/home_migrated/audio_comp_data/raw/fma_small/129/129887.mp3,129887,International,training
/scratch/pdoshi/audio_comp/home_migrated/audio_comp_data/raw/fma_small/129/129889.mp3,129889,International,training
/scratch/pdoshi/audio_comp/home_migrated/audio_comp_data/raw/fma_small/129/129904.mp3,129904,Hip-Hop,training
/scratch/pdoshi/audio_comp/home_migrated/audio_comp_data/raw/fma_small/129/129910.mp3,129910,Hip-Hop,training
/scratch/pdoshi/audio_comp/home_migrated/audio_comp_data/raw/fma_small/129/129914.mp3,129914,Hip-Hop,training
/scratch/pdoshi/audio_comp/home_migrated/audio_comp_data/raw/fma_small/129/129915.mp3,129915,Hip-Hop,training
/scratch/pdoshi/audio_comp/home_migrated/audio_comp_data/raw/fma_small/129/129918.mp3,129918,Hip-Hop,training
/scratch/pdoshi/audio_comp/home_migrated/audio_comp_data/raw/fma_small/129/129919.mp3,129919,Hip-Hop,training
/scratch/pdoshi/audio_comp/home_migrated/audio_comp_data/raw/fma_small/129/129920.mp3,129920,Hip-Hop,training
/scratch/pdoshi/audio_comp/home_migrated/audio_comp_data/raw/fma_small/129/129922.mp3,129922,International,training
/scratch/pdoshi/audio_comp/home_migrated/audio_comp_data/raw/fma_small/129/129923.mp3,129923,International,training
/scratch/pdoshi/audio_comp/home_migrated/audio_comp_data/raw/fma_small/129/129924.mp3,129924,International,training
/scratch/pdoshi/audio_comp/home_migrated/audio_comp_data/raw/fma_small/129/129925.mp3,129925,International,training
/scratch/pdoshi/audio_comp/home_migrated/audio_comp_data/raw/fma_small/129/129926.mp3,129926,International,training
/scratch/pdoshi/audio_comp/home_migrated/audio_comp_data/raw/fma_small/129/129927.mp3,129927,International,training
/scratch/pdoshi/audio_comp/home_migrated/audio_comp_data/raw/fma_small/129/129962.mp3,129962,Rock,training
/scratch/pdoshi/audio_comp/home_migrated/audio_comp_data/raw/fma_small/129/129968.mp3,129968,Rock,training
/scratch/pdoshi/audio_comp/home_migrated/audio_comp_data/raw/fma_small/129/129969.mp3,129969,Rock,training
/scratch/pdoshi/audio_comp/home_migrated/audio_comp_data/raw/fma_small/129/129970.mp3,129970,Rock,training
/scratch/pdoshi/audio_comp/home_migrated/audio_comp_data/raw/fma_small/129/129972.mp3,129972,Rock,training
/scratch/pdoshi/audio_comp/home_migrated/audio_comp_data/raw/fma_small/129/129973.mp3,129973,Rock,training
/scratch/pdoshi/audio_comp/home_migrated/audio_comp_data/raw/fma_small/129/129997.mp3,129997,Rock,training
/scratch/pdoshi/audio_comp/home_migrated/audio_comp_data/raw/fma_small/130/130016.mp3,130016,Rock,training
/scratch/pdoshi/audio_comp/home_migrated/audio_comp_data/raw/fma_small/130/130084.mp3,130084,Rock,training
/scratch/pdoshi/audio_comp/home_migrated/audio_comp_data/raw/fma_small/130/130129.mp3,130129,Electronic,training
/scratch/pdoshi/audio_comp/home_migrated/audio_comp_data/raw/fma_small/130/130130.mp3,130130,Electronic,training
/scratch/pdoshi/audio_comp/home_migrated/audio_comp_data/raw/fma_small/130/130131.mp3,130131,Electronic,training
/scratch/pdoshi/audio_comp/home_migrated/audio_comp_data/raw/fma_small/130/130132.mp3,130132,Electronic,training
/scratch/pdoshi/audio_comp/home_migrated/audio_comp_data/raw/fma_small/130/130133.mp3,130133,Electronic,training
/scratch/pdoshi/audio_comp/home_migrated/audio_comp_data/raw/fma_small/130/130134.mp3,130134,Electronic,training
/scratch/pdoshi/audio_comp/home_migrated/audio_comp_data/raw/fma_small/130/130135.mp3,130135,Electronic,training
/scratch/pdoshi/audio_comp/home_migrated/audio_comp_data/raw/fma_small/130/130136.mp3,130136,Electronic,training
/scratch/pdoshi/audio_comp/home_migrated/audio_comp_data/raw/fma_small/130/130137.mp3,130137,Electronic,training
/scratch/pdoshi/audio_comp/home_migrated/audio_comp_data/raw/fma_small/130/130168.mp3,130168,Hip-Hop,training
/scratch/pdoshi/audio_comp/home_migrated/audio_comp_data/raw/fma_small/130/130170.mp3,130170,Hip-Hop,training
/scratch/pdoshi/audio_comp/home_migrated/audio_comp_data/raw/fma_small/130/130218.mp3,130218,Hip-Hop,training
/scratch/pdoshi/audio_comp/home_migrated/audio_comp_data/raw/fma_small/130/130265.mp3,130265,Pop,training
/scratch/pdoshi/audio_comp/home_migrated/audio_comp_data/raw/fma_small/130/130347.mp3,130347,Folk,training
/scratch/pdoshi/audio_comp/home_migrated/audio_comp_data/raw/fma_small/130/130349.mp3,130349,Folk,training
/scratch/pdoshi/audio_comp/home_migrated/audio_comp_data/raw/fma_small/130/130367.mp3,130367,Pop,training
/scratch/pdoshi/audio_comp/home_migrated/audio_comp_data/raw/fma_small/130/130368.mp3,130368,Pop,training
/scratch/pdoshi/audio_comp/home_migrated/audio_comp_data/raw/fma_small/130/130369.mp3,130369,Pop,training
/scratch/pdoshi/audio_comp/home_migrated/audio_comp_data/raw/fma_small/130/130370.mp3,130370,Pop,training
/scratch/pdoshi/audio_comp/home_migrated/audio_comp_data/raw/fma_small/130/130371.mp3,130371,Pop,training
/scratch/pdoshi/audio_comp/home_migrated/audio_comp_data/raw/fma_small/130/130372.mp3,130372,Pop,training
/scratch/pdoshi/audio_comp/home_migrated/audio_comp_data/raw/fma_small/130/130440.mp3,130440,Hip-Hop,training
/scratch/pdoshi/audio_comp/home_migrated/audio_comp_data/raw/fma_small/130/130454.mp3,130454,Hip-Hop,training
/scratch/pdoshi/audio_comp/home_migrated/audio_comp_data/raw/fma_small/130/130456.mp3,130456,Hip-Hop,training
/scratch/pdoshi/audio_comp/home_migrated/audio_comp_data/raw/fma_small/130/130650.mp3,130650,Hip-Hop,training
/scratch/pdoshi/audio_comp/home_migrated/audio_comp_data/raw/fma_small/130/130667.mp3,130667,Folk,training
/scratch/pdoshi/audio_comp/home_migrated/audio_comp_data/raw/fma_small/130/130682.mp3,130682,Rock,training
/scratch/pdoshi/audio_comp/home_migrated/audio_comp_data/raw/fma_small/130/130683.mp3,130683,Rock,training
/scratch/pdoshi/audio_comp/home_migrated/audio_comp_data/raw/fma_small/130/130689.mp3,130689,Rock,training
/scratch/pdoshi/audio_comp/home_migrated/audio_comp_data/raw/fma_small/130/130691.mp3,130691,Rock,training
/scratch/pdoshi/audio_comp/home_migrated/audio_comp_data/raw/fma_small/130/130692.mp3,130692,Rock,training
/scratch/pdoshi/audio_comp/home_migrated/audio_comp_data/raw/fma_small/130/130693.mp3,130693,Rock,training
/scratch/pdoshi/audio_comp/home_migrated/audio_comp_data/raw/fma_small/130/130702.mp3,130702,Hip-Hop,validation
/scratch/pdoshi/audio_comp/home_migrated/audio_comp_data/raw/fma_small/130/130709.mp3,130709,Hip-Hop,training
/scratch/pdoshi/audio_comp/home_migrated/audio_comp_data/raw/fma_small/130/130710.mp3,130710,Hip-Hop,training
/scratch/pdoshi/audio_comp/home_migrated/audio_comp_data/raw/fma_small/130/130711.mp3,130711,Hip-Hop,training
/scratch/pdoshi/audio_comp/home_migrated/audio_comp_data/raw/fma_small/130/130752.mp3,130752,Instrumental,test
/scratch/pdoshi/audio_comp/home_migrated/audio_comp_data/raw/fma_small/130/130758.mp3,130758,Folk,training
/scratch/pdoshi/audio_comp/home_migrated/audio_comp_data/raw/fma_small/130/130920.mp3,130920,Electronic,training
/scratch/pdoshi/audio_comp/home_migrated/audio_comp_data/raw/fma_small/130/130921.mp3,130921,Electronic,training
/scratch/pdoshi/audio_comp/home_migrated/audio_comp_data/raw/fma_small/130/130922.mp3,130922,Electronic,training
/scratch/pdoshi/audio_comp/home_migrated/audio_comp_data/raw/fma_small/130/130923.mp3,130923,Electronic,training
/scratch/pdoshi/audio_comp/home_migrated/audio_comp_data/raw/fma_small/130/130927.mp3,130927,Instrumental,validation
/scratch/pdoshi/audio_comp/home_migrated/audio_comp_data/raw/fma_small/130/130929.mp3,130929,Instrumental,training
/scratch/pdoshi/audio_comp/home_migrated/audio_comp_data/raw/fma_small/130/130930.mp3,130930,Instrumental,training
/scratch/pdoshi/audio_comp/home_migrated/audio_comp_data/raw/fma_small/130/130931.mp3,130931,Instrumental,training
/scratch/pdoshi/audio_comp/home_migrated/audio_comp_data/raw/fma_small/130/130932.mp3,130932,Instrumental,training
/scratch/pdoshi/audio_comp/home_migrated/audio_comp_data/raw/fma_small/130/130933.mp3,130933,Instrumental,training
/scratch/pdoshi/audio_comp/home_migrated/audio_comp_data/raw/fma_small/130/130934.mp3,130934,Instrumental,training
/scratch/pdoshi/audio_comp/home_migrated/audio_comp_data/raw/fma_small/130/130937.mp3,130937,Folk,training
/scratch/pdoshi/audio_comp/home_migrated/audio_comp_data/raw/fma_small/130/130940.mp3,130940,Folk,training
/scratch/pdoshi/audio_comp/home_migrated/audio_comp_data/raw/fma_small/130/130944.mp3,130944,Folk,training
/scratch/pdoshi/audio_comp/home_migrated/audio_comp_data/raw/fma_small/130/130945.mp3,130945,Folk,training
/scratch/pdoshi/audio_comp/home_migrated/audio_comp_data/raw/fma_small/130/130948.mp3,130948,Folk,training
/scratch/pdoshi/audio_comp/home_migrated/audio_comp_data/raw/fma_small/130/130950.mp3,130950,Folk,training
/scratch/pdoshi/audio_comp/home_migrated/audio_comp_data/raw/fma_small/130/130951.mp3,130951,Folk,training
/scratch/pdoshi/audio_comp/home_migrated/audio_comp_data/raw/fma_small/130/130952.mp3,130952,Folk,training
/scratch/pdoshi/audio_comp/home_migrated/audio_comp_data/raw/fma_small/130/130953.mp3,130953,Folk,training
/scratch/pdoshi/audio_comp/home_migrated/audio_comp_data/raw/fma_small/130/130954.mp3,130954,Folk,training
/scratch/pdoshi/audio_comp/home_migrated/audio_comp_data/raw/fma_small/130/130955.mp3,130955,Folk,training
/scratch/pdoshi/audio_comp/home_migrated/audio_comp_data/raw/fma_small/130/130956.mp3,130956,Folk,training
/scratch/pdoshi/audio_comp/home_migrated/audio_comp_data/raw/fma_small/130/130963.mp3,130963,Folk,training
/scratch/pdoshi/audio_comp/home_migrated/audio_comp_data/raw/fma_small/130/130964.mp3,130964,Folk,training
/scratch/pdoshi/audio_comp/home_migrated/audio_comp_data/raw/fma_small/130/130986.mp3,130986,Experimental,training
/scratch/pdoshi/audio_comp/home_migrated/audio_comp_data/raw/fma_small/130/130988.mp3,130988,Instrumental,training
/scratch/pdoshi/audio_comp/home_migrated/audio_comp_data/raw/fma_small/130/130989.mp3,130989,Instrumental,training
/scratch/pdoshi/audio_comp/home_migrated/audio_comp_data/raw/fma_small/130/130990.mp3,130990,Instrumental,training
/scratch/pdoshi/audio_comp/home_migrated/audio_comp_data/raw/fma_small/130/130991.mp3,130991,Instrumental,training
/scratch/pdoshi/audio_comp/home_migrated/audio_comp_data/raw/fma_small/130/130992.mp3,130992,Instrumental,training
/scratch/pdoshi/audio_comp/home_migrated/audio_comp_data/raw/fma_small/130/130993.mp3,130993,Instrumental,training
/scratch/pdoshi/audio_comp/home_migrated/audio_comp_data/raw/fma_small/131/131016.mp3,131016,Hip-Hop,training
/scratch/pdoshi/audio_comp/home_migrated/audio_comp_data/raw/fma_small/131/131019.mp3,131019,Hip-Hop,training
/scratch/pdoshi/audio_comp/home_migrated/audio_comp_data/raw/fma_small/131/131020.mp3,131020,Hip-Hop,training
/scratch/pdoshi/audio_comp/home_migrated/audio_comp_data/raw/fma_small/131/131021.mp3,131021,Hip-Hop,training
/scratch/pdoshi/audio_comp/home_migrated/audio_comp_data/raw/fma_small/131/131024.mp3,131024,Experimental,training
/scratch/pdoshi/audio_comp/home_migrated/audio_comp_data/raw/fma_small/131/131166.mp3,131166,Rock,training
/scratch/pdoshi/audio_comp/home_migrated/audio_comp_data/raw/fma_small/131/131292.mp3,131292,Rock,training
/scratch/pdoshi/audio_comp/home_migrated/audio_comp_data/raw/fma_small/131/131323.mp3,131323,Instrumental,training
/scratch/pdoshi/audio_comp/home_migrated/audio_comp_data/raw/fma_small/131/131324.mp3,131324,Instrumental,training
/scratch/pdoshi/audio_comp/home_migrated/audio_comp_data/raw/fma_small/131/131325.mp3,131325,Instrumental,training
/scratch/pdoshi/audio_comp/home_migrated/audio_comp_data/raw/fma_small/131/131326.mp3,131326,Instrumental,training
/scratch/pdoshi/audio_comp/home_migrated/audio_comp_data/raw/fma_small/131/131327.mp3,131327,Instrumental,training
/scratch/pdoshi/audio_comp/home_migrated/audio_comp_data/raw/fma_small/131/131385.mp3,131385,Experimental,training
/scratch/pdoshi/audio_comp/home_migrated/audio_comp_data/raw/fma_small/131/131410.mp3,131410,Experimental,test
/scratch/pdoshi/audio_comp/home_migrated/audio_comp_data/raw/fma_small/131/131422.mp3,131422,Hip-Hop,training
/scratch/pdoshi/audio_comp/home_migrated/audio_comp_data/raw/fma_small/131/131425.mp3,131425,Hip-Hop,training
/scratch/pdoshi/audio_comp/home_migrated/audio_comp_data/raw/fma_small/131/131426.mp3,131426,Hip-Hop,training
/scratch/pdoshi/audio_comp/home_migrated/audio_comp_data/raw/fma_small/131/131436.mp3,131436,Pop,training
/scratch/pdoshi/audio_comp/home_migrated/audio_comp_data/raw/fma_small/131/131439.mp3,131439,Pop,training
/scratch/pdoshi/audio_comp/home_migrated/audio_comp_data/raw/fma_small/131/131444.mp3,131444,Pop,training
/scratch/pdoshi/audio_comp/home_migrated/audio_comp_data/raw/fma_small/131/131446.mp3,131446,Pop,training
/scratch/pdoshi/audio_comp/home_migrated/audio_comp_data/raw/fma_small/131/131448.mp3,131448,Pop,training
/scratch/pdoshi/audio_comp/home_migrated/audio_comp_data/raw/fma_small/131/131449.mp3,131449,Pop,training
/scratch/pdoshi/audio_comp/home_migrated/audio_comp_data/raw/fma_small/131/131451.mp3,131451,Pop,training
/scratch/pdoshi/audio_comp/home_migrated/audio_comp_data/raw/fma_small/131/131452.mp3,131452,Pop,training
/scratch/pdoshi/audio_comp/home_migrated/audio_comp_data/raw/fma_small/131/131453.mp3,131453,Pop,training
/scratch/pdoshi/audio_comp/home_migrated/audio_comp_data/raw/fma_small/131/131454.mp3,131454,Pop,training
/scratch/pdoshi/audio_comp/home_migrated/audio_comp_data/raw/fma_small/131/131476.mp3,131476,Instrumental,test
/scratch/pdoshi/audio_comp/home_migrated/audio_comp_data/raw/fma_small/131/131536.mp3,131536,Rock,training
/scratch/pdoshi/audio_comp/home_migrated/audio_comp_data/raw/fma_small/131/131540.mp3,131540,Experimental,validation
/scratch/pdoshi/audio_comp/home_migrated/audio_comp_data/raw/fma_small/131/131552.mp3,131552,Rock,training
/scratch/pdoshi/audio_comp/home_migrated/audio_comp_data/raw/fma_small/131/131553.mp3,131553,Rock,training
/scratch/pdoshi/audio_comp/home_migrated/audio_comp_data/raw/fma_small/131/131554.mp3,131554,Rock,training
/scratch/pdoshi/audio_comp/home_migrated/audio_comp_data/raw/fma_small/131/131567.mp3,131567,Experimental,training
/scratch/pdoshi/audio_comp/home_migrated/audio_comp_data/raw/fma_small/131/131624.mp3,131624,Experimental,training
/scratch/pdoshi/audio_comp/home_migrated/audio_comp_data/raw/fma_small/131/131656.mp3,131656,Rock,training
/scratch/pdoshi/audio_comp/home_migrated/audio_comp_data/raw/fma_small/131/131657.mp3,131657,Rock,training
/scratch/pdoshi/audio_comp/home_migrated/audio_comp_data/raw/fma_small/131/131658.mp3,131658,Rock,training
/scratch/pdoshi/audio_comp/home_migrated/audio_comp_data/raw/fma_small/131/131764.mp3,131764,Pop,training
/scratch/pdoshi/audio_comp/home_migrated/audio_comp_data/raw/fma_small/131/131767.mp3,131767,Pop,training
/scratch/pdoshi/audio_comp/home_migrated/audio_comp_data/raw/fma_small/131/131770.mp3,131770,Pop,training
/scratch/pdoshi/audio_comp/home_migrated/audio_comp_data/raw/fma_small/131/131771.mp3,131771,Pop,training
/scratch/pdoshi/audio_comp/home_migrated/audio_comp_data/raw/fma_small/131/131772.mp3,131772,Pop,training
/scratch/pdoshi/audio_comp/home_migrated/audio_comp_data/raw/fma_small/131/131773.mp3,131773,Pop,training
/scratch/pdoshi/audio_comp/home_migrated/audio_comp_data/raw/fma_small/131/131774.mp3,131774,Pop,training
/scratch/pdoshi/audio_comp/home_migrated/audio_comp_data/raw/fma_small/131/131787.mp3,131787,Instrumental,training
/scratch/pdoshi/audio_comp/home_migrated/audio_comp_data/raw/fma_small/131/131789.mp3,131789,Instrumental,training
/scratch/pdoshi/audio_comp/home_migrated/audio_comp_data/raw/fma_small/131/131791.mp3,131791,Instrumental,training
/scratch/pdoshi/audio_comp/home_migrated/audio_comp_data/raw/fma_small/131/131792.mp3,131792,Instrumental,training
/scratch/pdoshi/audio_comp/home_migrated/audio_comp_data/raw/fma_small/131/131794.mp3,131794,Instrumental,training
/scratch/pdoshi/audio_comp/home_migrated/audio_comp_data/raw/fma_small/131/131795.mp3,131795,Instrumental,training
/scratch/pdoshi/audio_comp/home_migrated/audio_comp_data/raw/fma_small/131/131796.mp3,131796,Instrumental,training
/scratch/pdoshi/audio_comp/home_migrated/audio_comp_data/raw/fma_small/131/131797.mp3,131797,Instrumental,training
/scratch/pdoshi/audio_comp/home_migrated/audio_comp_data/raw/fma_small/131/131837.mp3,131837,Instrumental,training
/scratch/pdoshi/audio_comp/home_migrated/audio_comp_data/raw/fma_small/131/131897.mp3,131897,Folk,training
/scratch/pdoshi/audio_comp/home_migrated/audio_comp_data/raw/fma_small/131/131899.mp3,131899,Folk,training
/scratch/pdoshi/audio_comp/home_migrated/audio_comp_data/raw/fma_small/131/131900.mp3,131900,Folk,training
/scratch/pdoshi/audio_comp/home_migrated/audio_comp_data/raw/fma_small/131/131901.mp3,131901,Folk,training
/scratch/pdoshi/audio_comp/home_migrated/audio_comp_data/raw/fma_small/131/131902.mp3,131902,Folk,training
/scratch/pdoshi/audio_comp/home_migrated/audio_comp_data/raw/fma_small/131/131903.mp3,131903,Folk,training
/scratch/pdoshi/audio_comp/home_migrated/audio_comp_data/raw/fma_small/131/131904.mp3,131904,Folk,training
/scratch/pdoshi/audio_comp/home_migrated/audio_comp_data/raw/fma_small/131/131911.mp3,131911,Instrumental,training
/scratch/pdoshi/audio_comp/home_migrated/audio_comp_data/raw/fma_small/131/131912.mp3,131912,Instrumental,training
/scratch/pdoshi/audio_comp/home_migrated/audio_comp_data/raw/fma_small/131/131913.mp3,131913,Instrumental,training
/scratch/pdoshi/audio_comp/home_migrated/audio_comp_data/raw/fma_small/131/131914.mp3,131914,Instrumental,training
/scratch/pdoshi/audio_comp/home_migrated/audio_comp_data/raw/fma_small/131/131917.mp3,131917,Instrumental,training
/scratch/pdoshi/audio_comp/home_migrated/audio_comp_data/raw/fma_small/131/131918.mp3,131918,Instrumental,training
/scratch/pdoshi/audio_comp/home_migrated/audio_comp_data/raw/fma_small/131/131919.mp3,131919,Instrumental,training
/scratch/pdoshi/audio_comp/home_migrated/audio_comp_data/raw/fma_small/131/131922.mp3,131922,Instrumental,training
/scratch/pdoshi/audio_comp/home_migrated/audio_comp_data/raw/fma_small/131/131923.mp3,131923,Instrumental,training
/scratch/pdoshi/audio_comp/home_migrated/audio_comp_data/raw/fma_small/131/131924.mp3,131924,Instrumental,training
/scratch/pdoshi/audio_comp/home_migrated/audio_comp_data/raw/fma_small/131/131925.mp3,131925,Instrumental,training
/scratch/pdoshi/audio_comp/home_migrated/audio_comp_data/raw/fma_small/131/131932.mp3,131932,International,test
/scratch/pdoshi/audio_comp/home_migrated/audio_comp_data/raw/fma_small/131/131933.mp3,131933,International,test
/scratch/pdoshi/audio_comp/home_migrated/audio_comp_data/raw/fma_small/131/131934.mp3,131934,International,test
/scratch/pdoshi/audio_comp/home_migrated/audio_comp_data/raw/fma_small/131/131935.mp3,131935,International,test
/scratch/pdoshi/audio_comp/home_migrated/audio_comp_data/raw/fma_small/131/131936.mp3,131936,International,test
/scratch/pdoshi/audio_comp/home_migrated/audio_comp_data/raw/fma_small/131/131938.mp3,131938,International,training
/scratch/pdoshi/audio_comp/home_migrated/audio_comp_data/raw/fma_small/131/131939.mp3,131939,International,training
/scratch/pdoshi/audio_comp/home_migrated/audio_comp_data/raw/fma_small/131/131940.mp3,131940,International,training
/scratch/pdoshi/audio_comp/home_migrated/audio_comp_data/raw/fma_small/131/131941.mp3,131941,International,training
/scratch/pdoshi/audio_comp/home_migrated/audio_comp_data/raw/fma_small/131/131942.mp3,131942,International,training
/scratch/pdoshi/audio_comp/home_migrated/audio_comp_data/raw/fma_small/131/131950.mp3,131950,International,training
/scratch/pdoshi/audio_comp/home_migrated/audio_comp_data/raw/fma_small/131/131951.mp3,131951,International,training
/scratch/pdoshi/audio_comp/home_migrated/audio_comp_data/raw/fma_small/131/131952.mp3,131952,International,training
/scratch/pdoshi/audio_comp/home_migrated/audio_comp_data/raw/fma_small/131/131953.mp3,131953,International,training
/scratch/pdoshi/audio_comp/home_migrated/audio_comp_data/raw/fma_small/131/131978.mp3,131978,Rock,validation
/scratch/pdoshi/audio_comp/home_migrated/audio_comp_data/raw/fma_small/131/131979.mp3,131979,Rock,validation
/scratch/pdoshi/audio_comp/home_migrated/audio_comp_data/raw/fma_small/131/131980.mp3,131980,Instrumental,training
/scratch/pdoshi/audio_comp/home_migrated/audio_comp_data/raw/fma_small/131/131982.mp3,131982,Instrumental,training
/scratch/pdoshi/audio_comp/home_migrated/audio_comp_data/raw/fma_small/131/131983.mp3,131983,Instrumental,training
/scratch/pdoshi/audio_comp/home_migrated/audio_comp_data/raw/fma_small/131/131984.mp3,131984,Instrumental,training
/scratch/pdoshi/audio_comp/home_migrated/audio_comp_data/raw/fma_small/131/131985.mp3,131985,Instrumental,training
/scratch/pdoshi/audio_comp/home_migrated/audio_comp_data/raw/fma_small/131/131986.mp3,131986,Instrumental,training
/scratch/pdoshi/audio_comp/home_migrated/audio_comp_data/raw/fma_small/132/132019.mp3,132019,Experimental,training
/scratch/pdoshi/audio_comp/home_migrated/audio_comp_data/raw/fma_small/132/132040.mp3,132040,Folk,training
/scratch/pdoshi/audio_comp/home_migrated/audio_comp_data/raw/fma_small/132/132041.mp3,132041,Folk,training
/scratch/pdoshi/audio_comp/home_migrated/audio_comp_data/raw/fma_small/132/132042.mp3,132042,Folk,training
/scratch/pdoshi/audio_comp/home_migrated/audio_comp_data/raw/fma_small/132/132045.mp3,132045,Folk,training
/scratch/pdoshi/audio_comp/home_migrated/audio_comp_data/raw/fma_small/132/132117.mp3,132117,Hip-Hop,test
/scratch/pdoshi/audio_comp/home_migrated/audio_comp_data/raw/fma_small/132/132118.mp3,132118,Hip-Hop,training
/scratch/pdoshi/audio_comp/home_migrated/audio_comp_data/raw/fma_small/132/132122.mp3,132122,Pop,training
/scratch/pdoshi/audio_comp/home_migrated/audio_comp_data/raw/fma_small/132/132134.mp3,132134,Electronic,training
/scratch/pdoshi/audio_comp/home_migrated/audio_comp_data/raw/fma_small/132/132138.mp3,132138,Electronic,training
/scratch/pdoshi/audio_comp/home_migrated/audio_comp_data/raw/fma_small/132/132139.mp3,132139,International,training
/scratch/pdoshi/audio_comp/home_migrated/audio_comp_data/raw/fma_small/132/132140.mp3,132140,International,training
/scratch/pdoshi/audio_comp/home_migrated/audio_comp_data/raw/fma_small/132/132141.mp3,132141,International,training
/scratch/pdoshi/audio_comp/home_migrated/audio_comp_data/raw/fma_small/132/132142.mp3,132142,International,training
/scratch/pdoshi/audio_comp/home_migrated/audio_comp_data/raw/fma_small/132/132171.mp3,132171,Rock,test
/scratch/pdoshi/audio_comp/home_migrated/audio_comp_data/raw/fma_small/132/132272.mp3,132272,Experimental,training
/scratch/pdoshi/audio_comp/home_migrated/audio_comp_data/raw/fma_small/132/132310.mp3,132310,Instrumental,validation
/scratch/pdoshi/audio_comp/home_migrated/audio_comp_data/raw/fma_small/132/132420.mp3,132420,Electronic,training
/scratch/pdoshi/audio_comp/home_migrated/audio_comp_data/raw/fma_small/132/132424.mp3,132424,Experimental,training
/scratch/pdoshi/audio_comp/home_migrated/audio_comp_data/raw/fma_small/132/132434.mp3,132434,Experimental,training
/scratch/pdoshi/audio_comp/home_migrated/audio_comp_data/raw/fma_small/132/132436.mp3,132436,Experimental,training
/scratch/pdoshi/audio_comp/home_migrated/audio_comp_data/raw/fma_small/132/132448.mp3,132448,Electronic,test
/scratch/pdoshi/audio_comp/home_migrated/audio_comp_data/raw/fma_small/132/132449.mp3,132449,Folk,validation
/scratch/pdoshi/audio_comp/home_migrated/audio_comp_data/raw/fma_small/132/132453.mp3,132453,Folk,validation
/scratch/pdoshi/audio_comp/home_migrated/audio_comp_data/raw/fma_small/132/132454.mp3,132454,Folk,validation
/scratch/pdoshi/audio_comp/home_migrated/audio_comp_data/raw/fma_small/132/132455.mp3,132455,Folk,validation
/scratch/pdoshi/audio_comp/home_migrated/audio_comp_data/raw/fma_small/132/132456.mp3,132456,Folk,validation
/scratch/pdoshi/audio_comp/home_migrated/audio_comp_data/raw/fma_small/132/132561.mp3,132561,Instrumental,training
/scratch/pdoshi/audio_comp/home_migrated/audio_comp_data/raw/fma_small/132/132566.mp3,132566,Instrumental,training
/scratch/pdoshi/audio_comp/home_migrated/audio_comp_data/raw/fma_small/132/132567.mp3,132567,Instrumental,training
/scratch/pdoshi/audio_comp/home_migrated/audio_comp_data/raw/fma_small/132/132568.mp3,132568,Instrumental,training
/scratch/pdoshi/audio_comp/home_migrated/audio_comp_data/raw/fma_small/132/132589.mp3,132589,Experimental,validation
/scratch/pdoshi/audio_comp/home_migrated/audio_comp_data/raw/fma_small/132/132675.mp3,132675,Instrumental,training
/scratch/pdoshi/audio_comp/home_migrated/audio_comp_data/raw/fma_small/132/132677.mp3,132677,Instrumental,training
/scratch/pdoshi/audio_comp/home_migrated/audio_comp_data/raw/fma_small/132/132678.mp3,132678,Instrumental,training
/scratch/pdoshi/audio_comp/home_migrated/audio_comp_data/raw/fma_small/132/132679.mp3,132679,Instrumental,training
/scratch/pdoshi/audio_comp/home_migrated/audio_comp_data/raw/fma_small/132/132773.mp3,132773,Electronic,training
/scratch/pdoshi/audio_comp/home_migrated/audio_comp_data/raw/fma_small/132/132774.mp3,132774,Electronic,training
/scratch/pdoshi/audio_comp/home_migrated/audio_comp_data/raw/fma_small/132/132775.mp3,132775,Electronic,training
/scratch/pdoshi/audio_comp/home_migrated/audio_comp_data/raw/fma_small/132/132778.mp3,132778,Pop,training
/scratch/pdoshi/audio_comp/home_migrated/audio_comp_data/raw/fma_small/132/132779.mp3,132779,Pop,training
/scratch/pdoshi/audio_comp/home_migrated/audio_comp_data/raw/fma_small/132/132781.mp3,132781,Pop,training
/scratch/pdoshi/audio_comp/home_migrated/audio_comp_data/raw/fma_small/132/132784.mp3,132784,Pop,training
/scratch/pdoshi/audio_comp/home_migrated/audio_comp_data/raw/fma_small/132/132786.mp3,132786,Pop,training
/scratch/pdoshi/audio_comp/home_migrated/audio_comp_data/raw/fma_small/132/132787.mp3,132787,Pop,training
/scratch/pdoshi/audio_comp/home_migrated/audio_comp_data/raw/fma_small/132/132788.mp3,132788,Pop,training
/scratch/pdoshi/audio_comp/home_migrated/audio_comp_data/raw/fma_small/132/132789.mp3,132789,Pop,training
/scratch/pdoshi/audio_comp/home_migrated/audio_comp_data/raw/fma_small/132/132790.mp3,132790,Pop,training
/scratch/pdoshi/audio_comp/home_migrated/audio_comp_data/raw/fma_small/132/132791.mp3,132791,Pop,training
/scratch/pdoshi/audio_comp/home_migrated/audio_comp_data/raw/fma_small/132/132792.mp3,132792,Pop,training
/scratch/pdoshi/audio_comp/home_migrated/audio_comp_data/raw/fma_small/132/132793.mp3,132793,Pop,training
/scratch/pdoshi/audio_comp/home_migrated/audio_comp_data/raw/fma_small/132/132794.mp3,132794,Pop,training
/scratch/pdoshi/audio_comp/home_migrated/audio_comp_data/raw/fma_small/132/132795.mp3,132795,Pop,training
/scratch/pdoshi/audio_comp/home_migrated/audio_comp_data/raw/fma_small/132/132914.mp3,132914,Rock,training
/scratch/pdoshi/audio_comp/home_migrated/audio_comp_data/raw/fma_small/132/132954.mp3,132954,Hip-Hop,training
/scratch/pdoshi/audio_comp/home_migrated/audio_comp_data/raw/fma_small/132/132961.mp3,132961,Hip-Hop,training
/scratch/pdoshi/audio_comp/home_migrated/audio_comp_data/raw/fma_small/132/132962.mp3,132962,Hip-Hop,training
/scratch/pdoshi/audio_comp/home_migrated/audio_comp_data/raw/fma_small/132/132963.mp3,132963,Hip-Hop,training
/scratch/pdoshi/audio_comp/home_migrated/audio_comp_data/raw/fma_small/132/132964.mp3,132964,Hip-Hop,training
/scratch/pdoshi/audio_comp/home_migrated/audio_comp_data/raw/fma_small/132/132965.mp3,132965,Hip-Hop,training
/scratch/pdoshi/audio_comp/home_migrated/audio_comp_data/raw/fma_small/133/133015.mp3,133015,Electronic,training
/scratch/pdoshi/audio_comp/home_migrated/audio_comp_data/raw/fma_small/133/133016.mp3,133016,Electronic,training
/scratch/pdoshi/audio_comp/home_migrated/audio_comp_data/raw/fma_small/133/133019.mp3,133019,Electronic,training
/scratch/pdoshi/audio_comp/home_migrated/audio_comp_data/raw/fma_small/133/133020.mp3,133020,Electronic,training
/scratch/pdoshi/audio_comp/home_migrated/audio_comp_data/raw/fma_small/133/133022.mp3,133022,Electronic,training
/scratch/pdoshi/audio_comp/home_migrated/audio_comp_data/raw/fma_small/133/133023.mp3,133023,Electronic,training
/scratch/pdoshi/audio_comp/home_migrated/audio_comp_data/raw/fma_small/133/133024.mp3,133024,Electronic,training
/scratch/pdoshi/audio_comp/home_migrated/audio_comp_data/raw/fma_small/133/133025.mp3,133025,Electronic,training
/scratch/pdoshi/audio_comp/home_migrated/audio_comp_data/raw/fma_small/133/133026.mp3,133026,Electronic,training
/scratch/pdoshi/audio_comp/home_migrated/audio_comp_data/raw/fma_small/133/133027.mp3,133027,Electronic,training
/scratch/pdoshi/audio_comp/home_migrated/audio_comp_data/raw/fma_small/133/133028.mp3,133028,Electronic,training
/scratch/pdoshi/audio_comp/home_migrated/audio_comp_data/raw/fma_small/133/133029.mp3,133029,Electronic,training
/scratch/pdoshi/audio_comp/home_migrated/audio_comp_data/raw/fma_small/133/133100.mp3,133100,Instrumental,validation
/scratch/pdoshi/audio_comp/home_migrated/audio_comp_data/raw/fma_small/133/133102.mp3,133102,Instrumental,test
/scratch/pdoshi/audio_comp/home_migrated/audio_comp_data/raw/fma_small/133/133272.mp3,133272,Rock,training
/scratch/pdoshi/audio_comp/home_migrated/audio_comp_data/raw/fma_small/133/133273.mp3,133273,Rock,training
/scratch/pdoshi/audio_comp/home_migrated/audio_comp_data/raw/fma_small/133/133274.mp3,133274,Rock,training
/scratch/pdoshi/audio_comp/home_migrated/audio_comp_data/raw/fma_small/133/133275.mp3,133275,Rock,training
/scratch/pdoshi/audio_comp/home_migrated/audio_comp_data/raw/fma_small/133/133276.mp3,133276,Rock,training
/scratch/pdoshi/audio_comp/home_migrated/audio_comp_data/raw/fma_small/133/133293.mp3,133293,Experimental,training
/scratch/pdoshi/audio_comp/home_migrated/audio_comp_data/raw/fma_small/133/133294.mp3,133294,Experimental,training
/scratch/pdoshi/audio_comp/home_migrated/audio_comp_data/raw/fma_small/133/133297.mp3,133297,Experimental,training
/scratch/pdoshi/audio_comp/home_migrated/audio_comp_data/raw/fma_small/133/133332.mp3,133332,Experimental,training
/scratch/pdoshi/audio_comp/home_migrated/audio_comp_data/raw/fma_small/133/133333.mp3,133333,Experimental,training
/scratch/pdoshi/audio_comp/home_migrated/audio_comp_data/raw/fma_small/133/133431.mp3,133431,Instrumental,validation
/scratch/pdoshi/audio_comp/home_migrated/audio_comp_data/raw/fma_small/133/133432.mp3,133432,Instrumental,validation
/scratch/pdoshi/audio_comp/home_migrated/audio_comp_data/raw/fma_small/133/133433.mp3,133433,Instrumental,validation
/scratch/pdoshi/audio_comp/home_migrated/audio_comp_data/raw/fma_small/133/133434.mp3,133434,Instrumental,validation
/scratch/pdoshi/audio_comp/home_migrated/audio_comp_data/raw/fma_small/133/133435.mp3,133435,Instrumental,validation
/scratch/pdoshi/audio_comp/home_migrated/audio_comp_data/raw/fma_small/133/133436.mp3,133436,Instrumental,validation
/scratch/pdoshi/audio_comp/home_migrated/audio_comp_data/raw/fma_small/133/133437.mp3,133437,Instrumental,validation
/scratch/pdoshi/audio_comp/home_migrated/audio_comp_data/raw/fma_small/133/133438.mp3,133438,Instrumental,validation
/scratch/pdoshi/audio_comp/home_migrated/audio_comp_data/raw/fma_small/133/133439.mp3,133439,Instrumental,validation
/scratch/pdoshi/audio_comp/home_migrated/audio_comp_data/raw/fma_small/133/133440.mp3,133440,Instrumental,validation
/scratch/pdoshi/audio_comp/home_migrated/audio_comp_data/raw/fma_small/133/133441.mp3,133441,Instrumental,validation
/scratch/pdoshi/audio_comp/home_migrated/audio_comp_data/raw/fma_small/133/133442.mp3,133442,Instrumental,validation
/scratch/pdoshi/audio_comp/home_migrated/audio_comp_data/raw/fma_small/133/133443.mp3,133443,Instrumental,validation
/scratch/pdoshi/audio_comp/home_migrated/audio_comp_data/raw/fma_small/133/133444.mp3,133444,Instrumental,validation
/scratch/pdoshi/audio_comp/home_migrated/audio_comp_data/raw/fma_small/133/133445.mp3,133445,Instrumental,validation
/scratch/pdoshi/audio_comp/home_migrated/audio_comp_data/raw/fma_small/133/133446.mp3,133446,Instrumental,validation
/scratch/pdoshi/audio_comp/home_migrated/audio_comp_data/raw/fma_small/133/133447.mp3,133447,Instrumental,validation
/scratch/pdoshi/audio_comp/home_migrated/audio_comp_data/raw/fma_small/133/133448.mp3,133448,Instrumental,validation
/scratch/pdoshi/audio_comp/home_migrated/audio_comp_data/raw/fma_small/133/133449.mp3,133449,Instrumental,validation
/scratch/pdoshi/audio_comp/home_migrated/audio_comp_data/raw/fma_small/133/133450.mp3,133450,Instrumental,validation
/scratch/pdoshi/audio_comp/home_migrated/audio_comp_data/raw/fma_small/133/133451.mp3,133451,Instrumental,validation
/scratch/pdoshi/audio_comp/home_migrated/audio_comp_data/raw/fma_small/133/133452.mp3,133452,Instrumental,validation
/scratch/pdoshi/audio_comp/home_migrated/audio_comp_data/raw/fma_small/133/133453.mp3,133453,Instrumental,validation
/scratch/pdoshi/audio_comp/home_migrated/audio_comp_data/raw/fma_small/133/133454.mp3,133454,Instrumental,validation
/scratch/pdoshi/audio_comp/home_migrated/audio_comp_data/raw/fma_small/133/133455.mp3,133455,Instrumental,validation
/scratch/pdoshi/audio_comp/home_migrated/audio_comp_data/raw/fma_small/133/133456.mp3,133456,Instrumental,validation
/scratch/pdoshi/audio_comp/home_migrated/audio_comp_data/raw/fma_small/133/133457.mp3,133457,Instrumental,validation
/scratch/pdoshi/audio_comp/home_migrated/audio_comp_data/raw/fma_small/133/133459.mp3,133459,Instrumental,validation
/scratch/pdoshi/audio_comp/home_migrated/audio_comp_data/raw/fma_small/133/133479.mp3,133479,Rock,training
/scratch/pdoshi/audio_comp/home_migrated/audio_comp_data/raw/fma_small/133/133535.mp3,133535,Instrumental,training
/scratch/pdoshi/audio_comp/home_migrated/audio_comp_data/raw/fma_small/133/133537.mp3,133537,Instrumental,training
/scratch/pdoshi/audio_comp/home_migrated/audio_comp_data/raw/fma_small/133/133538.mp3,133538,Instrumental,training
/scratch/pdoshi/audio_comp/home_migrated/audio_comp_data/raw/fma_small/133/133544.mp3,133544,Instrumental,training
/scratch/pdoshi/audio_comp/home_migrated/audio_comp_data/raw/fma_small/133/133545.mp3,133545,Instrumental,training
/scratch/pdoshi/audio_comp/home_migrated/audio_comp_data/raw/fma_small/133/133546.mp3,133546,Instrumental,training
/scratch/pdoshi/audio_comp/home_migrated/audio_comp_data/raw/fma_small/133/133551.mp3,133551,Instrumental,training
/scratch/pdoshi/audio_comp/home_migrated/audio_comp_data/raw/fma_small/133/133553.mp3,133553,Instrumental,training
/scratch/pdoshi/audio_comp/home_migrated/audio_comp_data/raw/fma_small/133/133560.mp3,133560,Instrumental,training
/scratch/pdoshi/audio_comp/home_migrated/audio_comp_data/raw/fma_small/133/133561.mp3,133561,Instrumental,training
/scratch/pdoshi/audio_comp/home_migrated/audio_comp_data/raw/fma_small/133/133562.mp3,133562,Instrumental,training
/scratch/pdoshi/audio_comp/home_migrated/audio_comp_data/raw/fma_small/133/133563.mp3,133563,Instrumental,training
/scratch/pdoshi/audio_comp/home_migrated/audio_comp_data/raw/fma_small/133/133564.mp3,133564,Instrumental,training
/scratch/pdoshi/audio_comp/home_migrated/audio_comp_data/raw/fma_small/133/133567.mp3,133567,Instrumental,training
/scratch/pdoshi/audio_comp/home_migrated/audio_comp_data/raw/fma_small/133/133571.mp3,133571,Instrumental,training
/scratch/pdoshi/audio_comp/home_migrated/audio_comp_data/raw/fma_small/133/133572.mp3,133572,Instrumental,training
/scratch/pdoshi/audio_comp/home_migrated/audio_comp_data/raw/fma_small/133/133573.mp3,133573,Instrumental,training
/scratch/pdoshi/audio_comp/home_migrated/audio_comp_data/raw/fma_small/133/133574.mp3,133574,Instrumental,training
/scratch/pdoshi/audio_comp/home_migrated/audio_comp_data/raw/fma_small/133/133576.mp3,133576,Instrumental,training
/scratch/pdoshi/audio_comp/home_migrated/audio_comp_data/raw/fma_small/133/133579.mp3,133579,Instrumental,training
/scratch/pdoshi/audio_comp/home_migrated/audio_comp_data/raw/fma_small/133/133580.mp3,133580,Instrumental,training
/scratch/pdoshi/audio_comp/home_migrated/audio_comp_data/raw/fma_small/133/133632.mp3,133632,Rock,training
/scratch/pdoshi/audio_comp/home_migrated/audio_comp_data/raw/fma_small/133/133638.mp3,133638,Folk,training
/scratch/pdoshi/audio_comp/home_migrated/audio_comp_data/raw/fma_small/133/133639.mp3,133639,Folk,training
/scratch/pdoshi/audio_comp/home_migrated/audio_comp_data/raw/fma_small/133/133681.mp3,133681,Instrumental,test
/scratch/pdoshi/audio_comp/home_migrated/audio_comp_data/raw/fma_small/133/133729.mp3,133729,Rock,training
/scratch/pdoshi/audio_comp/home_migrated/audio_comp_data/raw/fma_small/133/133731.mp3,133731,Rock,training
/scratch/pdoshi/audio_comp/home_migrated/audio_comp_data/raw/fma_small/133/133770.mp3,133770,Experimental,training
/scratch/pdoshi/audio_comp/home_migrated/audio_comp_data/raw/fma_small/133/133772.mp3,133772,Rock,test
/scratch/pdoshi/audio_comp/home_migrated/audio_comp_data/raw/fma_small/133/133780.mp3,133780,Folk,validation
/scratch/pdoshi/audio_comp/home_migrated/audio_comp_data/raw/fma_small/133/133781.mp3,133781,Folk,validation
/scratch/pdoshi/audio_comp/home_migrated/audio_comp_data/raw/fma_small/133/133788.mp3,133788,Folk,training
/scratch/pdoshi/audio_comp/home_migrated/audio_comp_data/raw/fma_small/133/133793.mp3,133793,Folk,training
/scratch/pdoshi/audio_comp/home_migrated/audio_comp_data/raw/fma_small/133/133798.mp3,133798,Folk,training
/scratch/pdoshi/audio_comp/home_migrated/audio_comp_data/raw/fma_small/133/133802.mp3,133802,Folk,training
/scratch/pdoshi/audio_comp/home_migrated/audio_comp_data/raw/fma_small/133/133803.mp3,133803,Folk,training
/scratch/pdoshi/audio_comp/home_migrated/audio_comp_data/raw/fma_small/133/133833.mp3,133833,Rock,training
/scratch/pdoshi/audio_comp/home_migrated/audio_comp_data/raw/fma_small/133/133835.mp3,133835,International,training
/scratch/pdoshi/audio_comp/home_migrated/audio_comp_data/raw/fma_small/133/133836.mp3,133836,International,training
/scratch/pdoshi/audio_comp/home_migrated/audio_comp_data/raw/fma_small/133/133837.mp3,133837,International,training
/scratch/pdoshi/audio_comp/home_migrated/audio_comp_data/raw/fma_small/133/133838.mp3,133838,International,training
/scratch/pdoshi/audio_comp/home_migrated/audio_comp_data/raw/fma_small/133/133916.mp3,133916,Experimental,training
/scratch/pdoshi/audio_comp/home_migrated/audio_comp_data/raw/fma_small/133/133942.mp3,133942,Instrumental,training
/scratch/pdoshi/audio_comp/home_migrated/audio_comp_data/raw/fma_small/133/133943.mp3,133943,Instrumental,training
/scratch/pdoshi/audio_comp/home_migrated/audio_comp_data/raw/fma_small/133/133967.mp3,133967,Instrumental,training
/scratch/pdoshi/audio_comp/home_migrated/audio_comp_data/raw/fma_small/133/133968.mp3,133968,Instrumental,training
/scratch/pdoshi/audio_comp/home_migrated/audio_comp_data/raw/fma_small/133/133969.mp3,133969,Instrumental,training
/scratch/pdoshi/audio_comp/home_migrated/audio_comp_data/raw/fma_small/133/133970.mp3,133970,Instrumental,training
/scratch/pdoshi/audio_comp/home_migrated/audio_comp_data/raw/fma_small/133/133971.mp3,133971,Instrumental,training
/scratch/pdoshi/audio_comp/home_migrated/audio_comp_data/raw/fma_small/133/133972.mp3,133972,Instrumental,training
/scratch/pdoshi/audio_comp/home_migrated/audio_comp_data/raw/fma_small/133/133973.mp3,133973,Instrumental,training
/scratch/pdoshi/audio_comp/home_migrated/audio_comp_data/raw/fma_small/133/133974.mp3,133974,Instrumental,training
/scratch/pdoshi/audio_comp/home_migrated/audio_comp_data/raw/fma_small/133/133975.mp3,133975,Instrumental,training
/scratch/pdoshi/audio_comp/home_migrated/audio_comp_data/raw/fma_small/133/133976.mp3,133976,Instrumental,training
/scratch/pdoshi/audio_comp/home_migrated/audio_comp_data/raw/fma_small/133/133977.mp3,133977,Instrumental,training
/scratch/pdoshi/audio_comp/home_migrated/audio_comp_data/raw/fma_small/133/133978.mp3,133978,Instrumental,training
/scratch/pdoshi/audio_comp/home_migrated/audio_comp_data/raw/fma_small/134/134034.mp3,134034,Rock,training
/scratch/pdoshi/audio_comp/home_migrated/audio_comp_data/raw/fma_small/134/134052.mp3,134052,Electronic,training
/scratch/pdoshi/audio_comp/home_migrated/audio_comp_data/raw/fma_small/134/134053.mp3,134053,Electronic,training
/scratch/pdoshi/audio_comp/home_migrated/audio_comp_data/raw/fma_small/134/134054.mp3,134054,Electronic,training
/scratch/pdoshi/audio_comp/home_migrated/audio_comp_data/raw/fma_small/134/134073.mp3,134073,Folk,training
/scratch/pdoshi/audio_comp/home_migrated/audio_comp_data/raw/fma_small/134/134077.mp3,134077,Folk,training
/scratch/pdoshi/audio_comp/home_migrated/audio_comp_data/raw/fma_small/134/134084.mp3,134084,Folk,training
/scratch/pdoshi/audio_comp/home_migrated/audio_comp_data/raw/fma_small/134/134094.mp3,134094,Experimental,training
/scratch/pdoshi/audio_comp/home_migrated/audio_comp_data/raw/fma_small/134/134359.mp3,134359,Electronic,training
/scratch/pdoshi/audio_comp/home_migrated/audio_comp_data/raw/fma_small/134/134384.mp3,134384,Pop,training
/scratch/pdoshi/audio_comp/home_migrated/audio_comp_data/raw/fma_small/134/134385.mp3,134385,Pop,training
/scratch/pdoshi/audio_comp/home_migrated/audio_comp_data/raw/fma_small/134/134388.mp3,134388,Pop,training
/scratch/pdoshi/audio_comp/home_migrated/audio_comp_data/raw/fma_small/134/134389.mp3,134389,Pop,training
/scratch/pdoshi/audio_comp/home_migrated/audio_comp_data/raw/fma_small/134/134443.mp3,134443,Instrumental,validation
/scratch/pdoshi/audio_comp/home_migrated/audio_comp_data/raw/fma_small/134/134444.mp3,134444,Instrumental,validation
/scratch/pdoshi/audio_comp/home_migrated/audio_comp_data/raw/fma_small/134/134445.mp3,134445,Instrumental,validation
/scratch/pdoshi/audio_comp/home_migrated/audio_comp_data/raw/fma_small/134/134446.mp3,134446,Electronic,training
/scratch/pdoshi/audio_comp/home_migrated/audio_comp_data/raw/fma_small/134/134447.mp3,134447,Electronic,training
/scratch/pdoshi/audio_comp/home_migrated/audio_comp_data/raw/fma_small/134/134448.mp3,134448,Electronic,training
/scratch/pdoshi/audio_comp/home_migrated/audio_comp_data/raw/fma_small/134/134449.mp3,134449,Instrumental,validation
/scratch/pdoshi/audio_comp/home_migrated/audio_comp_data/raw/fma_small/134/134452.mp3,134452,Instrumental,validation
/scratch/pdoshi/audio_comp/home_migrated/audio_comp_data/raw/fma_small/134/134453.mp3,134453,Instrumental,validation
/scratch/pdoshi/audio_comp/home_migrated/audio_comp_data/raw/fma_small/134/134454.mp3,134454,Instrumental,validation
/scratch/pdoshi/audio_comp/home_migrated/audio_comp_data/raw/fma_small/134/134455.mp3,134455,Instrumental,validation
/scratch/pdoshi/audio_comp/home_migrated/audio_comp_data/raw/fma_small/134/134486.mp3,134486,Pop,test
/scratch/pdoshi/audio_comp/home_migrated/audio_comp_data/raw/fma_small/134/134509.mp3,134509,Hip-Hop,training
/scratch/pdoshi/audio_comp/home_migrated/audio_comp_data/raw/fma_small/134/134510.mp3,134510,Hip-Hop,training
/scratch/pdoshi/audio_comp/home_migrated/audio_comp_data/raw/fma_small/134/134580.mp3,134580,Instrumental,training
/scratch/pdoshi/audio_comp/home_migrated/audio_comp_data/raw/fma_small/134/134586.mp3,134586,Instrumental,training
/scratch/pdoshi/audio_comp/home_migrated/audio_comp_data/raw/fma_small/134/134594.mp3,134594,Rock,training
/scratch/pdoshi/audio_comp/home_migrated/audio_comp_data/raw/fma_small/134/134610.mp3,134610,Hip-Hop,training
/scratch/pdoshi/audio_comp/home_migrated/audio_comp_data/raw/fma_small/134/134631.mp3,134631,Experimental,training
/scratch/pdoshi/audio_comp/home_migrated/audio_comp_data/raw/fma_small/134/134643.mp3,134643,Experimental,training
/scratch/pdoshi/audio_comp/home_migrated/audio_comp_data/raw/fma_small/134/134790.mp3,134790,Instrumental,test
/scratch/pdoshi/audio_comp/home_migrated/audio_comp_data/raw/fma_small/134/134791.mp3,134791,Instrumental,test
/scratch/pdoshi/audio_comp/home_migrated/audio_comp_data/raw/fma_small/134/134792.mp3,134792,Instrumental,test
/scratch/pdoshi/audio_comp/home_migrated/audio_comp_data/raw/fma_small/134/134793.mp3,134793,Instrumental,test
/scratch/pdoshi/audio_comp/home_migrated/audio_comp_data/raw/fma_small/134/134794.mp3,134794,Instrumental,test
/scratch/pdoshi/audio_comp/home_migrated/audio_comp_data/raw/fma_small/134/134795.mp3,134795,Instrumental,test
/scratch/pdoshi/audio_comp/home_migrated/audio_comp_data/raw/fma_small/134/134796.mp3,134796,Instrumental,test
/scratch/pdoshi/audio_comp/home_migrated/audio_comp_data/raw/fma_small/134/134797.mp3,134797,Instrumental,test
/scratch/pdoshi/audio_comp/home_migrated/audio_comp_data/raw/fma_small/134/134801.mp3,134801,Electronic,training
/scratch/pdoshi/audio_comp/home_migrated/audio_comp_data/raw/fma_small/134/134823.mp3,134823,Hip-Hop,training
/scratch/pdoshi/audio_comp/home_migrated/audio_comp_data/raw/fma_small/134/134824.mp3,134824,Hip-Hop,training
/scratch/pdoshi/audio_comp/home_migrated/audio_comp_data/raw/fma_small/134/134825.mp3,134825,Hip-Hop,training
/scratch/pdoshi/audio_comp/home_migrated/audio_comp_data/raw/fma_small/134/134826.mp3,134826,Hip-Hop,training
/scratch/pdoshi/audio_comp/home_migrated/audio_comp_data/raw/fma_small/134/134827.mp3,134827,Hip-Hop,training
/scratch/pdoshi/audio_comp/home_migrated/audio_comp_data/raw/fma_small/134/134918.mp3,134918,International,training
/scratch/pdoshi/audio_comp/home_migrated/audio_comp_data/raw/fma_small/134/134919.mp3,134919,International,training
/scratch/pdoshi/audio_comp/home_migrated/audio_comp_data/raw/fma_small/134/134922.mp3,134922,International,training
/scratch/pdoshi/audio_comp/home_migrated/audio_comp_data/raw/fma_small/134/134923.mp3,134923,International,training
/scratch/pdoshi/audio_comp/home_migrated/audio_comp_data/raw/fma_small/134/134928.mp3,134928,International,training
/scratch/pdoshi/audio_comp/home_migrated/audio_comp_data/raw/fma_small/134/134929.mp3,134929,International,training
/scratch/pdoshi/audio_comp/home_migrated/audio_comp_data/raw/fma_small/134/134930.mp3,134930,International,training
/scratch/pdoshi/audio_comp/home_migrated/audio_comp_data/raw/fma_small/134/134931.mp3,134931,International,training
/scratch/pdoshi/audio_comp/home_migrated/audio_comp_data/raw/fma_small/134/134932.mp3,134932,International,training
/scratch/pdoshi/audio_comp/home_migrated/audio_comp_data/raw/fma_small/134/134933.mp3,134933,International,training
/scratch/pdoshi/audio_comp/home_migrated/audio_comp_data/raw/fma_small/134/134934.mp3,134934,International,training
/scratch/pdoshi/audio_comp/home_migrated/audio_comp_data/raw/fma_small/134/134935.mp3,134935,International,training
/scratch/pdoshi/audio_comp/home_migrated/audio_comp_data/raw/fma_small/134/134936.mp3,134936,International,training
/scratch/pdoshi/audio_comp/home_migrated/audio_comp_data/raw/fma_small/134/134937.mp3,134937,International,training
/scratch/pdoshi/audio_comp/home_migrated/audio_comp_data/raw/fma_small/134/134938.mp3,134938,International,training
/scratch/pdoshi/audio_comp/home_migrated/audio_comp_data/raw/fma_small/134/134939.mp3,134939,International,training
/scratch/pdoshi/audio_comp/home_migrated/audio_comp_data/raw/fma_small/134/134940.mp3,134940,International,training
/scratch/pdoshi/audio_comp/home_migrated/audio_comp_data/raw/fma_small/134/134941.mp3,134941,International,training
/scratch/pdoshi/audio_comp/home_migrated/audio_comp_data/raw/fma_small/134/134942.mp3,134942,International,training
/scratch/pdoshi/audio_comp/home_migrated/audio_comp_data/raw/fma_small/134/134943.mp3,134943,International,training
/scratch/pdoshi/audio_comp/home_migrated/audio_comp_data/raw/fma_small/134/134947.mp3,134947,International,training
/scratch/pdoshi/audio_comp/home_migrated/audio_comp_data/raw/fma_small/134/134948.mp3,134948,International,training
/scratch/pdoshi/audio_comp/home_migrated/audio_comp_data/raw/fma_small/134/134949.mp3,134949,International,training
/scratch/pdoshi/audio_comp/home_migrated/audio_comp_data/raw/fma_small/134/134950.mp3,134950,International,training
/scratch/pdoshi/audio_comp/home_migrated/audio_comp_data/raw/fma_small/134/134951.mp3,134951,International,training
/scratch/pdoshi/audio_comp/home_migrated/audio_comp_data/raw/fma_small/134/134952.mp3,134952,International,training
/scratch/pdoshi/audio_comp/home_migrated/audio_comp_data/raw/fma_small/134/134956.mp3,134956,International,training
/scratch/pdoshi/audio_comp/home_migrated/audio_comp_data/raw/fma_small/134/134959.mp3,134959,International,training
/scratch/pdoshi/audio_comp/home_migrated/audio_comp_data/raw/fma_small/134/134962.mp3,134962,International,training
/scratch/pdoshi/audio_comp/home_migrated/audio_comp_data/raw/fma_small/134/134979.mp3,134979,Folk,training
/scratch/pdoshi/audio_comp/home_migrated/audio_comp_data/raw/fma_small/134/134981.mp3,134981,Folk,training
/scratch/pdoshi/audio_comp/home_migrated/audio_comp_data/raw/fma_small/135/135010.mp3,135010,Folk,training
/scratch/pdoshi/audio_comp/home_migrated/audio_comp_data/raw/fma_small/135/135028.mp3,135028,Folk,training
/scratch/pdoshi/audio_comp/home_migrated/audio_comp_data/raw/fma_small/135/135039.mp3,135039,Folk,training
/scratch/pdoshi/audio_comp/home_migrated/audio_comp_data/raw/fma_small/135/135043.mp3,135043,Folk,training
/scratch/pdoshi/audio_comp/home_migrated/audio_comp_data/raw/fma_small/135/135044.mp3,135044,Folk,training
/scratch/pdoshi/audio_comp/home_migrated/audio_comp_data/raw/fma_small/135/135054.mp3,135054,Experimental,training
/scratch/pdoshi/audio_comp/home_migrated/audio_comp_data/raw/fma_small/135/135089.mp3,135089,Experimental,training
/scratch/pdoshi/audio_comp/home_migrated/audio_comp_data/raw/fma_small/135/135091.mp3,135091,Experimental,training
/scratch/pdoshi/audio_comp/home_migrated/audio_comp_data/raw/fma_small/135/135092.mp3,135092,Experimental,training
/scratch/pdoshi/audio_comp/home_migrated/audio_comp_data/raw/fma_small/135/135219.mp3,135219,International,validation
/scratch/pdoshi/audio_comp/home_migrated/audio_comp_data/raw/fma_small/135/135220.mp3,135220,International,validation
/scratch/pdoshi/audio_comp/home_migrated/audio_comp_data/raw/fma_small/135/135221.mp3,135221,International,validation
/scratch/pdoshi/audio_comp/home_migrated/audio_comp_data/raw/fma_small/135/135222.mp3,135222,International,validation
/scratch/pdoshi/audio_comp/home_migrated/audio_comp_data/raw/fma_small/135/135223.mp3,135223,International,validation
/scratch/pdoshi/audio_comp/home_migrated/audio_comp_data/raw/fma_small/135/135224.mp3,135224,International,validation
/scratch/pdoshi/audio_comp/home_migrated/audio_comp_data/raw/fma_small/135/135225.mp3,135225,International,validation
/scratch/pdoshi/audio_comp/home_migrated/audio_comp_data/raw/fma_small/135/135226.mp3,135226,International,validation
/scratch/pdoshi/audio_comp/home_migrated/audio_comp_data/raw/fma_small/135/135227.mp3,135227,International,validation
/scratch/pdoshi/audio_comp/home_migrated/audio_comp_data/raw/fma_small/135/135228.mp3,135228,International,validation
/scratch/pdoshi/audio_comp/home_migrated/audio_comp_data/raw/fma_small/135/135229.mp3,135229,International,validation
/scratch/pdoshi/audio_comp/home_migrated/audio_comp_data/raw/fma_small/135/135336.mp3,135336,Pop,validation
/scratch/pdoshi/audio_comp/home_migrated/audio_comp_data/raw/fma_small/135/135337.mp3,135337,Pop,validation
/scratch/pdoshi/audio_comp/home_migrated/audio_comp_data/raw/fma_small/135/135338.mp3,135338,Pop,validation
/scratch/pdoshi/audio_comp/home_migrated/audio_comp_data/raw/fma_small/135/135339.mp3,135339,Pop,validation
/scratch/pdoshi/audio_comp/home_migrated/audio_comp_data/raw/fma_small/135/135340.mp3,135340,Pop,validation
/scratch/pdoshi/audio_comp/home_migrated/audio_comp_data/raw/fma_small/135/135341.mp3,135341,Pop,validation
/scratch/pdoshi/audio_comp/home_migrated/audio_comp_data/raw/fma_small/135/135342.mp3,135342,Pop,validation
/scratch/pdoshi/audio_comp/home_migrated/audio_comp_data/raw/fma_small/135/135363.mp3,135363,Rock,training
/scratch/pdoshi/audio_comp/home_migrated/audio_comp_data/raw/fma_small/135/135364.mp3,135364,Rock,training
/scratch/pdoshi/audio_comp/home_migrated/audio_comp_data/raw/fma_small/135/135365.mp3,135365,Rock,training
/scratch/pdoshi/audio_comp/home_migrated/audio_comp_data/raw/fma_small/135/135368.mp3,135368,Rock,training
/scratch/pdoshi/audio_comp/home_migrated/audio_comp_data/raw/fma_small/135/135369.mp3,135369,Rock,training
/scratch/pdoshi/audio_comp/home_migrated/audio_comp_data/raw/fma_small/135/135370.mp3,135370,Rock,training
/scratch/pdoshi/audio_comp/home_migrated/audio_comp_data/raw/fma_small/135/135371.mp3,135371,Rock,training
/scratch/pdoshi/audio_comp/home_migrated/audio_comp_data/raw/fma_small/135/135372.mp3,135372,Rock,training
/scratch/pdoshi/audio_comp/home_migrated/audio_comp_data/raw/fma_small/135/135373.mp3,135373,Rock,training
/scratch/pdoshi/audio_comp/home_migrated/audio_comp_data/raw/fma_small/135/135374.mp3,135374,Rock,training
/scratch/pdoshi/audio_comp/home_migrated/audio_comp_data/raw/fma_small/135/135375.mp3,135375,Rock,training
/scratch/pdoshi/audio_comp/home_migrated/audio_comp_data/raw/fma_small/135/135986.mp3,135986,Electronic,training
/scratch/pdoshi/audio_comp/home_migrated/audio_comp_data/raw/fma_small/135/135989.mp3,135989,Electronic,training
/scratch/pdoshi/audio_comp/home_migrated/audio_comp_data/raw/fma_small/135/135990.mp3,135990,Electronic,training
/scratch/pdoshi/audio_comp/home_migrated/audio_comp_data/raw/fma_small/136/136054.mp3,136054,Rock,test
/scratch/pdoshi/audio_comp/home_migrated/audio_comp_data/raw/fma_small/136/136091.mp3,136091,Rock,training
/scratch/pdoshi/audio_comp/home_migrated/audio_comp_data/raw/fma_small/136/136094.mp3,136094,Rock,training
/scratch/pdoshi/audio_comp/home_migrated/audio_comp_data/raw/fma_small/136/136134.mp3,136134,Folk,training
/scratch/pdoshi/audio_comp/home_migrated/audio_comp_data/raw/fma_small/136/136137.mp3,136137,Folk,training
/scratch/pdoshi/audio_comp/home_migrated/audio_comp_data/raw/fma_small/136/136138.mp3,136138,Folk,training
/scratch/pdoshi/audio_comp/home_migrated/audio_comp_data/raw/fma_small/136/136275.mp3,136275,Rock,training
/scratch/pdoshi/audio_comp/home_migrated/audio_comp_data/raw/fma_small/136/136276.mp3,136276,Instrumental,validation
/scratch/pdoshi/audio_comp/home_migrated/audio_comp_data/raw/fma_small/136/136320.mp3,136320,Electronic,training
/scratch/pdoshi/audio_comp/home_migrated/audio_comp_data/raw/fma_small/136/136321.mp3,136321,Electronic,training
/scratch/pdoshi/audio_comp/home_migrated/audio_comp_data/raw/fma_small/136/136322.mp3,136322,Electronic,training
/scratch/pdoshi/audio_comp/home_migrated/audio_comp_data/raw/fma_small/136/136323.mp3,136323,Electronic,training
/scratch/pdoshi/audio_comp/home_migrated/audio_comp_data/raw/fma_small/136/136324.mp3,136324,Electronic,training
/scratch/pdoshi/audio_comp/home_migrated/audio_comp_data/raw/fma_small/136/136331.mp3,136331,Instrumental,training
/scratch/pdoshi/audio_comp/home_migrated/audio_comp_data/raw/fma_small/136/136404.mp3,136404,Rock,training
/scratch/pdoshi/audio_comp/home_migrated/audio_comp_data/raw/fma_small/136/136424.mp3,136424,Electronic,training
/scratch/pdoshi/audio_comp/home_migrated/audio_comp_data/raw/fma_small/136/136449.mp3,136449,Hip-Hop,training
/scratch/pdoshi/audio_comp/home_migrated/audio_comp_data/raw/fma_small/136/136465.mp3,136465,Hip-Hop,training
/scratch/pdoshi/audio_comp/home_migrated/audio_comp_data/raw/fma_small/136/136466.mp3,136466,Hip-Hop,training
/scratch/pdoshi/audio_comp/home_migrated/audio_comp_data/raw/fma_small/136/136467.mp3,136467,Hip-Hop,training
/scratch/pdoshi/audio_comp/home_migrated/audio_comp_data/raw/fma_small/136/136468.mp3,136468,Hip-Hop,training
/scratch/pdoshi/audio_comp/home_migrated/audio_comp_data/raw/fma_small/136/136469.mp3,136469,Hip-Hop,training
/scratch/pdoshi/audio_comp/home_migrated/audio_comp_data/raw/fma_small/136/136705.mp3,136705,Rock,training
/scratch/pdoshi/audio_comp/home_migrated/audio_comp_data/raw/fma_small/136/136706.mp3,136706,Rock,training
/scratch/pdoshi/audio_comp/home_migrated/audio_comp_data/raw/fma_small/136/136707.mp3,136707,Rock,training
/scratch/pdoshi/audio_comp/home_migrated/audio_comp_data/raw/fma_small/136/136708.mp3,136708,Rock,training
/scratch/pdoshi/audio_comp/home_migrated/audio_comp_data/raw/fma_small/136/136709.mp3,136709,Rock,training
/scratch/pdoshi/audio_comp/home_migrated/audio_comp_data/raw/fma_small/136/136928.mp3,136928,Experimental,training
/scratch/pdoshi/audio_comp/home_migrated/audio_comp_data/raw/fma_small/136/136994.mp3,136994,International,training
/scratch/pdoshi/audio_comp/home_migrated/audio_comp_data/raw/fma_small/136/136995.mp3,136995,International,training
/scratch/pdoshi/audio_comp/home_migrated/audio_comp_data/raw/fma_small/137/137054.mp3,137054,Electronic,training
/scratch/pdoshi/audio_comp/home_migrated/audio_comp_data/raw/fma_small/137/137151.mp3,137151,Electronic,training
/scratch/pdoshi/audio_comp/home_migrated/audio_comp_data/raw/fma_small/137/137152.mp3,137152,Electronic,training
/scratch/pdoshi/audio_comp/home_migrated/audio_comp_data/raw/fma_small/137/137166.mp3,137166,Instrumental,training
/scratch/pdoshi/audio_comp/home_migrated/audio_comp_data/raw/fma_small/137/137167.mp3,137167,Instrumental,training
/scratch/pdoshi/audio_comp/home_migrated/audio_comp_data/raw/fma_small/137/137168.mp3,137168,Instrumental,training
/scratch/pdoshi/audio_comp/home_migrated/audio_comp_data/raw/fma_small/137/137169.mp3,137169,Instrumental,training
/scratch/pdoshi/audio_comp/home_migrated/audio_comp_data/raw/fma_small/137/137170.mp3,137170,Instrumental,training
/scratch/pdoshi/audio_comp/home_migrated/audio_comp_data/raw/fma_small/137/137171.mp3,137171,Instrumental,training
/scratch/pdoshi/audio_comp/home_migrated/audio_comp_data/raw/fma_small/137/137172.mp3,137172,Instrumental,training
/scratch/pdoshi/audio_comp/home_migrated/audio_comp_data/raw/fma_small/137/137173.mp3,137173,Instrumental,training
/scratch/pdoshi/audio_comp/home_migrated/audio_comp_data/raw/fma_small/137/137174.mp3,137174,Instrumental,training
/scratch/pdoshi/audio_comp/home_migrated/audio_comp_data/raw/fma_small/137/137175.mp3,137175,Instrumental,training
/scratch/pdoshi/audio_comp/home_migrated/audio_comp_data/raw/fma_small/137/137176.mp3,137176,Instrumental,training
/scratch/pdoshi/audio_comp/home_migrated/audio_comp_data/raw/fma_small/137/137211.mp3,137211,Rock,training
/scratch/pdoshi/audio_comp/home_migrated/audio_comp_data/raw/fma_small/137/137212.mp3,137212,Rock,training
/scratch/pdoshi/audio_comp/home_migrated/audio_comp_data/raw/fma_small/137/137213.mp3,137213,Rock,training
/scratch/pdoshi/audio_comp/home_migrated/audio_comp_data/raw/fma_small/137/137214.mp3,137214,Rock,training
/scratch/pdoshi/audio_comp/home_migrated/audio_comp_data/raw/fma_small/137/137356.mp3,137356,Rock,training
/scratch/pdoshi/audio_comp/home_migrated/audio_comp_data/raw/fma_small/137/137417.mp3,137417,Rock,training
/scratch/pdoshi/audio_comp/home_migrated/audio_comp_data/raw/fma_small/137/137418.mp3,137418,Rock,training
/scratch/pdoshi/audio_comp/home_migrated/audio_comp_data/raw/fma_small/137/137419.mp3,137419,Rock,training
/scratch/pdoshi/audio_comp/home_migrated/audio_comp_data/raw/fma_small/137/137423.mp3,137423,Rock,training
/scratch/pdoshi/audio_comp/home_migrated/audio_comp_data/raw/fma_small/137/137424.mp3,137424,Rock,training
/scratch/pdoshi/audio_comp/home_migrated/audio_comp_data/raw/fma_small/137/137425.mp3,137425,Rock,training
/scratch/pdoshi/audio_comp/home_migrated/audio_comp_data/raw/fma_small/137/137426.mp3,137426,Rock,training
/scratch/pdoshi/audio_comp/home_migrated/audio_comp_data/raw/fma_small/137/137462.mp3,137462,Electronic,training
/scratch/pdoshi/audio_comp/home_migrated/audio_comp_data/raw/fma_small/137/137463.mp3,137463,Electronic,training
/scratch/pdoshi/audio_comp/home_migrated/audio_comp_data/raw/fma_small/137/137484.mp3,137484,Experimental,training
/scratch/pdoshi/audio_comp/home_migrated/audio_comp_data/raw/fma_small/137/137500.mp3,137500,Experimental,training
/scratch/pdoshi/audio_comp/home_migrated/audio_comp_data/raw/fma_small/137/137551.mp3,137551,Experimental,training
/scratch/pdoshi/audio_comp/home_migrated/audio_comp_data/raw/fma_small/137/137561.mp3,137561,Experimental,training
/scratch/pdoshi/audio_comp/home_migrated/audio_comp_data/raw/fma_small/137/137563.mp3,137563,Experimental,training
/scratch/pdoshi/audio_comp/home_migrated/audio_comp_data/raw/fma_small/137/137567.mp3,137567,Rock,training
/scratch/pdoshi/audio_comp/home_migrated/audio_comp_data/raw/fma_small/137/137593.mp3,137593,Rock,training
/scratch/pdoshi/audio_comp/home_migrated/audio_comp_data/raw/fma_small/137/137605.mp3,137605,Rock,test
/scratch/pdoshi/audio_comp/home_migrated/audio_comp_data/raw/fma_small/137/137624.mp3,137624,Rock,test
/scratch/pdoshi/audio_comp/home_migrated/audio_comp_data/raw/fma_small/137/137627.mp3,137627,Rock,test
/scratch/pdoshi/audio_comp/home_migrated/audio_comp_data/raw/fma_small/137/137630.mp3,137630,Rock,test
/scratch/pdoshi/audio_comp/home_migrated/audio_comp_data/raw/fma_small/137/137631.mp3,137631,Rock,test
/scratch/pdoshi/audio_comp/home_migrated/audio_comp_data/raw/fma_small/137/137632.mp3,137632,Rock,test
/scratch/pdoshi/audio_comp/home_migrated/audio_comp_data/raw/fma_small/137/137715.mp3,137715,Rock,validation
/scratch/pdoshi/audio_comp/home_migrated/audio_comp_data/raw/fma_small/137/137716.mp3,137716,Rock,validation
/scratch/pdoshi/audio_comp/home_migrated/audio_comp_data/raw/fma_small/137/137717.mp3,137717,Rock,validation
/scratch/pdoshi/audio_comp/home_migrated/audio_comp_data/raw/fma_small/137/137719.mp3,137719,Rock,validation
/scratch/pdoshi/audio_comp/home_migrated/audio_comp_data/raw/fma_small/137/137720.mp3,137720,Rock,validation
/scratch/pdoshi/audio_comp/home_migrated/audio_comp_data/raw/fma_small/137/137721.mp3,137721,Rock,validation
/scratch/pdoshi/audio_comp/home_migrated/audio_comp_data/raw/fma_small/137/137722.mp3,137722,Rock,validation
/scratch/pdoshi/audio_comp/home_migrated/audio_comp_data/raw/fma_small/137/137723.mp3,137723,Rock,validation
/scratch/pdoshi/audio_comp/home_migrated/audio_comp_data/raw/fma_small/137/137724.mp3,137724,Rock,validation
/scratch/pdoshi/audio_comp/home_migrated/audio_comp_data/raw/fma_small/137/137725.mp3,137725,Rock,validation
/scratch/pdoshi/audio_comp/home_migrated/audio_comp_data/raw/fma_small/137/137740.mp3,137740,Rock,training
/scratch/pdoshi/audio_comp/home_migrated/audio_comp_data/raw/fma_small/137/137895.mp3,137895,Hip-Hop,training
/scratch/pdoshi/audio_comp/home_migrated/audio_comp_data/raw/fma_small/137/137896.mp3,137896,Hip-Hop,training
/scratch/pdoshi/audio_comp/home_migrated/audio_comp_data/raw/fma_small/137/137898.mp3,137898,Hip-Hop,training
/scratch/pdoshi/audio_comp/home_migrated/audio_comp_data/raw/fma_small/137/137899.mp3,137899,Hip-Hop,training
/scratch/pdoshi/audio_comp/home_migrated/audio_comp_data/raw/fma_small/137/137900.mp3,137900,Hip-Hop,training
/scratch/pdoshi/audio_comp/home_migrated/audio_comp_data/raw/fma_small/137/137901.mp3,137901,Hip-Hop,training
/scratch/pdoshi/audio_comp/home_migrated/audio_comp_data/raw/fma_small/137/137907.mp3,137907,Folk,training
/scratch/pdoshi/audio_comp/home_migrated/audio_comp_data/raw/fma_small/137/137935.mp3,137935,Rock,training
/scratch/pdoshi/audio_comp/home_migrated/audio_comp_data/raw/fma_small/137/137990.mp3,137990,Folk,training
/scratch/pdoshi/audio_comp/home_migrated/audio_comp_data/raw/fma_small/137/137998.mp3,137998,Rock,training
/scratch/pdoshi/audio_comp/home_migrated/audio_comp_data/raw/fma_small/138/138010.mp3,138010,Rock,training
/scratch/pdoshi/audio_comp/home_migrated/audio_comp_data/raw/fma_small/138/138015.mp3,138015,Folk,training
/scratch/pdoshi/audio_comp/home_migrated/audio_comp_data/raw/fma_small/138/138016.mp3,138016,Folk,training
/scratch/pdoshi/audio_comp/home_migrated/audio_comp_data/raw/fma_small/138/138017.mp3,138017,Folk,training
/scratch/pdoshi/audio_comp/home_migrated/audio_comp_data/raw/fma_small/138/138018.mp3,138018,Instrumental,test
/scratch/pdoshi/audio_comp/home_migrated/audio_comp_data/raw/fma_small/138/138019.mp3,138019,Instrumental,test
/scratch/pdoshi/audio_comp/home_migrated/audio_comp_data/raw/fma_small/138/138020.mp3,138020,Instrumental,test
/scratch/pdoshi/audio_comp/home_migrated/audio_comp_data/raw/fma_small/138/138021.mp3,138021,Instrumental,test
/scratch/pdoshi/audio_comp/home_migrated/audio_comp_data/raw/fma_small/138/138022.mp3,138022,Instrumental,test
/scratch/pdoshi/audio_comp/home_migrated/audio_comp_data/raw/fma_small/138/138023.mp3,138023,Instrumental,test
/scratch/pdoshi/audio_comp/home_migrated/audio_comp_data/raw/fma_small/138/138024.mp3,138024,Instrumental,test
/scratch/pdoshi/audio_comp/home_migrated/audio_comp_data/raw/fma_small/138/138025.mp3,138025,Instrumental,test
/scratch/pdoshi/audio_comp/home_migrated/audio_comp_data/raw/fma_small/138/138026.mp3,138026,Instrumental,test
/scratch/pdoshi/audio_comp/home_migrated/audio_comp_data/raw/fma_small/138/138038.mp3,138038,Pop,training
/scratch/pdoshi/audio_comp/home_migrated/audio_comp_data/raw/fma_small/138/138039.mp3,138039,Pop,training
/scratch/pdoshi/audio_comp/home_migrated/audio_comp_data/raw/fma_small/138/138040.mp3,138040,Pop,training
/scratch/pdoshi/audio_comp/home_migrated/audio_comp_data/raw/fma_small/138/138041.mp3,138041,Pop,training
/scratch/pdoshi/audio_comp/home_migrated/audio_comp_data/raw/fma_small/138/138053.mp3,138053,Rock,training
/scratch/pdoshi/audio_comp/home_migrated/audio_comp_data/raw/fma_small/138/138060.mp3,138060,Rock,validation
/scratch/pdoshi/audio_comp/home_migrated/audio_comp_data/raw/fma_small/138/138061.mp3,138061,Rock,validation
/scratch/pdoshi/audio_comp/home_migrated/audio_comp_data/raw/fma_small/138/138062.mp3,138062,Pop,training
/scratch/pdoshi/audio_comp/home_migrated/audio_comp_data/raw/fma_small/138/138063.mp3,138063,Pop,training
/scratch/pdoshi/audio_comp/home_migrated/audio_comp_data/raw/fma_small/138/138064.mp3,138064,Pop,training
/scratch/pdoshi/audio_comp/home_migrated/audio_comp_data/raw/fma_small/138/138065.mp3,138065,Pop,training
/scratch/pdoshi/audio_comp/home_migrated/audio_comp_data/raw/fma_small/138/138066.mp3,138066,Pop,training
/scratch/pdoshi/audio_comp/home_migrated/audio_comp_data/raw/fma_small/138/138067.mp3,138067,Pop,training
/scratch/pdoshi/audio_comp/home_migrated/audio_comp_data/raw/fma_small/138/138068.mp3,138068,Pop,training
/scratch/pdoshi/audio_comp/home_migrated/audio_comp_data/raw/fma_small/138/138069.mp3,138069,Pop,training
/scratch/pdoshi/audio_comp/home_migrated/audio_comp_data/raw/fma_small/138/138070.mp3,138070,Pop,training
/scratch/pdoshi/audio_comp/home_migrated/audio_comp_data/raw/fma_small/138/138071.mp3,138071,Pop,training
/scratch/pdoshi/audio_comp/home_migrated/audio_comp_data/raw/fma_small/138/138207.mp3,138207,Rock,training
/scratch/pdoshi/audio_comp/home_migrated/audio_comp_data/raw/fma_small/138/138210.mp3,138210,Rock,training
/scratch/pdoshi/audio_comp/home_migrated/audio_comp_data/raw/fma_small/138/138211.mp3,138211,Rock,training
/scratch/pdoshi/audio_comp/home_migrated/audio_comp_data/raw/fma_small/138/138212.mp3,138212,Hip-Hop,training
/scratch/pdoshi/audio_comp/home_migrated/audio_comp_data/raw/fma_small/138/138213.mp3,138213,Hip-Hop,training
/scratch/pdoshi/audio_comp/home_migrated/audio_comp_data/raw/fma_small/138/138215.mp3,138215,Hip-Hop,training
/scratch/pdoshi/audio_comp/home_migrated/audio_comp_data/raw/fma_small/138/138216.mp3,138216,Hip-Hop,training
/scratch/pdoshi/audio_comp/home_migrated/audio_comp_data/raw/fma_small/138/138217.mp3,138217,Hip-Hop,training
/scratch/pdoshi/audio_comp/home_migrated/audio_comp_data/raw/fma_small/138/138218.mp3,138218,Hip-Hop,training
/scratch/pdoshi/audio_comp/home_migrated/audio_comp_data/raw/fma_small/138/138256.mp3,138256,Experimental,training
/scratch/pdoshi/audio_comp/home_migrated/audio_comp_data/raw/fma_small/138/138282.mp3,138282,Rock,training
/scratch/pdoshi/audio_comp/home_migrated/audio_comp_data/raw/fma_small/138/138306.mp3,138306,Rock,training
/scratch/pdoshi/audio_comp/home_migrated/audio_comp_data/raw/fma_small/138/138311.mp3,138311,Rock,training
/scratch/pdoshi/audio_comp/home_migrated/audio_comp_data/raw/fma_small/138/138317.mp3,138317,Rock,training
/scratch/pdoshi/audio_comp/home_migrated/audio_comp_data/raw/fma_small/138/138318.mp3,138318,Rock,training
/scratch/pdoshi/audio_comp/home_migrated/audio_comp_data/raw/fma_small/138/138319.mp3,138319,Rock,training
/scratch/pdoshi/audio_comp/home_migrated/audio_comp_data/raw/fma_small/138/138320.mp3,138320,Rock,training
/scratch/pdoshi/audio_comp/home_migrated/audio_comp_data/raw/fma_small/138/138351.mp3,138351,Rock,validation
/scratch/pdoshi/audio_comp/home_migrated/audio_comp_data/raw/fma_small/138/138355.mp3,138355,Rock,training
/scratch/pdoshi/audio_comp/home_migrated/audio_comp_data/raw/fma_small/138/138406.mp3,138406,Folk,training
/scratch/pdoshi/audio_comp/home_migrated/audio_comp_data/raw/fma_small/138/138410.mp3,138410,Folk,training
/scratch/pdoshi/audio_comp/home_migrated/audio_comp_data/raw/fma_small/138/138413.mp3,138413,Folk,training
/scratch/pdoshi/audio_comp/home_migrated/audio_comp_data/raw/fma_small/138/138414.mp3,138414,Folk,training
/scratch/pdoshi/audio_comp/home_migrated/audio_comp_data/raw/fma_small/138/138415.mp3,138415,Folk,training
/scratch/pdoshi/audio_comp/home_migrated/audio_comp_data/raw/fma_small/138/138416.mp3,138416,Folk,training
/scratch/pdoshi/audio_comp/home_migrated/audio_comp_data/raw/fma_small/138/138578.mp3,138578,Electronic,training
/scratch/pdoshi/audio_comp/home_migrated/audio_comp_data/raw/fma_small/138/138579.mp3,138579,Electronic,training
/scratch/pdoshi/audio_comp/home_migrated/audio_comp_data/raw/fma_small/138/138580.mp3,138580,Electronic,training
/scratch/pdoshi/audio_comp/home_migrated/audio_comp_data/raw/fma_small/138/138581.mp3,138581,Electronic,training
/scratch/pdoshi/audio_comp/home_migrated/audio_comp_data/raw/fma_small/139/139003.mp3,139003,Instrumental,training
/scratch/pdoshi/audio_comp/home_migrated/audio_comp_data/raw/fma_small/139/139043.mp3,139043,Pop,training
/scratch/pdoshi/audio_comp/home_migrated/audio_comp_data/raw/fma_small/139/139110.mp3,139110,Folk,training
/scratch/pdoshi/audio_comp/home_migrated/audio_comp_data/raw/fma_small/139/139112.mp3,139112,Folk,training
/scratch/pdoshi/audio_comp/home_migrated/audio_comp_data/raw/fma_small/139/139117.mp3,139117,Rock,training
/scratch/pdoshi/audio_comp/home_migrated/audio_comp_data/raw/fma_small/139/139123.mp3,139123,Rock,training
/scratch/pdoshi/audio_comp/home_migrated/audio_comp_data/raw/fma_small/139/139226.mp3,139226,Electronic,training
/scratch/pdoshi/audio_comp/home_migrated/audio_comp_data/raw/fma_small/139/139329.mp3,139329,Experimental,training
/scratch/pdoshi/audio_comp/home_migrated/audio_comp_data/raw/fma_small/139/139330.mp3,139330,Experimental,training
/scratch/pdoshi/audio_comp/home_migrated/audio_comp_data/raw/fma_small/139/139461.mp3,139461,Rock,training
/scratch/pdoshi/audio_comp/home_migrated/audio_comp_data/raw/fma_small/139/139485.mp3,139485,Instrumental,training
/scratch/pdoshi/audio_comp/home_migrated/audio_comp_data/raw/fma_small/139/139491.mp3,139491,Instrumental,training
/scratch/pdoshi/audio_comp/home_migrated/audio_comp_data/raw/fma_small/139/139520.mp3,139520,Folk,training
/scratch/pdoshi/audio_comp/home_migrated/audio_comp_data/raw/fma_small/139/139521.mp3,139521,Folk,training
/scratch/pdoshi/audio_comp/home_migrated/audio_comp_data/raw/fma_small/139/139522.mp3,139522,Folk,training
/scratch/pdoshi/audio_comp/home_migrated/audio_comp_data/raw/fma_small/139/139523.mp3,139523,Folk,training
/scratch/pdoshi/audio_comp/home_migrated/audio_comp_data/raw/fma_small/139/139524.mp3,139524,Folk,training
/scratch/pdoshi/audio_comp/home_migrated/audio_comp_data/raw/fma_small/139/139532.mp3,139532,Instrumental,training
/scratch/pdoshi/audio_comp/home_migrated/audio_comp_data/raw/fma_small/139/139534.mp3,139534,Instrumental,training
/scratch/pdoshi/audio_comp/home_migrated/audio_comp_data/raw/fma_small/139/139536.mp3,139536,Instrumental,training
/scratch/pdoshi/audio_comp/home_migrated/audio_comp_data/raw/fma_small/139/139537.mp3,139537,Instrumental,training
/scratch/pdoshi/audio_comp/home_migrated/audio_comp_data/raw/fma_small/139/139637.mp3,139637,Experimental,training
/scratch/pdoshi/audio_comp/home_migrated/audio_comp_data/raw/fma_small/139/139638.mp3,139638,Experimental,training
/scratch/pdoshi/audio_comp/home_migrated/audio_comp_data/raw/fma_small/139/139663.mp3,139663,Experimental,training
/scratch/pdoshi/audio_comp/home_migrated/audio_comp_data/raw/fma_small/139/139681.mp3,139681,Experimental,training
/scratch/pdoshi/audio_comp/home_migrated/audio_comp_data/raw/fma_small/139/139687.mp3,139687,Experimental,training
/scratch/pdoshi/audio_comp/home_migrated/audio_comp_data/raw/fma_small/139/139688.mp3,139688,Experimental,training
/scratch/pdoshi/audio_comp/home_migrated/audio_comp_data/raw/fma_small/139/139769.mp3,139769,Rock,training
/scratch/pdoshi/audio_comp/home_migrated/audio_comp_data/raw/fma_small/139/139770.mp3,139770,Rock,training
/scratch/pdoshi/audio_comp/home_migrated/audio_comp_data/raw/fma_small/139/139771.mp3,139771,Instrumental,training
/scratch/pdoshi/audio_comp/home_migrated/audio_comp_data/raw/fma_small/139/139772.mp3,139772,Instrumental,training
/scratch/pdoshi/audio_comp/home_migrated/audio_comp_data/raw/fma_small/139/139773.mp3,139773,Instrumental,training
/scratch/pdoshi/audio_comp/home_migrated/audio_comp_data/raw/fma_small/139/139774.mp3,139774,Instrumental,training
/scratch/pdoshi/audio_comp/home_migrated/audio_comp_data/raw/fma_small/139/139775.mp3,139775,Instrumental,training
/scratch/pdoshi/audio_comp/home_migrated/audio_comp_data/raw/fma_small/139/139776.mp3,139776,Instrumental,training
/scratch/pdoshi/audio_comp/home_migrated/audio_comp_data/raw/fma_small/139/139777.mp3,139777,Instrumental,training
/scratch/pdoshi/audio_comp/home_migrated/audio_comp_data/raw/fma_small/139/139804.mp3,139804,Experimental,training
/scratch/pdoshi/audio_comp/home_migrated/audio_comp_data/raw/fma_small/139/139862.mp3,139862,Experimental,training
/scratch/pdoshi/audio_comp/home_migrated/audio_comp_data/raw/fma_small/139/139876.mp3,139876,Experimental,training
/scratch/pdoshi/audio_comp/home_migrated/audio_comp_data/raw/fma_small/139/139933.mp3,139933,Electronic,test
/scratch/pdoshi/audio_comp/home_migrated/audio_comp_data/raw/fma_small/139/139934.mp3,139934,Electronic,test
/scratch/pdoshi/audio_comp/home_migrated/audio_comp_data/raw/fma_small/139/139935.mp3,139935,Electronic,test
/scratch/pdoshi/audio_comp/home_migrated/audio_comp_data/raw/fma_small/139/139936.mp3,139936,Electronic,test
/scratch/pdoshi/audio_comp/home_migrated/audio_comp_data/raw/fma_small/139/139937.mp3,139937,Electronic,test
/scratch/pdoshi/audio_comp/home_migrated/audio_comp_data/raw/fma_small/139/139954.mp3,139954,Electronic,training
/scratch/pdoshi/audio_comp/home_migrated/audio_comp_data/raw/fma_small/139/139990.mp3,139990,Electronic,training
/scratch/pdoshi/audio_comp/home_migrated/audio_comp_data/raw/fma_small/139/139991.mp3,139991,Electronic,training
/scratch/pdoshi/audio_comp/home_migrated/audio_comp_data/raw/fma_small/139/139992.mp3,139992,Electronic,training
/scratch/pdoshi/audio_comp/home_migrated/audio_comp_data/raw/fma_small/139/139993.mp3,139993,Electronic,training
/scratch/pdoshi/audio_comp/home_migrated/audio_comp_data/raw/fma_small/139/139994.mp3,139994,Electronic,training
/scratch/pdoshi/audio_comp/home_migrated/audio_comp_data/raw/fma_small/139/139995.mp3,139995,Electronic,training
/scratch/pdoshi/audio_comp/home_migrated/audio_comp_data/raw/fma_small/140/140043.mp3,140043,Rock,test
/scratch/pdoshi/audio_comp/home_migrated/audio_comp_data/raw/fma_small/140/140134.mp3,140134,Electronic,training
/scratch/pdoshi/audio_comp/home_migrated/audio_comp_data/raw/fma_small/140/140135.mp3,140135,Electronic,training
/scratch/pdoshi/audio_comp/home_migrated/audio_comp_data/raw/fma_small/140/140258.mp3,140258,Electronic,training
/scratch/pdoshi/audio_comp/home_migrated/audio_comp_data/raw/fma_small/140/140259.mp3,140259,Electronic,training
/scratch/pdoshi/audio_comp/home_migrated/audio_comp_data/raw/fma_small/140/140260.mp3,140260,Electronic,training
/scratch/pdoshi/audio_comp/home_migrated/audio_comp_data/raw/fma_small/140/140261.mp3,140261,Electronic,training
/scratch/pdoshi/audio_comp/home_migrated/audio_comp_data/raw/fma_small/140/140262.mp3,140262,Electronic,training
/scratch/pdoshi/audio_comp/home_migrated/audio_comp_data/raw/fma_small/140/140263.mp3,140263,Electronic,training
/scratch/pdoshi/audio_comp/home_migrated/audio_comp_data/raw/fma_small/140/140266.mp3,140266,Experimental,training
/scratch/pdoshi/audio_comp/home_migrated/audio_comp_data/raw/fma_small/140/140316.mp3,140316,Experimental,training
/scratch/pdoshi/audio_comp/home_migrated/audio_comp_data/raw/fma_small/140/140344.mp3,140344,Electronic,training
/scratch/pdoshi/audio_comp/home_migrated/audio_comp_data/raw/fma_small/140/140421.mp3,140421,Rock,training
/scratch/pdoshi/audio_comp/home_migrated/audio_comp_data/raw/fma_small/140/140564.mp3,140564,Electronic,training
/scratch/pdoshi/audio_comp/home_migrated/audio_comp_data/raw/fma_small/140/140565.mp3,140565,Electronic,training
/scratch/pdoshi/audio_comp/home_migrated/audio_comp_data/raw/fma_small/140/140566.mp3,140566,Electronic,training
/scratch/pdoshi/audio_comp/home_migrated/audio_comp_data/raw/fma_small/140/140576.mp3,140576,Rock,training
/scratch/pdoshi/audio_comp/home_migrated/audio_comp_data/raw/fma_small/140/140583.mp3,140583,Folk,validation
/scratch/pdoshi/audio_comp/home_migrated/audio_comp_data/raw/fma_small/140/140584.mp3,140584,International,training
/scratch/pdoshi/audio_comp/home_migrated/audio_comp_data/raw/fma_small/140/140609.mp3,140609,Hip-Hop,test
/scratch/pdoshi/audio_comp/home_migrated/audio_comp_data/raw/fma_small/140/140620.mp3,140620,Hip-Hop,test
/scratch/pdoshi/audio_comp/home_migrated/audio_comp_data/raw/fma_small/140/140621.mp3,140621,Hip-Hop,test
/scratch/pdoshi/audio_comp/home_migrated/audio_comp_data/raw/fma_small/140/140623.mp3,140623,Hip-Hop,test
/scratch/pdoshi/audio_comp/home_migrated/audio_comp_data/raw/fma_small/140/140625.mp3,140625,Hip-Hop,test
/scratch/pdoshi/audio_comp/home_migrated/audio_comp_data/raw/fma_small/140/140626.mp3,140626,Hip-Hop,test
/scratch/pdoshi/audio_comp/home_migrated/audio_comp_data/raw/fma_small/140/140788.mp3,140788,Folk,training
/scratch/pdoshi/audio_comp/home_migrated/audio_comp_data/raw/fma_small/140/140789.mp3,140789,Folk,training
/scratch/pdoshi/audio_comp/home_migrated/audio_comp_data/raw/fma_small/140/140790.mp3,140790,Folk,training
/scratch/pdoshi/audio_comp/home_migrated/audio_comp_data/raw/fma_small/140/140791.mp3,140791,Folk,training
/scratch/pdoshi/audio_comp/home_migrated/audio_comp_data/raw/fma_small/140/140794.mp3,140794,Folk,training
/scratch/pdoshi/audio_comp/home_migrated/audio_comp_data/raw/fma_small/140/140871.mp3,140871,Folk,training
/scratch/pdoshi/audio_comp/home_migrated/audio_comp_data/raw/fma_small/140/140872.mp3,140872,Folk,training
/scratch/pdoshi/audio_comp/home_migrated/audio_comp_data/raw/fma_small/140/140873.mp3,140873,Folk,training
/scratch/pdoshi/audio_comp/home_migrated/audio_comp_data/raw/fma_small/140/140874.mp3,140874,Folk,training
/scratch/pdoshi/audio_comp/home_migrated/audio_comp_data/raw/fma_small/140/140875.mp3,140875,Folk,training
/scratch/pdoshi/audio_comp/home_migrated/audio_comp_data/raw/fma_small/140/140922.mp3,140922,Electronic,test
/scratch/pdoshi/audio_comp/home_migrated/audio_comp_data/raw/fma_small/140/140923.mp3,140923,Electronic,test
/scratch/pdoshi/audio_comp/home_migrated/audio_comp_data/raw/fma_small/140/140924.mp3,140924,Electronic,test
/scratch/pdoshi/audio_comp/home_migrated/audio_comp_data/raw/fma_small/140/140925.mp3,140925,Electronic,test
/scratch/pdoshi/audio_comp/home_migrated/audio_comp_data/raw/fma_small/140/140926.mp3,140926,Electronic,test
/scratch/pdoshi/audio_comp/home_migrated/audio_comp_data/raw/fma_small/140/140933.mp3,140933,Electronic,test
/scratch/pdoshi/audio_comp/home_migrated/audio_comp_data/raw/fma_small/140/140934.mp3,140934,Electronic,test
/scratch/pdoshi/audio_comp/home_migrated/audio_comp_data/raw/fma_small/140/140935.mp3,140935,Experimental,validation
/scratch/pdoshi/audio_comp/home_migrated/audio_comp_data/raw/fma_small/140/140939.mp3,140939,Experimental,validation
/scratch/pdoshi/audio_comp/home_migrated/audio_comp_data/raw/fma_small/141/141074.mp3,141074,Instrumental,training
/scratch/pdoshi/audio_comp/home_migrated/audio_comp_data/raw/fma_small/141/141137.mp3,141137,Instrumental,training
/scratch/pdoshi/audio_comp/home_migrated/audio_comp_data/raw/fma_small/141/141139.mp3,141139,Instrumental,training
/scratch/pdoshi/audio_comp/home_migrated/audio_comp_data/raw/fma_small/141/141141.mp3,141141,Instrumental,training
/scratch/pdoshi/audio_comp/home_migrated/audio_comp_data/raw/fma_small/141/141143.mp3,141143,Instrumental,training
/scratch/pdoshi/audio_comp/home_migrated/audio_comp_data/raw/fma_small/141/141144.mp3,141144,Instrumental,training
/scratch/pdoshi/audio_comp/home_migrated/audio_comp_data/raw/fma_small/141/141164.mp3,141164,Hip-Hop,training
/scratch/pdoshi/audio_comp/home_migrated/audio_comp_data/raw/fma_small/141/141166.mp3,141166,Hip-Hop,training
/scratch/pdoshi/audio_comp/home_migrated/audio_comp_data/raw/fma_small/141/141167.mp3,141167,Hip-Hop,training
/scratch/pdoshi/audio_comp/home_migrated/audio_comp_data/raw/fma_small/141/141168.mp3,141168,Hip-Hop,training
/scratch/pdoshi/audio_comp/home_migrated/audio_comp_data/raw/fma_small/141/141173.mp3,141173,Rock,training
/scratch/pdoshi/audio_comp/home_migrated/audio_comp_data/raw/fma_small/141/141179.mp3,141179,Pop,training
/scratch/pdoshi/audio_comp/home_migrated/audio_comp_data/raw/fma_small/141/141180.mp3,141180,Pop,training
/scratch/pdoshi/audio_comp/home_migrated/audio_comp_data/raw/fma_small/141/141181.mp3,141181,Pop,training
/scratch/pdoshi/audio_comp/home_migrated/audio_comp_data/raw/fma_small/141/141182.mp3,141182,Pop,training
/scratch/pdoshi/audio_comp/home_migrated/audio_comp_data/raw/fma_small/141/141264.mp3,141264,Experimental,training
/scratch/pdoshi/audio_comp/home_migrated/audio_comp_data/raw/fma_small/141/141282.mp3,141282,Instrumental,training
/scratch/pdoshi/audio_comp/home_migrated/audio_comp_data/raw/fma_small/141/141283.mp3,141283,Instrumental,training
/scratch/pdoshi/audio_comp/home_migrated/audio_comp_data/raw/fma_small/141/141284.mp3,141284,Instrumental,training
/scratch/pdoshi/audio_comp/home_migrated/audio_comp_data/raw/fma_small/141/141285.mp3,141285,Instrumental,training
/scratch/pdoshi/audio_comp/home_migrated/audio_comp_data/raw/fma_small/141/141286.mp3,141286,Instrumental,training
/scratch/pdoshi/audio_comp/home_migrated/audio_comp_data/raw/fma_small/141/141287.mp3,141287,Instrumental,training
/scratch/pdoshi/audio_comp/home_migrated/audio_comp_data/raw/fma_small/141/141288.mp3,141288,Instrumental,training
/scratch/pdoshi/audio_comp/home_migrated/audio_comp_data/raw/fma_small/141/141289.mp3,141289,Instrumental,training
/scratch/pdoshi/audio_comp/home_migrated/audio_comp_data/raw/fma_small/141/141290.mp3,141290,Instrumental,training
/scratch/pdoshi/audio_comp/home_migrated/audio_comp_data/raw/fma_small/141/141291.mp3,141291,Instrumental,training
/scratch/pdoshi/audio_comp/home_migrated/audio_comp_data/raw/fma_small/141/141292.mp3,141292,Instrumental,training
/scratch/pdoshi/audio_comp/home_migrated/audio_comp_data/raw/fma_small/141/141293.mp3,141293,Instrumental,training
/scratch/pdoshi/audio_comp/home_migrated/audio_comp_data/raw/fma_small/141/141295.mp3,141295,Instrumental,training
/scratch/pdoshi/audio_comp/home_migrated/audio_comp_data/raw/fma_small/141/141296.mp3,141296,Instrumental,training
/scratch/pdoshi/audio_comp/home_migrated/audio_comp_data/raw/fma_small/141/141297.mp3,141297,Instrumental,training
/scratch/pdoshi/audio_comp/home_migrated/audio_comp_data/raw/fma_small/141/141299.mp3,141299,Instrumental,training
/scratch/pdoshi/audio_comp/home_migrated/audio_comp_data/raw/fma_small/141/141300.mp3,141300,Instrumental,training
/scratch/pdoshi/audio_comp/home_migrated/audio_comp_data/raw/fma_small/141/141303.mp3,141303,Instrumental,training
/scratch/pdoshi/audio_comp/home_migrated/audio_comp_data/raw/fma_small/141/141304.mp3,141304,Hip-Hop,training
/scratch/pdoshi/audio_comp/home_migrated/audio_comp_data/raw/fma_small/141/141310.mp3,141310,Electronic,training
/scratch/pdoshi/audio_comp/home_migrated/audio_comp_data/raw/fma_small/141/141375.mp3,141375,Hip-Hop,training
/scratch/pdoshi/audio_comp/home_migrated/audio_comp_data/raw/fma_small/141/141561.mp3,141561,Hip-Hop,training
/scratch/pdoshi/audio_comp/home_migrated/audio_comp_data/raw/fma_small/141/141562.mp3,141562,Hip-Hop,training
/scratch/pdoshi/audio_comp/home_migrated/audio_comp_data/raw/fma_small/141/141564.mp3,141564,Hip-Hop,training
/scratch/pdoshi/audio_comp/home_migrated/audio_comp_data/raw/fma_small/141/141566.mp3,141566,Hip-Hop,training
/scratch/pdoshi/audio_comp/home_migrated/audio_comp_data/raw/fma_small/141/141567.mp3,141567,Hip-Hop,training
/scratch/pdoshi/audio_comp/home_migrated/audio_comp_data/raw/fma_small/141/141568.mp3,141568,Hip-Hop,training
/scratch/pdoshi/audio_comp/home_migrated/audio_comp_data/raw/fma_small/141/141569.mp3,141569,Hip-Hop,training
/scratch/pdoshi/audio_comp/home_migrated/audio_comp_data/raw/fma_small/141/141590.mp3,141590,International,training
/scratch/pdoshi/audio_comp/home_migrated/audio_comp_data/raw/fma_small/141/141591.mp3,141591,International,training
/scratch/pdoshi/audio_comp/home_migrated/audio_comp_data/raw/fma_small/141/141592.mp3,141592,International,training
/scratch/pdoshi/audio_comp/home_migrated/audio_comp_data/raw/fma_small/141/141593.mp3,141593,International,training
/scratch/pdoshi/audio_comp/home_migrated/audio_comp_data/raw/fma_small/141/141594.mp3,141594,International,training
/scratch/pdoshi/audio_comp/home_migrated/audio_comp_data/raw/fma_small/141/141616.mp3,141616,Electronic,test
/scratch/pdoshi/audio_comp/home_migrated/audio_comp_data/raw/fma_small/141/141617.mp3,141617,Electronic,test
/scratch/pdoshi/audio_comp/home_migrated/audio_comp_data/raw/fma_small/141/141618.mp3,141618,Electronic,test
/scratch/pdoshi/audio_comp/home_migrated/audio_comp_data/raw/fma_small/141/141619.mp3,141619,Electronic,test
/scratch/pdoshi/audio_comp/home_migrated/audio_comp_data/raw/fma_small/141/141735.mp3,141735,Hip-Hop,validation
/scratch/pdoshi/audio_comp/home_migrated/audio_comp_data/raw/fma_small/141/141873.mp3,141873,Electronic,training
/scratch/pdoshi/audio_comp/home_migrated/audio_comp_data/raw/fma_small/141/141874.mp3,141874,Electronic,training
/scratch/pdoshi/audio_comp/home_migrated/audio_comp_data/raw/fma_small/141/141875.mp3,141875,Electronic,training
/scratch/pdoshi/audio_comp/home_migrated/audio_comp_data/raw/fma_small/141/141876.mp3,141876,Instrumental,training
/scratch/pdoshi/audio_comp/home_migrated/audio_comp_data/raw/fma_small/141/141877.mp3,141877,Rock,test
/scratch/pdoshi/audio_comp/home_migrated/audio_comp_data/raw/fma_small/141/141878.mp3,141878,Rock,test
/scratch/pdoshi/audio_comp/home_migrated/audio_comp_data/raw/fma_small/141/141894.mp3,141894,Rock,training
/scratch/pdoshi/audio_comp/home_migrated/audio_comp_data/raw/fma_small/141/141901.mp3,141901,Pop,training
/scratch/pdoshi/audio_comp/home_migrated/audio_comp_data/raw/fma_small/141/141902.mp3,141902,Pop,training
/scratch/pdoshi/audio_comp/home_migrated/audio_comp_data/raw/fma_small/141/141903.mp3,141903,Pop,training
/scratch/pdoshi/audio_comp/home_migrated/audio_comp_data/raw/fma_small/141/141972.mp3,141972,Experimental,training
/scratch/pdoshi/audio_comp/home_migrated/audio_comp_data/raw/fma_small/142/142078.mp3,142078,Electronic,training
/scratch/pdoshi/audio_comp/home_migrated/audio_comp_data/raw/fma_small/142/142079.mp3,142079,Electronic,training
/scratch/pdoshi/audio_comp/home_migrated/audio_comp_data/raw/fma_small/142/142080.mp3,142080,Electronic,training
/scratch/pdoshi/audio_comp/home_migrated/audio_comp_data/raw/fma_small/142/142081.mp3,142081,Electronic,training
/scratch/pdoshi/audio_comp/home_migrated/audio_comp_data/raw/fma_small/142/142082.mp3,142082,Hip-Hop,training
/scratch/pdoshi/audio_comp/home_migrated/audio_comp_data/raw/fma_small/142/142083.mp3,142083,Hip-Hop,training
/scratch/pdoshi/audio_comp/home_migrated/audio_comp_data/raw/fma_small/142/142084.mp3,142084,Hip-Hop,training
/scratch/pdoshi/audio_comp/home_migrated/audio_comp_data/raw/fma_small/142/142085.mp3,142085,Hip-Hop,training
/scratch/pdoshi/audio_comp/home_migrated/audio_comp_data/raw/fma_small/142/142086.mp3,142086,Hip-Hop,training
/scratch/pdoshi/audio_comp/home_migrated/audio_comp_data/raw/fma_small/142/142087.mp3,142087,Hip-Hop,training
/scratch/pdoshi/audio_comp/home_migrated/audio_comp_data/raw/fma_small/142/142088.mp3,142088,Hip-Hop,training
/scratch/pdoshi/audio_comp/home_migrated/audio_comp_data/raw/fma_small/142/142089.mp3,142089,Hip-Hop,training
/scratch/pdoshi/audio_comp/home_migrated/audio_comp_data/raw/fma_small/142/142091.mp3,142091,Hip-Hop,training
/scratch/pdoshi/audio_comp/home_migrated/audio_comp_data/raw/fma_small/142/142092.mp3,142092,Hip-Hop,training
/scratch/pdoshi/audio_comp/home_migrated/audio_comp_data/raw/fma_small/142/142093.mp3,142093,Hip-Hop,training
/scratch/pdoshi/audio_comp/home_migrated/audio_comp_data/raw/fma_small/142/142094.mp3,142094,Instrumental,validation
/scratch/pdoshi/audio_comp/home_migrated/audio_comp_data/raw/fma_small/142/142096.mp3,142096,Instrumental,validation
/scratch/pdoshi/audio_comp/home_migrated/audio_comp_data/raw/fma_small/142/142097.mp3,142097,Instrumental,validation
/scratch/pdoshi/audio_comp/home_migrated/audio_comp_data/raw/fma_small/142/142098.mp3,142098,Instrumental,validation
/scratch/pdoshi/audio_comp/home_migrated/audio_comp_data/raw/fma_small/142/142128.mp3,142128,Rock,training
/scratch/pdoshi/audio_comp/home_migrated/audio_comp_data/raw/fma_small/142/142129.mp3,142129,Folk,training
/scratch/pdoshi/audio_comp/home_migrated/audio_comp_data/raw/fma_small/142/142132.mp3,142132,Folk,training
/scratch/pdoshi/audio_comp/home_migrated/audio_comp_data/raw/fma_small/142/142133.mp3,142133,Folk,training
/scratch/pdoshi/audio_comp/home_migrated/audio_comp_data/raw/fma_small/142/142358.mp3,142358,Hip-Hop,test
/scratch/pdoshi/audio_comp/home_migrated/audio_comp_data/raw/fma_small/142/142359.mp3,142359,Hip-Hop,test
/scratch/pdoshi/audio_comp/home_migrated/audio_comp_data/raw/fma_small/142/142360.mp3,142360,Hip-Hop,test
/scratch/pdoshi/audio_comp/home_migrated/audio_comp_data/raw/fma_small/142/142361.mp3,142361,Hip-Hop,test
/scratch/pdoshi/audio_comp/home_migrated/audio_comp_data/raw/fma_small/142/142362.mp3,142362,Hip-Hop,test
/scratch/pdoshi/audio_comp/home_migrated/audio_comp_data/raw/fma_small/142/142381.mp3,142381,Instrumental,training
/scratch/pdoshi/audio_comp/home_migrated/audio_comp_data/raw/fma_small/142/142402.mp3,142402,Rock,training
/scratch/pdoshi/audio_comp/home_migrated/audio_comp_data/raw/fma_small/142/142418.mp3,142418,Rock,training
/scratch/pdoshi/audio_comp/home_migrated/audio_comp_data/raw/fma_small/142/142433.mp3,142433,Instrumental,validation
/scratch/pdoshi/audio_comp/home_migrated/audio_comp_data/raw/fma_small/142/142511.mp3,142511,Rock,training
/scratch/pdoshi/audio_comp/home_migrated/audio_comp_data/raw/fma_small/142/142516.mp3,142516,Folk,training
/scratch/pdoshi/audio_comp/home_migrated/audio_comp_data/raw/fma_small/142/142517.mp3,142517,Folk,training
/scratch/pdoshi/audio_comp/home_migrated/audio_comp_data/raw/fma_small/142/142519.mp3,142519,Folk,training
/scratch/pdoshi/audio_comp/home_migrated/audio_comp_data/raw/fma_small/142/142528.mp3,142528,Folk,training
/scratch/pdoshi/audio_comp/home_migrated/audio_comp_data/raw/fma_small/142/142529.mp3,142529,Folk,training
/scratch/pdoshi/audio_comp/home_migrated/audio_comp_data/raw/fma_small/142/142530.mp3,142530,Folk,training
/scratch/pdoshi/audio_comp/home_migrated/audio_comp_data/raw/fma_small/142/142531.mp3,142531,Folk,training
/scratch/pdoshi/audio_comp/home_migrated/audio_comp_data/raw/fma_small/142/142532.mp3,142532,Folk,training
/scratch/pdoshi/audio_comp/home_migrated/audio_comp_data/raw/fma_small/142/142533.mp3,142533,International,test
/scratch/pdoshi/audio_comp/home_migrated/audio_comp_data/raw/fma_small/142/142534.mp3,142534,International,test
/scratch/pdoshi/audio_comp/home_migrated/audio_comp_data/raw/fma_small/142/142535.mp3,142535,International,test
/scratch/pdoshi/audio_comp/home_migrated/audio_comp_data/raw/fma_small/142/142536.mp3,142536,International,test
/scratch/pdoshi/audio_comp/home_migrated/audio_comp_data/raw/fma_small/142/142537.mp3,142537,International,test
/scratch/pdoshi/audio_comp/home_migrated/audio_comp_data/raw/fma_small/142/142538.mp3,142538,International,test
/scratch/pdoshi/audio_comp/home_migrated/audio_comp_data/raw/fma_small/142/142539.mp3,142539,International,test
/scratch/pdoshi/audio_comp/home_migrated/audio_comp_data/raw/fma_small/142/142549.mp3,142549,Pop,training
/scratch/pdoshi/audio_comp/home_migrated/audio_comp_data/raw/fma_small/142/142550.mp3,142550,Pop,training
/scratch/pdoshi/audio_comp/home_migrated/audio_comp_data/raw/fma_small/142/142551.mp3,142551,Pop,training
/scratch/pdoshi/audio_comp/home_migrated/audio_comp_data/raw/fma_small/142/142552.mp3,142552,Pop,training
/scratch/pdoshi/audio_comp/home_migrated/audio_comp_data/raw/fma_small/142/142553.mp3,142553,Pop,training
/scratch/pdoshi/audio_comp/home_migrated/audio_comp_data/raw/fma_small/142/142563.mp3,142563,Rock,validation
/scratch/pdoshi/audio_comp/home_migrated/audio_comp_data/raw/fma_small/142/142564.mp3,142564,International,training
/scratch/pdoshi/audio_comp/home_migrated/audio_comp_data/raw/fma_small/142/142565.mp3,142565,International,training
/scratch/pdoshi/audio_comp/home_migrated/audio_comp_data/raw/fma_small/142/142566.mp3,142566,International,training
/scratch/pdoshi/audio_comp/home_migrated/audio_comp_data/raw/fma_small/142/142567.mp3,142567,International,training
/scratch/pdoshi/audio_comp/home_migrated/audio_comp_data/raw/fma_small/142/142568.mp3,142568,International,training
/scratch/pdoshi/audio_comp/home_migrated/audio_comp_data/raw/fma_small/142/142569.mp3,142569,International,training
/scratch/pdoshi/audio_comp/home_migrated/audio_comp_data/raw/fma_small/142/142570.mp3,142570,International,training
/scratch/pdoshi/audio_comp/home_migrated/audio_comp_data/raw/fma_small/142/142571.mp3,142571,International,training
/scratch/pdoshi/audio_comp/home_migrated/audio_comp_data/raw/fma_small/142/142572.mp3,142572,International,training
/scratch/pdoshi/audio_comp/home_migrated/audio_comp_data/raw/fma_small/142/142573.mp3,142573,International,training
/scratch/pdoshi/audio_comp/home_migrated/audio_comp_data/raw/fma_small/142/142574.mp3,142574,International,training
/scratch/pdoshi/audio_comp/home_migrated/audio_comp_data/raw/fma_small/142/142575.mp3,142575,International,training
/scratch/pdoshi/audio_comp/home_migrated/audio_comp_data/raw/fma_small/142/142576.mp3,142576,International,training
/scratch/pdoshi/audio_comp/home_migrated/audio_comp_data/raw/fma_small/142/142577.mp3,142577,International,training
/scratch/pdoshi/audio_comp/home_migrated/audio_comp_data/raw/fma_small/142/142579.mp3,142579,International,training
/scratch/pdoshi/audio_comp/home_migrated/audio_comp_data/raw/fma_small/142/142641.mp3,142641,Instrumental,validation
/scratch/pdoshi/audio_comp/home_migrated/audio_comp_data/raw/fma_small/142/142666.mp3,142666,Hip-Hop,training
/scratch/pdoshi/audio_comp/home_migrated/audio_comp_data/raw/fma_small/142/142668.mp3,142668,Hip-Hop,training
/scratch/pdoshi/audio_comp/home_migrated/audio_comp_data/raw/fma_small/142/142669.mp3,142669,Hip-Hop,training
/scratch/pdoshi/audio_comp/home_migrated/audio_comp_data/raw/fma_small/142/142670.mp3,142670,Hip-Hop,training
/scratch/pdoshi/audio_comp/home_migrated/audio_comp_data/raw/fma_small/142/142671.mp3,142671,Hip-Hop,training
/scratch/pdoshi/audio_comp/home_migrated/audio_comp_data/raw/fma_small/142/142672.mp3,142672,Hip-Hop,training
/scratch/pdoshi/audio_comp/home_migrated/audio_comp_data/raw/fma_small/142/142947.mp3,142947,Rock,validation
/scratch/pdoshi/audio_comp/home_migrated/audio_comp_data/raw/fma_small/142/142948.mp3,142948,Rock,validation
/scratch/pdoshi/audio_comp/home_migrated/audio_comp_data/raw/fma_small/142/142949.mp3,142949,Rock,validation
/scratch/pdoshi/audio_comp/home_migrated/audio_comp_data/raw/fma_small/142/142950.mp3,142950,Rock,validation
/scratch/pdoshi/audio_comp/home_migrated/audio_comp_data/raw/fma_small/143/143039.mp3,143039,Experimental,training
/scratch/pdoshi/audio_comp/home_migrated/audio_comp_data/raw/fma_small/143/143046.mp3,143046,Electronic,training
/scratch/pdoshi/audio_comp/home_migrated/audio_comp_data/raw/fma_small/143/143055.mp3,143055,Electronic,training
/scratch/pdoshi/audio_comp/home_migrated/audio_comp_data/raw/fma_small/143/143056.mp3,143056,Electronic,training
/scratch/pdoshi/audio_comp/home_migrated/audio_comp_data/raw/fma_small/143/143057.mp3,143057,Electronic,training
/scratch/pdoshi/audio_comp/home_migrated/audio_comp_data/raw/fma_small/143/143058.mp3,143058,Electronic,training
/scratch/pdoshi/audio_comp/home_migrated/audio_comp_data/raw/fma_small/143/143059.mp3,143059,Electronic,training
/scratch/pdoshi/audio_comp/home_migrated/audio_comp_data/raw/fma_small/143/143060.mp3,143060,Electronic,training
/scratch/pdoshi/audio_comp/home_migrated/audio_comp_data/raw/fma_small/143/143061.mp3,143061,Electronic,training
/scratch/pdoshi/audio_comp/home_migrated/audio_comp_data/raw/fma_small/143/143095.mp3,143095,Rock,training
/scratch/pdoshi/audio_comp/home_migrated/audio_comp_data/raw/fma_small/143/143097.mp3,143097,Rock,training
/scratch/pdoshi/audio_comp/home_migrated/audio_comp_data/raw/fma_small/143/143098.mp3,143098,Rock,training
/scratch/pdoshi/audio_comp/home_migrated/audio_comp_data/raw/fma_small/143/143099.mp3,143099,Rock,training
/scratch/pdoshi/audio_comp/home_migrated/audio_comp_data/raw/fma_small/143/143106.mp3,143106,Rock,training
/scratch/pdoshi/audio_comp/home_migrated/audio_comp_data/raw/fma_small/143/143186.mp3,143186,Experimental,validation
/scratch/pdoshi/audio_comp/home_migrated/audio_comp_data/raw/fma_small/143/143214.mp3,143214,Rock,training
/scratch/pdoshi/audio_comp/home_migrated/audio_comp_data/raw/fma_small/143/143215.mp3,143215,Rock,training
/scratch/pdoshi/audio_comp/home_migrated/audio_comp_data/raw/fma_small/143/143216.mp3,143216,Rock,training
/scratch/pdoshi/audio_comp/home_migrated/audio_comp_data/raw/fma_small/143/143217.mp3,143217,Rock,training
/scratch/pdoshi/audio_comp/home_migrated/audio_comp_data/raw/fma_small/143/143218.mp3,143218,Rock,training
/scratch/pdoshi/audio_comp/home_migrated/audio_comp_data/raw/fma_small/143/143219.mp3,143219,Rock,training
/scratch/pdoshi/audio_comp/home_migrated/audio_comp_data/raw/fma_small/143/143220.mp3,143220,Rock,training
/scratch/pdoshi/audio_comp/home_migrated/audio_comp_data/raw/fma_small/143/143221.mp3,143221,Rock,training
/scratch/pdoshi/audio_comp/home_migrated/audio_comp_data/raw/fma_small/143/143237.mp3,143237,Pop,training
/scratch/pdoshi/audio_comp/home_migrated/audio_comp_data/raw/fma_small/143/143239.mp3,143239,Instrumental,validation
/scratch/pdoshi/audio_comp/home_migrated/audio_comp_data/raw/fma_small/143/143290.mp3,143290,Hip-Hop,training
/scratch/pdoshi/audio_comp/home_migrated/audio_comp_data/raw/fma_small/143/143295.mp3,143295,Instrumental,validation
/scratch/pdoshi/audio_comp/home_migrated/audio_comp_data/raw/fma_small/143/143296.mp3,143296,Instrumental,validation
/scratch/pdoshi/audio_comp/home_migrated/audio_comp_data/raw/fma_small/143/143299.mp3,143299,Instrumental,validation
/scratch/pdoshi/audio_comp/home_migrated/audio_comp_data/raw/fma_small/143/143300.mp3,143300,Instrumental,validation
/scratch/pdoshi/audio_comp/home_migrated/audio_comp_data/raw/fma_small/143/143303.mp3,143303,Instrumental,validation
/scratch/pdoshi/audio_comp/home_migrated/audio_comp_data/raw/fma_small/143/143304.mp3,143304,Instrumental,validation
/scratch/pdoshi/audio_comp/home_migrated/audio_comp_data/raw/fma_small/143/143305.mp3,143305,Instrumental,validation
/scratch/pdoshi/audio_comp/home_migrated/audio_comp_data/raw/fma_small/143/143306.mp3,143306,Instrumental,validation
/scratch/pdoshi/audio_comp/home_migrated/audio_comp_data/raw/fma_small/143/143307.mp3,143307,Instrumental,validation
/scratch/pdoshi/audio_comp/home_migrated/audio_comp_data/raw/fma_small/143/143308.mp3,143308,Instrumental,validation
/scratch/pdoshi/audio_comp/home_migrated/audio_comp_data/raw/fma_small/143/143309.mp3,143309,Instrumental,validation
/scratch/pdoshi/audio_comp/home_migrated/audio_comp_data/raw/fma_small/143/143318.mp3,143318,Rock,training
/scratch/pdoshi/audio_comp/home_migrated/audio_comp_data/raw/fma_small/143/143319.mp3,143319,Rock,training
/scratch/pdoshi/audio_comp/home_migrated/audio_comp_data/raw/fma_small/143/143532.mp3,143532,Electronic,training
/scratch/pdoshi/audio_comp/home_migrated/audio_comp_data/raw/fma_small/143/143941.mp3,143941,Instrumental,validation
/scratch/pdoshi/audio_comp/home_migrated/audio_comp_data/raw/fma_small/143/143989.mp3,143989,Rock,training
/scratch/pdoshi/audio_comp/home_migrated/audio_comp_data/raw/fma_small/143/143995.mp3,143995,Rock,training
/scratch/pdoshi/audio_comp/home_migrated/audio_comp_data/raw/fma_small/144/144170.mp3,144170,Hip-Hop,training
/scratch/pdoshi/audio_comp/home_migrated/audio_comp_data/raw/fma_small/144/144171.mp3,144171,Hip-Hop,training
/scratch/pdoshi/audio_comp/home_migrated/audio_comp_data/raw/fma_small/144/144172.mp3,144172,Hip-Hop,training
/scratch/pdoshi/audio_comp/home_migrated/audio_comp_data/raw/fma_small/144/144173.mp3,144173,Hip-Hop,training
/scratch/pdoshi/audio_comp/home_migrated/audio_comp_data/raw/fma_small/144/144179.mp3,144179,Hip-Hop,training
/scratch/pdoshi/audio_comp/home_migrated/audio_comp_data/raw/fma_small/144/144180.mp3,144180,Hip-Hop,training
/scratch/pdoshi/audio_comp/home_migrated/audio_comp_data/raw/fma_small/144/144181.mp3,144181,Hip-Hop,training
/scratch/pdoshi/audio_comp/home_migrated/audio_comp_data/raw/fma_small/144/144182.mp3,144182,Hip-Hop,training
/scratch/pdoshi/audio_comp/home_migrated/audio_comp_data/raw/fma_small/144/144212.mp3,144212,Hip-Hop,test
/scratch/pdoshi/audio_comp/home_migrated/audio_comp_data/raw/fma_small/144/144213.mp3,144213,Hip-Hop,test
/scratch/pdoshi/audio_comp/home_migrated/audio_comp_data/raw/fma_small/144/144214.mp3,144214,Hip-Hop,test
/scratch/pdoshi/audio_comp/home_migrated/audio_comp_data/raw/fma_small/144/144215.mp3,144215,Hip-Hop,test
/scratch/pdoshi/audio_comp/home_migrated/audio_comp_data/raw/fma_small/144/144216.mp3,144216,Hip-Hop,test
/scratch/pdoshi/audio_comp/home_migrated/audio_comp_data/raw/fma_small/144/144423.mp3,144423,Electronic,training
/scratch/pdoshi/audio_comp/home_migrated/audio_comp_data/raw/fma_small/144/144424.mp3,144424,Electronic,training
/scratch/pdoshi/audio_comp/home_migrated/audio_comp_data/raw/fma_small/144/144454.mp3,144454,Instrumental,validation
/scratch/pdoshi/audio_comp/home_migrated/audio_comp_data/raw/fma_small/144/144465.mp3,144465,Folk,training
/scratch/pdoshi/audio_comp/home_migrated/audio_comp_data/raw/fma_small/144/144466.mp3,144466,Folk,training
/scratch/pdoshi/audio_comp/home_migrated/audio_comp_data/raw/fma_small/144/144467.mp3,144467,Folk,training
/scratch/pdoshi/audio_comp/home_migrated/audio_comp_data/raw/fma_small/144/144468.mp3,144468,Folk,training
/scratch/pdoshi/audio_comp/home_migrated/audio_comp_data/raw/fma_small/144/144469.mp3,144469,Folk,training
/scratch/pdoshi/audio_comp/home_migrated/audio_comp_data/raw/fma_small/144/144470.mp3,144470,Folk,training
/scratch/pdoshi/audio_comp/home_migrated/audio_comp_data/raw/fma_small/144/144471.mp3,144471,Folk,training
/scratch/pdoshi/audio_comp/home_migrated/audio_comp_data/raw/fma_small/144/144472.mp3,144472,Folk,training
/scratch/pdoshi/audio_comp/home_migrated/audio_comp_data/raw/fma_small/144/144473.mp3,144473,Folk,training
/scratch/pdoshi/audio_comp/home_migrated/audio_comp_data/raw/fma_small/144/144474.mp3,144474,Folk,training
/scratch/pdoshi/audio_comp/home_migrated/audio_comp_data/raw/fma_small/144/144475.mp3,144475,Folk,training
/scratch/pdoshi/audio_comp/home_migrated/audio_comp_data/raw/fma_small/144/144476.mp3,144476,Folk,training
/scratch/pdoshi/audio_comp/home_migrated/audio_comp_data/raw/fma_small/144/144477.mp3,144477,Folk,training
/scratch/pdoshi/audio_comp/home_migrated/audio_comp_data/raw/fma_small/144/144487.mp3,144487,Experimental,training
/scratch/pdoshi/audio_comp/home_migrated/audio_comp_data/raw/fma_small/144/144492.mp3,144492,Experimental,training
/scratch/pdoshi/audio_comp/home_migrated/audio_comp_data/raw/fma_small/144/144542.mp3,144542,Folk,training
/scratch/pdoshi/audio_comp/home_migrated/audio_comp_data/raw/fma_small/144/144543.mp3,144543,Folk,training
/scratch/pdoshi/audio_comp/home_migrated/audio_comp_data/raw/fma_small/144/144544.mp3,144544,Folk,training
/scratch/pdoshi/audio_comp/home_migrated/audio_comp_data/raw/fma_small/144/144545.mp3,144545,Folk,training
/scratch/pdoshi/audio_comp/home_migrated/audio_comp_data/raw/fma_small/144/144546.mp3,144546,Folk,training
/scratch/pdoshi/audio_comp/home_migrated/audio_comp_data/raw/fma_small/144/144547.mp3,144547,Folk,training
/scratch/pdoshi/audio_comp/home_migrated/audio_comp_data/raw/fma_small/144/144548.mp3,144548,Folk,training
/scratch/pdoshi/audio_comp/home_migrated/audio_comp_data/raw/fma_small/144/144549.mp3,144549,Folk,training
/scratch/pdoshi/audio_comp/home_migrated/audio_comp_data/raw/fma_small/144/144550.mp3,144550,Folk,training
/scratch/pdoshi/audio_comp/home_migrated/audio_comp_data/raw/fma_small/144/144551.mp3,144551,Folk,training
/scratch/pdoshi/audio_comp/home_migrated/audio_comp_data/raw/fma_small/144/144552.mp3,144552,Folk,training
/scratch/pdoshi/audio_comp/home_migrated/audio_comp_data/raw/fma_small/144/144587.mp3,144587,Pop,training
/scratch/pdoshi/audio_comp/home_migrated/audio_comp_data/raw/fma_small/144/144592.mp3,144592,Electronic,test
/scratch/pdoshi/audio_comp/home_migrated/audio_comp_data/raw/fma_small/144/144600.mp3,144600,Instrumental,validation
/scratch/pdoshi/audio_comp/home_migrated/audio_comp_data/raw/fma_small/144/144733.mp3,144733,Electronic,training
/scratch/pdoshi/audio_comp/home_migrated/audio_comp_data/raw/fma_small/144/144740.mp3,144740,Hip-Hop,training
/scratch/pdoshi/audio_comp/home_migrated/audio_comp_data/raw/fma_small/144/144741.mp3,144741,Hip-Hop,training
/scratch/pdoshi/audio_comp/home_migrated/audio_comp_data/raw/fma_small/144/144801.mp3,144801,Instrumental,validation
/scratch/pdoshi/audio_comp/home_migrated/audio_comp_data/raw/fma_small/144/144809.mp3,144809,Experimental,training
/scratch/pdoshi/audio_comp/home_migrated/audio_comp_data/raw/fma_small/144/144810.mp3,144810,Experimental,training
/scratch/pdoshi/audio_comp/home_migrated/audio_comp_data/raw/fma_small/144/144933.mp3,144933,Pop,training
/scratch/pdoshi/audio_comp/home_migrated/audio_comp_data/raw/fma_small/144/144934.mp3,144934,Pop,training
/scratch/pdoshi/audio_comp/home_migrated/audio_comp_data/raw/fma_small/144/144935.mp3,144935,Pop,training
/scratch/pdoshi/audio_comp/home_migrated/audio_comp_data/raw/fma_small/144/144936.mp3,144936,Pop,training
/scratch/pdoshi/audio_comp/home_migrated/audio_comp_data/raw/fma_small/144/144937.mp3,144937,Pop,training
/scratch/pdoshi/audio_comp/home_migrated/audio_comp_data/raw/fma_small/144/144938.mp3,144938,Pop,training
/scratch/pdoshi/audio_comp/home_migrated/audio_comp_data/raw/fma_small/144/144939.mp3,144939,Pop,training
/scratch/pdoshi/audio_comp/home_migrated/audio_comp_data/raw/fma_small/144/144940.mp3,144940,Pop,training
/scratch/pdoshi/audio_comp/home_migrated/audio_comp_data/raw/fma_small/144/144941.mp3,144941,Pop,training
/scratch/pdoshi/audio_comp/home_migrated/audio_comp_data/raw/fma_small/144/144942.mp3,144942,Pop,training
/scratch/pdoshi/audio_comp/home_migrated/audio_comp_data/raw/fma_small/144/144943.mp3,144943,Pop,training
/scratch/pdoshi/audio_comp/home_migrated/audio_comp_data/raw/fma_small/144/144944.mp3,144944,Pop,training
/scratch/pdoshi/audio_comp/home_migrated/audio_comp_data/raw/fma_small/144/144945.mp3,144945,Pop,training
/scratch/pdoshi/audio_comp/home_migrated/audio_comp_data/raw/fma_small/144/144946.mp3,144946,Pop,training
/scratch/pdoshi/audio_comp/home_migrated/audio_comp_data/raw/fma_small/145/145002.mp3,145002,Folk,training
/scratch/pdoshi/audio_comp/home_migrated/audio_comp_data/raw/fma_small/145/145003.mp3,145003,Folk,training
/scratch/pdoshi/audio_comp/home_migrated/audio_comp_data/raw/fma_small/145/145004.mp3,145004,Folk,training
/scratch/pdoshi/audio_comp/home_migrated/audio_comp_data/raw/fma_small/145/145005.mp3,145005,Folk,training
/scratch/pdoshi/audio_comp/home_migrated/audio_comp_data/raw/fma_small/145/145020.mp3,145020,Rock,training
/scratch/pdoshi/audio_comp/home_migrated/audio_comp_data/raw/fma_small/145/145027.mp3,145027,Rock,training
/scratch/pdoshi/audio_comp/home_migrated/audio_comp_data/raw/fma_small/145/145041.mp3,145041,Electronic,training
/scratch/pdoshi/audio_comp/home_migrated/audio_comp_data/raw/fma_small/145/145042.mp3,145042,Electronic,training
/scratch/pdoshi/audio_comp/home_migrated/audio_comp_data/raw/fma_small/145/145043.mp3,145043,Experimental,training
/scratch/pdoshi/audio_comp/home_migrated/audio_comp_data/raw/fma_small/145/145058.mp3,145058,Experimental,training
/scratch/pdoshi/audio_comp/home_migrated/audio_comp_data/raw/fma_small/145/145059.mp3,145059,Experimental,training
/scratch/pdoshi/audio_comp/home_migrated/audio_comp_data/raw/fma_small/145/145067.mp3,145067,Rock,test
/scratch/pdoshi/audio_comp/home_migrated/audio_comp_data/raw/fma_small/145/145068.mp3,145068,Rock,test
/scratch/pdoshi/audio_comp/home_migrated/audio_comp_data/raw/fma_small/145/145074.mp3,145074,Experimental,training
/scratch/pdoshi/audio_comp/home_migrated/audio_comp_data/raw/fma_small/145/145183.mp3,145183,Instrumental,training
/scratch/pdoshi/audio_comp/home_migrated/audio_comp_data/raw/fma_small/145/145189.mp3,145189,Instrumental,training
/scratch/pdoshi/audio_comp/home_migrated/audio_comp_data/raw/fma_small/145/145199.mp3,145199,Rock,training
/scratch/pdoshi/audio_comp/home_migrated/audio_comp_data/raw/fma_small/145/145241.mp3,145241,Rock,training
/scratch/pdoshi/audio_comp/home_migrated/audio_comp_data/raw/fma_small/145/145257.mp3,145257,Rock,training
/scratch/pdoshi/audio_comp/home_migrated/audio_comp_data/raw/fma_small/145/145258.mp3,145258,Rock,training
/scratch/pdoshi/audio_comp/home_migrated/audio_comp_data/raw/fma_small/145/145259.mp3,145259,Rock,training
/scratch/pdoshi/audio_comp/home_migrated/audio_comp_data/raw/fma_small/145/145260.mp3,145260,Rock,training
/scratch/pdoshi/audio_comp/home_migrated/audio_comp_data/raw/fma_small/145/145431.mp3,145431,Instrumental,training
/scratch/pdoshi/audio_comp/home_migrated/audio_comp_data/raw/fma_small/145/145432.mp3,145432,Instrumental,training
/scratch/pdoshi/audio_comp/home_migrated/audio_comp_data/raw/fma_small/145/145457.mp3,145457,Instrumental,test
/scratch/pdoshi/audio_comp/home_migrated/audio_comp_data/raw/fma_small/145/145458.mp3,145458,Instrumental,test
/scratch/pdoshi/audio_comp/home_migrated/audio_comp_data/raw/fma_small/145/145462.mp3,145462,Electronic,training
/scratch/pdoshi/audio_comp/home_migrated/audio_comp_data/raw/fma_small/145/145464.mp3,145464,Electronic,training
/scratch/pdoshi/audio_comp/home_migrated/audio_comp_data/raw/fma_small/145/145475.mp3,145475,Instrumental,test
/scratch/pdoshi/audio_comp/home_migrated/audio_comp_data/raw/fma_small/145/145476.mp3,145476,Instrumental,test
/scratch/pdoshi/audio_comp/home_migrated/audio_comp_data/raw/fma_small/145/145477.mp3,145477,Instrumental,test
/scratch/pdoshi/audio_comp/home_migrated/audio_comp_data/raw/fma_small/145/145549.mp3,145549,Electronic,validation
/scratch/pdoshi/audio_comp/home_migrated/audio_comp_data/raw/fma_small/145/145550.mp3,145550,Folk,training
/scratch/pdoshi/audio_comp/home_migrated/audio_comp_data/raw/fma_small/145/145551.mp3,145551,Folk,training
/scratch/pdoshi/audio_comp/home_migrated/audio_comp_data/raw/fma_small/145/145552.mp3,145552,Folk,training
/scratch/pdoshi/audio_comp/home_migrated/audio_comp_data/raw/fma_small/145/145553.mp3,145553,Folk,training
/scratch/pdoshi/audio_comp/home_migrated/audio_comp_data/raw/fma_small/145/145554.mp3,145554,Folk,training
/scratch/pdoshi/audio_comp/home_migrated/audio_comp_data/raw/fma_small/145/145555.mp3,145555,Folk,training
/scratch/pdoshi/audio_comp/home_migrated/audio_comp_data/raw/fma_small/145/145556.mp3,145556,Folk,training
/scratch/pdoshi/audio_comp/home_migrated/audio_comp_data/raw/fma_small/145/145606.mp3,145606,Rock,training
/scratch/pdoshi/audio_comp/home_migrated/audio_comp_data/raw/fma_small/145/145607.mp3,145607,Rock,training
/scratch/pdoshi/audio_comp/home_migrated/audio_comp_data/raw/fma_small/145/145608.mp3,145608,Rock,training
/scratch/pdoshi/audio_comp/home_migrated/audio_comp_data/raw/fma_small/145/145609.mp3,145609,Rock,training
/scratch/pdoshi/audio_comp/home_migrated/audio_comp_data/raw/fma_small/145/145610.mp3,145610,Rock,training
/scratch/pdoshi/audio_comp/home_migrated/audio_comp_data/raw/fma_small/145/145645.mp3,145645,Electronic,training
/scratch/pdoshi/audio_comp/home_migrated/audio_comp_data/raw/fma_small/145/145646.mp3,145646,Electronic,training
/scratch/pdoshi/audio_comp/home_migrated/audio_comp_data/raw/fma_small/145/145653.mp3,145653,Pop,training
/scratch/pdoshi/audio_comp/home_migrated/audio_comp_data/raw/fma_small/145/145702.mp3,145702,Pop,training
/scratch/pdoshi/audio_comp/home_migrated/audio_comp_data/raw/fma_small/145/145703.mp3,145703,Pop,training
/scratch/pdoshi/audio_comp/home_migrated/audio_comp_data/raw/fma_small/145/145704.mp3,145704,Pop,training
/scratch/pdoshi/audio_comp/home_migrated/audio_comp_data/raw/fma_small/145/145705.mp3,145705,Pop,training
/scratch/pdoshi/audio_comp/home_migrated/audio_comp_data/raw/fma_small/145/145706.mp3,145706,Pop,training
/scratch/pdoshi/audio_comp/home_migrated/audio_comp_data/raw/fma_small/145/145707.mp3,145707,Pop,training
/scratch/pdoshi/audio_comp/home_migrated/audio_comp_data/raw/fma_small/145/145708.mp3,145708,Pop,training
/scratch/pdoshi/audio_comp/home_migrated/audio_comp_data/raw/fma_small/145/145709.mp3,145709,Pop,training
/scratch/pdoshi/audio_comp/home_migrated/audio_comp_data/raw/fma_small/145/145710.mp3,145710,Pop,training
/scratch/pdoshi/audio_comp/home_migrated/audio_comp_data/raw/fma_small/145/145711.mp3,145711,Pop,training
/scratch/pdoshi/audio_comp/home_migrated/audio_comp_data/raw/fma_small/145/145724.mp3,145724,Hip-Hop,training
/scratch/pdoshi/audio_comp/home_migrated/audio_comp_data/raw/fma_small/145/145727.mp3,145727,Hip-Hop,training
/scratch/pdoshi/audio_comp/home_migrated/audio_comp_data/raw/fma_small/145/145728.mp3,145728,Hip-Hop,training
/scratch/pdoshi/audio_comp/home_migrated/audio_comp_data/raw/fma_small/145/145729.mp3,145729,Hip-Hop,training
/scratch/pdoshi/audio_comp/home_migrated/audio_comp_data/raw/fma_small/145/145730.mp3,145730,Hip-Hop,training
/scratch/pdoshi/audio_comp/home_migrated/audio_comp_data/raw/fma_small/145/145741.mp3,145741,Hip-Hop,training
/scratch/pdoshi/audio_comp/home_migrated/audio_comp_data/raw/fma_small/145/145742.mp3,145742,Hip-Hop,training
/scratch/pdoshi/audio_comp/home_migrated/audio_comp_data/raw/fma_small/145/145743.mp3,145743,Hip-Hop,training
/scratch/pdoshi/audio_comp/home_migrated/audio_comp_data/raw/fma_small/145/145744.mp3,145744,Hip-Hop,training
/scratch/pdoshi/audio_comp/home_migrated/audio_comp_data/raw/fma_small/145/145745.mp3,145745,Hip-Hop,training
/scratch/pdoshi/audio_comp/home_migrated/audio_comp_data/raw/fma_small/145/145746.mp3,145746,Hip-Hop,training
/scratch/pdoshi/audio_comp/home_migrated/audio_comp_data/raw/fma_small/145/145747.mp3,145747,Hip-Hop,test
/scratch/pdoshi/audio_comp/home_migrated/audio_comp_data/raw/fma_small/145/145748.mp3,145748,Hip-Hop,test
/scratch/pdoshi/audio_comp/home_migrated/audio_comp_data/raw/fma_small/145/145749.mp3,145749,Hip-Hop,test
/scratch/pdoshi/audio_comp/home_migrated/audio_comp_data/raw/fma_small/145/145750.mp3,145750,Hip-Hop,test
/scratch/pdoshi/audio_comp/home_migrated/audio_comp_data/raw/fma_small/145/145751.mp3,145751,Hip-Hop,test
/scratch/pdoshi/audio_comp/home_migrated/audio_comp_data/raw/fma_small/145/145752.mp3,145752,Electronic,training
/scratch/pdoshi/audio_comp/home_migrated/audio_comp_data/raw/fma_small/145/145754.mp3,145754,Electronic,training
/scratch/pdoshi/audio_comp/home_migrated/audio_comp_data/raw/fma_small/145/145755.mp3,145755,Electronic,training
/scratch/pdoshi/audio_comp/home_migrated/audio_comp_data/raw/fma_small/145/145756.mp3,145756,Electronic,training
/scratch/pdoshi/audio_comp/home_migrated/audio_comp_data/raw/fma_small/145/145757.mp3,145757,Electronic,training
/scratch/pdoshi/audio_comp/home_migrated/audio_comp_data/raw/fma_small/145/145758.mp3,145758,Electronic,training
/scratch/pdoshi/audio_comp/home_migrated/audio_comp_data/raw/fma_small/145/145759.mp3,145759,Electronic,training
/scratch/pdoshi/audio_comp/home_migrated/audio_comp_data/raw/fma_small/145/145760.mp3,145760,Electronic,training
/scratch/pdoshi/audio_comp/home_migrated/audio_comp_data/raw/fma_small/145/145761.mp3,145761,Electronic,training
/scratch/pdoshi/audio_comp/home_migrated/audio_comp_data/raw/fma_small/145/145762.mp3,145762,Instrumental,test
/scratch/pdoshi/audio_comp/home_migrated/audio_comp_data/raw/fma_small/145/145777.mp3,145777,Instrumental,test
/scratch/pdoshi/audio_comp/home_migrated/audio_comp_data/raw/fma_small/145/145780.mp3,145780,Rock,training
/scratch/pdoshi/audio_comp/home_migrated/audio_comp_data/raw/fma_small/145/145783.mp3,145783,Rock,training
/scratch/pdoshi/audio_comp/home_migrated/audio_comp_data/raw/fma_small/145/145887.mp3,145887,Instrumental,test
/scratch/pdoshi/audio_comp/home_migrated/audio_comp_data/raw/fma_small/145/145917.mp3,145917,Electronic,training
/scratch/pdoshi/audio_comp/home_migrated/audio_comp_data/raw/fma_small/145/145918.mp3,145918,Electronic,training
/scratch/pdoshi/audio_comp/home_migrated/audio_comp_data/raw/fma_small/146/146017.mp3,146017,Instrumental,training
/scratch/pdoshi/audio_comp/home_migrated/audio_comp_data/raw/fma_small/146/146018.mp3,146018,Instrumental,training
/scratch/pdoshi/audio_comp/home_migrated/audio_comp_data/raw/fma_small/146/146019.mp3,146019,Instrumental,training
/scratch/pdoshi/audio_comp/home_migrated/audio_comp_data/raw/fma_small/146/146020.mp3,146020,Instrumental,training
/scratch/pdoshi/audio_comp/home_migrated/audio_comp_data/raw/fma_small/146/146070.mp3,146070,Experimental,training
/scratch/pdoshi/audio_comp/home_migrated/audio_comp_data/raw/fma_small/146/146147.mp3,146147,Hip-Hop,training
/scratch/pdoshi/audio_comp/home_migrated/audio_comp_data/raw/fma_small/146/146148.mp3,146148,Hip-Hop,training
/scratch/pdoshi/audio_comp/home_migrated/audio_comp_data/raw/fma_small/146/146149.mp3,146149,Hip-Hop,training
/scratch/pdoshi/audio_comp/home_migrated/audio_comp_data/raw/fma_small/146/146150.mp3,146150,Hip-Hop,training
/scratch/pdoshi/audio_comp/home_migrated/audio_comp_data/raw/fma_small/146/146151.mp3,146151,Hip-Hop,training
/scratch/pdoshi/audio_comp/home_migrated/audio_comp_data/raw/fma_small/146/146152.mp3,146152,Hip-Hop,training
/scratch/pdoshi/audio_comp/home_migrated/audio_comp_data/raw/fma_small/146/146153.mp3,146153,Hip-Hop,training
/scratch/pdoshi/audio_comp/home_migrated/audio_comp_data/raw/fma_small/146/146343.mp3,146343,Experimental,validation
/scratch/pdoshi/audio_comp/home_migrated/audio_comp_data/raw/fma_small/146/146458.mp3,146458,Electronic,training
/scratch/pdoshi/audio_comp/home_migrated/audio_comp_data/raw/fma_small/146/146478.mp3,146478,Rock,training
/scratch/pdoshi/audio_comp/home_migrated/audio_comp_data/raw/fma_small/146/146481.mp3,146481,Rock,training
/scratch/pdoshi/audio_comp/home_migrated/audio_comp_data/raw/fma_small/146/146482.mp3,146482,Rock,training
/scratch/pdoshi/audio_comp/home_migrated/audio_comp_data/raw/fma_small/146/146483.mp3,146483,Rock,training
/scratch/pdoshi/audio_comp/home_migrated/audio_comp_data/raw/fma_small/146/146639.mp3,146639,Folk,training
/scratch/pdoshi/audio_comp/home_migrated/audio_comp_data/raw/fma_small/146/146681.mp3,146681,Hip-Hop,training
/scratch/pdoshi/audio_comp/home_migrated/audio_comp_data/raw/fma_small/146/146683.mp3,146683,Hip-Hop,training
/scratch/pdoshi/audio_comp/home_migrated/audio_comp_data/raw/fma_small/146/146685.mp3,146685,Hip-Hop,training
/scratch/pdoshi/audio_comp/home_migrated/audio_comp_data/raw/fma_small/146/146687.mp3,146687,Hip-Hop,training
/scratch/pdoshi/audio_comp/home_migrated/audio_comp_data/raw/fma_small/146/146689.mp3,146689,Hip-Hop,training
/scratch/pdoshi/audio_comp/home_migrated/audio_comp_data/raw/fma_small/146/146713.mp3,146713,Hip-Hop,training
/scratch/pdoshi/audio_comp/home_migrated/audio_comp_data/raw/fma_small/146/146716.mp3,146716,Hip-Hop,training
/scratch/pdoshi/audio_comp/home_migrated/audio_comp_data/raw/fma_small/146/146724.mp3,146724,Hip-Hop,training
/scratch/pdoshi/audio_comp/home_migrated/audio_comp_data/raw/fma_small/146/146725.mp3,146725,Hip-Hop,training
/scratch/pdoshi/audio_comp/home_migrated/audio_comp_data/raw/fma_small/146/146726.mp3,146726,Hip-Hop,training
/scratch/pdoshi/audio_comp/home_migrated/audio_comp_data/raw/fma_small/146/146727.mp3,146727,Hip-Hop,training
/scratch/pdoshi/audio_comp/home_migrated/audio_comp_data/raw/fma_small/146/146879.mp3,146879,Electronic,validation
/scratch/pdoshi/audio_comp/home_migrated/audio_comp_data/raw/fma_small/146/146961.mp3,146961,Folk,training
/scratch/pdoshi/audio_comp/home_migrated/audio_comp_data/raw/fma_small/146/146968.mp3,146968,Folk,training
/scratch/pdoshi/audio_comp/home_migrated/audio_comp_data/raw/fma_small/146/146969.mp3,146969,Folk,training
/scratch/pdoshi/audio_comp/home_migrated/audio_comp_data/raw/fma_small/146/146970.mp3,146970,Folk,training
/scratch/pdoshi/audio_comp/home_migrated/audio_comp_data/raw/fma_small/146/146988.mp3,146988,Experimental,validation
/scratch/pdoshi/audio_comp/home_migrated/audio_comp_data/raw/fma_small/146/146989.mp3,146989,Experimental,validation
/scratch/pdoshi/audio_comp/home_migrated/audio_comp_data/raw/fma_small/147/147020.mp3,147020,Hip-Hop,test
/scratch/pdoshi/audio_comp/home_migrated/audio_comp_data/raw/fma_small/147/147021.mp3,147021,Hip-Hop,test
/scratch/pdoshi/audio_comp/home_migrated/audio_comp_data/raw/fma_small/147/147022.mp3,147022,Hip-Hop,test
/scratch/pdoshi/audio_comp/home_migrated/audio_comp_data/raw/fma_small/147/147023.mp3,147023,Hip-Hop,test
/scratch/pdoshi/audio_comp/home_migrated/audio_comp_data/raw/fma_small/147/147024.mp3,147024,Hip-Hop,test
/scratch/pdoshi/audio_comp/home_migrated/audio_comp_data/raw/fma_small/147/147059.mp3,147059,Experimental,training
/scratch/pdoshi/audio_comp/home_migrated/audio_comp_data/raw/fma_small/147/147085.mp3,147085,Experimental,training
/scratch/pdoshi/audio_comp/home_migrated/audio_comp_data/raw/fma_small/147/147086.mp3,147086,Experimental,training
/scratch/pdoshi/audio_comp/home_migrated/audio_comp_data/raw/fma_small/147/147087.mp3,147087,Experimental,training
/scratch/pdoshi/audio_comp/home_migrated/audio_comp_data/raw/fma_small/147/147126.mp3,147126,Instrumental,training
/scratch/pdoshi/audio_comp/home_migrated/audio_comp_data/raw/fma_small/147/147191.mp3,147191,Electronic,training
/scratch/pdoshi/audio_comp/home_migrated/audio_comp_data/raw/fma_small/147/147261.mp3,147261,Hip-Hop,test
/scratch/pdoshi/audio_comp/home_migrated/audio_comp_data/raw/fma_small/147/147265.mp3,147265,Hip-Hop,training
/scratch/pdoshi/audio_comp/home_migrated/audio_comp_data/raw/fma_small/147/147267.mp3,147267,Hip-Hop,training
/scratch/pdoshi/audio_comp/home_migrated/audio_comp_data/raw/fma_small/147/147268.mp3,147268,Hip-Hop,training
/scratch/pdoshi/audio_comp/home_migrated/audio_comp_data/raw/fma_small/147/147269.mp3,147269,Hip-Hop,training
/scratch/pdoshi/audio_comp/home_migrated/audio_comp_data/raw/fma_small/147/147295.mp3,147295,Folk,training
/scratch/pdoshi/audio_comp/home_migrated/audio_comp_data/raw/fma_small/147/147309.mp3,147309,Instrumental,training
/scratch/pdoshi/audio_comp/home_migrated/audio_comp_data/raw/fma_small/147/147409.mp3,147409,Rock,training
/scratch/pdoshi/audio_comp/home_migrated/audio_comp_data/raw/fma_small/147/147412.mp3,147412,Rock,training
/scratch/pdoshi/audio_comp/home_migrated/audio_comp_data/raw/fma_small/147/147413.mp3,147413,Rock,training
/scratch/pdoshi/audio_comp/home_migrated/audio_comp_data/raw/fma_small/147/147780.mp3,147780,Electronic,training
/scratch/pdoshi/audio_comp/home_migrated/audio_comp_data/raw/fma_small/147/147815.mp3,147815,Electronic,training
/scratch/pdoshi/audio_comp/home_migrated/audio_comp_data/raw/fma_small/147/147886.mp3,147886,Hip-Hop,training
/scratch/pdoshi/audio_comp/home_migrated/audio_comp_data/raw/fma_small/147/147956.mp3,147956,Rock,training
/scratch/pdoshi/audio_comp/home_migrated/audio_comp_data/raw/fma_small/148/148002.mp3,148002,Instrumental,test
/scratch/pdoshi/audio_comp/home_migrated/audio_comp_data/raw/fma_small/148/148028.mp3,148028,Hip-Hop,test
/scratch/pdoshi/audio_comp/home_migrated/audio_comp_data/raw/fma_small/148/148031.mp3,148031,Hip-Hop,test
/scratch/pdoshi/audio_comp/home_migrated/audio_comp_data/raw/fma_small/148/148032.mp3,148032,Hip-Hop,test
/scratch/pdoshi/audio_comp/home_migrated/audio_comp_data/raw/fma_small/148/148066.mp3,148066,International,training
/scratch/pdoshi/audio_comp/home_migrated/audio_comp_data/raw/fma_small/148/148070.mp3,148070,International,training
/scratch/pdoshi/audio_comp/home_migrated/audio_comp_data/raw/fma_small/148/148074.mp3,148074,International,training
/scratch/pdoshi/audio_comp/home_migrated/audio_comp_data/raw/fma_small/148/148075.mp3,148075,International,training
/scratch/pdoshi/audio_comp/home_migrated/audio_comp_data/raw/fma_small/148/148076.mp3,148076,International,training
/scratch/pdoshi/audio_comp/home_migrated/audio_comp_data/raw/fma_small/148/148077.mp3,148077,International,training
/scratch/pdoshi/audio_comp/home_migrated/audio_comp_data/raw/fma_small/148/148078.mp3,148078,International,training
/scratch/pdoshi/audio_comp/home_migrated/audio_comp_data/raw/fma_small/148/148079.mp3,148079,International,training
/scratch/pdoshi/audio_comp/home_migrated/audio_comp_data/raw/fma_small/148/148082.mp3,148082,Experimental,test
/scratch/pdoshi/audio_comp/home_migrated/audio_comp_data/raw/fma_small/148/148099.mp3,148099,Experimental,training
/scratch/pdoshi/audio_comp/home_migrated/audio_comp_data/raw/fma_small/148/148112.mp3,148112,Instrumental,training
/scratch/pdoshi/audio_comp/home_migrated/audio_comp_data/raw/fma_small/148/148113.mp3,148113,Instrumental,training
/scratch/pdoshi/audio_comp/home_migrated/audio_comp_data/raw/fma_small/148/148114.mp3,148114,Instrumental,training
/scratch/pdoshi/audio_comp/home_migrated/audio_comp_data/raw/fma_small/148/148120.mp3,148120,Instrumental,training
/scratch/pdoshi/audio_comp/home_migrated/audio_comp_data/raw/fma_small/148/148121.mp3,148121,Instrumental,training
/scratch/pdoshi/audio_comp/home_migrated/audio_comp_data/raw/fma_small/148/148124.mp3,148124,Instrumental,training
/scratch/pdoshi/audio_comp/home_migrated/audio_comp_data/raw/fma_small/148/148130.mp3,148130,Instrumental,training
/scratch/pdoshi/audio_comp/home_migrated/audio_comp_data/raw/fma_small/148/148131.mp3,148131,Instrumental,training
/scratch/pdoshi/audio_comp/home_migrated/audio_comp_data/raw/fma_small/148/148132.mp3,148132,Instrumental,training
/scratch/pdoshi/audio_comp/home_migrated/audio_comp_data/raw/fma_small/148/148133.mp3,148133,Instrumental,training
/scratch/pdoshi/audio_comp/home_migrated/audio_comp_data/raw/fma_small/148/148168.mp3,148168,Experimental,training
/scratch/pdoshi/audio_comp/home_migrated/audio_comp_data/raw/fma_small/148/148186.mp3,148186,Folk,validation
/scratch/pdoshi/audio_comp/home_migrated/audio_comp_data/raw/fma_small/148/148187.mp3,148187,Folk,validation
/scratch/pdoshi/audio_comp/home_migrated/audio_comp_data/raw/fma_small/148/148190.mp3,148190,Folk,validation
/scratch/pdoshi/audio_comp/home_migrated/audio_comp_data/raw/fma_small/148/148208.mp3,148208,Folk,validation
/scratch/pdoshi/audio_comp/home_migrated/audio_comp_data/raw/fma_small/148/148210.mp3,148210,Folk,validation
/scratch/pdoshi/audio_comp/home_migrated/audio_comp_data/raw/fma_small/148/148211.mp3,148211,Folk,validation
/scratch/pdoshi/audio_comp/home_migrated/audio_comp_data/raw/fma_small/148/148212.mp3,148212,Folk,validation
/scratch/pdoshi/audio_comp/home_migrated/audio_comp_data/raw/fma_small/148/148213.mp3,148213,Folk,validation
/scratch/pdoshi/audio_comp/home_migrated/audio_comp_data/raw/fma_small/148/148214.mp3,148214,Folk,validation
/scratch/pdoshi/audio_comp/home_migrated/audio_comp_data/raw/fma_small/148/148215.mp3,148215,Folk,validation
/scratch/pdoshi/audio_comp/home_migrated/audio_comp_data/raw/fma_small/148/148216.mp3,148216,Folk,validation
/scratch/pdoshi/audio_comp/home_migrated/audio_comp_data/raw/fma_small/148/148217.mp3,148217,Folk,validation
/scratch/pdoshi/audio_comp/home_migrated/audio_comp_data/raw/fma_small/148/148218.mp3,148218,Folk,validation
/scratch/pdoshi/audio_comp/home_migrated/audio_comp_data/raw/fma_small/148/148231.mp3,148231,Folk,validation
/scratch/pdoshi/audio_comp/home_migrated/audio_comp_data/raw/fma_small/148/148233.mp3,148233,Folk,validation
/scratch/pdoshi/audio_comp/home_migrated/audio_comp_data/raw/fma_small/148/148234.mp3,148234,Folk,validation
/scratch/pdoshi/audio_comp/home_migrated/audio_comp_data/raw/fma_small/148/148235.mp3,148235,Folk,validation
/scratch/pdoshi/audio_comp/home_migrated/audio_comp_data/raw/fma_small/148/148246.mp3,148246,Rock,training
/scratch/pdoshi/audio_comp/home_migrated/audio_comp_data/raw/fma_small/148/148285.mp3,148285,Pop,training
/scratch/pdoshi/audio_comp/home_migrated/audio_comp_data/raw/fma_small/148/148286.mp3,148286,Pop,training
/scratch/pdoshi/audio_comp/home_migrated/audio_comp_data/raw/fma_small/148/148287.mp3,148287,Pop,training
/scratch/pdoshi/audio_comp/home_migrated/audio_comp_data/raw/fma_small/148/148288.mp3,148288,Pop,training
/scratch/pdoshi/audio_comp/home_migrated/audio_comp_data/raw/fma_small/148/148289.mp3,148289,Pop,training
/scratch/pdoshi/audio_comp/home_migrated/audio_comp_data/raw/fma_small/148/148290.mp3,148290,Pop,training
/scratch/pdoshi/audio_comp/home_migrated/audio_comp_data/raw/fma_small/148/148302.mp3,148302,Experimental,training
/scratch/pdoshi/audio_comp/home_migrated/audio_comp_data/raw/fma_small/148/148303.mp3,148303,Experimental,validation
/scratch/pdoshi/audio_comp/home_migrated/audio_comp_data/raw/fma_small/148/148305.mp3,148305,Experimental,training
/scratch/pdoshi/audio_comp/home_migrated/audio_comp_data/raw/fma_small/148/148429.mp3,148429,International,validation
/scratch/pdoshi/audio_comp/home_migrated/audio_comp_data/raw/fma_small/148/148430.mp3,148430,International,test
/scratch/pdoshi/audio_comp/home_migrated/audio_comp_data/raw/fma_small/148/148439.mp3,148439,Electronic,training
/scratch/pdoshi/audio_comp/home_migrated/audio_comp_data/raw/fma_small/148/148441.mp3,148441,Electronic,training
/scratch/pdoshi/audio_comp/home_migrated/audio_comp_data/raw/fma_small/148/148443.mp3,148443,Electronic,training
/scratch/pdoshi/audio_comp/home_migrated/audio_comp_data/raw/fma_small/148/148444.mp3,148444,Electronic,training
/scratch/pdoshi/audio_comp/home_migrated/audio_comp_data/raw/fma_small/148/148510.mp3,148510,Pop,training
/scratch/pdoshi/audio_comp/home_migrated/audio_comp_data/raw/fma_small/148/148513.mp3,148513,Pop,training
/scratch/pdoshi/audio_comp/home_migrated/audio_comp_data/raw/fma_small/148/148514.mp3,148514,Pop,training
/scratch/pdoshi/audio_comp/home_migrated/audio_comp_data/raw/fma_small/148/148516.mp3,148516,Pop,training
/scratch/pdoshi/audio_comp/home_migrated/audio_comp_data/raw/fma_small/148/148517.mp3,148517,Pop,training
/scratch/pdoshi/audio_comp/home_migrated/audio_comp_data/raw/fma_small/148/148518.mp3,148518,Pop,training
/scratch/pdoshi/audio_comp/home_migrated/audio_comp_data/raw/fma_small/148/148519.mp3,148519,Pop,training
/scratch/pdoshi/audio_comp/home_migrated/audio_comp_data/raw/fma_small/148/148532.mp3,148532,Folk,training
/scratch/pdoshi/audio_comp/home_migrated/audio_comp_data/raw/fma_small/148/148535.mp3,148535,Folk,training
/scratch/pdoshi/audio_comp/home_migrated/audio_comp_data/raw/fma_small/148/148536.mp3,148536,Rock,training
/scratch/pdoshi/audio_comp/home_migrated/audio_comp_data/raw/fma_small/148/148537.mp3,148537,Rock,training
/scratch/pdoshi/audio_comp/home_migrated/audio_comp_data/raw/fma_small/148/148584.mp3,148584,Pop,training
/scratch/pdoshi/audio_comp/home_migrated/audio_comp_data/raw/fma_small/148/148585.mp3,148585,Pop,training
/scratch/pdoshi/audio_comp/home_migrated/audio_comp_data/raw/fma_small/148/148586.mp3,148586,Pop,training
/scratch/pdoshi/audio_comp/home_migrated/audio_comp_data/raw/fma_small/148/148587.mp3,148587,Pop,training
/scratch/pdoshi/audio_comp/home_migrated/audio_comp_data/raw/fma_small/148/148602.mp3,148602,Folk,training
/scratch/pdoshi/audio_comp/home_migrated/audio_comp_data/raw/fma_small/148/148603.mp3,148603,Folk,training
/scratch/pdoshi/audio_comp/home_migrated/audio_comp_data/raw/fma_small/148/148604.mp3,148604,Folk,training
/scratch/pdoshi/audio_comp/home_migrated/audio_comp_data/raw/fma_small/148/148605.mp3,148605,Folk,training
/scratch/pdoshi/audio_comp/home_migrated/audio_comp_data/raw/fma_small/148/148606.mp3,148606,Pop,test
/scratch/pdoshi/audio_comp/home_migrated/audio_comp_data/raw/fma_small/148/148607.mp3,148607,Pop,test
/scratch/pdoshi/audio_comp/home_migrated/audio_comp_data/raw/fma_small/148/148608.mp3,148608,Pop,test
/scratch/pdoshi/audio_comp/home_migrated/audio_comp_data/raw/fma_small/148/148609.mp3,148609,Pop,test
/scratch/pdoshi/audio_comp/home_migrated/audio_comp_data/raw/fma_small/148/148610.mp3,148610,Pop,test
/scratch/pdoshi/audio_comp/home_migrated/audio_comp_data/raw/fma_small/148/148611.mp3,148611,Pop,test
/scratch/pdoshi/audio_comp/home_migrated/audio_comp_data/raw/fma_small/148/148612.mp3,148612,Pop,test
/scratch/pdoshi/audio_comp/home_migrated/audio_comp_data/raw/fma_small/148/148613.mp3,148613,Pop,test
/scratch/pdoshi/audio_comp/home_migrated/audio_comp_data/raw/fma_small/148/148773.mp3,148773,Electronic,training
/scratch/pdoshi/audio_comp/home_migrated/audio_comp_data/raw/fma_small/149/149075.mp3,149075,Pop,training
/scratch/pdoshi/audio_comp/home_migrated/audio_comp_data/raw/fma_small/149/149078.mp3,149078,Pop,training
/scratch/pdoshi/audio_comp/home_migrated/audio_comp_data/raw/fma_small/149/149082.mp3,149082,Pop,training
/scratch/pdoshi/audio_comp/home_migrated/audio_comp_data/raw/fma_small/149/149083.mp3,149083,Pop,training
/scratch/pdoshi/audio_comp/home_migrated/audio_comp_data/raw/fma_small/149/149099.mp3,149099,Pop,training
/scratch/pdoshi/audio_comp/home_migrated/audio_comp_data/raw/fma_small/149/149100.mp3,149100,Pop,training
/scratch/pdoshi/audio_comp/home_migrated/audio_comp_data/raw/fma_small/149/149101.mp3,149101,Pop,training
/scratch/pdoshi/audio_comp/home_migrated/audio_comp_data/raw/fma_small/149/149102.mp3,149102,Pop,training
/scratch/pdoshi/audio_comp/home_migrated/audio_comp_data/raw/fma_small/149/149103.mp3,149103,Pop,training
/scratch/pdoshi/audio_comp/home_migrated/audio_comp_data/raw/fma_small/149/149118.mp3,149118,Hip-Hop,training
/scratch/pdoshi/audio_comp/home_migrated/audio_comp_data/raw/fma_small/149/149124.mp3,149124,Hip-Hop,training
/scratch/pdoshi/audio_comp/home_migrated/audio_comp_data/raw/fma_small/149/149138.mp3,149138,Hip-Hop,training
/scratch/pdoshi/audio_comp/home_migrated/audio_comp_data/raw/fma_small/149/149139.mp3,149139,Instrumental,training
/scratch/pdoshi/audio_comp/home_migrated/audio_comp_data/raw/fma_small/149/149140.mp3,149140,Instrumental,training
/scratch/pdoshi/audio_comp/home_migrated/audio_comp_data/raw/fma_small/149/149141.mp3,149141,Instrumental,training
/scratch/pdoshi/audio_comp/home_migrated/audio_comp_data/raw/fma_small/149/149142.mp3,149142,Instrumental,training
/scratch/pdoshi/audio_comp/home_migrated/audio_comp_data/raw/fma_small/149/149143.mp3,149143,Instrumental,training
/scratch/pdoshi/audio_comp/home_migrated/audio_comp_data/raw/fma_small/149/149185.mp3,149185,Electronic,training
/scratch/pdoshi/audio_comp/home_migrated/audio_comp_data/raw/fma_small/149/149369.mp3,149369,Hip-Hop,training
/scratch/pdoshi/audio_comp/home_migrated/audio_comp_data/raw/fma_small/149/149370.mp3,149370,Hip-Hop,training
/scratch/pdoshi/audio_comp/home_migrated/audio_comp_data/raw/fma_small/149/149416.mp3,149416,Rock,training
/scratch/pdoshi/audio_comp/home_migrated/audio_comp_data/raw/fma_small/149/149417.mp3,149417,Rock,training
/scratch/pdoshi/audio_comp/home_migrated/audio_comp_data/raw/fma_small/149/149422.mp3,149422,Experimental,training
/scratch/pdoshi/audio_comp/home_migrated/audio_comp_data/raw/fma_small/149/149452.mp3,149452,Rock,validation
/scratch/pdoshi/audio_comp/home_migrated/audio_comp_data/raw/fma_small/149/149488.mp3,149488,Rock,training
/scratch/pdoshi/audio_comp/home_migrated/audio_comp_data/raw/fma_small/149/149523.mp3,149523,Rock,training
/scratch/pdoshi/audio_comp/home_migrated/audio_comp_data/raw/fma_small/149/149623.mp3,149623,Hip-Hop,test
/scratch/pdoshi/audio_comp/home_migrated/audio_comp_data/raw/fma_small/149/149625.mp3,149625,Hip-Hop,test
/scratch/pdoshi/audio_comp/home_migrated/audio_comp_data/raw/fma_small/149/149626.mp3,149626,Hip-Hop,test
/scratch/pdoshi/audio_comp/home_migrated/audio_comp_data/raw/fma_small/149/149687.mp3,149687,Hip-Hop,training
/scratch/pdoshi/audio_comp/home_migrated/audio_comp_data/raw/fma_small/149/149689.mp3,149689,Hip-Hop,training
/scratch/pdoshi/audio_comp/home_migrated/audio_comp_data/raw/fma_small/149/149690.mp3,149690,Hip-Hop,training
/scratch/pdoshi/audio_comp/home_migrated/audio_comp_data/raw/fma_small/149/149700.mp3,149700,Electronic,training
/scratch/pdoshi/audio_comp/home_migrated/audio_comp_data/raw/fma_small/149/149701.mp3,149701,Electronic,training
/scratch/pdoshi/audio_comp/home_migrated/audio_comp_data/raw/fma_small/149/149712.mp3,149712,Instrumental,training
/scratch/pdoshi/audio_comp/home_migrated/audio_comp_data/raw/fma_small/149/149714.mp3,149714,Instrumental,training
/scratch/pdoshi/audio_comp/home_migrated/audio_comp_data/raw/fma_small/149/149727.mp3,149727,Instrumental,training
/scratch/pdoshi/audio_comp/home_migrated/audio_comp_data/raw/fma_small/149/149750.mp3,149750,Pop,training
/scratch/pdoshi/audio_comp/home_migrated/audio_comp_data/raw/fma_small/149/149775.mp3,149775,Experimental,training
/scratch/pdoshi/audio_comp/home_migrated/audio_comp_data/raw/fma_small/149/149776.mp3,149776,Experimental,training
/scratch/pdoshi/audio_comp/home_migrated/audio_comp_data/raw/fma_small/149/149777.mp3,149777,Experimental,training
/scratch/pdoshi/audio_comp/home_migrated/audio_comp_data/raw/fma_small/149/149778.mp3,149778,Experimental,training
/scratch/pdoshi/audio_comp/home_migrated/audio_comp_data/raw/fma_small/149/149842.mp3,149842,Experimental,training
/scratch/pdoshi/audio_comp/home_migrated/audio_comp_data/raw/fma_small/149/149951.mp3,149951,Hip-Hop,training
/scratch/pdoshi/audio_comp/home_migrated/audio_comp_data/raw/fma_small/149/149953.mp3,149953,Hip-Hop,training
/scratch/pdoshi/audio_comp/home_migrated/audio_comp_data/raw/fma_small/150/150015.mp3,150015,Pop,test
/scratch/pdoshi/audio_comp/home_migrated/audio_comp_data/raw/fma_small/150/150017.mp3,150017,Pop,test
/scratch/pdoshi/audio_comp/home_migrated/audio_comp_data/raw/fma_small/150/150018.mp3,150018,Pop,test
/scratch/pdoshi/audio_comp/home_migrated/audio_comp_data/raw/fma_small/150/150062.mp3,150062,Folk,training
/scratch/pdoshi/audio_comp/home_migrated/audio_comp_data/raw/fma_small/150/150063.mp3,150063,Folk,training
/scratch/pdoshi/audio_comp/home_migrated/audio_comp_data/raw/fma_small/150/150064.mp3,150064,Folk,training
/scratch/pdoshi/audio_comp/home_migrated/audio_comp_data/raw/fma_small/150/150073.mp3,150073,International,training
/scratch/pdoshi/audio_comp/home_migrated/audio_comp_data/raw/fma_small/150/150078.mp3,150078,International,training
/scratch/pdoshi/audio_comp/home_migrated/audio_comp_data/raw/fma_small/150/150079.mp3,150079,International,training
/scratch/pdoshi/audio_comp/home_migrated/audio_comp_data/raw/fma_small/150/150080.mp3,150080,International,training
/scratch/pdoshi/audio_comp/home_migrated/audio_comp_data/raw/fma_small/150/150265.mp3,150265,Instrumental,training
/scratch/pdoshi/audio_comp/home_migrated/audio_comp_data/raw/fma_small/150/150266.mp3,150266,Instrumental,training
/scratch/pdoshi/audio_comp/home_migrated/audio_comp_data/raw/fma_small/150/150267.mp3,150267,Instrumental,training
/scratch/pdoshi/audio_comp/home_migrated/audio_comp_data/raw/fma_small/150/150268.mp3,150268,Instrumental,training
/scratch/pdoshi/audio_comp/home_migrated/audio_comp_data/raw/fma_small/150/150287.mp3,150287,Hip-Hop,test
/scratch/pdoshi/audio_comp/home_migrated/audio_comp_data/raw/fma_small/150/150288.mp3,150288,Hip-Hop,test
/scratch/pdoshi/audio_comp/home_migrated/audio_comp_data/raw/fma_small/151/151404.mp3,151404,Electronic,training
/scratch/pdoshi/audio_comp/home_migrated/audio_comp_data/raw/fma_small/152/152103.mp3,152103,International,training
/scratch/pdoshi/audio_comp/home_migrated/audio_comp_data/raw/fma_small/152/152253.mp3,152253,International,training
/scratch/pdoshi/audio_comp/home_migrated/audio_comp_data/raw/fma_small/152/152254.mp3,152254,International,training
/scratch/pdoshi/audio_comp/home_migrated/audio_comp_data/raw/fma_small/152/152258.mp3,152258,International,training
/scratch/pdoshi/audio_comp/home_migrated/audio_comp_data/raw/fma_small/152/152261.mp3,152261,International,training
/scratch/pdoshi/audio_comp/home_migrated/audio_comp_data/raw/fma_small/152/152262.mp3,152262,International,training
/scratch/pdoshi/audio_comp/home_migrated/audio_comp_data/raw/fma_small/152/152324.mp3,152324,Pop,training
/scratch/pdoshi/audio_comp/home_migrated/audio_comp_data/raw/fma_small/152/152418.mp3,152418,International,training
/scratch/pdoshi/audio_comp/home_migrated/audio_comp_data/raw/fma_small/152/152425.mp3,152425,International,training
/scratch/pdoshi/audio_comp/home_migrated/audio_comp_data/raw/fma_small/152/152480.mp3,152480,Instrumental,training
/scratch/pdoshi/audio_comp/home_migrated/audio_comp_data/raw/fma_small/152/152543.mp3,152543,Hip-Hop,training
/scratch/pdoshi/audio_comp/home_migrated/audio_comp_data/raw/fma_small/152/152545.mp3,152545,Hip-Hop,training
/scratch/pdoshi/audio_comp/home_migrated/audio_comp_data/raw/fma_small/152/152568.mp3,152568,Instrumental,training
/scratch/pdoshi/audio_comp/home_migrated/audio_comp_data/raw/fma_small/152/152569.mp3,152569,Instrumental,training
/scratch/pdoshi/audio_comp/home_migrated/audio_comp_data/raw/fma_small/152/152570.mp3,152570,Instrumental,training
/scratch/pdoshi/audio_comp/home_migrated/audio_comp_data/raw/fma_small/153/153337.mp3,153337,Hip-Hop,training
/scratch/pdoshi/audio_comp/home_migrated/audio_comp_data/raw/fma_small/153/153383.mp3,153383,Pop,training
/scratch/pdoshi/audio_comp/home_migrated/audio_comp_data/raw/fma_small/153/153452.mp3,153452,Pop,training
/scratch/pdoshi/audio_comp/home_migrated/audio_comp_data/raw/fma_small/153/153946.mp3,153946,Folk,training
/scratch/pdoshi/audio_comp/home_migrated/audio_comp_data/raw/fma_small/153/153955.mp3,153955,Pop,training
/scratch/pdoshi/audio_comp/home_migrated/audio_comp_data/raw/fma_small/153/153956.mp3,153956,Pop,training
/scratch/pdoshi/audio_comp/home_migrated/audio_comp_data/raw/fma_small/154/154303.mp3,154303,Hip-Hop,test
/scratch/pdoshi/audio_comp/home_migrated/audio_comp_data/raw/fma_small/154/154305.mp3,154305,Hip-Hop,test
/scratch/pdoshi/audio_comp/home_migrated/audio_comp_data/raw/fma_small/154/154306.mp3,154306,Hip-Hop,test
/scratch/pdoshi/audio_comp/home_migrated/audio_comp_data/raw/fma_small/154/154307.mp3,154307,Hip-Hop,test
/scratch/pdoshi/audio_comp/home_migrated/audio_comp_data/raw/fma_small/154/154308.mp3,154308,Hip-Hop,test
/scratch/pdoshi/audio_comp/home_migrated/audio_comp_data/raw/fma_small/154/154309.mp3,154309,Hip-Hop,test
/scratch/pdoshi/audio_comp/home_migrated/audio_comp_data/raw/fma_small/154/154413.mp3,154413,Pop,training
/scratch/pdoshi/audio_comp/home_migrated/audio_comp_data/raw/fma_small/154/154414.mp3,154414,Pop,training
/scratch/pdoshi/audio_comp/home_migrated/audio_comp_data/raw/fma_small/155/155066.mp3,155066,Hip-Hop,training
