file,row_index,slice_file_name,fsID,classID,soundevent,fold
/scratch/pdoshi/audio_comp/urbansound8k_audio/00000_dog_bark.wav,0,100032-3-0-0.wav,100032,3,dog_bark,5
/scratch/pdoshi/audio_comp/urbansound8k_audio/00001_children_playing.wav,1,100263-2-0-117.wav,100263,2,children_playing,5
/scratch/pdoshi/audio_comp/urbansound8k_audio/00002_children_playing.wav,2,100263-2-0-121.wav,100263,2,children_playing,5
/scratch/pdoshi/audio_comp/urbansound8k_audio/00003_children_playing.wav,3,100263-2-0-126.wav,100263,2,children_playing,5
/scratch/pdoshi/audio_comp/urbansound8k_audio/00004_children_playing.wav,4,100263-2-0-137.wav,100263,2,children_playing,5
/scratch/pdoshi/audio_comp/urbansound8k_audio/00005_children_playing.wav,5,100263-2-0-143.wav,100263,2,children_playing,5
/scratch/pdoshi/audio_comp/urbansound8k_audio/00006_children_playing.wav,6,100263-2-0-161.wav,100263,2,children_playing,5
/scratch/pdoshi/audio_comp/urbansound8k_audio/00007_children_playing.wav,7,100263-2-0-3.wav,100263,2,children_playing,5
/scratch/pdoshi/audio_comp/urbansound8k_audio/00008_children_playing.wav,8,100263-2-0-36.wav,100263,2,children_playing,5
/scratch/pdoshi/audio_comp/urbansound8k_audio/00009_car_horn.wav,9,100648-1-0-0.wav,100648,1,car_horn,10
/scratch/pdoshi/audio_comp/urbansound8k_audio/00010_car_horn.wav,10,100648-1-1-0.wav,100648,1,car_horn,10
/scratch/pdoshi/audio_comp/urbansound8k_audio/00011_car_horn.wav,11,100648-1-2-0.wav,100648,1,car_horn,10
/scratch/pdoshi/audio_comp/urbansound8k_audio/00012_car_horn.wav,12,100648-1-3-0.wav,100648,1,car_horn,10
/scratch/pdoshi/audio_comp/urbansound8k_audio/00013_car_horn.wav,13,100648-1-4-0.wav,100648,1,car_horn,10
/scratch/pdoshi/audio_comp/urbansound8k_audio/00014_dog_bark.wav,14,100652-3-0-0.wav,100652,3,dog_bark,2
/scratch/pdoshi/audio_comp/urbansound8k_audio/00015_dog_bark.wav,15,100652-3-0-1.wav,100652,3,dog_bark,2
/scratch/pdoshi/audio_comp/urbansound8k_audio/00016_dog_bark.wav,16,100652-3-0-2.wav,100652,3,dog_bark,2
/scratch/pdoshi/audio_comp/urbansound8k_audio/00017_dog_bark.wav,17,100652-3-0-3.wav,100652,3,dog_bark,2
/scratch/pdoshi/audio_comp/urbansound8k_audio/00018_dog_bark.wav,18,100795-3-0-0.wav,100795,3,dog_bark,10
/scratch/pdoshi/audio_comp/urbansound8k_audio/00019_dog_bark.wav,19,100795-3-1-0.wav,100795,3,dog_bark,10
/scratch/pdoshi/audio_comp/urbansound8k_audio/00020_dog_bark.wav,20,100795-3-1-1.wav,100795,3,dog_bark,10
/scratch/pdoshi/audio_comp/urbansound8k_audio/00021_dog_bark.wav,21,100795-3-1-2.wav,100795,3,dog_bark,10
/scratch/pdoshi/audio_comp/urbansound8k_audio/00022_air_conditioner.wav,22,100852-0-0-0.wav,100852,0,air_conditioner,5
/scratch/pdoshi/audio_comp/urbansound8k_audio/00023_air_conditioner.wav,23,100852-0-0-1.wav,100852,0,air_conditioner,5
/scratch/pdoshi/audio_comp/urbansound8k_audio/00024_air_conditioner.wav,24,100852-0-0-10.wav,100852,0,air_conditioner,5
/scratch/pdoshi/audio_comp/urbansound8k_audio/00025_air_conditioner.wav,25,100852-0-0-11.wav,100852,0,air_conditioner,5
/scratch/pdoshi/audio_comp/urbansound8k_audio/00026_air_conditioner.wav,26,100852-0-0-12.wav,100852,0,air_conditioner,5
/scratch/pdoshi/audio_comp/urbansound8k_audio/00027_air_conditioner.wav,27,100852-0-0-13.wav,100852,0,air_conditioner,5
/scratch/pdoshi/audio_comp/urbansound8k_audio/00028_air_conditioner.wav,28,100852-0-0-14.wav,100852,0,air_conditioner,5
/scratch/pdoshi/audio_comp/urbansound8k_audio/00029_air_conditioner.wav,29,100852-0-0-15.wav,100852,0,air_conditioner,5
/scratch/pdoshi/audio_comp/urbansound8k_audio/00030_air_conditioner.wav,30,100852-0-0-16.wav,100852,0,air_conditioner,5
/scratch/pdoshi/audio_comp/urbansound8k_audio/00031_air_conditioner.wav,31,100852-0-0-17.wav,100852,0,air_conditioner,5
/scratch/pdoshi/audio_comp/urbansound8k_audio/00032_air_conditioner.wav,32,100852-0-0-18.wav,100852,0,air_conditioner,5
/scratch/pdoshi/audio_comp/urbansound8k_audio/00033_air_conditioner.wav,33,100852-0-0-19.wav,100852,0,air_conditioner,5
/scratch/pdoshi/audio_comp/urbansound8k_audio/00034_air_conditioner.wav,34,100852-0-0-2.wav,100852,0,air_conditioner,5
/scratch/pdoshi/audio_comp/urbansound8k_audio/00035_air_conditioner.wav,35,100852-0-0-20.wav,100852,0,air_conditioner,5
/scratch/pdoshi/audio_comp/urbansound8k_audio/00036_air_conditioner.wav,36,100852-0-0-21.wav,100852,0,air_conditioner,5
/scratch/pdoshi/audio_comp/urbansound8k_audio/00037_air_conditioner.wav,37,100852-0-0-22.wav,100852,0,air_conditioner,5
/scratch/pdoshi/audio_comp/urbansound8k_audio/00038_air_conditioner.wav,38,100852-0-0-23.wav,100852,0,air_conditioner,5
/scratch/pdoshi/audio_comp/urbansound8k_audio/00039_air_conditioner.wav,39,100852-0-0-24.wav,100852,0,air_conditioner,5
/scratch/pdoshi/audio_comp/urbansound8k_audio/00040_air_conditioner.wav,40,100852-0-0-25.wav,100852,0,air_conditioner,5
/scratch/pdoshi/audio_comp/urbansound8k_audio/00041_air_conditioner.wav,41,100852-0-0-26.wav,100852,0,air_conditioner,5
/scratch/pdoshi/audio_comp/urbansound8k_audio/00042_air_conditioner.wav,42,100852-0-0-27.wav,100852,0,air_conditioner,5
/scratch/pdoshi/audio_comp/urbansound8k_audio/00043_air_conditioner.wav,43,100852-0-0-28.wav,100852,0,air_conditioner,5
/scratch/pdoshi/audio_comp/urbansound8k_audio/00044_air_conditioner.wav,44,100852-0-0-29.wav,100852,0,air_conditioner,5
/scratch/pdoshi/audio_comp/urbansound8k_audio/00045_air_conditioner.wav,45,100852-0-0-3.wav,100852,0,air_conditioner,5
/scratch/pdoshi/audio_comp/urbansound8k_audio/00046_air_conditioner.wav,46,100852-0-0-30.wav,100852,0,air_conditioner,5
/scratch/pdoshi/audio_comp/urbansound8k_audio/00047_air_conditioner.wav,47,100852-0-0-4.wav,100852,0,air_conditioner,5
/scratch/pdoshi/audio_comp/urbansound8k_audio/00048_air_conditioner.wav,48,100852-0-0-5.wav,100852,0,air_conditioner,5
/scratch/pdoshi/audio_comp/urbansound8k_audio/00049_air_conditioner.wav,49,100852-0-0-6.wav,100852,0,air_conditioner,5
/scratch/pdoshi/audio_comp/urbansound8k_audio/00050_air_conditioner.wav,50,100852-0-0-7.wav,100852,0,air_conditioner,5
/scratch/pdoshi/audio_comp/urbansound8k_audio/00051_air_conditioner.wav,51,100852-0-0-8.wav,100852,0,air_conditioner,5
/scratch/pdoshi/audio_comp/urbansound8k_audio/00052_air_conditioner.wav,52,100852-0-0-9.wav,100852,0,air_conditioner,5
/scratch/pdoshi/audio_comp/urbansound8k_audio/00053_dog_bark.wav,53,101281-3-0-0.wav,101281,3,dog_bark,6
/scratch/pdoshi/audio_comp/urbansound8k_audio/00054_dog_bark.wav,54,101281-3-0-14.wav,101281,3,dog_bark,6
/scratch/pdoshi/audio_comp/urbansound8k_audio/00055_dog_bark.wav,55,101281-3-0-5.wav,101281,3,dog_bark,6
/scratch/pdoshi/audio_comp/urbansound8k_audio/00056_children_playing.wav,56,101382-2-0-10.wav,101382,2,children_playing,10
/scratch/pdoshi/audio_comp/urbansound8k_audio/00057_children_playing.wav,57,101382-2-0-12.wav,101382,2,children_playing,10
/scratch/pdoshi/audio_comp/urbansound8k_audio/00058_children_playing.wav,58,101382-2-0-20.wav,101382,2,children_playing,10
/scratch/pdoshi/audio_comp/urbansound8k_audio/00059_children_playing.wav,59,101382-2-0-21.wav,101382,2,children_playing,10
/scratch/pdoshi/audio_comp/urbansound8k_audio/00060_children_playing.wav,60,101382-2-0-29.wav,101382,2,children_playing,10
/scratch/pdoshi/audio_comp/urbansound8k_audio/00061_children_playing.wav,61,101382-2-0-33.wav,101382,2,children_playing,10
/scratch/pdoshi/audio_comp/urbansound8k_audio/00062_children_playing.wav,62,101382-2-0-42.wav,101382,2,children_playing,10
/scratch/pdoshi/audio_comp/urbansound8k_audio/00063_children_playing.wav,63,101382-2-0-45.wav,101382,2,children_playing,10
/scratch/pdoshi/audio_comp/urbansound8k_audio/00064_dog_bark.wav,64,101415-3-0-2.wav,101415,3,dog_bark,1
/scratch/pdoshi/audio_comp/urbansound8k_audio/00065_dog_bark.wav,65,101415-3-0-3.wav,101415,3,dog_bark,1
/scratch/pdoshi/audio_comp/urbansound8k_audio/00066_dog_bark.wav,66,101415-3-0-8.wav,101415,3,dog_bark,1
/scratch/pdoshi/audio_comp/urbansound8k_audio/00067_air_conditioner.wav,67,101729-0-0-1.wav,101729,0,air_conditioner,9
/scratch/pdoshi/audio_comp/urbansound8k_audio/00068_air_conditioner.wav,68,101729-0-0-11.wav,101729,0,air_conditioner,9
/scratch/pdoshi/audio_comp/urbansound8k_audio/00069_air_conditioner.wav,69,101729-0-0-12.wav,101729,0,air_conditioner,9
/scratch/pdoshi/audio_comp/urbansound8k_audio/00070_air_conditioner.wav,70,101729-0-0-13.wav,101729,0,air_conditioner,9
/scratch/pdoshi/audio_comp/urbansound8k_audio/00071_air_conditioner.wav,71,101729-0-0-14.wav,101729,0,air_conditioner,9
/scratch/pdoshi/audio_comp/urbansound8k_audio/00072_air_conditioner.wav,72,101729-0-0-16.wav,101729,0,air_conditioner,9
/scratch/pdoshi/audio_comp/urbansound8k_audio/00073_air_conditioner.wav,73,101729-0-0-17.wav,101729,0,air_conditioner,9
/scratch/pdoshi/audio_comp/urbansound8k_audio/00074_air_conditioner.wav,74,101729-0-0-18.wav,101729,0,air_conditioner,9
/scratch/pdoshi/audio_comp/urbansound8k_audio/00075_air_conditioner.wav,75,101729-0-0-19.wav,101729,0,air_conditioner,9
/scratch/pdoshi/audio_comp/urbansound8k_audio/00076_air_conditioner.wav,76,101729-0-0-21.wav,101729,0,air_conditioner,9
/scratch/pdoshi/audio_comp/urbansound8k_audio/00077_air_conditioner.wav,77,101729-0-0-22.wav,101729,0,air_conditioner,9
/scratch/pdoshi/audio_comp/urbansound8k_audio/00078_air_conditioner.wav,78,101729-0-0-23.wav,101729,0,air_conditioner,9
/scratch/pdoshi/audio_comp/urbansound8k_audio/00079_air_conditioner.wav,79,101729-0-0-24.wav,101729,0,air_conditioner,9
/scratch/pdoshi/audio_comp/urbansound8k_audio/00080_air_conditioner.wav,80,101729-0-0-26.wav,101729,0,air_conditioner,9
/scratch/pdoshi/audio_comp/urbansound8k_audio/00081_air_conditioner.wav,81,101729-0-0-28.wav,101729,0,air_conditioner,9
/scratch/pdoshi/audio_comp/urbansound8k_audio/00082_air_conditioner.wav,82,101729-0-0-29.wav,101729,0,air_conditioner,9
/scratch/pdoshi/audio_comp/urbansound8k_audio/00083_air_conditioner.wav,83,101729-0-0-3.wav,101729,0,air_conditioner,9
/scratch/pdoshi/audio_comp/urbansound8k_audio/00084_air_conditioner.wav,84,101729-0-0-32.wav,101729,0,air_conditioner,9
/scratch/pdoshi/audio_comp/urbansound8k_audio/00085_air_conditioner.wav,85,101729-0-0-33.wav,101729,0,air_conditioner,9
/scratch/pdoshi/audio_comp/urbansound8k_audio/00086_air_conditioner.wav,86,101729-0-0-36.wav,101729,0,air_conditioner,9
/scratch/pdoshi/audio_comp/urbansound8k_audio/00087_air_conditioner.wav,87,101729-0-0-37.wav,101729,0,air_conditioner,9
/scratch/pdoshi/audio_comp/urbansound8k_audio/00088_air_conditioner.wav,88,101729-0-0-38.wav,101729,0,air_conditioner,9
/scratch/pdoshi/audio_comp/urbansound8k_audio/00089_air_conditioner.wav,89,101729-0-0-39.wav,101729,0,air_conditioner,9
/scratch/pdoshi/audio_comp/urbansound8k_audio/00090_air_conditioner.wav,90,101729-0-0-4.wav,101729,0,air_conditioner,9
/scratch/pdoshi/audio_comp/urbansound8k_audio/00091_air_conditioner.wav,91,101729-0-0-40.wav,101729,0,air_conditioner,9
/scratch/pdoshi/audio_comp/urbansound8k_audio/00092_air_conditioner.wav,92,101729-0-0-6.wav,101729,0,air_conditioner,9
/scratch/pdoshi/audio_comp/urbansound8k_audio/00093_air_conditioner.wav,93,101729-0-0-9.wav,101729,0,air_conditioner,9
/scratch/pdoshi/audio_comp/urbansound8k_audio/00094_street_music.wav,94,101848-9-0-0.wav,101848,9,street_music,7
/scratch/pdoshi/audio_comp/urbansound8k_audio/00095_street_music.wav,95,101848-9-0-1.wav,101848,9,street_music,7
/scratch/pdoshi/audio_comp/urbansound8k_audio/00096_street_music.wav,96,101848-9-0-2.wav,101848,9,street_music,7
/scratch/pdoshi/audio_comp/urbansound8k_audio/00097_street_music.wav,97,101848-9-0-3.wav,101848,9,street_music,7
/scratch/pdoshi/audio_comp/urbansound8k_audio/00098_street_music.wav,98,101848-9-0-8.wav,101848,9,street_music,7
/scratch/pdoshi/audio_comp/urbansound8k_audio/00099_street_music.wav,99,101848-9-0-9.wav,101848,9,street_music,7
/scratch/pdoshi/audio_comp/urbansound8k_audio/00100_dog_bark.wav,100,102102-3-0-0.wav,102102,3,dog_bark,4
/scratch/pdoshi/audio_comp/urbansound8k_audio/00101_dog_bark.wav,101,102103-3-0-0.wav,102103,3,dog_bark,10
/scratch/pdoshi/audio_comp/urbansound8k_audio/00102_dog_bark.wav,102,102103-3-1-0.wav,102103,3,dog_bark,10
/scratch/pdoshi/audio_comp/urbansound8k_audio/00103_dog_bark.wav,103,102104-3-0-0.wav,102104,3,dog_bark,2
/scratch/pdoshi/audio_comp/urbansound8k_audio/00104_dog_bark.wav,104,102105-3-0-0.wav,102105,3,dog_bark,3
/scratch/pdoshi/audio_comp/urbansound8k_audio/00105_dog_bark.wav,105,102106-3-0-0.wav,102106,3,dog_bark,1
/scratch/pdoshi/audio_comp/urbansound8k_audio/00106_gun_shot.wav,106,102305-6-0-0.wav,102305,6,gun_shot,1
/scratch/pdoshi/audio_comp/urbansound8k_audio/00107_dog_bark.wav,107,102547-3-0-2.wav,102547,3,dog_bark,5
/scratch/pdoshi/audio_comp/urbansound8k_audio/00108_dog_bark.wav,108,102547-3-0-7.wav,102547,3,dog_bark,5
/scratch/pdoshi/audio_comp/urbansound8k_audio/00109_dog_bark.wav,109,102547-3-0-8.wav,102547,3,dog_bark,5
/scratch/pdoshi/audio_comp/urbansound8k_audio/00110_dog_bark.wav,110,102842-3-0-1.wav,102842,3,dog_bark,1
/scratch/pdoshi/audio_comp/urbansound8k_audio/00111_dog_bark.wav,111,102842-3-1-0.wav,102842,3,dog_bark,1
/scratch/pdoshi/audio_comp/urbansound8k_audio/00112_dog_bark.wav,112,102842-3-1-5.wav,102842,3,dog_bark,1
/scratch/pdoshi/audio_comp/urbansound8k_audio/00113_dog_bark.wav,113,102842-3-1-6.wav,102842,3,dog_bark,1
/scratch/pdoshi/audio_comp/urbansound8k_audio/00114_siren.wav,114,102853-8-0-0.wav,102853,8,siren,7
/scratch/pdoshi/audio_comp/urbansound8k_audio/00115_siren.wav,115,102853-8-0-1.wav,102853,8,siren,7
/scratch/pdoshi/audio_comp/urbansound8k_audio/00116_siren.wav,116,102853-8-0-2.wav,102853,8,siren,7
/scratch/pdoshi/audio_comp/urbansound8k_audio/00117_siren.wav,117,102853-8-0-3.wav,102853,8,siren,7
/scratch/pdoshi/audio_comp/urbansound8k_audio/00118_siren.wav,118,102853-8-0-4.wav,102853,8,siren,7
/scratch/pdoshi/audio_comp/urbansound8k_audio/00119_siren.wav,119,102853-8-0-5.wav,102853,8,siren,7
/scratch/pdoshi/audio_comp/urbansound8k_audio/00120_siren.wav,120,102853-8-0-6.wav,102853,8,siren,7
/scratch/pdoshi/audio_comp/urbansound8k_audio/00121_siren.wav,121,102853-8-1-0.wav,102853,8,siren,7
/scratch/pdoshi/audio_comp/urbansound8k_audio/00122_engine_idling.wav,122,102857-5-0-0.wav,102857,5,engine_idling,10
/scratch/pdoshi/audio_comp/urbansound8k_audio/00123_engine_idling.wav,123,102857-5-0-1.wav,102857,5,engine_idling,10
/scratch/pdoshi/audio_comp/urbansound8k_audio/00124_engine_idling.wav,124,102857-5-0-10.wav,102857,5,engine_idling,10
/scratch/pdoshi/audio_comp/urbansound8k_audio/00125_engine_idling.wav,125,102857-5-0-11.wav,102857,5,engine_idling,10
/scratch/pdoshi/audio_comp/urbansound8k_audio/00126_engine_idling.wav,126,102857-5-0-12.wav,102857,5,engine_idling,10
/scratch/pdoshi/audio_comp/urbansound8k_audio/00127_engine_idling.wav,127,102857-5-0-13.wav,102857,5,engine_idling,10
/scratch/pdoshi/audio_comp/urbansound8k_audio/00128_engine_idling.wav,128,102857-5-0-14.wav,102857,5,engine_idling,10
/scratch/pdoshi/audio_comp/urbansound8k_audio/00129_engine_idling.wav,129,102857-5-0-15.wav,102857,5,engine_idling,10
/scratch/pdoshi/audio_comp/urbansound8k_audio/00130_engine_idling.wav,130,102857-5-0-16.wav,102857,5,engine_idling,10
/scratch/pdoshi/audio_comp/urbansound8k_audio/00131_engine_idling.wav,131,102857-5-0-17.wav,102857,5,engine_idling,10
/scratch/pdoshi/audio_comp/urbansound8k_audio/00132_engine_idling.wav,132,102857-5-0-18.wav,102857,5,engine_idling,10
/scratch/pdoshi/audio_comp/urbansound8k_audio/00133_engine_idling.wav,133,102857-5-0-19.wav,102857,5,engine_idling,10
/scratch/pdoshi/audio_comp/urbansound8k_audio/00134_engine_idling.wav,134,102857-5-0-2.wav,102857,5,engine_idling,10
/scratch/pdoshi/audio_comp/urbansound8k_audio/00135_engine_idling.wav,135,102857-5-0-20.wav,102857,5,engine_idling,10
/scratch/pdoshi/audio_comp/urbansound8k_audio/00136_engine_idling.wav,136,102857-5-0-21.wav,102857,5,engine_idling,10
/scratch/pdoshi/audio_comp/urbansound8k_audio/00137_engine_idling.wav,137,102857-5-0-22.wav,102857,5,engine_idling,10
/scratch/pdoshi/audio_comp/urbansound8k_audio/00138_engine_idling.wav,138,102857-5-0-23.wav,102857,5,engine_idling,10
/scratch/pdoshi/audio_comp/urbansound8k_audio/00139_engine_idling.wav,139,102857-5-0-24.wav,102857,5,engine_idling,10
/scratch/pdoshi/audio_comp/urbansound8k_audio/00140_engine_idling.wav,140,102857-5-0-25.wav,102857,5,engine_idling,10
/scratch/pdoshi/audio_comp/urbansound8k_audio/00141_engine_idling.wav,141,102857-5-0-26.wav,102857,5,engine_idling,10
/scratch/pdoshi/audio_comp/urbansound8k_audio/00142_engine_idling.wav,142,102857-5-0-27.wav,102857,5,engine_idling,10
/scratch/pdoshi/audio_comp/urbansound8k_audio/00143_engine_idling.wav,143,102857-5-0-28.wav,102857,5,engine_idling,10
/scratch/pdoshi/audio_comp/urbansound8k_audio/00144_engine_idling.wav,144,102857-5-0-29.wav,102857,5,engine_idling,10
/scratch/pdoshi/audio_comp/urbansound8k_audio/00145_engine_idling.wav,145,102857-5-0-3.wav,102857,5,engine_idling,10
/scratch/pdoshi/audio_comp/urbansound8k_audio/00146_engine_idling.wav,146,102857-5-0-30.wav,102857,5,engine_idling,10
/scratch/pdoshi/audio_comp/urbansound8k_audio/00147_engine_idling.wav,147,102857-5-0-4.wav,102857,5,engine_idling,10
/scratch/pdoshi/audio_comp/urbansound8k_audio/00148_engine_idling.wav,148,102857-5-0-5.wav,102857,5,engine_idling,10
/scratch/pdoshi/audio_comp/urbansound8k_audio/00149_engine_idling.wav,149,102857-5-0-6.wav,102857,5,engine_idling,10
/scratch/pdoshi/audio_comp/urbansound8k_audio/00150_engine_idling.wav,150,102857-5-0-7.wav,102857,5,engine_idling,10
/scratch/pdoshi/audio_comp/urbansound8k_audio/00151_engine_idling.wav,151,102857-5-0-8.wav,102857,5,engine_idling,10
/scratch/pdoshi/audio_comp/urbansound8k_audio/00152_engine_idling.wav,152,102857-5-0-9.wav,102857,5,engine_idling,10
/scratch/pdoshi/audio_comp/urbansound8k_audio/00153_engine_idling.wav,153,102858-5-0-0.wav,102858,5,engine_idling,2
/scratch/pdoshi/audio_comp/urbansound8k_audio/00154_engine_idling.wav,154,102858-5-0-1.wav,102858,5,engine_idling,2
/scratch/pdoshi/audio_comp/urbansound8k_audio/00155_siren.wav,155,102871-8-0-0.wav,102871,8,siren,2
/scratch/pdoshi/audio_comp/urbansound8k_audio/00156_siren.wav,156,102871-8-0-1.wav,102871,8,siren,2
/scratch/pdoshi/audio_comp/urbansound8k_audio/00157_siren.wav,157,102871-8-0-10.wav,102871,8,siren,2
/scratch/pdoshi/audio_comp/urbansound8k_audio/00158_siren.wav,158,102871-8-0-11.wav,102871,8,siren,2
/scratch/pdoshi/audio_comp/urbansound8k_audio/00159_siren.wav,159,102871-8-0-12.wav,102871,8,siren,2
/scratch/pdoshi/audio_comp/urbansound8k_audio/00160_siren.wav,160,102871-8-0-13.wav,102871,8,siren,2
/scratch/pdoshi/audio_comp/urbansound8k_audio/00161_siren.wav,161,102871-8-0-14.wav,102871,8,siren,2
/scratch/pdoshi/audio_comp/urbansound8k_audio/00162_siren.wav,162,102871-8-0-15.wav,102871,8,siren,2
/scratch/pdoshi/audio_comp/urbansound8k_audio/00163_siren.wav,163,102871-8-0-2.wav,102871,8,siren,2
/scratch/pdoshi/audio_comp/urbansound8k_audio/00164_siren.wav,164,102871-8-0-3.wav,102871,8,siren,2
/scratch/pdoshi/audio_comp/urbansound8k_audio/00165_siren.wav,165,102871-8-0-4.wav,102871,8,siren,2
/scratch/pdoshi/audio_comp/urbansound8k_audio/00166_siren.wav,166,102871-8-0-5.wav,102871,8,siren,2
/scratch/pdoshi/audio_comp/urbansound8k_audio/00167_siren.wav,167,102871-8-0-6.wav,102871,8,siren,2
/scratch/pdoshi/audio_comp/urbansound8k_audio/00168_siren.wav,168,102871-8-0-7.wav,102871,8,siren,2
/scratch/pdoshi/audio_comp/urbansound8k_audio/00169_siren.wav,169,102871-8-0-8.wav,102871,8,siren,2
/scratch/pdoshi/audio_comp/urbansound8k_audio/00170_siren.wav,170,102871-8-0-9.wav,102871,8,siren,2
/scratch/pdoshi/audio_comp/urbansound8k_audio/00171_jackhammer.wav,171,103074-7-0-0.wav,103074,7,jackhammer,1
/scratch/pdoshi/audio_comp/urbansound8k_audio/00172_jackhammer.wav,172,103074-7-0-1.wav,103074,7,jackhammer,1
/scratch/pdoshi/audio_comp/urbansound8k_audio/00173_jackhammer.wav,173,103074-7-0-2.wav,103074,7,jackhammer,1
/scratch/pdoshi/audio_comp/urbansound8k_audio/00174_jackhammer.wav,174,103074-7-1-0.wav,103074,7,jackhammer,1
/scratch/pdoshi/audio_comp/urbansound8k_audio/00175_jackhammer.wav,175,103074-7-1-1.wav,103074,7,jackhammer,1
/scratch/pdoshi/audio_comp/urbansound8k_audio/00176_jackhammer.wav,176,103074-7-1-2.wav,103074,7,jackhammer,1
/scratch/pdoshi/audio_comp/urbansound8k_audio/00177_jackhammer.wav,177,103074-7-1-3.wav,103074,7,jackhammer,1
/scratch/pdoshi/audio_comp/urbansound8k_audio/00178_jackhammer.wav,178,103074-7-1-4.wav,103074,7,jackhammer,1
/scratch/pdoshi/audio_comp/urbansound8k_audio/00179_jackhammer.wav,179,103074-7-1-5.wav,103074,7,jackhammer,1
/scratch/pdoshi/audio_comp/urbansound8k_audio/00180_jackhammer.wav,180,103074-7-1-6.wav,103074,7,jackhammer,1
/scratch/pdoshi/audio_comp/urbansound8k_audio/00181_jackhammer.wav,181,103074-7-2-0.wav,103074,7,jackhammer,1
/scratch/pdoshi/audio_comp/urbansound8k_audio/00182_jackhammer.wav,182,103074-7-3-0.wav,103074,7,jackhammer,1
/scratch/pdoshi/audio_comp/urbansound8k_audio/00183_jackhammer.wav,183,103074-7-3-1.wav,103074,7,jackhammer,1
/scratch/pdoshi/audio_comp/urbansound8k_audio/00184_jackhammer.wav,184,103074-7-3-2.wav,103074,7,jackhammer,1
/scratch/pdoshi/audio_comp/urbansound8k_audio/00185_jackhammer.wav,185,103074-7-3-3.wav,103074,7,jackhammer,1
/scratch/pdoshi/audio_comp/urbansound8k_audio/00186_jackhammer.wav,186,103074-7-4-0.wav,103074,7,jackhammer,1
/scratch/pdoshi/audio_comp/urbansound8k_audio/00187_jackhammer.wav,187,103074-7-4-1.wav,103074,7,jackhammer,1
/scratch/pdoshi/audio_comp/urbansound8k_audio/00188_jackhammer.wav,188,103074-7-4-2.wav,103074,7,jackhammer,1
/scratch/pdoshi/audio_comp/urbansound8k_audio/00189_jackhammer.wav,189,103074-7-4-3.wav,103074,7,jackhammer,1
/scratch/pdoshi/audio_comp/urbansound8k_audio/00190_jackhammer.wav,190,103074-7-4-4.wav,103074,7,jackhammer,1
/scratch/pdoshi/audio_comp/urbansound8k_audio/00191_jackhammer.wav,191,103074-7-4-5.wav,103074,7,jackhammer,1
/scratch/pdoshi/audio_comp/urbansound8k_audio/00192_jackhammer.wav,192,103074-7-4-6.wav,103074,7,jackhammer,1
/scratch/pdoshi/audio_comp/urbansound8k_audio/00193_dog_bark.wav,193,103076-3-0-0.wav,103076,3,dog_bark,8
/scratch/pdoshi/audio_comp/urbansound8k_audio/00194_dog_bark.wav,194,103076-3-1-0.wav,103076,3,dog_bark,8
/scratch/pdoshi/audio_comp/urbansound8k_audio/00195_dog_bark.wav,195,103076-3-2-0.wav,103076,3,dog_bark,8
/scratch/pdoshi/audio_comp/urbansound8k_audio/00196_drilling.wav,196,103199-4-0-0.wav,103199,4,drilling,3
/scratch/pdoshi/audio_comp/urbansound8k_audio/00197_drilling.wav,197,103199-4-0-3.wav,103199,4,drilling,3
/scratch/pdoshi/audio_comp/urbansound8k_audio/00198_drilling.wav,198,103199-4-0-4.wav,103199,4,drilling,3
/scratch/pdoshi/audio_comp/urbansound8k_audio/00199_drilling.wav,199,103199-4-0-5.wav,103199,4,drilling,3
/scratch/pdoshi/audio_comp/urbansound8k_audio/00200_drilling.wav,200,103199-4-0-6.wav,103199,4,drilling,3
/scratch/pdoshi/audio_comp/urbansound8k_audio/00201_drilling.wav,201,103199-4-1-0.wav,103199,4,drilling,3
/scratch/pdoshi/audio_comp/urbansound8k_audio/00202_drilling.wav,202,103199-4-2-0.wav,103199,4,drilling,3
/scratch/pdoshi/audio_comp/urbansound8k_audio/00203_drilling.wav,203,103199-4-2-1.wav,103199,4,drilling,3
/scratch/pdoshi/audio_comp/urbansound8k_audio/00204_drilling.wav,204,103199-4-2-10.wav,103199,4,drilling,3
/scratch/pdoshi/audio_comp/urbansound8k_audio/00205_drilling.wav,205,103199-4-2-11.wav,103199,4,drilling,3
/scratch/pdoshi/audio_comp/urbansound8k_audio/00206_drilling.wav,206,103199-4-2-2.wav,103199,4,drilling,3
/scratch/pdoshi/audio_comp/urbansound8k_audio/00207_drilling.wav,207,103199-4-2-3.wav,103199,4,drilling,3
/scratch/pdoshi/audio_comp/urbansound8k_audio/00208_drilling.wav,208,103199-4-2-4.wav,103199,4,drilling,3
/scratch/pdoshi/audio_comp/urbansound8k_audio/00209_drilling.wav,209,103199-4-2-5.wav,103199,4,drilling,3
/scratch/pdoshi/audio_comp/urbansound8k_audio/00210_drilling.wav,210,103199-4-2-6.wav,103199,4,drilling,3
/scratch/pdoshi/audio_comp/urbansound8k_audio/00211_drilling.wav,211,103199-4-2-7.wav,103199,4,drilling,3
/scratch/pdoshi/audio_comp/urbansound8k_audio/00212_drilling.wav,212,103199-4-2-8.wav,103199,4,drilling,3
/scratch/pdoshi/audio_comp/urbansound8k_audio/00213_drilling.wav,213,103199-4-2-9.wav,103199,4,drilling,3
/scratch/pdoshi/audio_comp/urbansound8k_audio/00214_drilling.wav,214,103199-4-4-0.wav,103199,4,drilling,3
/scratch/pdoshi/audio_comp/urbansound8k_audio/00215_drilling.wav,215,103199-4-6-0.wav,103199,4,drilling,3
/scratch/pdoshi/audio_comp/urbansound8k_audio/00216_drilling.wav,216,103199-4-7-2.wav,103199,4,drilling,3
/scratch/pdoshi/audio_comp/urbansound8k_audio/00217_engine_idling.wav,217,103249-5-0-0.wav,103249,5,engine_idling,9
/scratch/pdoshi/audio_comp/urbansound8k_audio/00218_engine_idling.wav,218,103249-5-0-1.wav,103249,5,engine_idling,9
/scratch/pdoshi/audio_comp/urbansound8k_audio/00219_engine_idling.wav,219,103249-5-0-10.wav,103249,5,engine_idling,9
/scratch/pdoshi/audio_comp/urbansound8k_audio/00220_engine_idling.wav,220,103249-5-0-11.wav,103249,5,engine_idling,9
/scratch/pdoshi/audio_comp/urbansound8k_audio/00221_engine_idling.wav,221,103249-5-0-12.wav,103249,5,engine_idling,9
/scratch/pdoshi/audio_comp/urbansound8k_audio/00222_engine_idling.wav,222,103249-5-0-13.wav,103249,5,engine_idling,9
/scratch/pdoshi/audio_comp/urbansound8k_audio/00223_engine_idling.wav,223,103249-5-0-14.wav,103249,5,engine_idling,9
/scratch/pdoshi/audio_comp/urbansound8k_audio/00224_engine_idling.wav,224,103249-5-0-15.wav,103249,5,engine_idling,9
/scratch/pdoshi/audio_comp/urbansound8k_audio/00225_engine_idling.wav,225,103249-5-0-16.wav,103249,5,engine_idling,9
/scratch/pdoshi/audio_comp/urbansound8k_audio/00226_engine_idling.wav,226,103249-5-0-17.wav,103249,5,engine_idling,9
/scratch/pdoshi/audio_comp/urbansound8k_audio/00227_engine_idling.wav,227,103249-5-0-18.wav,103249,5,engine_idling,9
/scratch/pdoshi/audio_comp/urbansound8k_audio/00228_engine_idling.wav,228,103249-5-0-19.wav,103249,5,engine_idling,9
/scratch/pdoshi/audio_comp/urbansound8k_audio/00229_engine_idling.wav,229,103249-5-0-2.wav,103249,5,engine_idling,9
/scratch/pdoshi/audio_comp/urbansound8k_audio/00230_engine_idling.wav,230,103249-5-0-3.wav,103249,5,engine_idling,9
/scratch/pdoshi/audio_comp/urbansound8k_audio/00231_engine_idling.wav,231,103249-5-0-4.wav,103249,5,engine_idling,9
/scratch/pdoshi/audio_comp/urbansound8k_audio/00232_engine_idling.wav,232,103249-5-0-5.wav,103249,5,engine_idling,9
/scratch/pdoshi/audio_comp/urbansound8k_audio/00233_engine_idling.wav,233,103249-5-0-6.wav,103249,5,engine_idling,9
/scratch/pdoshi/audio_comp/urbansound8k_audio/00234_engine_idling.wav,234,103249-5-0-7.wav,103249,5,engine_idling,9
/scratch/pdoshi/audio_comp/urbansound8k_audio/00235_engine_idling.wav,235,103249-5-0-8.wav,103249,5,engine_idling,9
/scratch/pdoshi/audio_comp/urbansound8k_audio/00236_engine_idling.wav,236,103249-5-0-9.wav,103249,5,engine_idling,9
/scratch/pdoshi/audio_comp/urbansound8k_audio/00237_engine_idling.wav,237,103258-5-0-0.wav,103258,5,engine_idling,1
/scratch/pdoshi/audio_comp/urbansound8k_audio/00238_engine_idling.wav,238,103258-5-0-1.wav,103258,5,engine_idling,1
/scratch/pdoshi/audio_comp/urbansound8k_audio/00239_engine_idling.wav,239,103258-5-0-10.wav,103258,5,engine_idling,1
/scratch/pdoshi/audio_comp/urbansound8k_audio/00240_engine_idling.wav,240,103258-5-0-11.wav,103258,5,engine_idling,1
/scratch/pdoshi/audio_comp/urbansound8k_audio/00241_engine_idling.wav,241,103258-5-0-12.wav,103258,5,engine_idling,1
/scratch/pdoshi/audio_comp/urbansound8k_audio/00242_engine_idling.wav,242,103258-5-0-13.wav,103258,5,engine_idling,1
/scratch/pdoshi/audio_comp/urbansound8k_audio/00243_engine_idling.wav,243,103258-5-0-14.wav,103258,5,engine_idling,1
/scratch/pdoshi/audio_comp/urbansound8k_audio/00244_engine_idling.wav,244,103258-5-0-15.wav,103258,5,engine_idling,1
/scratch/pdoshi/audio_comp/urbansound8k_audio/00245_engine_idling.wav,245,103258-5-0-16.wav,103258,5,engine_idling,1
/scratch/pdoshi/audio_comp/urbansound8k_audio/00246_engine_idling.wav,246,103258-5-0-17.wav,103258,5,engine_idling,1
/scratch/pdoshi/audio_comp/urbansound8k_audio/00247_engine_idling.wav,247,103258-5-0-18.wav,103258,5,engine_idling,1
/scratch/pdoshi/audio_comp/urbansound8k_audio/00248_engine_idling.wav,248,103258-5-0-19.wav,103258,5,engine_idling,1
/scratch/pdoshi/audio_comp/urbansound8k_audio/00249_engine_idling.wav,249,103258-5-0-2.wav,103258,5,engine_idling,1
/scratch/pdoshi/audio_comp/urbansound8k_audio/00250_engine_idling.wav,250,103258-5-0-3.wav,103258,5,engine_idling,1
/scratch/pdoshi/audio_comp/urbansound8k_audio/00251_engine_idling.wav,251,103258-5-0-4.wav,103258,5,engine_idling,1
/scratch/pdoshi/audio_comp/urbansound8k_audio/00252_engine_idling.wav,252,103258-5-0-5.wav,103258,5,engine_idling,1
/scratch/pdoshi/audio_comp/urbansound8k_audio/00253_engine_idling.wav,253,103258-5-0-6.wav,103258,5,engine_idling,1
/scratch/pdoshi/audio_comp/urbansound8k_audio/00254_engine_idling.wav,254,103258-5-0-7.wav,103258,5,engine_idling,1
/scratch/pdoshi/audio_comp/urbansound8k_audio/00255_engine_idling.wav,255,103258-5-0-8.wav,103258,5,engine_idling,1
/scratch/pdoshi/audio_comp/urbansound8k_audio/00256_engine_idling.wav,256,103258-5-0-9.wav,103258,5,engine_idling,1
/scratch/pdoshi/audio_comp/urbansound8k_audio/00257_drilling.wav,257,103357-4-0-0.wav,103357,4,drilling,3
/scratch/pdoshi/audio_comp/urbansound8k_audio/00258_drilling.wav,258,103357-4-0-1.wav,103357,4,drilling,3
/scratch/pdoshi/audio_comp/urbansound8k_audio/00259_engine_idling.wav,259,103438-5-0-0.wav,103438,5,engine_idling,10
/scratch/pdoshi/audio_comp/urbansound8k_audio/00260_engine_idling.wav,260,103438-5-0-1.wav,103438,5,engine_idling,10
/scratch/pdoshi/audio_comp/urbansound8k_audio/00261_engine_idling.wav,261,103438-5-0-2.wav,103438,5,engine_idling,10
/scratch/pdoshi/audio_comp/urbansound8k_audio/00262_children_playing.wav,262,104327-2-0-15.wav,104327,2,children_playing,6
/scratch/pdoshi/audio_comp/urbansound8k_audio/00263_children_playing.wav,263,104327-2-0-19.wav,104327,2,children_playing,6
/scratch/pdoshi/audio_comp/urbansound8k_audio/00264_children_playing.wav,264,104327-2-0-26.wav,104327,2,children_playing,6
/scratch/pdoshi/audio_comp/urbansound8k_audio/00265_children_playing.wav,265,104327-2-0-28.wav,104327,2,children_playing,6
/scratch/pdoshi/audio_comp/urbansound8k_audio/00266_children_playing.wav,266,104327-2-0-3.wav,104327,2,children_playing,6
/scratch/pdoshi/audio_comp/urbansound8k_audio/00267_children_playing.wav,267,104327-2-0-30.wav,104327,2,children_playing,6
/scratch/pdoshi/audio_comp/urbansound8k_audio/00268_children_playing.wav,268,104327-2-0-34.wav,104327,2,children_playing,6
/scratch/pdoshi/audio_comp/urbansound8k_audio/00269_children_playing.wav,269,104327-2-0-4.wav,104327,2,children_playing,6
/scratch/pdoshi/audio_comp/urbansound8k_audio/00270_children_playing.wav,270,104421-2-0-1.wav,104421,2,children_playing,5
/scratch/pdoshi/audio_comp/urbansound8k_audio/00271_children_playing.wav,271,104421-2-0-15.wav,104421,2,children_playing,5
/scratch/pdoshi/audio_comp/urbansound8k_audio/00272_children_playing.wav,272,104421-2-0-20.wav,104421,2,children_playing,5
/scratch/pdoshi/audio_comp/urbansound8k_audio/00273_children_playing.wav,273,104421-2-0-29.wav,104421,2,children_playing,5
/scratch/pdoshi/audio_comp/urbansound8k_audio/00274_children_playing.wav,274,104421-2-0-3.wav,104421,2,children_playing,5
/scratch/pdoshi/audio_comp/urbansound8k_audio/00275_children_playing.wav,275,104421-2-0-5.wav,104421,2,children_playing,5
/scratch/pdoshi/audio_comp/urbansound8k_audio/00276_children_playing.wav,276,104421-2-0-7.wav,104421,2,children_playing,5
/scratch/pdoshi/audio_comp/urbansound8k_audio/00277_children_playing.wav,277,104421-2-1-3.wav,104421,2,children_playing,5
/scratch/pdoshi/audio_comp/urbansound8k_audio/00278_drilling.wav,278,104625-4-0-15.wav,104625,4,drilling,7
/scratch/pdoshi/audio_comp/urbansound8k_audio/00279_drilling.wav,279,104625-4-0-21.wav,104625,4,drilling,7
/scratch/pdoshi/audio_comp/urbansound8k_audio/00280_drilling.wav,280,104625-4-0-27.wav,104625,4,drilling,7
/scratch/pdoshi/audio_comp/urbansound8k_audio/00281_drilling.wav,281,104625-4-0-29.wav,104625,4,drilling,7
/scratch/pdoshi/audio_comp/urbansound8k_audio/00282_drilling.wav,282,104625-4-0-3.wav,104625,4,drilling,7
/scratch/pdoshi/audio_comp/urbansound8k_audio/00283_drilling.wav,283,104625-4-0-35.wav,104625,4,drilling,7
/scratch/pdoshi/audio_comp/urbansound8k_audio/00284_drilling.wav,284,104625-4-0-40.wav,104625,4,drilling,7
/scratch/pdoshi/audio_comp/urbansound8k_audio/00285_drilling.wav,285,104625-4-0-41.wav,104625,4,drilling,7
/scratch/pdoshi/audio_comp/urbansound8k_audio/00286_drilling.wav,286,104625-4-0-45.wav,104625,4,drilling,7
/scratch/pdoshi/audio_comp/urbansound8k_audio/00287_drilling.wav,287,104625-4-0-48.wav,104625,4,drilling,7
/scratch/pdoshi/audio_comp/urbansound8k_audio/00288_drilling.wav,288,104625-4-0-51.wav,104625,4,drilling,7
/scratch/pdoshi/audio_comp/urbansound8k_audio/00289_drilling.wav,289,104625-4-0-52.wav,104625,4,drilling,7
/scratch/pdoshi/audio_comp/urbansound8k_audio/00290_drilling.wav,290,104625-4-0-53.wav,104625,4,drilling,7
/scratch/pdoshi/audio_comp/urbansound8k_audio/00291_drilling.wav,291,104625-4-0-55.wav,104625,4,drilling,7
/scratch/pdoshi/audio_comp/urbansound8k_audio/00292_drilling.wav,292,104625-4-0-57.wav,104625,4,drilling,7
/scratch/pdoshi/audio_comp/urbansound8k_audio/00293_drilling.wav,293,104625-4-0-66.wav,104625,4,drilling,7
/scratch/pdoshi/audio_comp/urbansound8k_audio/00294_drilling.wav,294,104625-4-1-20.wav,104625,4,drilling,7
/scratch/pdoshi/audio_comp/urbansound8k_audio/00295_drilling.wav,295,104625-4-1-8.wav,104625,4,drilling,7
/scratch/pdoshi/audio_comp/urbansound8k_audio/00296_drilling.wav,296,104817-4-0-0.wav,104817,4,drilling,2
/scratch/pdoshi/audio_comp/urbansound8k_audio/00297_drilling.wav,297,104817-4-0-1.wav,104817,4,drilling,2
/scratch/pdoshi/audio_comp/urbansound8k_audio/00298_drilling.wav,298,104817-4-0-10.wav,104817,4,drilling,2
/scratch/pdoshi/audio_comp/urbansound8k_audio/00299_drilling.wav,299,104817-4-0-11.wav,104817,4,drilling,2
/scratch/pdoshi/audio_comp/urbansound8k_audio/00300_drilling.wav,300,104817-4-0-2.wav,104817,4,drilling,2
/scratch/pdoshi/audio_comp/urbansound8k_audio/00301_drilling.wav,301,104817-4-0-3.wav,104817,4,drilling,2
/scratch/pdoshi/audio_comp/urbansound8k_audio/00302_drilling.wav,302,104817-4-0-4.wav,104817,4,drilling,2
/scratch/pdoshi/audio_comp/urbansound8k_audio/00303_drilling.wav,303,104817-4-0-5.wav,104817,4,drilling,2
/scratch/pdoshi/audio_comp/urbansound8k_audio/00304_drilling.wav,304,104817-4-0-6.wav,104817,4,drilling,2
/scratch/pdoshi/audio_comp/urbansound8k_audio/00305_drilling.wav,305,104817-4-0-7.wav,104817,4,drilling,2
/scratch/pdoshi/audio_comp/urbansound8k_audio/00306_drilling.wav,306,104817-4-0-8.wav,104817,4,drilling,2
/scratch/pdoshi/audio_comp/urbansound8k_audio/00307_drilling.wav,307,104817-4-0-9.wav,104817,4,drilling,2
/scratch/pdoshi/audio_comp/urbansound8k_audio/00308_jackhammer.wav,308,104998-7-0-5.wav,104998,7,jackhammer,5
/scratch/pdoshi/audio_comp/urbansound8k_audio/00309_jackhammer.wav,309,104998-7-10-1.wav,104998,7,jackhammer,5
/scratch/pdoshi/audio_comp/urbansound8k_audio/00310_jackhammer.wav,310,104998-7-10-10.wav,104998,7,jackhammer,5
/scratch/pdoshi/audio_comp/urbansound8k_audio/00311_jackhammer.wav,311,104998-7-10-13.wav,104998,7,jackhammer,5
/scratch/pdoshi/audio_comp/urbansound8k_audio/00312_jackhammer.wav,312,104998-7-10-15.wav,104998,7,jackhammer,5
/scratch/pdoshi/audio_comp/urbansound8k_audio/00313_jackhammer.wav,313,104998-7-10-8.wav,104998,7,jackhammer,5
/scratch/pdoshi/audio_comp/urbansound8k_audio/00314_jackhammer.wav,314,104998-7-10-9.wav,104998,7,jackhammer,5
/scratch/pdoshi/audio_comp/urbansound8k_audio/00315_jackhammer.wav,315,104998-7-11-0.wav,104998,7,jackhammer,5
/scratch/pdoshi/audio_comp/urbansound8k_audio/00316_jackhammer.wav,316,104998-7-11-2.wav,104998,7,jackhammer,5
/scratch/pdoshi/audio_comp/urbansound8k_audio/00317_jackhammer.wav,317,104998-7-12-2.wav,104998,7,jackhammer,5
/scratch/pdoshi/audio_comp/urbansound8k_audio/00318_jackhammer.wav,318,104998-7-14-1.wav,104998,7,jackhammer,5
/scratch/pdoshi/audio_comp/urbansound8k_audio/00319_jackhammer.wav,319,104998-7-14-5.wav,104998,7,jackhammer,5
/scratch/pdoshi/audio_comp/urbansound8k_audio/00320_jackhammer.wav,320,104998-7-14-6.wav,104998,7,jackhammer,5
/scratch/pdoshi/audio_comp/urbansound8k_audio/00321_jackhammer.wav,321,104998-7-15-1.wav,104998,7,jackhammer,5
/scratch/pdoshi/audio_comp/urbansound8k_audio/00322_jackhammer.wav,322,104998-7-15-3.wav,104998,7,jackhammer,5
/scratch/pdoshi/audio_comp/urbansound8k_audio/00323_jackhammer.wav,323,104998-7-15-5.wav,104998,7,jackhammer,5
/scratch/pdoshi/audio_comp/urbansound8k_audio/00324_jackhammer.wav,324,104998-7-15-9.wav,104998,7,jackhammer,5
/scratch/pdoshi/audio_comp/urbansound8k_audio/00325_jackhammer.wav,325,104998-7-16-0.wav,104998,7,jackhammer,5
/scratch/pdoshi/audio_comp/urbansound8k_audio/00326_jackhammer.wav,326,104998-7-16-10.wav,104998,7,jackhammer,5
/scratch/pdoshi/audio_comp/urbansound8k_audio/00327_jackhammer.wav,327,104998-7-16-11.wav,104998,7,jackhammer,5
/scratch/pdoshi/audio_comp/urbansound8k_audio/00328_jackhammer.wav,328,104998-7-16-5.wav,104998,7,jackhammer,5
/scratch/pdoshi/audio_comp/urbansound8k_audio/00329_jackhammer.wav,329,104998-7-16-6.wav,104998,7,jackhammer,5
/scratch/pdoshi/audio_comp/urbansound8k_audio/00330_jackhammer.wav,330,104998-7-16-7.wav,104998,7,jackhammer,5
/scratch/pdoshi/audio_comp/urbansound8k_audio/00331_jackhammer.wav,331,104998-7-17-0.wav,104998,7,jackhammer,5
/scratch/pdoshi/audio_comp/urbansound8k_audio/00332_jackhammer.wav,332,104998-7-17-1.wav,104998,7,jackhammer,5
/scratch/pdoshi/audio_comp/urbansound8k_audio/00333_jackhammer.wav,333,104998-7-17-12.wav,104998,7,jackhammer,5
/scratch/pdoshi/audio_comp/urbansound8k_audio/00334_jackhammer.wav,334,104998-7-17-14.wav,104998,7,jackhammer,5
/scratch/pdoshi/audio_comp/urbansound8k_audio/00335_jackhammer.wav,335,104998-7-17-4.wav,104998,7,jackhammer,5
/scratch/pdoshi/audio_comp/urbansound8k_audio/00336_jackhammer.wav,336,104998-7-17-7.wav,104998,7,jackhammer,5
/scratch/pdoshi/audio_comp/urbansound8k_audio/00337_jackhammer.wav,337,104998-7-17-8.wav,104998,7,jackhammer,5
/scratch/pdoshi/audio_comp/urbansound8k_audio/00338_jackhammer.wav,338,104998-7-18-12.wav,104998,7,jackhammer,5
/scratch/pdoshi/audio_comp/urbansound8k_audio/00339_jackhammer.wav,339,104998-7-18-13.wav,104998,7,jackhammer,5
/scratch/pdoshi/audio_comp/urbansound8k_audio/00340_jackhammer.wav,340,104998-7-18-3.wav,104998,7,jackhammer,5
/scratch/pdoshi/audio_comp/urbansound8k_audio/00341_jackhammer.wav,341,104998-7-18-9.wav,104998,7,jackhammer,5
/scratch/pdoshi/audio_comp/urbansound8k_audio/00342_jackhammer.wav,342,104998-7-19-0.wav,104998,7,jackhammer,5
/scratch/pdoshi/audio_comp/urbansound8k_audio/00343_jackhammer.wav,343,104998-7-19-3.wav,104998,7,jackhammer,5
/scratch/pdoshi/audio_comp/urbansound8k_audio/00344_jackhammer.wav,344,104998-7-19-6.wav,104998,7,jackhammer,5
/scratch/pdoshi/audio_comp/urbansound8k_audio/00345_jackhammer.wav,345,104998-7-19-7.wav,104998,7,jackhammer,5
/scratch/pdoshi/audio_comp/urbansound8k_audio/00346_jackhammer.wav,346,104998-7-19-8.wav,104998,7,jackhammer,5
/scratch/pdoshi/audio_comp/urbansound8k_audio/00347_jackhammer.wav,347,104998-7-19-9.wav,104998,7,jackhammer,5
/scratch/pdoshi/audio_comp/urbansound8k_audio/00348_jackhammer.wav,348,104998-7-2-4.wav,104998,7,jackhammer,5
/scratch/pdoshi/audio_comp/urbansound8k_audio/00349_jackhammer.wav,349,104998-7-2-5.wav,104998,7,jackhammer,5
/scratch/pdoshi/audio_comp/urbansound8k_audio/00350_jackhammer.wav,350,104998-7-2-6.wav,104998,7,jackhammer,5
/scratch/pdoshi/audio_comp/urbansound8k_audio/00351_jackhammer.wav,351,104998-7-3-1.wav,104998,7,jackhammer,5
/scratch/pdoshi/audio_comp/urbansound8k_audio/00352_jackhammer.wav,352,104998-7-7-0.wav,104998,7,jackhammer,5
/scratch/pdoshi/audio_comp/urbansound8k_audio/00353_jackhammer.wav,353,104998-7-7-1.wav,104998,7,jackhammer,5
/scratch/pdoshi/audio_comp/urbansound8k_audio/00354_jackhammer.wav,354,104998-7-7-4.wav,104998,7,jackhammer,5
/scratch/pdoshi/audio_comp/urbansound8k_audio/00355_jackhammer.wav,355,104998-7-7-7.wav,104998,7,jackhammer,5
/scratch/pdoshi/audio_comp/urbansound8k_audio/00356_jackhammer.wav,356,104998-7-7-9.wav,104998,7,jackhammer,5
/scratch/pdoshi/audio_comp/urbansound8k_audio/00357_jackhammer.wav,357,104998-7-8-13.wav,104998,7,jackhammer,5
/scratch/pdoshi/audio_comp/urbansound8k_audio/00358_jackhammer.wav,358,104998-7-8-14.wav,104998,7,jackhammer,5
/scratch/pdoshi/audio_comp/urbansound8k_audio/00359_jackhammer.wav,359,104998-7-8-15.wav,104998,7,jackhammer,5
/scratch/pdoshi/audio_comp/urbansound8k_audio/00360_jackhammer.wav,360,104998-7-8-17.wav,104998,7,jackhammer,5
/scratch/pdoshi/audio_comp/urbansound8k_audio/00361_jackhammer.wav,361,104998-7-8-4.wav,104998,7,jackhammer,5
/scratch/pdoshi/audio_comp/urbansound8k_audio/00362_jackhammer.wav,362,104998-7-8-6.wav,104998,7,jackhammer,5
/scratch/pdoshi/audio_comp/urbansound8k_audio/00363_jackhammer.wav,363,104998-7-8-7.wav,104998,7,jackhammer,5
/scratch/pdoshi/audio_comp/urbansound8k_audio/00364_jackhammer.wav,364,104998-7-9-0.wav,104998,7,jackhammer,5
/scratch/pdoshi/audio_comp/urbansound8k_audio/00365_jackhammer.wav,365,104998-7-9-13.wav,104998,7,jackhammer,5
/scratch/pdoshi/audio_comp/urbansound8k_audio/00366_jackhammer.wav,366,104998-7-9-9.wav,104998,7,jackhammer,5
/scratch/pdoshi/audio_comp/urbansound8k_audio/00367_jackhammer.wav,367,105029-7-0-0.wav,105029,7,jackhammer,9
/scratch/pdoshi/audio_comp/urbansound8k_audio/00368_jackhammer.wav,368,105029-7-0-1.wav,105029,7,jackhammer,9
/scratch/pdoshi/audio_comp/urbansound8k_audio/00369_jackhammer.wav,369,105029-7-0-2.wav,105029,7,jackhammer,9
/scratch/pdoshi/audio_comp/urbansound8k_audio/00370_jackhammer.wav,370,105029-7-0-3.wav,105029,7,jackhammer,9
/scratch/pdoshi/audio_comp/urbansound8k_audio/00371_jackhammer.wav,371,105029-7-0-4.wav,105029,7,jackhammer,9
/scratch/pdoshi/audio_comp/urbansound8k_audio/00372_jackhammer.wav,372,105029-7-0-5.wav,105029,7,jackhammer,9
/scratch/pdoshi/audio_comp/urbansound8k_audio/00373_jackhammer.wav,373,105029-7-0-6.wav,105029,7,jackhammer,9
/scratch/pdoshi/audio_comp/urbansound8k_audio/00374_jackhammer.wav,374,105029-7-1-0.wav,105029,7,jackhammer,9
/scratch/pdoshi/audio_comp/urbansound8k_audio/00375_jackhammer.wav,375,105029-7-1-1.wav,105029,7,jackhammer,9
/scratch/pdoshi/audio_comp/urbansound8k_audio/00376_jackhammer.wav,376,105029-7-1-10.wav,105029,7,jackhammer,9
/scratch/pdoshi/audio_comp/urbansound8k_audio/00377_jackhammer.wav,377,105029-7-1-11.wav,105029,7,jackhammer,9
/scratch/pdoshi/audio_comp/urbansound8k_audio/00378_jackhammer.wav,378,105029-7-1-12.wav,105029,7,jackhammer,9
/scratch/pdoshi/audio_comp/urbansound8k_audio/00379_jackhammer.wav,379,105029-7-1-13.wav,105029,7,jackhammer,9
/scratch/pdoshi/audio_comp/urbansound8k_audio/00380_jackhammer.wav,380,105029-7-1-2.wav,105029,7,jackhammer,9
/scratch/pdoshi/audio_comp/urbansound8k_audio/00381_jackhammer.wav,381,105029-7-1-3.wav,105029,7,jackhammer,9
/scratch/pdoshi/audio_comp/urbansound8k_audio/00382_jackhammer.wav,382,105029-7-1-4.wav,105029,7,jackhammer,9
/scratch/pdoshi/audio_comp/urbansound8k_audio/00383_jackhammer.wav,383,105029-7-1-5.wav,105029,7,jackhammer,9
/scratch/pdoshi/audio_comp/urbansound8k_audio/00384_jackhammer.wav,384,105029-7-1-6.wav,105029,7,jackhammer,9
/scratch/pdoshi/audio_comp/urbansound8k_audio/00385_jackhammer.wav,385,105029-7-1-7.wav,105029,7,jackhammer,9
/scratch/pdoshi/audio_comp/urbansound8k_audio/00386_jackhammer.wav,386,105029-7-1-8.wav,105029,7,jackhammer,9
/scratch/pdoshi/audio_comp/urbansound8k_audio/00387_jackhammer.wav,387,105029-7-1-9.wav,105029,7,jackhammer,9
/scratch/pdoshi/audio_comp/urbansound8k_audio/00388_jackhammer.wav,388,105029-7-2-0.wav,105029,7,jackhammer,9
/scratch/pdoshi/audio_comp/urbansound8k_audio/00389_jackhammer.wav,389,105029-7-2-1.wav,105029,7,jackhammer,9
/scratch/pdoshi/audio_comp/urbansound8k_audio/00390_jackhammer.wav,390,105029-7-2-10.wav,105029,7,jackhammer,9
/scratch/pdoshi/audio_comp/urbansound8k_audio/00391_jackhammer.wav,391,105029-7-2-11.wav,105029,7,jackhammer,9
/scratch/pdoshi/audio_comp/urbansound8k_audio/00392_jackhammer.wav,392,105029-7-2-12.wav,105029,7,jackhammer,9
/scratch/pdoshi/audio_comp/urbansound8k_audio/00393_jackhammer.wav,393,105029-7-2-13.wav,105029,7,jackhammer,9
/scratch/pdoshi/audio_comp/urbansound8k_audio/00394_jackhammer.wav,394,105029-7-2-14.wav,105029,7,jackhammer,9
/scratch/pdoshi/audio_comp/urbansound8k_audio/00395_jackhammer.wav,395,105029-7-2-15.wav,105029,7,jackhammer,9
/scratch/pdoshi/audio_comp/urbansound8k_audio/00396_jackhammer.wav,396,105029-7-2-16.wav,105029,7,jackhammer,9
/scratch/pdoshi/audio_comp/urbansound8k_audio/00397_jackhammer.wav,397,105029-7-2-2.wav,105029,7,jackhammer,9
/scratch/pdoshi/audio_comp/urbansound8k_audio/00398_jackhammer.wav,398,105029-7-2-3.wav,105029,7,jackhammer,9
/scratch/pdoshi/audio_comp/urbansound8k_audio/00399_jackhammer.wav,399,105029-7-2-4.wav,105029,7,jackhammer,9
/scratch/pdoshi/audio_comp/urbansound8k_audio/00400_jackhammer.wav,400,105029-7-2-5.wav,105029,7,jackhammer,9
/scratch/pdoshi/audio_comp/urbansound8k_audio/00401_jackhammer.wav,401,105029-7-2-6.wav,105029,7,jackhammer,9
/scratch/pdoshi/audio_comp/urbansound8k_audio/00402_jackhammer.wav,402,105029-7-2-7.wav,105029,7,jackhammer,9
/scratch/pdoshi/audio_comp/urbansound8k_audio/00403_jackhammer.wav,403,105029-7-2-8.wav,105029,7,jackhammer,9
/scratch/pdoshi/audio_comp/urbansound8k_audio/00404_jackhammer.wav,404,105029-7-2-9.wav,105029,7,jackhammer,9
/scratch/pdoshi/audio_comp/urbansound8k_audio/00405_jackhammer.wav,405,105029-7-3-0.wav,105029,7,jackhammer,9
/scratch/pdoshi/audio_comp/urbansound8k_audio/00406_jackhammer.wav,406,105029-7-3-1.wav,105029,7,jackhammer,9
/scratch/pdoshi/audio_comp/urbansound8k_audio/00407_jackhammer.wav,407,105029-7-3-2.wav,105029,7,jackhammer,9
/scratch/pdoshi/audio_comp/urbansound8k_audio/00408_jackhammer.wav,408,105029-7-3-3.wav,105029,7,jackhammer,9
/scratch/pdoshi/audio_comp/urbansound8k_audio/00409_jackhammer.wav,409,105029-7-3-4.wav,105029,7,jackhammer,9
/scratch/pdoshi/audio_comp/urbansound8k_audio/00410_jackhammer.wav,410,105029-7-3-5.wav,105029,7,jackhammer,9
/scratch/pdoshi/audio_comp/urbansound8k_audio/00411_jackhammer.wav,411,105029-7-3-6.wav,105029,7,jackhammer,9
/scratch/pdoshi/audio_comp/urbansound8k_audio/00412_jackhammer.wav,412,105029-7-3-7.wav,105029,7,jackhammer,9
/scratch/pdoshi/audio_comp/urbansound8k_audio/00413_jackhammer.wav,413,105029-7-4-0.wav,105029,7,jackhammer,9
/scratch/pdoshi/audio_comp/urbansound8k_audio/00414_jackhammer.wav,414,105029-7-4-1.wav,105029,7,jackhammer,9
/scratch/pdoshi/audio_comp/urbansound8k_audio/00415_jackhammer.wav,415,105029-7-4-2.wav,105029,7,jackhammer,9
/scratch/pdoshi/audio_comp/urbansound8k_audio/00416_jackhammer.wav,416,105029-7-4-3.wav,105029,7,jackhammer,9
/scratch/pdoshi/audio_comp/urbansound8k_audio/00417_dog_bark.wav,417,105088-3-0-10.wav,105088,3,dog_bark,9
/scratch/pdoshi/audio_comp/urbansound8k_audio/00418_dog_bark.wav,418,105088-3-0-11.wav,105088,3,dog_bark,9
/scratch/pdoshi/audio_comp/urbansound8k_audio/00419_dog_bark.wav,419,105088-3-0-19.wav,105088,3,dog_bark,9
/scratch/pdoshi/audio_comp/urbansound8k_audio/00420_dog_bark.wav,420,105088-3-0-8.wav,105088,3,dog_bark,9
/scratch/pdoshi/audio_comp/urbansound8k_audio/00421_siren.wav,421,105289-8-0-0.wav,105289,8,siren,7
/scratch/pdoshi/audio_comp/urbansound8k_audio/00422_siren.wav,422,105289-8-0-1.wav,105289,8,siren,7
/scratch/pdoshi/audio_comp/urbansound8k_audio/00423_siren.wav,423,105289-8-0-2.wav,105289,8,siren,7
/scratch/pdoshi/audio_comp/urbansound8k_audio/00424_siren.wav,424,105289-8-0-3.wav,105289,8,siren,7
/scratch/pdoshi/audio_comp/urbansound8k_audio/00425_siren.wav,425,105289-8-0-4.wav,105289,8,siren,7
/scratch/pdoshi/audio_comp/urbansound8k_audio/00426_siren.wav,426,105289-8-0-5.wav,105289,8,siren,7
/scratch/pdoshi/audio_comp/urbansound8k_audio/00427_siren.wav,427,105289-8-1-0.wav,105289,8,siren,7
/scratch/pdoshi/audio_comp/urbansound8k_audio/00428_siren.wav,428,105289-8-1-1.wav,105289,8,siren,7
/scratch/pdoshi/audio_comp/urbansound8k_audio/00429_siren.wav,429,105289-8-1-2.wav,105289,8,siren,7
/scratch/pdoshi/audio_comp/urbansound8k_audio/00430_siren.wav,430,105289-8-1-3.wav,105289,8,siren,7
/scratch/pdoshi/audio_comp/urbansound8k_audio/00431_siren.wav,431,105289-8-1-4.wav,105289,8,siren,7
/scratch/pdoshi/audio_comp/urbansound8k_audio/00432_siren.wav,432,105289-8-2-0.wav,105289,8,siren,7
/scratch/pdoshi/audio_comp/urbansound8k_audio/00433_siren.wav,433,105289-8-2-1.wav,105289,8,siren,7
/scratch/pdoshi/audio_comp/urbansound8k_audio/00434_siren.wav,434,105289-8-2-2.wav,105289,8,siren,7
/scratch/pdoshi/audio_comp/urbansound8k_audio/00435_siren.wav,435,105289-8-2-3.wav,105289,8,siren,7
/scratch/pdoshi/audio_comp/urbansound8k_audio/00436_siren.wav,436,105289-8-2-4.wav,105289,8,siren,7
/scratch/pdoshi/audio_comp/urbansound8k_audio/00437_siren.wav,437,105289-8-2-5.wav,105289,8,siren,7
/scratch/pdoshi/audio_comp/urbansound8k_audio/00438_siren.wav,438,105289-8-2-6.wav,105289,8,siren,7
/scratch/pdoshi/audio_comp/urbansound8k_audio/00439_siren.wav,439,105289-8-2-7.wav,105289,8,siren,7
/scratch/pdoshi/audio_comp/urbansound8k_audio/00440_dog_bark.wav,440,105319-3-0-22.wav,105319,3,dog_bark,6
/scratch/pdoshi/audio_comp/urbansound8k_audio/00441_dog_bark.wav,441,105319-3-0-29.wav,105319,3,dog_bark,6
/scratch/pdoshi/audio_comp/urbansound8k_audio/00442_dog_bark.wav,442,105319-3-0-39.wav,105319,3,dog_bark,6
/scratch/pdoshi/audio_comp/urbansound8k_audio/00443_children_playing.wav,443,105415-2-0-1.wav,105415,2,children_playing,1
/scratch/pdoshi/audio_comp/urbansound8k_audio/00444_children_playing.wav,444,105415-2-0-15.wav,105415,2,children_playing,1
/scratch/pdoshi/audio_comp/urbansound8k_audio/00445_children_playing.wav,445,105415-2-0-19.wav,105415,2,children_playing,1
/scratch/pdoshi/audio_comp/urbansound8k_audio/00446_children_playing.wav,446,105415-2-0-21.wav,105415,2,children_playing,1
/scratch/pdoshi/audio_comp/urbansound8k_audio/00447_children_playing.wav,447,105415-2-0-24.wav,105415,2,children_playing,1
/scratch/pdoshi/audio_comp/urbansound8k_audio/00448_children_playing.wav,448,105415-2-0-4.wav,105415,2,children_playing,1
/scratch/pdoshi/audio_comp/urbansound8k_audio/00449_children_playing.wav,449,105415-2-0-6.wav,105415,2,children_playing,1
/scratch/pdoshi/audio_comp/urbansound8k_audio/00450_children_playing.wav,450,105415-2-0-8.wav,105415,2,children_playing,1
/scratch/pdoshi/audio_comp/urbansound8k_audio/00451_street_music.wav,451,105425-9-0-1.wav,105425,9,street_music,5
/scratch/pdoshi/audio_comp/urbansound8k_audio/00452_street_music.wav,452,105425-9-0-10.wav,105425,9,street_music,5
/scratch/pdoshi/audio_comp/urbansound8k_audio/00453_street_music.wav,453,105425-9-0-12.wav,105425,9,street_music,5
/scratch/pdoshi/audio_comp/urbansound8k_audio/00454_street_music.wav,454,105425-9-0-13.wav,105425,9,street_music,5
/scratch/pdoshi/audio_comp/urbansound8k_audio/00455_street_music.wav,455,105425-9-0-14.wav,105425,9,street_music,5
/scratch/pdoshi/audio_comp/urbansound8k_audio/00456_street_music.wav,456,105425-9-0-23.wav,105425,9,street_music,5
/scratch/pdoshi/audio_comp/urbansound8k_audio/00457_engine_idling.wav,457,106014-5-0-0.wav,106014,5,engine_idling,10
/scratch/pdoshi/audio_comp/urbansound8k_audio/00458_engine_idling.wav,458,106014-5-0-1.wav,106014,5,engine_idling,10
/scratch/pdoshi/audio_comp/urbansound8k_audio/00459_engine_idling.wav,459,106014-5-0-2.wav,106014,5,engine_idling,10
/scratch/pdoshi/audio_comp/urbansound8k_audio/00460_engine_idling.wav,460,106014-5-0-3.wav,106014,5,engine_idling,10
/scratch/pdoshi/audio_comp/urbansound8k_audio/00461_engine_idling.wav,461,106014-5-0-4.wav,106014,5,engine_idling,10
/scratch/pdoshi/audio_comp/urbansound8k_audio/00462_engine_idling.wav,462,106015-5-0-0.wav,106015,5,engine_idling,2
/scratch/pdoshi/audio_comp/urbansound8k_audio/00463_engine_idling.wav,463,106015-5-0-1.wav,106015,5,engine_idling,2
/scratch/pdoshi/audio_comp/urbansound8k_audio/00464_engine_idling.wav,464,106015-5-0-10.wav,106015,5,engine_idling,2
/scratch/pdoshi/audio_comp/urbansound8k_audio/00465_engine_idling.wav,465,106015-5-0-11.wav,106015,5,engine_idling,2
/scratch/pdoshi/audio_comp/urbansound8k_audio/00466_engine_idling.wav,466,106015-5-0-12.wav,106015,5,engine_idling,2
/scratch/pdoshi/audio_comp/urbansound8k_audio/00467_engine_idling.wav,467,106015-5-0-13.wav,106015,5,engine_idling,2
/scratch/pdoshi/audio_comp/urbansound8k_audio/00468_engine_idling.wav,468,106015-5-0-14.wav,106015,5,engine_idling,2
/scratch/pdoshi/audio_comp/urbansound8k_audio/00469_engine_idling.wav,469,106015-5-0-15.wav,106015,5,engine_idling,2
/scratch/pdoshi/audio_comp/urbansound8k_audio/00470_engine_idling.wav,470,106015-5-0-16.wav,106015,5,engine_idling,2
/scratch/pdoshi/audio_comp/urbansound8k_audio/00471_engine_idling.wav,471,106015-5-0-17.wav,106015,5,engine_idling,2
/scratch/pdoshi/audio_comp/urbansound8k_audio/00472_engine_idling.wav,472,106015-5-0-18.wav,106015,5,engine_idling,2
/scratch/pdoshi/audio_comp/urbansound8k_audio/00473_engine_idling.wav,473,106015-5-0-19.wav,106015,5,engine_idling,2
/scratch/pdoshi/audio_comp/urbansound8k_audio/00474_engine_idling.wav,474,106015-5-0-2.wav,106015,5,engine_idling,2
/scratch/pdoshi/audio_comp/urbansound8k_audio/00475_engine_idling.wav,475,106015-5-0-20.wav,106015,5,engine_idling,2
/scratch/pdoshi/audio_comp/urbansound8k_audio/00476_engine_idling.wav,476,106015-5-0-3.wav,106015,5,engine_idling,2
/scratch/pdoshi/audio_comp/urbansound8k_audio/00477_engine_idling.wav,477,106015-5-0-4.wav,106015,5,engine_idling,2
/scratch/pdoshi/audio_comp/urbansound8k_audio/00478_engine_idling.wav,478,106015-5-0-5.wav,106015,5,engine_idling,2
/scratch/pdoshi/audio_comp/urbansound8k_audio/00479_engine_idling.wav,479,106015-5-0-6.wav,106015,5,engine_idling,2
/scratch/pdoshi/audio_comp/urbansound8k_audio/00480_engine_idling.wav,480,106015-5-0-7.wav,106015,5,engine_idling,2
/scratch/pdoshi/audio_comp/urbansound8k_audio/00481_engine_idling.wav,481,106015-5-0-8.wav,106015,5,engine_idling,2
/scratch/pdoshi/audio_comp/urbansound8k_audio/00482_engine_idling.wav,482,106015-5-0-9.wav,106015,5,engine_idling,2
/scratch/pdoshi/audio_comp/urbansound8k_audio/00483_engine_idling.wav,483,106486-5-0-0.wav,106486,5,engine_idling,6
/scratch/pdoshi/audio_comp/urbansound8k_audio/00484_engine_idling.wav,484,106486-5-0-1.wav,106486,5,engine_idling,6
/scratch/pdoshi/audio_comp/urbansound8k_audio/00485_engine_idling.wav,485,106486-5-0-2.wav,106486,5,engine_idling,6
/scratch/pdoshi/audio_comp/urbansound8k_audio/00486_engine_idling.wav,486,106487-5-0-0.wav,106487,5,engine_idling,5
/scratch/pdoshi/audio_comp/urbansound8k_audio/00487_engine_idling.wav,487,106487-5-0-1.wav,106487,5,engine_idling,5
/scratch/pdoshi/audio_comp/urbansound8k_audio/00488_engine_idling.wav,488,106487-5-0-2.wav,106487,5,engine_idling,5
/scratch/pdoshi/audio_comp/urbansound8k_audio/00489_engine_idling.wav,489,106905-5-0-0.wav,106905,5,engine_idling,8
/scratch/pdoshi/audio_comp/urbansound8k_audio/00490_engine_idling.wav,490,106905-5-0-1.wav,106905,5,engine_idling,8
/scratch/pdoshi/audio_comp/urbansound8k_audio/00491_engine_idling.wav,491,106905-5-0-2.wav,106905,5,engine_idling,8
/scratch/pdoshi/audio_comp/urbansound8k_audio/00492_siren.wav,492,106905-8-0-0.wav,106905,8,siren,1
/scratch/pdoshi/audio_comp/urbansound8k_audio/00493_siren.wav,493,106905-8-0-1.wav,106905,8,siren,1
/scratch/pdoshi/audio_comp/urbansound8k_audio/00494_siren.wav,494,106905-8-0-2.wav,106905,8,siren,1
/scratch/pdoshi/audio_comp/urbansound8k_audio/00495_siren.wav,495,106905-8-0-3.wav,106905,8,siren,1
/scratch/pdoshi/audio_comp/urbansound8k_audio/00496_gun_shot.wav,496,106955-6-0-0.wav,106955,6,gun_shot,9
/scratch/pdoshi/audio_comp/urbansound8k_audio/00497_car_horn.wav,497,107090-1-0-0.wav,107090,1,car_horn,8
/scratch/pdoshi/audio_comp/urbansound8k_audio/00498_car_horn.wav,498,107090-1-1-0.wav,107090,1,car_horn,8
/scratch/pdoshi/audio_comp/urbansound8k_audio/00499_dog_bark.wav,499,107190-3-0-0.wav,107190,3,dog_bark,8
/scratch/pdoshi/audio_comp/urbansound8k_audio/00500_engine_idling.wav,500,107228-5-0-0.wav,107228,5,engine_idling,3
/scratch/pdoshi/audio_comp/urbansound8k_audio/00501_engine_idling.wav,501,107228-5-0-1.wav,107228,5,engine_idling,3
/scratch/pdoshi/audio_comp/urbansound8k_audio/00502_engine_idling.wav,502,107228-5-0-2.wav,107228,5,engine_idling,3
/scratch/pdoshi/audio_comp/urbansound8k_audio/00503_engine_idling.wav,503,107228-5-0-3.wav,107228,5,engine_idling,3
/scratch/pdoshi/audio_comp/urbansound8k_audio/00504_engine_idling.wav,504,107228-5-0-4.wav,107228,5,engine_idling,3
/scratch/pdoshi/audio_comp/urbansound8k_audio/00505_engine_idling.wav,505,107228-5-0-5.wav,107228,5,engine_idling,3
/scratch/pdoshi/audio_comp/urbansound8k_audio/00506_engine_idling.wav,506,107228-5-0-6.wav,107228,5,engine_idling,3
/scratch/pdoshi/audio_comp/urbansound8k_audio/00507_engine_idling.wav,507,107228-5-0-7.wav,107228,5,engine_idling,3
/scratch/pdoshi/audio_comp/urbansound8k_audio/00508_siren.wav,508,107357-8-0-0.wav,107357,8,siren,7
/scratch/pdoshi/audio_comp/urbansound8k_audio/00509_siren.wav,509,107357-8-0-1.wav,107357,8,siren,7
/scratch/pdoshi/audio_comp/urbansound8k_audio/00510_siren.wav,510,107357-8-0-2.wav,107357,8,siren,7
/scratch/pdoshi/audio_comp/urbansound8k_audio/00511_siren.wav,511,107357-8-0-3.wav,107357,8,siren,7
/scratch/pdoshi/audio_comp/urbansound8k_audio/00512_siren.wav,512,107357-8-0-4.wav,107357,8,siren,7
/scratch/pdoshi/audio_comp/urbansound8k_audio/00513_siren.wav,513,107357-8-0-5.wav,107357,8,siren,7
/scratch/pdoshi/audio_comp/urbansound8k_audio/00514_siren.wav,514,107357-8-0-6.wav,107357,8,siren,7
/scratch/pdoshi/audio_comp/urbansound8k_audio/00515_siren.wav,515,107357-8-0-7.wav,107357,8,siren,7
/scratch/pdoshi/audio_comp/urbansound8k_audio/00516_siren.wav,516,107357-8-0-8.wav,107357,8,siren,7
/scratch/pdoshi/audio_comp/urbansound8k_audio/00517_siren.wav,517,107357-8-1-0.wav,107357,8,siren,7
/scratch/pdoshi/audio_comp/urbansound8k_audio/00518_siren.wav,518,107357-8-1-1.wav,107357,8,siren,7
/scratch/pdoshi/audio_comp/urbansound8k_audio/00519_siren.wav,519,107357-8-1-10.wav,107357,8,siren,7
/scratch/pdoshi/audio_comp/urbansound8k_audio/00520_siren.wav,520,107357-8-1-11.wav,107357,8,siren,7
/scratch/pdoshi/audio_comp/urbansound8k_audio/00521_siren.wav,521,107357-8-1-12.wav,107357,8,siren,7
/scratch/pdoshi/audio_comp/urbansound8k_audio/00522_siren.wav,522,107357-8-1-13.wav,107357,8,siren,7
/scratch/pdoshi/audio_comp/urbansound8k_audio/00523_siren.wav,523,107357-8-1-14.wav,107357,8,siren,7
/scratch/pdoshi/audio_comp/urbansound8k_audio/00524_siren.wav,524,107357-8-1-15.wav,107357,8,siren,7
/scratch/pdoshi/audio_comp/urbansound8k_audio/00525_siren.wav,525,107357-8-1-16.wav,107357,8,siren,7
/scratch/pdoshi/audio_comp/urbansound8k_audio/00526_siren.wav,526,107357-8-1-17.wav,107357,8,siren,7
/scratch/pdoshi/audio_comp/urbansound8k_audio/00527_siren.wav,527,107357-8-1-18.wav,107357,8,siren,7
/scratch/pdoshi/audio_comp/urbansound8k_audio/00528_siren.wav,528,107357-8-1-2.wav,107357,8,siren,7
/scratch/pdoshi/audio_comp/urbansound8k_audio/00529_siren.wav,529,107357-8-1-3.wav,107357,8,siren,7
/scratch/pdoshi/audio_comp/urbansound8k_audio/00530_siren.wav,530,107357-8-1-4.wav,107357,8,siren,7
/scratch/pdoshi/audio_comp/urbansound8k_audio/00531_siren.wav,531,107357-8-1-5.wav,107357,8,siren,7
/scratch/pdoshi/audio_comp/urbansound8k_audio/00532_siren.wav,532,107357-8-1-6.wav,107357,8,siren,7
/scratch/pdoshi/audio_comp/urbansound8k_audio/00533_siren.wav,533,107357-8-1-7.wav,107357,8,siren,7
/scratch/pdoshi/audio_comp/urbansound8k_audio/00534_siren.wav,534,107357-8-1-8.wav,107357,8,siren,7
/scratch/pdoshi/audio_comp/urbansound8k_audio/00535_siren.wav,535,107357-8-1-9.wav,107357,8,siren,7
/scratch/pdoshi/audio_comp/urbansound8k_audio/00536_street_music.wav,536,107653-9-0-12.wav,107653,9,street_music,4
/scratch/pdoshi/audio_comp/urbansound8k_audio/00537_street_music.wav,537,107653-9-0-14.wav,107653,9,street_music,4
/scratch/pdoshi/audio_comp/urbansound8k_audio/00538_street_music.wav,538,107653-9-0-18.wav,107653,9,street_music,4
/scratch/pdoshi/audio_comp/urbansound8k_audio/00539_street_music.wav,539,107653-9-0-3.wav,107653,9,street_music,4
/scratch/pdoshi/audio_comp/urbansound8k_audio/00540_street_music.wav,540,107653-9-0-5.wav,107653,9,street_music,4
/scratch/pdoshi/audio_comp/urbansound8k_audio/00541_street_music.wav,541,107653-9-0-7.wav,107653,9,street_music,4
/scratch/pdoshi/audio_comp/urbansound8k_audio/00542_drilling.wav,542,107842-4-0-0.wav,107842,4,drilling,6
/scratch/pdoshi/audio_comp/urbansound8k_audio/00543_drilling.wav,543,107842-4-0-1.wav,107842,4,drilling,6
/scratch/pdoshi/audio_comp/urbansound8k_audio/00544_drilling.wav,544,107842-4-0-2.wav,107842,4,drilling,6
/scratch/pdoshi/audio_comp/urbansound8k_audio/00545_drilling.wav,545,107842-4-1-0.wav,107842,4,drilling,6
/scratch/pdoshi/audio_comp/urbansound8k_audio/00546_drilling.wav,546,107842-4-2-0.wav,107842,4,drilling,6
/scratch/pdoshi/audio_comp/urbansound8k_audio/00547_drilling.wav,547,107842-4-2-1.wav,107842,4,drilling,6
/scratch/pdoshi/audio_comp/urbansound8k_audio/00548_drilling.wav,548,107842-4-2-2.wav,107842,4,drilling,6
/scratch/pdoshi/audio_comp/urbansound8k_audio/00549_drilling.wav,549,107842-4-2-3.wav,107842,4,drilling,6
/scratch/pdoshi/audio_comp/urbansound8k_audio/00550_drilling.wav,550,107842-4-2-4.wav,107842,4,drilling,6
/scratch/pdoshi/audio_comp/urbansound8k_audio/00551_drilling.wav,551,107842-4-3-0.wav,107842,4,drilling,6
/scratch/pdoshi/audio_comp/urbansound8k_audio/00552_street_music.wav,552,108041-9-0-11.wav,108041,9,street_music,1
/scratch/pdoshi/audio_comp/urbansound8k_audio/00553_street_music.wav,553,108041-9-0-2.wav,108041,9,street_music,1
/scratch/pdoshi/audio_comp/urbansound8k_audio/00554_street_music.wav,554,108041-9-0-4.wav,108041,9,street_music,1
/scratch/pdoshi/audio_comp/urbansound8k_audio/00555_street_music.wav,555,108041-9-0-5.wav,108041,9,street_music,1
/scratch/pdoshi/audio_comp/urbansound8k_audio/00556_street_music.wav,556,108041-9-0-6.wav,108041,9,street_music,1
/scratch/pdoshi/audio_comp/urbansound8k_audio/00557_street_music.wav,557,108041-9-0-7.wav,108041,9,street_music,1
/scratch/pdoshi/audio_comp/urbansound8k_audio/00558_street_music.wav,558,108041-9-0-9.wav,108041,9,street_music,1
/scratch/pdoshi/audio_comp/urbansound8k_audio/00559_dog_bark.wav,559,108187-3-2-0.wav,108187,3,dog_bark,2
/scratch/pdoshi/audio_comp/urbansound8k_audio/00560_dog_bark.wav,560,108187-3-3-0.wav,108187,3,dog_bark,2
/scratch/pdoshi/audio_comp/urbansound8k_audio/00561_dog_bark.wav,561,108187-3-4-0.wav,108187,3,dog_bark,2
/scratch/pdoshi/audio_comp/urbansound8k_audio/00562_dog_bark.wav,562,108187-3-6-0.wav,108187,3,dog_bark,2
/scratch/pdoshi/audio_comp/urbansound8k_audio/00563_street_music.wav,563,108357-9-0-15.wav,108357,9,street_music,5
/scratch/pdoshi/audio_comp/urbansound8k_audio/00564_street_music.wav,564,108357-9-0-2.wav,108357,9,street_music,5
/scratch/pdoshi/audio_comp/urbansound8k_audio/00565_street_music.wav,565,108357-9-0-27.wav,108357,9,street_music,5
/scratch/pdoshi/audio_comp/urbansound8k_audio/00566_street_music.wav,566,108357-9-0-30.wav,108357,9,street_music,5
/scratch/pdoshi/audio_comp/urbansound8k_audio/00567_street_music.wav,567,108357-9-0-44.wav,108357,9,street_music,5
/scratch/pdoshi/audio_comp/urbansound8k_audio/00568_street_music.wav,568,108357-9-0-49.wav,108357,9,street_music,5
/scratch/pdoshi/audio_comp/urbansound8k_audio/00569_children_playing.wav,569,108362-2-0-11.wav,108362,2,children_playing,1
/scratch/pdoshi/audio_comp/urbansound8k_audio/00570_children_playing.wav,570,108362-2-0-12.wav,108362,2,children_playing,1
/scratch/pdoshi/audio_comp/urbansound8k_audio/00571_children_playing.wav,571,108362-2-0-21.wav,108362,2,children_playing,1
/scratch/pdoshi/audio_comp/urbansound8k_audio/00572_children_playing.wav,572,108362-2-0-23.wav,108362,2,children_playing,1
/scratch/pdoshi/audio_comp/urbansound8k_audio/00573_children_playing.wav,573,108362-2-0-29.wav,108362,2,children_playing,1
/scratch/pdoshi/audio_comp/urbansound8k_audio/00574_children_playing.wav,574,108362-2-0-30.wav,108362,2,children_playing,1
/scratch/pdoshi/audio_comp/urbansound8k_audio/00575_children_playing.wav,575,108362-2-0-7.wav,108362,2,children_playing,1
/scratch/pdoshi/audio_comp/urbansound8k_audio/00576_children_playing.wav,576,108362-2-0-9.wav,108362,2,children_playing,1
/scratch/pdoshi/audio_comp/urbansound8k_audio/00577_street_music.wav,577,108638-9-0-0.wav,108638,9,street_music,6
/scratch/pdoshi/audio_comp/urbansound8k_audio/00578_street_music.wav,578,108638-9-0-1.wav,108638,9,street_music,6
/scratch/pdoshi/audio_comp/urbansound8k_audio/00579_street_music.wav,579,108638-9-0-2.wav,108638,9,street_music,6
/scratch/pdoshi/audio_comp/urbansound8k_audio/00580_street_music.wav,580,108638-9-0-4.wav,108638,9,street_music,6
/scratch/pdoshi/audio_comp/urbansound8k_audio/00581_street_music.wav,581,108638-9-0-5.wav,108638,9,street_music,6
/scratch/pdoshi/audio_comp/urbansound8k_audio/00582_street_music.wav,582,108638-9-0-6.wav,108638,9,street_music,6
/scratch/pdoshi/audio_comp/urbansound8k_audio/00583_dog_bark.wav,583,109233-3-0-3.wav,109233,3,dog_bark,6
/scratch/pdoshi/audio_comp/urbansound8k_audio/00584_dog_bark.wav,584,109233-3-0-4.wav,109233,3,dog_bark,6
/scratch/pdoshi/audio_comp/urbansound8k_audio/00585_dog_bark.wav,585,109233-3-0-5.wav,109233,3,dog_bark,6
/scratch/pdoshi/audio_comp/urbansound8k_audio/00586_dog_bark.wav,586,109233-3-0-6.wav,109233,3,dog_bark,6
/scratch/pdoshi/audio_comp/urbansound8k_audio/00587_street_music.wav,587,109263-9-0-34.wav,109263,9,street_music,5
/scratch/pdoshi/audio_comp/urbansound8k_audio/00588_street_music.wav,588,109263-9-0-39.wav,109263,9,street_music,5
/scratch/pdoshi/audio_comp/urbansound8k_audio/00589_street_music.wav,589,109263-9-0-54.wav,109263,9,street_music,5
/scratch/pdoshi/audio_comp/urbansound8k_audio/00590_street_music.wav,590,109263-9-0-61.wav,109263,9,street_music,5
/scratch/pdoshi/audio_comp/urbansound8k_audio/00591_street_music.wav,591,109263-9-0-78.wav,109263,9,street_music,5
/scratch/pdoshi/audio_comp/urbansound8k_audio/00592_children_playing.wav,592,109703-2-0-134.wav,109703,2,children_playing,2
/scratch/pdoshi/audio_comp/urbansound8k_audio/00593_children_playing.wav,593,109703-2-0-14.wav,109703,2,children_playing,2
/scratch/pdoshi/audio_comp/urbansound8k_audio/00594_children_playing.wav,594,109703-2-0-153.wav,109703,2,children_playing,2
/scratch/pdoshi/audio_comp/urbansound8k_audio/00595_children_playing.wav,595,109703-2-0-29.wav,109703,2,children_playing,2
/scratch/pdoshi/audio_comp/urbansound8k_audio/00596_children_playing.wav,596,109703-2-0-32.wav,109703,2,children_playing,2
/scratch/pdoshi/audio_comp/urbansound8k_audio/00597_children_playing.wav,597,109703-2-0-48.wav,109703,2,children_playing,2
/scratch/pdoshi/audio_comp/urbansound8k_audio/00598_children_playing.wav,598,109703-2-0-50.wav,109703,2,children_playing,2
/scratch/pdoshi/audio_comp/urbansound8k_audio/00599_dog_bark.wav,599,109711-3-1-0.wav,109711,3,dog_bark,4
/scratch/pdoshi/audio_comp/urbansound8k_audio/00600_dog_bark.wav,600,109711-3-2-4.wav,109711,3,dog_bark,4
/scratch/pdoshi/audio_comp/urbansound8k_audio/00601_dog_bark.wav,601,109711-3-2-6.wav,109711,3,dog_bark,4
/scratch/pdoshi/audio_comp/urbansound8k_audio/00602_dog_bark.wav,602,110134-3-0-0.wav,110134,3,dog_bark,8
/scratch/pdoshi/audio_comp/urbansound8k_audio/00603_dog_bark.wav,603,110371-3-0-1.wav,110371,3,dog_bark,5
/scratch/pdoshi/audio_comp/urbansound8k_audio/00604_dog_bark.wav,604,110371-3-1-0.wav,110371,3,dog_bark,5
/scratch/pdoshi/audio_comp/urbansound8k_audio/00605_dog_bark.wav,605,110371-3-1-1.wav,110371,3,dog_bark,5
/scratch/pdoshi/audio_comp/urbansound8k_audio/00606_dog_bark.wav,606,110389-3-0-0.wav,110389,3,dog_bark,9
/scratch/pdoshi/audio_comp/urbansound8k_audio/00607_jackhammer.wav,607,110621-7-0-0.wav,110621,7,jackhammer,4
/scratch/pdoshi/audio_comp/urbansound8k_audio/00608_jackhammer.wav,608,110621-7-0-1.wav,110621,7,jackhammer,4
/scratch/pdoshi/audio_comp/urbansound8k_audio/00609_jackhammer.wav,609,110621-7-0-2.wav,110621,7,jackhammer,4
/scratch/pdoshi/audio_comp/urbansound8k_audio/00610_jackhammer.wav,610,110621-7-0-3.wav,110621,7,jackhammer,4
/scratch/pdoshi/audio_comp/urbansound8k_audio/00611_gun_shot.wav,611,110622-6-0-0.wav,110622,6,gun_shot,3
/scratch/pdoshi/audio_comp/urbansound8k_audio/00612_dog_bark.wav,612,110688-3-0-11.wav,110688,3,dog_bark,8
/scratch/pdoshi/audio_comp/urbansound8k_audio/00613_dog_bark.wav,613,110688-3-0-17.wav,110688,3,dog_bark,8
/scratch/pdoshi/audio_comp/urbansound8k_audio/00614_dog_bark.wav,614,110688-3-0-2.wav,110688,3,dog_bark,8
/scratch/pdoshi/audio_comp/urbansound8k_audio/00615_dog_bark.wav,615,110688-3-0-32.wav,110688,3,dog_bark,8
/scratch/pdoshi/audio_comp/urbansound8k_audio/00616_street_music.wav,616,110868-9-0-11.wav,110868,9,street_music,6
/scratch/pdoshi/audio_comp/urbansound8k_audio/00617_street_music.wav,617,110868-9-0-13.wav,110868,9,street_music,6
/scratch/pdoshi/audio_comp/urbansound8k_audio/00618_street_music.wav,618,110868-9-0-14.wav,110868,9,street_music,6
/scratch/pdoshi/audio_comp/urbansound8k_audio/00619_street_music.wav,619,110868-9-0-15.wav,110868,9,street_music,6
/scratch/pdoshi/audio_comp/urbansound8k_audio/00620_street_music.wav,620,110868-9-0-6.wav,110868,9,street_music,6
/scratch/pdoshi/audio_comp/urbansound8k_audio/00621_street_music.wav,621,110868-9-0-8.wav,110868,9,street_music,6
/scratch/pdoshi/audio_comp/urbansound8k_audio/00622_dog_bark.wav,622,110918-3-0-1.wav,110918,3,dog_bark,7
/scratch/pdoshi/audio_comp/urbansound8k_audio/00623_dog_bark.wav,623,110918-3-0-26.wav,110918,3,dog_bark,7
/scratch/pdoshi/audio_comp/urbansound8k_audio/00624_dog_bark.wav,624,110918-3-0-40.wav,110918,3,dog_bark,7
/scratch/pdoshi/audio_comp/urbansound8k_audio/00625_dog_bark.wav,625,110918-3-0-9.wav,110918,3,dog_bark,7
/scratch/pdoshi/audio_comp/urbansound8k_audio/00626_gun_shot.wav,626,111048-6-0-0.wav,111048,6,gun_shot,6
/scratch/pdoshi/audio_comp/urbansound8k_audio/00627_engine_idling.wav,627,111386-5-0-0.wav,111386,5,engine_idling,6
/scratch/pdoshi/audio_comp/urbansound8k_audio/00628_engine_idling.wav,628,111386-5-0-1.wav,111386,5,engine_idling,6
/scratch/pdoshi/audio_comp/urbansound8k_audio/00629_engine_idling.wav,629,111386-5-0-2.wav,111386,5,engine_idling,6
/scratch/pdoshi/audio_comp/urbansound8k_audio/00630_engine_idling.wav,630,111386-5-0-3.wav,111386,5,engine_idling,6
/scratch/pdoshi/audio_comp/urbansound8k_audio/00631_engine_idling.wav,631,111386-5-0-4.wav,111386,5,engine_idling,6
/scratch/pdoshi/audio_comp/urbansound8k_audio/00632_engine_idling.wav,632,111386-5-0-5.wav,111386,5,engine_idling,6
/scratch/pdoshi/audio_comp/urbansound8k_audio/00633_engine_idling.wav,633,111386-5-0-6.wav,111386,5,engine_idling,6
/scratch/pdoshi/audio_comp/urbansound8k_audio/00634_engine_idling.wav,634,111386-5-0-7.wav,111386,5,engine_idling,6
/scratch/pdoshi/audio_comp/urbansound8k_audio/00635_engine_idling.wav,635,111386-5-1-0.wav,111386,5,engine_idling,6
/scratch/pdoshi/audio_comp/urbansound8k_audio/00636_engine_idling.wav,636,111386-5-1-1.wav,111386,5,engine_idling,6
/scratch/pdoshi/audio_comp/urbansound8k_audio/00637_engine_idling.wav,637,111386-5-1-10.wav,111386,5,engine_idling,6
/scratch/pdoshi/audio_comp/urbansound8k_audio/00638_engine_idling.wav,638,111386-5-1-11.wav,111386,5,engine_idling,6
/scratch/pdoshi/audio_comp/urbansound8k_audio/00639_engine_idling.wav,639,111386-5-1-12.wav,111386,5,engine_idling,6
/scratch/pdoshi/audio_comp/urbansound8k_audio/00640_engine_idling.wav,640,111386-5-1-13.wav,111386,5,engine_idling,6
/scratch/pdoshi/audio_comp/urbansound8k_audio/00641_engine_idling.wav,641,111386-5-1-14.wav,111386,5,engine_idling,6
/scratch/pdoshi/audio_comp/urbansound8k_audio/00642_engine_idling.wav,642,111386-5-1-2.wav,111386,5,engine_idling,6
/scratch/pdoshi/audio_comp/urbansound8k_audio/00643_engine_idling.wav,643,111386-5-1-3.wav,111386,5,engine_idling,6
/scratch/pdoshi/audio_comp/urbansound8k_audio/00644_engine_idling.wav,644,111386-5-1-4.wav,111386,5,engine_idling,6
/scratch/pdoshi/audio_comp/urbansound8k_audio/00645_engine_idling.wav,645,111386-5-1-5.wav,111386,5,engine_idling,6
/scratch/pdoshi/audio_comp/urbansound8k_audio/00646_engine_idling.wav,646,111386-5-1-6.wav,111386,5,engine_idling,6
/scratch/pdoshi/audio_comp/urbansound8k_audio/00647_engine_idling.wav,647,111386-5-1-7.wav,111386,5,engine_idling,6
/scratch/pdoshi/audio_comp/urbansound8k_audio/00648_engine_idling.wav,648,111386-5-1-8.wav,111386,5,engine_idling,6
/scratch/pdoshi/audio_comp/urbansound8k_audio/00649_engine_idling.wav,649,111386-5-1-9.wav,111386,5,engine_idling,6
/scratch/pdoshi/audio_comp/urbansound8k_audio/00650_siren.wav,650,111671-8-0-0.wav,111671,8,siren,5
/scratch/pdoshi/audio_comp/urbansound8k_audio/00651_siren.wav,651,111671-8-0-1.wav,111671,8,siren,5
/scratch/pdoshi/audio_comp/urbansound8k_audio/00652_siren.wav,652,111671-8-0-10.wav,111671,8,siren,5
/scratch/pdoshi/audio_comp/urbansound8k_audio/00653_siren.wav,653,111671-8-0-11.wav,111671,8,siren,5
/scratch/pdoshi/audio_comp/urbansound8k_audio/00654_siren.wav,654,111671-8-0-12.wav,111671,8,siren,5
/scratch/pdoshi/audio_comp/urbansound8k_audio/00655_siren.wav,655,111671-8-0-13.wav,111671,8,siren,5
/scratch/pdoshi/audio_comp/urbansound8k_audio/00656_siren.wav,656,111671-8-0-14.wav,111671,8,siren,5
/scratch/pdoshi/audio_comp/urbansound8k_audio/00657_siren.wav,657,111671-8-0-15.wav,111671,8,siren,5
/scratch/pdoshi/audio_comp/urbansound8k_audio/00658_siren.wav,658,111671-8-0-16.wav,111671,8,siren,5
/scratch/pdoshi/audio_comp/urbansound8k_audio/00659_siren.wav,659,111671-8-0-17.wav,111671,8,siren,5
/scratch/pdoshi/audio_comp/urbansound8k_audio/00660_siren.wav,660,111671-8-0-18.wav,111671,8,siren,5
/scratch/pdoshi/audio_comp/urbansound8k_audio/00661_siren.wav,661,111671-8-0-19.wav,111671,8,siren,5
/scratch/pdoshi/audio_comp/urbansound8k_audio/00662_siren.wav,662,111671-8-0-2.wav,111671,8,siren,5
/scratch/pdoshi/audio_comp/urbansound8k_audio/00663_siren.wav,663,111671-8-0-20.wav,111671,8,siren,5
/scratch/pdoshi/audio_comp/urbansound8k_audio/00664_siren.wav,664,111671-8-0-21.wav,111671,8,siren,5
/scratch/pdoshi/audio_comp/urbansound8k_audio/00665_siren.wav,665,111671-8-0-22.wav,111671,8,siren,5
/scratch/pdoshi/audio_comp/urbansound8k_audio/00666_siren.wav,666,111671-8-0-3.wav,111671,8,siren,5
/scratch/pdoshi/audio_comp/urbansound8k_audio/00667_siren.wav,667,111671-8-0-4.wav,111671,8,siren,5
/scratch/pdoshi/audio_comp/urbansound8k_audio/00668_siren.wav,668,111671-8-0-5.wav,111671,8,siren,5
/scratch/pdoshi/audio_comp/urbansound8k_audio/00669_siren.wav,669,111671-8-0-6.wav,111671,8,siren,5
/scratch/pdoshi/audio_comp/urbansound8k_audio/00670_siren.wav,670,111671-8-0-7.wav,111671,8,siren,5
/scratch/pdoshi/audio_comp/urbansound8k_audio/00671_siren.wav,671,111671-8-0-8.wav,111671,8,siren,5
/scratch/pdoshi/audio_comp/urbansound8k_audio/00672_siren.wav,672,111671-8-0-9.wav,111671,8,siren,5
/scratch/pdoshi/audio_comp/urbansound8k_audio/00673_engine_idling.wav,673,112075-5-0-0.wav,112075,5,engine_idling,3
/scratch/pdoshi/audio_comp/urbansound8k_audio/00674_engine_idling.wav,674,112075-5-0-1.wav,112075,5,engine_idling,3
/scratch/pdoshi/audio_comp/urbansound8k_audio/00675_engine_idling.wav,675,112075-5-0-2.wav,112075,5,engine_idling,3
/scratch/pdoshi/audio_comp/urbansound8k_audio/00676_dog_bark.wav,676,112195-3-0-38.wav,112195,3,dog_bark,2
/scratch/pdoshi/audio_comp/urbansound8k_audio/00677_dog_bark.wav,677,112195-3-0-48.wav,112195,3,dog_bark,2
/scratch/pdoshi/audio_comp/urbansound8k_audio/00678_dog_bark.wav,678,112195-3-0-57.wav,112195,3,dog_bark,2
/scratch/pdoshi/audio_comp/urbansound8k_audio/00679_dog_bark.wav,679,112195-3-0-80.wav,112195,3,dog_bark,2
/scratch/pdoshi/audio_comp/urbansound8k_audio/00680_siren.wav,680,113160-8-0-0.wav,113160,8,siren,4
/scratch/pdoshi/audio_comp/urbansound8k_audio/00681_engine_idling.wav,681,113201-5-0-0.wav,113201,5,engine_idling,2
/scratch/pdoshi/audio_comp/urbansound8k_audio/00682_engine_idling.wav,682,113201-5-0-1.wav,113201,5,engine_idling,2
/scratch/pdoshi/audio_comp/urbansound8k_audio/00683_engine_idling.wav,683,113201-5-0-2.wav,113201,5,engine_idling,2
/scratch/pdoshi/audio_comp/urbansound8k_audio/00684_engine_idling.wav,684,113201-5-0-3.wav,113201,5,engine_idling,2
/scratch/pdoshi/audio_comp/urbansound8k_audio/00685_engine_idling.wav,685,113201-5-0-4.wav,113201,5,engine_idling,2
/scratch/pdoshi/audio_comp/urbansound8k_audio/00686_engine_idling.wav,686,113201-5-0-5.wav,113201,5,engine_idling,2
/scratch/pdoshi/audio_comp/urbansound8k_audio/00687_engine_idling.wav,687,113201-5-0-6.wav,113201,5,engine_idling,2
/scratch/pdoshi/audio_comp/urbansound8k_audio/00688_engine_idling.wav,688,113201-5-0-7.wav,113201,5,engine_idling,2
/scratch/pdoshi/audio_comp/urbansound8k_audio/00689_engine_idling.wav,689,113202-5-0-0.wav,113202,5,engine_idling,8
/scratch/pdoshi/audio_comp/urbansound8k_audio/00690_engine_idling.wav,690,113202-5-0-1.wav,113202,5,engine_idling,8
/scratch/pdoshi/audio_comp/urbansound8k_audio/00691_engine_idling.wav,691,113202-5-0-10.wav,113202,5,engine_idling,8
/scratch/pdoshi/audio_comp/urbansound8k_audio/00692_engine_idling.wav,692,113202-5-0-11.wav,113202,5,engine_idling,8
/scratch/pdoshi/audio_comp/urbansound8k_audio/00693_engine_idling.wav,693,113202-5-0-12.wav,113202,5,engine_idling,8
/scratch/pdoshi/audio_comp/urbansound8k_audio/00694_engine_idling.wav,694,113202-5-0-13.wav,113202,5,engine_idling,8
/scratch/pdoshi/audio_comp/urbansound8k_audio/00695_engine_idling.wav,695,113202-5-0-14.wav,113202,5,engine_idling,8
/scratch/pdoshi/audio_comp/urbansound8k_audio/00696_engine_idling.wav,696,113202-5-0-15.wav,113202,5,engine_idling,8
/scratch/pdoshi/audio_comp/urbansound8k_audio/00697_engine_idling.wav,697,113202-5-0-16.wav,113202,5,engine_idling,8
/scratch/pdoshi/audio_comp/urbansound8k_audio/00698_engine_idling.wav,698,113202-5-0-17.wav,113202,5,engine_idling,8
/scratch/pdoshi/audio_comp/urbansound8k_audio/00699_engine_idling.wav,699,113202-5-0-18.wav,113202,5,engine_idling,8
/scratch/pdoshi/audio_comp/urbansound8k_audio/00700_engine_idling.wav,700,113202-5-0-19.wav,113202,5,engine_idling,8
/scratch/pdoshi/audio_comp/urbansound8k_audio/00701_engine_idling.wav,701,113202-5-0-2.wav,113202,5,engine_idling,8
/scratch/pdoshi/audio_comp/urbansound8k_audio/00702_engine_idling.wav,702,113202-5-0-20.wav,113202,5,engine_idling,8
/scratch/pdoshi/audio_comp/urbansound8k_audio/00703_engine_idling.wav,703,113202-5-0-21.wav,113202,5,engine_idling,8
/scratch/pdoshi/audio_comp/urbansound8k_audio/00704_engine_idling.wav,704,113202-5-0-22.wav,113202,5,engine_idling,8
/scratch/pdoshi/audio_comp/urbansound8k_audio/00705_engine_idling.wav,705,113202-5-0-23.wav,113202,5,engine_idling,8
/scratch/pdoshi/audio_comp/urbansound8k_audio/00706_engine_idling.wav,706,113202-5-0-24.wav,113202,5,engine_idling,8
/scratch/pdoshi/audio_comp/urbansound8k_audio/00707_engine_idling.wav,707,113202-5-0-25.wav,113202,5,engine_idling,8
/scratch/pdoshi/audio_comp/urbansound8k_audio/00708_engine_idling.wav,708,113202-5-0-26.wav,113202,5,engine_idling,8
/scratch/pdoshi/audio_comp/urbansound8k_audio/00709_engine_idling.wav,709,113202-5-0-27.wav,113202,5,engine_idling,8
/scratch/pdoshi/audio_comp/urbansound8k_audio/00710_engine_idling.wav,710,113202-5-0-28.wav,113202,5,engine_idling,8
/scratch/pdoshi/audio_comp/urbansound8k_audio/00711_engine_idling.wav,711,113202-5-0-3.wav,113202,5,engine_idling,8
/scratch/pdoshi/audio_comp/urbansound8k_audio/00712_engine_idling.wav,712,113202-5-0-4.wav,113202,5,engine_idling,8
/scratch/pdoshi/audio_comp/urbansound8k_audio/00713_engine_idling.wav,713,113202-5-0-5.wav,113202,5,engine_idling,8
/scratch/pdoshi/audio_comp/urbansound8k_audio/00714_engine_idling.wav,714,113202-5-0-6.wav,113202,5,engine_idling,8
/scratch/pdoshi/audio_comp/urbansound8k_audio/00715_engine_idling.wav,715,113202-5-0-7.wav,113202,5,engine_idling,8
/scratch/pdoshi/audio_comp/urbansound8k_audio/00716_engine_idling.wav,716,113202-5-0-8.wav,113202,5,engine_idling,8
/scratch/pdoshi/audio_comp/urbansound8k_audio/00717_engine_idling.wav,717,113202-5-0-9.wav,113202,5,engine_idling,8
/scratch/pdoshi/audio_comp/urbansound8k_audio/00718_engine_idling.wav,718,113203-5-0-0.wav,113203,5,engine_idling,8
/scratch/pdoshi/audio_comp/urbansound8k_audio/00719_engine_idling.wav,719,113203-5-0-1.wav,113203,5,engine_idling,8
/scratch/pdoshi/audio_comp/urbansound8k_audio/00720_engine_idling.wav,720,113203-5-0-2.wav,113203,5,engine_idling,8
/scratch/pdoshi/audio_comp/urbansound8k_audio/00721_engine_idling.wav,721,113203-5-0-3.wav,113203,5,engine_idling,8
/scratch/pdoshi/audio_comp/urbansound8k_audio/00722_engine_idling.wav,722,113203-5-0-4.wav,113203,5,engine_idling,8
/scratch/pdoshi/audio_comp/urbansound8k_audio/00723_engine_idling.wav,723,113203-5-0-5.wav,113203,5,engine_idling,8
/scratch/pdoshi/audio_comp/urbansound8k_audio/00724_engine_idling.wav,724,113203-5-0-6.wav,113203,5,engine_idling,8
/scratch/pdoshi/audio_comp/urbansound8k_audio/00725_engine_idling.wav,725,113203-5-0-7.wav,113203,5,engine_idling,8
/scratch/pdoshi/audio_comp/urbansound8k_audio/00726_engine_idling.wav,726,113203-5-0-8.wav,113203,5,engine_idling,8
/scratch/pdoshi/audio_comp/urbansound8k_audio/00727_engine_idling.wav,727,113203-5-1-0.wav,113203,5,engine_idling,8
/scratch/pdoshi/audio_comp/urbansound8k_audio/00728_engine_idling.wav,728,113203-5-1-1.wav,113203,5,engine_idling,8
/scratch/pdoshi/audio_comp/urbansound8k_audio/00729_engine_idling.wav,729,113203-5-1-2.wav,113203,5,engine_idling,8
/scratch/pdoshi/audio_comp/urbansound8k_audio/00730_engine_idling.wav,730,113203-5-2-0.wav,113203,5,engine_idling,8
/scratch/pdoshi/audio_comp/urbansound8k_audio/00731_engine_idling.wav,731,113203-5-3-0.wav,113203,5,engine_idling,8
/scratch/pdoshi/audio_comp/urbansound8k_audio/00732_engine_idling.wav,732,113203-5-3-1.wav,113203,5,engine_idling,8
/scratch/pdoshi/audio_comp/urbansound8k_audio/00733_engine_idling.wav,733,113203-5-4-0.wav,113203,5,engine_idling,8
/scratch/pdoshi/audio_comp/urbansound8k_audio/00734_engine_idling.wav,734,113203-5-5-0.wav,113203,5,engine_idling,8
/scratch/pdoshi/audio_comp/urbansound8k_audio/00735_engine_idling.wav,735,113203-5-6-0.wav,113203,5,engine_idling,8
/scratch/pdoshi/audio_comp/urbansound8k_audio/00736_engine_idling.wav,736,113203-5-7-0.wav,113203,5,engine_idling,8
/scratch/pdoshi/audio_comp/urbansound8k_audio/00737_engine_idling.wav,737,113203-5-8-0.wav,113203,5,engine_idling,8
/scratch/pdoshi/audio_comp/urbansound8k_audio/00738_engine_idling.wav,738,113205-5-0-0.wav,113205,5,engine_idling,1
/scratch/pdoshi/audio_comp/urbansound8k_audio/00739_engine_idling.wav,739,113205-5-1-0.wav,113205,5,engine_idling,1
/scratch/pdoshi/audio_comp/urbansound8k_audio/00740_engine_idling.wav,740,113205-5-1-1.wav,113205,5,engine_idling,1
/scratch/pdoshi/audio_comp/urbansound8k_audio/00741_engine_idling.wav,741,113205-5-1-2.wav,113205,5,engine_idling,1
/scratch/pdoshi/audio_comp/urbansound8k_audio/00742_engine_idling.wav,742,113205-5-1-3.wav,113205,5,engine_idling,1
/scratch/pdoshi/audio_comp/urbansound8k_audio/00743_engine_idling.wav,743,113205-5-1-4.wav,113205,5,engine_idling,1
/scratch/pdoshi/audio_comp/urbansound8k_audio/00744_engine_idling.wav,744,113205-5-1-5.wav,113205,5,engine_idling,1
/scratch/pdoshi/audio_comp/urbansound8k_audio/00745_engine_idling.wav,745,113205-5-1-6.wav,113205,5,engine_idling,1
/scratch/pdoshi/audio_comp/urbansound8k_audio/00746_engine_idling.wav,746,113205-5-1-7.wav,113205,5,engine_idling,1
/scratch/pdoshi/audio_comp/urbansound8k_audio/00747_engine_idling.wav,747,113205-5-1-8.wav,113205,5,engine_idling,1
/scratch/pdoshi/audio_comp/urbansound8k_audio/00748_engine_idling.wav,748,113205-5-1-9.wav,113205,5,engine_idling,1
/scratch/pdoshi/audio_comp/urbansound8k_audio/00749_engine_idling.wav,749,113216-5-0-0.wav,113216,5,engine_idling,8
/scratch/pdoshi/audio_comp/urbansound8k_audio/00750_engine_idling.wav,750,113216-5-0-1.wav,113216,5,engine_idling,8
/scratch/pdoshi/audio_comp/urbansound8k_audio/00751_engine_idling.wav,751,113216-5-0-2.wav,113216,5,engine_idling,8
/scratch/pdoshi/audio_comp/urbansound8k_audio/00752_engine_idling.wav,752,113216-5-0-3.wav,113216,5,engine_idling,8
/scratch/pdoshi/audio_comp/urbansound8k_audio/00753_engine_idling.wav,753,113216-5-0-4.wav,113216,5,engine_idling,8
/scratch/pdoshi/audio_comp/urbansound8k_audio/00754_street_music.wav,754,113601-9-0-22.wav,113601,9,street_music,5
/scratch/pdoshi/audio_comp/urbansound8k_audio/00755_street_music.wav,755,113601-9-0-3.wav,113601,9,street_music,5
/scratch/pdoshi/audio_comp/urbansound8k_audio/00756_street_music.wav,756,113601-9-0-33.wav,113601,9,street_music,5
/scratch/pdoshi/audio_comp/urbansound8k_audio/00757_street_music.wav,757,113601-9-0-34.wav,113601,9,street_music,5
/scratch/pdoshi/audio_comp/urbansound8k_audio/00758_street_music.wav,758,113601-9-0-35.wav,113601,9,street_music,5
/scratch/pdoshi/audio_comp/urbansound8k_audio/00759_street_music.wav,759,113601-9-0-42.wav,113601,9,street_music,5
/scratch/pdoshi/audio_comp/urbansound8k_audio/00760_dog_bark.wav,760,113785-3-0-0.wav,113785,3,dog_bark,2
/scratch/pdoshi/audio_comp/urbansound8k_audio/00761_dog_bark.wav,761,113785-3-1-0.wav,113785,3,dog_bark,2
/scratch/pdoshi/audio_comp/urbansound8k_audio/00762_dog_bark.wav,762,114280-3-0-0.wav,114280,3,dog_bark,8
/scratch/pdoshi/audio_comp/urbansound8k_audio/00763_dog_bark.wav,763,114280-3-0-1.wav,114280,3,dog_bark,8
/scratch/pdoshi/audio_comp/urbansound8k_audio/00764_dog_bark.wav,764,114587-3-0-2.wav,114587,3,dog_bark,1
/scratch/pdoshi/audio_comp/urbansound8k_audio/00765_dog_bark.wav,765,114587-3-0-4.wav,114587,3,dog_bark,1
/scratch/pdoshi/audio_comp/urbansound8k_audio/00766_dog_bark.wav,766,114587-3-0-5.wav,114587,3,dog_bark,1
/scratch/pdoshi/audio_comp/urbansound8k_audio/00767_dog_bark.wav,767,114587-3-0-7.wav,114587,3,dog_bark,1
/scratch/pdoshi/audio_comp/urbansound8k_audio/00768_street_music.wav,768,115239-9-0-0.wav,115239,9,street_music,5
/scratch/pdoshi/audio_comp/urbansound8k_audio/00769_street_music.wav,769,115239-9-0-1.wav,115239,9,street_music,5
/scratch/pdoshi/audio_comp/urbansound8k_audio/00770_street_music.wav,770,115239-9-0-2.wav,115239,9,street_music,5
/scratch/pdoshi/audio_comp/urbansound8k_audio/00771_street_music.wav,771,115239-9-0-3.wav,115239,9,street_music,5
/scratch/pdoshi/audio_comp/urbansound8k_audio/00772_street_music.wav,772,115239-9-0-4.wav,115239,9,street_music,5
/scratch/pdoshi/audio_comp/urbansound8k_audio/00773_street_music.wav,773,115239-9-0-5.wav,115239,9,street_music,5
/scratch/pdoshi/audio_comp/urbansound8k_audio/00774_street_music.wav,774,115240-9-0-1.wav,115240,9,street_music,8
/scratch/pdoshi/audio_comp/urbansound8k_audio/00775_street_music.wav,775,115240-9-0-16.wav,115240,9,street_music,8
/scratch/pdoshi/audio_comp/urbansound8k_audio/00776_street_music.wav,776,115240-9-0-28.wav,115240,9,street_music,8
/scratch/pdoshi/audio_comp/urbansound8k_audio/00777_street_music.wav,777,115240-9-0-34.wav,115240,9,street_music,8
/scratch/pdoshi/audio_comp/urbansound8k_audio/00778_street_music.wav,778,115240-9-0-36.wav,115240,9,street_music,8
/scratch/pdoshi/audio_comp/urbansound8k_audio/00779_street_music.wav,779,115240-9-0-4.wav,115240,9,street_music,8
/scratch/pdoshi/audio_comp/urbansound8k_audio/00780_street_music.wav,780,115241-9-0-1.wav,115241,9,street_music,10
/scratch/pdoshi/audio_comp/urbansound8k_audio/00781_street_music.wav,781,115241-9-0-14.wav,115241,9,street_music,10
/scratch/pdoshi/audio_comp/urbansound8k_audio/00782_street_music.wav,782,115241-9-0-2.wav,115241,9,street_music,10
/scratch/pdoshi/audio_comp/urbansound8k_audio/00783_street_music.wav,783,115241-9-0-20.wav,115241,9,street_music,10
/scratch/pdoshi/audio_comp/urbansound8k_audio/00784_street_music.wav,784,115241-9-0-6.wav,115241,9,street_music,10
/scratch/pdoshi/audio_comp/urbansound8k_audio/00785_street_music.wav,785,115241-9-0-8.wav,115241,9,street_music,10
/scratch/pdoshi/audio_comp/urbansound8k_audio/00786_street_music.wav,786,115241-9-0-9.wav,115241,9,street_music,10
/scratch/pdoshi/audio_comp/urbansound8k_audio/00787_street_music.wav,787,115242-9-0-14.wav,115242,9,street_music,7
/scratch/pdoshi/audio_comp/urbansound8k_audio/00788_street_music.wav,788,115242-9-0-44.wav,115242,9,street_music,7
/scratch/pdoshi/audio_comp/urbansound8k_audio/00789_street_music.wav,789,115242-9-0-55.wav,115242,9,street_music,7
/scratch/pdoshi/audio_comp/urbansound8k_audio/00790_street_music.wav,790,115242-9-0-68.wav,115242,9,street_music,7
/scratch/pdoshi/audio_comp/urbansound8k_audio/00791_street_music.wav,791,115242-9-0-70.wav,115242,9,street_music,7
/scratch/pdoshi/audio_comp/urbansound8k_audio/00792_street_music.wav,792,115242-9-0-83.wav,115242,9,street_music,7
/scratch/pdoshi/audio_comp/urbansound8k_audio/00793_street_music.wav,793,115243-9-0-0.wav,115243,9,street_music,6
/scratch/pdoshi/audio_comp/urbansound8k_audio/00794_street_music.wav,794,115243-9-0-16.wav,115243,9,street_music,6
/scratch/pdoshi/audio_comp/urbansound8k_audio/00795_street_music.wav,795,115243-9-0-4.wav,115243,9,street_music,6
/scratch/pdoshi/audio_comp/urbansound8k_audio/00796_street_music.wav,796,115243-9-0-46.wav,115243,9,street_music,6
/scratch/pdoshi/audio_comp/urbansound8k_audio/00797_street_music.wav,797,115243-9-0-81.wav,115243,9,street_music,6
/scratch/pdoshi/audio_comp/urbansound8k_audio/00798_street_music.wav,798,115243-9-0-94.wav,115243,9,street_music,6
/scratch/pdoshi/audio_comp/urbansound8k_audio/00799_dog_bark.wav,799,115411-3-0-0.wav,115411,3,dog_bark,7
/scratch/pdoshi/audio_comp/urbansound8k_audio/00800_dog_bark.wav,800,115411-3-2-0.wav,115411,3,dog_bark,7
/scratch/pdoshi/audio_comp/urbansound8k_audio/00801_dog_bark.wav,801,115411-3-3-0.wav,115411,3,dog_bark,7
/scratch/pdoshi/audio_comp/urbansound8k_audio/00802_street_music.wav,802,115415-9-0-0.wav,115415,9,street_music,4
/scratch/pdoshi/audio_comp/urbansound8k_audio/00803_street_music.wav,803,115415-9-0-1.wav,115415,9,street_music,4
/scratch/pdoshi/audio_comp/urbansound8k_audio/00804_street_music.wav,804,115415-9-0-4.wav,115415,9,street_music,4
/scratch/pdoshi/audio_comp/urbansound8k_audio/00805_street_music.wav,805,115415-9-0-5.wav,115415,9,street_music,4
/scratch/pdoshi/audio_comp/urbansound8k_audio/00806_street_music.wav,806,115415-9-0-6.wav,115415,9,street_music,4
/scratch/pdoshi/audio_comp/urbansound8k_audio/00807_street_music.wav,807,115415-9-0-7.wav,115415,9,street_music,4
/scratch/pdoshi/audio_comp/urbansound8k_audio/00808_street_music.wav,808,115418-9-0-11.wav,115418,9,street_music,10
/scratch/pdoshi/audio_comp/urbansound8k_audio/00809_street_music.wav,809,115418-9-0-12.wav,115418,9,street_music,10
/scratch/pdoshi/audio_comp/urbansound8k_audio/00810_street_music.wav,810,115418-9-0-15.wav,115418,9,street_music,10
/scratch/pdoshi/audio_comp/urbansound8k_audio/00811_street_music.wav,811,115418-9-0-20.wav,115418,9,street_music,10
/scratch/pdoshi/audio_comp/urbansound8k_audio/00812_street_music.wav,812,115418-9-0-29.wav,115418,9,street_music,10
/scratch/pdoshi/audio_comp/urbansound8k_audio/00813_street_music.wav,813,115418-9-0-6.wav,115418,9,street_music,10
/scratch/pdoshi/audio_comp/urbansound8k_audio/00814_dog_bark.wav,814,115535-3-0-0.wav,115535,3,dog_bark,4
/scratch/pdoshi/audio_comp/urbansound8k_audio/00815_dog_bark.wav,815,115536-3-0-0.wav,115536,3,dog_bark,3
/scratch/pdoshi/audio_comp/urbansound8k_audio/00816_dog_bark.wav,816,115537-3-0-0.wav,115537,3,dog_bark,2
/scratch/pdoshi/audio_comp/urbansound8k_audio/00817_dog_bark.wav,817,116163-3-0-0.wav,116163,3,dog_bark,5
/scratch/pdoshi/audio_comp/urbansound8k_audio/00818_dog_bark.wav,818,116163-3-1-0.wav,116163,3,dog_bark,5
/scratch/pdoshi/audio_comp/urbansound8k_audio/00819_dog_bark.wav,819,116163-3-2-0.wav,116163,3,dog_bark,5
/scratch/pdoshi/audio_comp/urbansound8k_audio/00820_dog_bark.wav,820,116400-3-0-2.wav,116400,3,dog_bark,3
/scratch/pdoshi/audio_comp/urbansound8k_audio/00821_dog_bark.wav,821,116400-3-1-0.wav,116400,3,dog_bark,3
/scratch/pdoshi/audio_comp/urbansound8k_audio/00822_dog_bark.wav,822,116400-3-1-1.wav,116400,3,dog_bark,3
/scratch/pdoshi/audio_comp/urbansound8k_audio/00823_dog_bark.wav,823,116400-3-1-2.wav,116400,3,dog_bark,3
/scratch/pdoshi/audio_comp/urbansound8k_audio/00824_children_playing.wav,824,116423-2-0-0.wav,116423,2,children_playing,6
/scratch/pdoshi/audio_comp/urbansound8k_audio/00825_children_playing.wav,825,116423-2-0-1.wav,116423,2,children_playing,6
/scratch/pdoshi/audio_comp/urbansound8k_audio/00826_children_playing.wav,826,116423-2-0-2.wav,116423,2,children_playing,6
/scratch/pdoshi/audio_comp/urbansound8k_audio/00827_children_playing.wav,827,116423-2-0-3.wav,116423,2,children_playing,6
/scratch/pdoshi/audio_comp/urbansound8k_audio/00828_children_playing.wav,828,116423-2-0-4.wav,116423,2,children_playing,6
/scratch/pdoshi/audio_comp/urbansound8k_audio/00829_dog_bark.wav,829,116483-3-0-1.wav,116483,3,dog_bark,9
/scratch/pdoshi/audio_comp/urbansound8k_audio/00830_dog_bark.wav,830,116483-3-0-2.wav,116483,3,dog_bark,9
/scratch/pdoshi/audio_comp/urbansound8k_audio/00831_dog_bark.wav,831,116483-3-1-0.wav,116483,3,dog_bark,9
/scratch/pdoshi/audio_comp/urbansound8k_audio/00832_dog_bark.wav,832,116483-3-1-2.wav,116483,3,dog_bark,9
/scratch/pdoshi/audio_comp/urbansound8k_audio/00833_dog_bark.wav,833,116484-3-0-12.wav,116484,3,dog_bark,4
/scratch/pdoshi/audio_comp/urbansound8k_audio/00834_dog_bark.wav,834,116484-3-0-16.wav,116484,3,dog_bark,4
/scratch/pdoshi/audio_comp/urbansound8k_audio/00835_dog_bark.wav,835,116484-3-0-6.wav,116484,3,dog_bark,4
/scratch/pdoshi/audio_comp/urbansound8k_audio/00836_dog_bark.wav,836,116484-3-0-8.wav,116484,3,dog_bark,4
/scratch/pdoshi/audio_comp/urbansound8k_audio/00837_dog_bark.wav,837,116485-3-0-4.wav,116485,3,dog_bark,7
/scratch/pdoshi/audio_comp/urbansound8k_audio/00838_dog_bark.wav,838,116485-3-0-6.wav,116485,3,dog_bark,7
/scratch/pdoshi/audio_comp/urbansound8k_audio/00839_dog_bark.wav,839,116485-3-2-0.wav,116485,3,dog_bark,7
/scratch/pdoshi/audio_comp/urbansound8k_audio/00840_dog_bark.wav,840,116485-3-2-4.wav,116485,3,dog_bark,7
/scratch/pdoshi/audio_comp/urbansound8k_audio/00841_dog_bark.wav,841,117048-3-0-17.wav,117048,3,dog_bark,3
/scratch/pdoshi/audio_comp/urbansound8k_audio/00842_dog_bark.wav,842,117048-3-0-23.wav,117048,3,dog_bark,3
/scratch/pdoshi/audio_comp/urbansound8k_audio/00843_dog_bark.wav,843,117048-3-0-25.wav,117048,3,dog_bark,3
/scratch/pdoshi/audio_comp/urbansound8k_audio/00844_dog_bark.wav,844,117048-3-0-35.wav,117048,3,dog_bark,3
/scratch/pdoshi/audio_comp/urbansound8k_audio/00845_dog_bark.wav,845,117072-3-0-11.wav,117072,3,dog_bark,3
/scratch/pdoshi/audio_comp/urbansound8k_audio/00846_dog_bark.wav,846,117072-3-0-14.wav,117072,3,dog_bark,3
/scratch/pdoshi/audio_comp/urbansound8k_audio/00847_dog_bark.wav,847,117072-3-0-19.wav,117072,3,dog_bark,3
/scratch/pdoshi/audio_comp/urbansound8k_audio/00848_dog_bark.wav,848,117072-3-0-8.wav,117072,3,dog_bark,3
/scratch/pdoshi/audio_comp/urbansound8k_audio/00849_siren.wav,849,117181-8-0-0.wav,117181,8,siren,8
/scratch/pdoshi/audio_comp/urbansound8k_audio/00850_siren.wav,850,117181-8-0-1.wav,117181,8,siren,8
/scratch/pdoshi/audio_comp/urbansound8k_audio/00851_siren.wav,851,117181-8-0-10.wav,117181,8,siren,8
/scratch/pdoshi/audio_comp/urbansound8k_audio/00852_siren.wav,852,117181-8-0-11.wav,117181,8,siren,8
/scratch/pdoshi/audio_comp/urbansound8k_audio/00853_siren.wav,853,117181-8-0-12.wav,117181,8,siren,8
/scratch/pdoshi/audio_comp/urbansound8k_audio/00854_siren.wav,854,117181-8-0-2.wav,117181,8,siren,8
/scratch/pdoshi/audio_comp/urbansound8k_audio/00855_siren.wav,855,117181-8-0-3.wav,117181,8,siren,8
/scratch/pdoshi/audio_comp/urbansound8k_audio/00856_siren.wav,856,117181-8-0-4.wav,117181,8,siren,8
/scratch/pdoshi/audio_comp/urbansound8k_audio/00857_siren.wav,857,117181-8-0-5.wav,117181,8,siren,8
/scratch/pdoshi/audio_comp/urbansound8k_audio/00858_siren.wav,858,117181-8-0-6.wav,117181,8,siren,8
/scratch/pdoshi/audio_comp/urbansound8k_audio/00859_siren.wav,859,117181-8-0-7.wav,117181,8,siren,8
/scratch/pdoshi/audio_comp/urbansound8k_audio/00860_siren.wav,860,117181-8-0-8.wav,117181,8,siren,8
/scratch/pdoshi/audio_comp/urbansound8k_audio/00861_siren.wav,861,117181-8-0-9.wav,117181,8,siren,8
/scratch/pdoshi/audio_comp/urbansound8k_audio/00862_dog_bark.wav,862,11722-3-0-0.wav,11722,3,dog_bark,10
/scratch/pdoshi/audio_comp/urbansound8k_audio/00863_dog_bark.wav,863,11722-3-1-0.wav,11722,3,dog_bark,10
/scratch/pdoshi/audio_comp/urbansound8k_audio/00864_dog_bark.wav,864,117271-3-0-0.wav,117271,3,dog_bark,6
/scratch/pdoshi/audio_comp/urbansound8k_audio/00865_dog_bark.wav,865,117271-3-0-1.wav,117271,3,dog_bark,6
/scratch/pdoshi/audio_comp/urbansound8k_audio/00866_dog_bark.wav,866,117271-3-0-2.wav,117271,3,dog_bark,6
/scratch/pdoshi/audio_comp/urbansound8k_audio/00867_dog_bark.wav,867,117271-3-0-3.wav,117271,3,dog_bark,6
/scratch/pdoshi/audio_comp/urbansound8k_audio/00868_car_horn.wav,868,117536-1-0-0.wav,117536,1,car_horn,4
/scratch/pdoshi/audio_comp/urbansound8k_audio/00869_street_music.wav,869,117889-9-0-12.wav,117889,9,street_music,10
/scratch/pdoshi/audio_comp/urbansound8k_audio/00870_street_music.wav,870,117889-9-0-20.wav,117889,9,street_music,10
/scratch/pdoshi/audio_comp/urbansound8k_audio/00871_street_music.wav,871,117889-9-0-30.wav,117889,9,street_music,10
/scratch/pdoshi/audio_comp/urbansound8k_audio/00872_street_music.wav,872,117889-9-0-36.wav,117889,9,street_music,10
/scratch/pdoshi/audio_comp/urbansound8k_audio/00873_street_music.wav,873,117889-9-0-39.wav,117889,9,street_music,10
/scratch/pdoshi/audio_comp/urbansound8k_audio/00874_street_music.wav,874,117889-9-0-40.wav,117889,9,street_music,10
/scratch/pdoshi/audio_comp/urbansound8k_audio/00875_car_horn.wav,875,118070-1-0-0.wav,118070,1,car_horn,3
/scratch/pdoshi/audio_comp/urbansound8k_audio/00876_dog_bark.wav,876,118072-3-0-0.wav,118072,3,dog_bark,6
/scratch/pdoshi/audio_comp/urbansound8k_audio/00877_dog_bark.wav,877,118101-3-0-0.wav,118101,3,dog_bark,1
/scratch/pdoshi/audio_comp/urbansound8k_audio/00878_dog_bark.wav,878,118101-3-0-3.wav,118101,3,dog_bark,1
/scratch/pdoshi/audio_comp/urbansound8k_audio/00879_dog_bark.wav,879,118101-3-0-4.wav,118101,3,dog_bark,1
/scratch/pdoshi/audio_comp/urbansound8k_audio/00880_dog_bark.wav,880,118101-3-0-6.wav,118101,3,dog_bark,1
/scratch/pdoshi/audio_comp/urbansound8k_audio/00881_drilling.wav,881,118278-4-0-0.wav,118278,4,drilling,10
/scratch/pdoshi/audio_comp/urbansound8k_audio/00882_drilling.wav,882,118278-4-0-1.wav,118278,4,drilling,10
/scratch/pdoshi/audio_comp/urbansound8k_audio/00883_drilling.wav,883,118278-4-0-10.wav,118278,4,drilling,10
/scratch/pdoshi/audio_comp/urbansound8k_audio/00884_drilling.wav,884,118278-4-0-11.wav,118278,4,drilling,10
/scratch/pdoshi/audio_comp/urbansound8k_audio/00885_drilling.wav,885,118278-4-0-12.wav,118278,4,drilling,10
/scratch/pdoshi/audio_comp/urbansound8k_audio/00886_drilling.wav,886,118278-4-0-13.wav,118278,4,drilling,10
/scratch/pdoshi/audio_comp/urbansound8k_audio/00887_drilling.wav,887,118278-4-0-2.wav,118278,4,drilling,10
/scratch/pdoshi/audio_comp/urbansound8k_audio/00888_drilling.wav,888,118278-4-0-3.wav,118278,4,drilling,10
/scratch/pdoshi/audio_comp/urbansound8k_audio/00889_drilling.wav,889,118278-4-0-4.wav,118278,4,drilling,10
/scratch/pdoshi/audio_comp/urbansound8k_audio/00890_drilling.wav,890,118278-4-0-5.wav,118278,4,drilling,10
/scratch/pdoshi/audio_comp/urbansound8k_audio/00891_drilling.wav,891,118278-4-0-6.wav,118278,4,drilling,10
/scratch/pdoshi/audio_comp/urbansound8k_audio/00892_drilling.wav,892,118278-4-0-7.wav,118278,4,drilling,10
/scratch/pdoshi/audio_comp/urbansound8k_audio/00893_drilling.wav,893,118278-4-0-8.wav,118278,4,drilling,10
/scratch/pdoshi/audio_comp/urbansound8k_audio/00894_drilling.wav,894,118278-4-0-9.wav,118278,4,drilling,10
/scratch/pdoshi/audio_comp/urbansound8k_audio/00895_siren.wav,895,118279-8-0-0.wav,118279,8,siren,1
/scratch/pdoshi/audio_comp/urbansound8k_audio/00896_siren.wav,896,118279-8-0-1.wav,118279,8,siren,1
/scratch/pdoshi/audio_comp/urbansound8k_audio/00897_siren.wav,897,118279-8-0-10.wav,118279,8,siren,1
/scratch/pdoshi/audio_comp/urbansound8k_audio/00898_siren.wav,898,118279-8-0-11.wav,118279,8,siren,1
/scratch/pdoshi/audio_comp/urbansound8k_audio/00899_siren.wav,899,118279-8-0-12.wav,118279,8,siren,1
/scratch/pdoshi/audio_comp/urbansound8k_audio/00900_siren.wav,900,118279-8-0-13.wav,118279,8,siren,1
/scratch/pdoshi/audio_comp/urbansound8k_audio/00901_siren.wav,901,118279-8-0-14.wav,118279,8,siren,1
/scratch/pdoshi/audio_comp/urbansound8k_audio/00902_siren.wav,902,118279-8-0-2.wav,118279,8,siren,1
/scratch/pdoshi/audio_comp/urbansound8k_audio/00903_siren.wav,903,118279-8-0-3.wav,118279,8,siren,1
/scratch/pdoshi/audio_comp/urbansound8k_audio/00904_siren.wav,904,118279-8-0-4.wav,118279,8,siren,1
/scratch/pdoshi/audio_comp/urbansound8k_audio/00905_siren.wav,905,118279-8-0-5.wav,118279,8,siren,1
/scratch/pdoshi/audio_comp/urbansound8k_audio/00906_siren.wav,906,118279-8-0-6.wav,118279,8,siren,1
/scratch/pdoshi/audio_comp/urbansound8k_audio/00907_siren.wav,907,118279-8-0-7.wav,118279,8,siren,1
/scratch/pdoshi/audio_comp/urbansound8k_audio/00908_siren.wav,908,118279-8-0-8.wav,118279,8,siren,1
/scratch/pdoshi/audio_comp/urbansound8k_audio/00909_siren.wav,909,118279-8-0-9.wav,118279,8,siren,1
/scratch/pdoshi/audio_comp/urbansound8k_audio/00910_drilling.wav,910,118440-4-0-0.wav,118440,4,drilling,5
/scratch/pdoshi/audio_comp/urbansound8k_audio/00911_drilling.wav,911,118440-4-1-0.wav,118440,4,drilling,5
/scratch/pdoshi/audio_comp/urbansound8k_audio/00912_drilling.wav,912,118440-4-2-0.wav,118440,4,drilling,5
/scratch/pdoshi/audio_comp/urbansound8k_audio/00913_drilling.wav,913,118440-4-3-0.wav,118440,4,drilling,5
/scratch/pdoshi/audio_comp/urbansound8k_audio/00914_drilling.wav,914,118440-4-4-0.wav,118440,4,drilling,5
/scratch/pdoshi/audio_comp/urbansound8k_audio/00915_drilling.wav,915,118440-4-5-0.wav,118440,4,drilling,5
/scratch/pdoshi/audio_comp/urbansound8k_audio/00916_drilling.wav,916,118440-4-6-0.wav,118440,4,drilling,5
/scratch/pdoshi/audio_comp/urbansound8k_audio/00917_drilling.wav,917,118440-4-7-0.wav,118440,4,drilling,5
/scratch/pdoshi/audio_comp/urbansound8k_audio/00918_drilling.wav,918,118440-4-8-0.wav,118440,4,drilling,5
/scratch/pdoshi/audio_comp/urbansound8k_audio/00919_car_horn.wav,919,118496-1-0-0.wav,118496,1,car_horn,3
/scratch/pdoshi/audio_comp/urbansound8k_audio/00920_car_horn.wav,920,118496-1-1-0.wav,118496,1,car_horn,3
/scratch/pdoshi/audio_comp/urbansound8k_audio/00921_engine_idling.wav,921,118558-5-0-0.wav,118558,5,engine_idling,10
/scratch/pdoshi/audio_comp/urbansound8k_audio/00922_engine_idling.wav,922,118558-5-0-1.wav,118558,5,engine_idling,10
/scratch/pdoshi/audio_comp/urbansound8k_audio/00923_engine_idling.wav,923,118558-5-0-2.wav,118558,5,engine_idling,10
/scratch/pdoshi/audio_comp/urbansound8k_audio/00924_engine_idling.wav,924,118558-5-1-0.wav,118558,5,engine_idling,10
/scratch/pdoshi/audio_comp/urbansound8k_audio/00925_engine_idling.wav,925,118558-5-1-1.wav,118558,5,engine_idling,10
/scratch/pdoshi/audio_comp/urbansound8k_audio/00926_engine_idling.wav,926,118558-5-1-2.wav,118558,5,engine_idling,10
/scratch/pdoshi/audio_comp/urbansound8k_audio/00927_engine_idling.wav,927,118558-5-2-0.wav,118558,5,engine_idling,10
/scratch/pdoshi/audio_comp/urbansound8k_audio/00928_engine_idling.wav,928,118558-5-2-1.wav,118558,5,engine_idling,10
/scratch/pdoshi/audio_comp/urbansound8k_audio/00929_engine_idling.wav,929,118558-5-2-2.wav,118558,5,engine_idling,10
/scratch/pdoshi/audio_comp/urbansound8k_audio/00930_engine_idling.wav,930,118558-5-2-3.wav,118558,5,engine_idling,10
/scratch/pdoshi/audio_comp/urbansound8k_audio/00931_dog_bark.wav,931,118587-3-0-2.wav,118587,3,dog_bark,7
/scratch/pdoshi/audio_comp/urbansound8k_audio/00932_dog_bark.wav,932,118587-3-0-21.wav,118587,3,dog_bark,7
/scratch/pdoshi/audio_comp/urbansound8k_audio/00933_dog_bark.wav,933,118587-3-0-6.wav,118587,3,dog_bark,7
/scratch/pdoshi/audio_comp/urbansound8k_audio/00934_drilling.wav,934,118723-4-0-0.wav,118723,4,drilling,2
/scratch/pdoshi/audio_comp/urbansound8k_audio/00935_dog_bark.wav,935,118961-3-0-0.wav,118961,3,dog_bark,3
/scratch/pdoshi/audio_comp/urbansound8k_audio/00936_dog_bark.wav,936,118962-3-0-0.wav,118962,3,dog_bark,2
/scratch/pdoshi/audio_comp/urbansound8k_audio/00937_dog_bark.wav,937,118963-3-0-0.wav,118963,3,dog_bark,1
/scratch/pdoshi/audio_comp/urbansound8k_audio/00938_dog_bark.wav,938,118964-3-0-0.wav,118964,3,dog_bark,4
/scratch/pdoshi/audio_comp/urbansound8k_audio/00939_air_conditioner.wav,939,119067-0-0-0.wav,119067,0,air_conditioner,10
/scratch/pdoshi/audio_comp/urbansound8k_audio/00940_air_conditioner.wav,940,119067-0-0-1.wav,119067,0,air_conditioner,10
/scratch/pdoshi/audio_comp/urbansound8k_audio/00941_air_conditioner.wav,941,119067-0-0-2.wav,119067,0,air_conditioner,10
/scratch/pdoshi/audio_comp/urbansound8k_audio/00942_dog_bark.wav,942,119420-3-0-0.wav,119420,3,dog_bark,9
/scratch/pdoshi/audio_comp/urbansound8k_audio/00943_dog_bark.wav,943,119420-3-1-0.wav,119420,3,dog_bark,9
/scratch/pdoshi/audio_comp/urbansound8k_audio/00944_engine_idling.wav,944,119449-5-0-0.wav,119449,5,engine_idling,9
/scratch/pdoshi/audio_comp/urbansound8k_audio/00945_engine_idling.wav,945,119449-5-0-1.wav,119449,5,engine_idling,9
/scratch/pdoshi/audio_comp/urbansound8k_audio/00946_engine_idling.wav,946,119449-5-0-2.wav,119449,5,engine_idling,9
/scratch/pdoshi/audio_comp/urbansound8k_audio/00947_engine_idling.wav,947,119449-5-0-3.wav,119449,5,engine_idling,9
/scratch/pdoshi/audio_comp/urbansound8k_audio/00948_engine_idling.wav,948,119449-5-0-4.wav,119449,5,engine_idling,9
/scratch/pdoshi/audio_comp/urbansound8k_audio/00949_engine_idling.wav,949,119449-5-0-5.wav,119449,5,engine_idling,9
/scratch/pdoshi/audio_comp/urbansound8k_audio/00950_engine_idling.wav,950,119449-5-0-6.wav,119449,5,engine_idling,9
/scratch/pdoshi/audio_comp/urbansound8k_audio/00951_engine_idling.wav,951,119455-5-0-0.wav,119455,5,engine_idling,1
/scratch/pdoshi/audio_comp/urbansound8k_audio/00952_engine_idling.wav,952,119455-5-0-1.wav,119455,5,engine_idling,1
/scratch/pdoshi/audio_comp/urbansound8k_audio/00953_engine_idling.wav,953,119455-5-0-2.wav,119455,5,engine_idling,1
/scratch/pdoshi/audio_comp/urbansound8k_audio/00954_engine_idling.wav,954,119455-5-0-3.wav,119455,5,engine_idling,1
/scratch/pdoshi/audio_comp/urbansound8k_audio/00955_engine_idling.wav,955,119455-5-0-4.wav,119455,5,engine_idling,1
/scratch/pdoshi/audio_comp/urbansound8k_audio/00956_engine_idling.wav,956,119455-5-0-5.wav,119455,5,engine_idling,1
/scratch/pdoshi/audio_comp/urbansound8k_audio/00957_engine_idling.wav,957,119455-5-0-6.wav,119455,5,engine_idling,1
/scratch/pdoshi/audio_comp/urbansound8k_audio/00958_engine_idling.wav,958,119455-5-0-7.wav,119455,5,engine_idling,1
/scratch/pdoshi/audio_comp/urbansound8k_audio/00959_jackhammer.wav,959,119809-7-0-0.wav,119809,7,jackhammer,9
/scratch/pdoshi/audio_comp/urbansound8k_audio/00960_jackhammer.wav,960,119809-7-0-1.wav,119809,7,jackhammer,9
/scratch/pdoshi/audio_comp/urbansound8k_audio/00961_jackhammer.wav,961,119809-7-0-2.wav,119809,7,jackhammer,9
/scratch/pdoshi/audio_comp/urbansound8k_audio/00962_jackhammer.wav,962,119809-7-0-3.wav,119809,7,jackhammer,9
/scratch/pdoshi/audio_comp/urbansound8k_audio/00963_jackhammer.wav,963,119809-7-0-4.wav,119809,7,jackhammer,9
/scratch/pdoshi/audio_comp/urbansound8k_audio/00964_jackhammer.wav,964,119809-7-0-5.wav,119809,7,jackhammer,9
/scratch/pdoshi/audio_comp/urbansound8k_audio/00965_jackhammer.wav,965,119809-7-0-6.wav,119809,7,jackhammer,9
/scratch/pdoshi/audio_comp/urbansound8k_audio/00966_air_conditioner.wav,966,121285-0-0-0.wav,121285,0,air_conditioner,6
/scratch/pdoshi/audio_comp/urbansound8k_audio/00967_air_conditioner.wav,967,121285-0-0-1.wav,121285,0,air_conditioner,6
/scratch/pdoshi/audio_comp/urbansound8k_audio/00968_air_conditioner.wav,968,121285-0-0-2.wav,121285,0,air_conditioner,6
/scratch/pdoshi/audio_comp/urbansound8k_audio/00969_air_conditioner.wav,969,121285-0-0-3.wav,121285,0,air_conditioner,6
/scratch/pdoshi/audio_comp/urbansound8k_audio/00970_air_conditioner.wav,970,121285-0-0-4.wav,121285,0,air_conditioner,6
/scratch/pdoshi/audio_comp/urbansound8k_audio/00971_air_conditioner.wav,971,121285-0-0-5.wav,121285,0,air_conditioner,6
/scratch/pdoshi/audio_comp/urbansound8k_audio/00972_air_conditioner.wav,972,121285-0-0-6.wav,121285,0,air_conditioner,6
/scratch/pdoshi/audio_comp/urbansound8k_audio/00973_air_conditioner.wav,973,121285-0-0-7.wav,121285,0,air_conditioner,6
/scratch/pdoshi/audio_comp/urbansound8k_audio/00974_air_conditioner.wav,974,121285-0-0-8.wav,121285,0,air_conditioner,6
/scratch/pdoshi/audio_comp/urbansound8k_audio/00975_air_conditioner.wav,975,121285-0-0-9.wav,121285,0,air_conditioner,6
/scratch/pdoshi/audio_comp/urbansound8k_audio/00976_air_conditioner.wav,976,121286-0-0-0.wav,121286,0,air_conditioner,5
/scratch/pdoshi/audio_comp/urbansound8k_audio/00977_air_conditioner.wav,977,121286-0-0-1.wav,121286,0,air_conditioner,5
/scratch/pdoshi/audio_comp/urbansound8k_audio/00978_air_conditioner.wav,978,121286-0-0-10.wav,121286,0,air_conditioner,5
/scratch/pdoshi/audio_comp/urbansound8k_audio/00979_air_conditioner.wav,979,121286-0-0-11.wav,121286,0,air_conditioner,5
/scratch/pdoshi/audio_comp/urbansound8k_audio/00980_air_conditioner.wav,980,121286-0-0-12.wav,121286,0,air_conditioner,5
/scratch/pdoshi/audio_comp/urbansound8k_audio/00981_air_conditioner.wav,981,121286-0-0-13.wav,121286,0,air_conditioner,5
/scratch/pdoshi/audio_comp/urbansound8k_audio/00982_air_conditioner.wav,982,121286-0-0-14.wav,121286,0,air_conditioner,5
/scratch/pdoshi/audio_comp/urbansound8k_audio/00983_air_conditioner.wav,983,121286-0-0-15.wav,121286,0,air_conditioner,5
/scratch/pdoshi/audio_comp/urbansound8k_audio/00984_air_conditioner.wav,984,121286-0-0-2.wav,121286,0,air_conditioner,5
/scratch/pdoshi/audio_comp/urbansound8k_audio/00985_air_conditioner.wav,985,121286-0-0-3.wav,121286,0,air_conditioner,5
/scratch/pdoshi/audio_comp/urbansound8k_audio/00986_air_conditioner.wav,986,121286-0-0-4.wav,121286,0,air_conditioner,5
/scratch/pdoshi/audio_comp/urbansound8k_audio/00987_air_conditioner.wav,987,121286-0-0-5.wav,121286,0,air_conditioner,5
/scratch/pdoshi/audio_comp/urbansound8k_audio/00988_air_conditioner.wav,988,121286-0-0-6.wav,121286,0,air_conditioner,5
/scratch/pdoshi/audio_comp/urbansound8k_audio/00989_air_conditioner.wav,989,121286-0-0-7.wav,121286,0,air_conditioner,5
/scratch/pdoshi/audio_comp/urbansound8k_audio/00990_air_conditioner.wav,990,121286-0-0-8.wav,121286,0,air_conditioner,5
/scratch/pdoshi/audio_comp/urbansound8k_audio/00991_air_conditioner.wav,991,121286-0-0-9.wav,121286,0,air_conditioner,5
/scratch/pdoshi/audio_comp/urbansound8k_audio/00992_car_horn.wav,992,121299-1-0-0.wav,121299,1,car_horn,5
/scratch/pdoshi/audio_comp/urbansound8k_audio/00993_siren.wav,993,121528-8-1-0.wav,121528,8,siren,3
/scratch/pdoshi/audio_comp/urbansound8k_audio/00994_siren.wav,994,121528-8-1-1.wav,121528,8,siren,3
/scratch/pdoshi/audio_comp/urbansound8k_audio/00995_dog_bark.wav,995,121888-3-0-0.wav,121888,3,dog_bark,4
/scratch/pdoshi/audio_comp/urbansound8k_audio/00996_dog_bark.wav,996,122199-3-1-1.wav,122199,3,dog_bark,8
/scratch/pdoshi/audio_comp/urbansound8k_audio/00997_dog_bark.wav,997,122199-3-1-2.wav,122199,3,dog_bark,8
/scratch/pdoshi/audio_comp/urbansound8k_audio/00998_dog_bark.wav,998,122199-3-1-3.wav,122199,3,dog_bark,8
/scratch/pdoshi/audio_comp/urbansound8k_audio/00999_dog_bark.wav,999,122199-3-1-6.wav,122199,3,dog_bark,8
/scratch/pdoshi/audio_comp/urbansound8k_audio/01000_gun_shot.wav,1000,122690-6-0-0.wav,122690,6,gun_shot,1
/scratch/pdoshi/audio_comp/urbansound8k_audio/01001_street_music.wav,1001,122738-9-0-11.wav,122738,9,street_music,6
/scratch/pdoshi/audio_comp/urbansound8k_audio/01002_street_music.wav,1002,122738-9-0-12.wav,122738,9,street_music,6
/scratch/pdoshi/audio_comp/urbansound8k_audio/01003_street_music.wav,1003,122738-9-0-2.wav,122738,9,street_music,6
/scratch/pdoshi/audio_comp/urbansound8k_audio/01004_street_music.wav,1004,122738-9-0-3.wav,122738,9,street_music,6
/scratch/pdoshi/audio_comp/urbansound8k_audio/01005_street_music.wav,1005,122738-9-0-5.wav,122738,9,street_music,6
/scratch/pdoshi/audio_comp/urbansound8k_audio/01006_street_music.wav,1006,122738-9-0-9.wav,122738,9,street_music,6
/scratch/pdoshi/audio_comp/urbansound8k_audio/01007_children_playing.wav,1007,123399-2-0-13.wav,123399,2,children_playing,3
/scratch/pdoshi/audio_comp/urbansound8k_audio/01008_children_playing.wav,1008,123399-2-0-19.wav,123399,2,children_playing,3
/scratch/pdoshi/audio_comp/urbansound8k_audio/01009_children_playing.wav,1009,123399-2-0-22.wav,123399,2,children_playing,3
/scratch/pdoshi/audio_comp/urbansound8k_audio/01010_children_playing.wav,1010,123399-2-0-5.wav,123399,2,children_playing,3
/scratch/pdoshi/audio_comp/urbansound8k_audio/01011_children_playing.wav,1011,123399-2-0-54.wav,123399,2,children_playing,3
/scratch/pdoshi/audio_comp/urbansound8k_audio/01012_children_playing.wav,1012,123399-2-0-74.wav,123399,2,children_playing,3
/scratch/pdoshi/audio_comp/urbansound8k_audio/01013_children_playing.wav,1013,123399-2-0-83.wav,123399,2,children_playing,3
/scratch/pdoshi/audio_comp/urbansound8k_audio/01014_children_playing.wav,1014,123399-2-0-91.wav,123399,2,children_playing,3
/scratch/pdoshi/audio_comp/urbansound8k_audio/01015_engine_idling.wav,1015,123685-5-0-0.wav,123685,5,engine_idling,7
/scratch/pdoshi/audio_comp/urbansound8k_audio/01016_engine_idling.wav,1016,123685-5-0-1.wav,123685,5,engine_idling,7
/scratch/pdoshi/audio_comp/urbansound8k_audio/01017_engine_idling.wav,1017,123685-5-0-2.wav,123685,5,engine_idling,7
/scratch/pdoshi/audio_comp/urbansound8k_audio/01018_engine_idling.wav,1018,123685-5-0-3.wav,123685,5,engine_idling,7
/scratch/pdoshi/audio_comp/urbansound8k_audio/01019_engine_idling.wav,1019,123685-5-0-4.wav,123685,5,engine_idling,7
/scratch/pdoshi/audio_comp/urbansound8k_audio/01020_engine_idling.wav,1020,123685-5-0-5.wav,123685,5,engine_idling,7
/scratch/pdoshi/audio_comp/urbansound8k_audio/01021_engine_idling.wav,1021,123685-5-0-6.wav,123685,5,engine_idling,7
/scratch/pdoshi/audio_comp/urbansound8k_audio/01022_engine_idling.wav,1022,123685-5-0-7.wav,123685,5,engine_idling,7
/scratch/pdoshi/audio_comp/urbansound8k_audio/01023_engine_idling.wav,1023,123685-5-0-8.wav,123685,5,engine_idling,7
/scratch/pdoshi/audio_comp/urbansound8k_audio/01024_siren.wav,1024,123688-8-0-0.wav,123688,8,siren,2
/scratch/pdoshi/audio_comp/urbansound8k_audio/01025_siren.wav,1025,123688-8-0-1.wav,123688,8,siren,2
/scratch/pdoshi/audio_comp/urbansound8k_audio/01026_siren.wav,1026,123688-8-0-10.wav,123688,8,siren,2
/scratch/pdoshi/audio_comp/urbansound8k_audio/01027_siren.wav,1027,123688-8-0-11.wav,123688,8,siren,2
/scratch/pdoshi/audio_comp/urbansound8k_audio/01028_siren.wav,1028,123688-8-0-12.wav,123688,8,siren,2
/scratch/pdoshi/audio_comp/urbansound8k_audio/01029_siren.wav,1029,123688-8-0-13.wav,123688,8,siren,2
/scratch/pdoshi/audio_comp/urbansound8k_audio/01030_siren.wav,1030,123688-8-0-14.wav,123688,8,siren,2
/scratch/pdoshi/audio_comp/urbansound8k_audio/01031_siren.wav,1031,123688-8-0-15.wav,123688,8,siren,2
/scratch/pdoshi/audio_comp/urbansound8k_audio/01032_siren.wav,1032,123688-8-0-16.wav,123688,8,siren,2
/scratch/pdoshi/audio_comp/urbansound8k_audio/01033_siren.wav,1033,123688-8-0-17.wav,123688,8,siren,2
/scratch/pdoshi/audio_comp/urbansound8k_audio/01034_siren.wav,1034,123688-8-0-18.wav,123688,8,siren,2
/scratch/pdoshi/audio_comp/urbansound8k_audio/01035_siren.wav,1035,123688-8-0-2.wav,123688,8,siren,2
/scratch/pdoshi/audio_comp/urbansound8k_audio/01036_siren.wav,1036,123688-8-0-3.wav,123688,8,siren,2
/scratch/pdoshi/audio_comp/urbansound8k_audio/01037_siren.wav,1037,123688-8-0-4.wav,123688,8,siren,2
/scratch/pdoshi/audio_comp/urbansound8k_audio/01038_siren.wav,1038,123688-8-0-5.wav,123688,8,siren,2
/scratch/pdoshi/audio_comp/urbansound8k_audio/01039_siren.wav,1039,123688-8-0-6.wav,123688,8,siren,2
/scratch/pdoshi/audio_comp/urbansound8k_audio/01040_siren.wav,1040,123688-8-0-7.wav,123688,8,siren,2
/scratch/pdoshi/audio_comp/urbansound8k_audio/01041_siren.wav,1041,123688-8-0-8.wav,123688,8,siren,2
/scratch/pdoshi/audio_comp/urbansound8k_audio/01042_siren.wav,1042,123688-8-0-9.wav,123688,8,siren,2
/scratch/pdoshi/audio_comp/urbansound8k_audio/01043_siren.wav,1043,123688-8-1-0.wav,123688,8,siren,2
/scratch/pdoshi/audio_comp/urbansound8k_audio/01044_siren.wav,1044,123688-8-1-1.wav,123688,8,siren,2
/scratch/pdoshi/audio_comp/urbansound8k_audio/01045_siren.wav,1045,123688-8-1-2.wav,123688,8,siren,2
/scratch/pdoshi/audio_comp/urbansound8k_audio/01046_siren.wav,1046,123688-8-1-3.wav,123688,8,siren,2
/scratch/pdoshi/audio_comp/urbansound8k_audio/01047_siren.wav,1047,123688-8-1-4.wav,123688,8,siren,2
/scratch/pdoshi/audio_comp/urbansound8k_audio/01048_siren.wav,1048,123688-8-1-5.wav,123688,8,siren,2
/scratch/pdoshi/audio_comp/urbansound8k_audio/01049_siren.wav,1049,123688-8-2-0.wav,123688,8,siren,2
/scratch/pdoshi/audio_comp/urbansound8k_audio/01050_siren.wav,1050,123688-8-2-1.wav,123688,8,siren,2
/scratch/pdoshi/audio_comp/urbansound8k_audio/01051_siren.wav,1051,123688-8-2-2.wav,123688,8,siren,2
/scratch/pdoshi/audio_comp/urbansound8k_audio/01052_siren.wav,1052,123688-8-2-3.wav,123688,8,siren,2
/scratch/pdoshi/audio_comp/urbansound8k_audio/01053_siren.wav,1053,123688-8-2-4.wav,123688,8,siren,2
/scratch/pdoshi/audio_comp/urbansound8k_audio/01054_siren.wav,1054,124389-8-1-0.wav,124389,8,siren,6
/scratch/pdoshi/audio_comp/urbansound8k_audio/01055_siren.wav,1055,124389-8-1-1.wav,124389,8,siren,6
/scratch/pdoshi/audio_comp/urbansound8k_audio/01056_siren.wav,1056,124389-8-1-10.wav,124389,8,siren,6
/scratch/pdoshi/audio_comp/urbansound8k_audio/01057_siren.wav,1057,124389-8-1-11.wav,124389,8,siren,6
/scratch/pdoshi/audio_comp/urbansound8k_audio/01058_siren.wav,1058,124389-8-1-12.wav,124389,8,siren,6
/scratch/pdoshi/audio_comp/urbansound8k_audio/01059_siren.wav,1059,124389-8-1-13.wav,124389,8,siren,6
/scratch/pdoshi/audio_comp/urbansound8k_audio/01060_siren.wav,1060,124389-8-1-14.wav,124389,8,siren,6
/scratch/pdoshi/audio_comp/urbansound8k_audio/01061_siren.wav,1061,124389-8-1-15.wav,124389,8,siren,6
/scratch/pdoshi/audio_comp/urbansound8k_audio/01062_siren.wav,1062,124389-8-1-16.wav,124389,8,siren,6
/scratch/pdoshi/audio_comp/urbansound8k_audio/01063_siren.wav,1063,124389-8-1-17.wav,124389,8,siren,6
/scratch/pdoshi/audio_comp/urbansound8k_audio/01064_siren.wav,1064,124389-8-1-18.wav,124389,8,siren,6
/scratch/pdoshi/audio_comp/urbansound8k_audio/01065_siren.wav,1065,124389-8-1-2.wav,124389,8,siren,6
/scratch/pdoshi/audio_comp/urbansound8k_audio/01066_siren.wav,1066,124389-8-1-3.wav,124389,8,siren,6
/scratch/pdoshi/audio_comp/urbansound8k_audio/01067_siren.wav,1067,124389-8-1-4.wav,124389,8,siren,6
/scratch/pdoshi/audio_comp/urbansound8k_audio/01068_siren.wav,1068,124389-8-1-5.wav,124389,8,siren,6
/scratch/pdoshi/audio_comp/urbansound8k_audio/01069_siren.wav,1069,124389-8-1-6.wav,124389,8,siren,6
/scratch/pdoshi/audio_comp/urbansound8k_audio/01070_siren.wav,1070,124389-8-1-7.wav,124389,8,siren,6
/scratch/pdoshi/audio_comp/urbansound8k_audio/01071_siren.wav,1071,124389-8-1-8.wav,124389,8,siren,6
/scratch/pdoshi/audio_comp/urbansound8k_audio/01072_siren.wav,1072,124389-8-1-9.wav,124389,8,siren,6
/scratch/pdoshi/audio_comp/urbansound8k_audio/01073_street_music.wav,1073,124489-9-0-12.wav,124489,9,street_music,1
/scratch/pdoshi/audio_comp/urbansound8k_audio/01074_street_music.wav,1074,124489-9-0-14.wav,124489,9,street_music,1
/scratch/pdoshi/audio_comp/urbansound8k_audio/01075_street_music.wav,1075,124489-9-0-16.wav,124489,9,street_music,1
/scratch/pdoshi/audio_comp/urbansound8k_audio/01076_street_music.wav,1076,124489-9-0-17.wav,124489,9,street_music,1
/scratch/pdoshi/audio_comp/urbansound8k_audio/01077_street_music.wav,1077,124489-9-0-18.wav,124489,9,street_music,1
/scratch/pdoshi/audio_comp/urbansound8k_audio/01078_street_music.wav,1078,124489-9-0-6.wav,124489,9,street_music,1
/scratch/pdoshi/audio_comp/urbansound8k_audio/01079_car_horn.wav,1079,125520-1-0-0.wav,125520,1,car_horn,8
/scratch/pdoshi/audio_comp/urbansound8k_audio/01080_car_horn.wav,1080,125520-1-1-0.wav,125520,1,car_horn,8
/scratch/pdoshi/audio_comp/urbansound8k_audio/01081_car_horn.wav,1081,125520-1-2-0.wav,125520,1,car_horn,8
/scratch/pdoshi/audio_comp/urbansound8k_audio/01082_car_horn.wav,1082,125520-1-3-0.wav,125520,1,car_horn,8
/scratch/pdoshi/audio_comp/urbansound8k_audio/01083_car_horn.wav,1083,125520-1-4-0.wav,125520,1,car_horn,8
/scratch/pdoshi/audio_comp/urbansound8k_audio/01084_dog_bark.wav,1084,125523-3-0-1.wav,125523,3,dog_bark,3
/scratch/pdoshi/audio_comp/urbansound8k_audio/01085_dog_bark.wav,1085,125523-3-0-11.wav,125523,3,dog_bark,3
/scratch/pdoshi/audio_comp/urbansound8k_audio/01086_dog_bark.wav,1086,125523-3-0-3.wav,125523,3,dog_bark,3
/scratch/pdoshi/audio_comp/urbansound8k_audio/01087_dog_bark.wav,1087,125554-3-0-0.wav,125554,3,dog_bark,6
/scratch/pdoshi/audio_comp/urbansound8k_audio/01088_dog_bark.wav,1088,125574-3-0-0.wav,125574,3,dog_bark,6
/scratch/pdoshi/audio_comp/urbansound8k_audio/01089_jackhammer.wav,1089,125678-7-0-0.wav,125678,7,jackhammer,8
/scratch/pdoshi/audio_comp/urbansound8k_audio/01090_jackhammer.wav,1090,125678-7-0-1.wav,125678,7,jackhammer,8
/scratch/pdoshi/audio_comp/urbansound8k_audio/01091_jackhammer.wav,1091,125678-7-0-2.wav,125678,7,jackhammer,8
/scratch/pdoshi/audio_comp/urbansound8k_audio/01092_jackhammer.wav,1092,125678-7-0-3.wav,125678,7,jackhammer,8
/scratch/pdoshi/audio_comp/urbansound8k_audio/01093_jackhammer.wav,1093,125678-7-0-4.wav,125678,7,jackhammer,8
/scratch/pdoshi/audio_comp/urbansound8k_audio/01094_jackhammer.wav,1094,125678-7-0-5.wav,125678,7,jackhammer,8
/scratch/pdoshi/audio_comp/urbansound8k_audio/01095_jackhammer.wav,1095,125678-7-0-6.wav,125678,7,jackhammer,8
/scratch/pdoshi/audio_comp/urbansound8k_audio/01096_jackhammer.wav,1096,125678-7-0-7.wav,125678,7,jackhammer,8
/scratch/pdoshi/audio_comp/urbansound8k_audio/01097_jackhammer.wav,1097,125678-7-0-8.wav,125678,7,jackhammer,8
/scratch/pdoshi/audio_comp/urbansound8k_audio/01098_jackhammer.wav,1098,125678-7-0-9.wav,125678,7,jackhammer,8
/scratch/pdoshi/audio_comp/urbansound8k_audio/01099_jackhammer.wav,1099,125678-7-1-0.wav,125678,7,jackhammer,8
/scratch/pdoshi/audio_comp/urbansound8k_audio/01100_jackhammer.wav,1100,125678-7-1-1.wav,125678,7,jackhammer,8
/scratch/pdoshi/audio_comp/urbansound8k_audio/01101_jackhammer.wav,1101,125678-7-1-2.wav,125678,7,jackhammer,8
/scratch/pdoshi/audio_comp/urbansound8k_audio/01102_jackhammer.wav,1102,125678-7-1-3.wav,125678,7,jackhammer,8
/scratch/pdoshi/audio_comp/urbansound8k_audio/01103_jackhammer.wav,1103,125678-7-1-4.wav,125678,7,jackhammer,8
/scratch/pdoshi/audio_comp/urbansound8k_audio/01104_jackhammer.wav,1104,125678-7-1-5.wav,125678,7,jackhammer,8
/scratch/pdoshi/audio_comp/urbansound8k_audio/01105_jackhammer.wav,1105,125678-7-1-6.wav,125678,7,jackhammer,8
/scratch/pdoshi/audio_comp/urbansound8k_audio/01106_jackhammer.wav,1106,125678-7-1-7.wav,125678,7,jackhammer,8
/scratch/pdoshi/audio_comp/urbansound8k_audio/01107_jackhammer.wav,1107,125678-7-1-8.wav,125678,7,jackhammer,8
/scratch/pdoshi/audio_comp/urbansound8k_audio/01108_jackhammer.wav,1108,125678-7-2-0.wav,125678,7,jackhammer,8
/scratch/pdoshi/audio_comp/urbansound8k_audio/01109_jackhammer.wav,1109,125678-7-2-1.wav,125678,7,jackhammer,8
/scratch/pdoshi/audio_comp/urbansound8k_audio/01110_jackhammer.wav,1110,125678-7-2-2.wav,125678,7,jackhammer,8
/scratch/pdoshi/audio_comp/urbansound8k_audio/01111_jackhammer.wav,1111,125678-7-2-3.wav,125678,7,jackhammer,8
/scratch/pdoshi/audio_comp/urbansound8k_audio/01112_jackhammer.wav,1112,125678-7-2-4.wav,125678,7,jackhammer,8
/scratch/pdoshi/audio_comp/urbansound8k_audio/01113_jackhammer.wav,1113,125678-7-2-5.wav,125678,7,jackhammer,8
/scratch/pdoshi/audio_comp/urbansound8k_audio/01114_jackhammer.wav,1114,125678-7-2-6.wav,125678,7,jackhammer,8
/scratch/pdoshi/audio_comp/urbansound8k_audio/01115_jackhammer.wav,1115,125678-7-2-7.wav,125678,7,jackhammer,8
/scratch/pdoshi/audio_comp/urbansound8k_audio/01116_jackhammer.wav,1116,125678-7-2-8.wav,125678,7,jackhammer,8
/scratch/pdoshi/audio_comp/urbansound8k_audio/01117_jackhammer.wav,1117,125678-7-3-0.wav,125678,7,jackhammer,8
/scratch/pdoshi/audio_comp/urbansound8k_audio/01118_jackhammer.wav,1118,125678-7-3-1.wav,125678,7,jackhammer,8
/scratch/pdoshi/audio_comp/urbansound8k_audio/01119_jackhammer.wav,1119,125678-7-3-2.wav,125678,7,jackhammer,8
/scratch/pdoshi/audio_comp/urbansound8k_audio/01120_jackhammer.wav,1120,125678-7-3-3.wav,125678,7,jackhammer,8
/scratch/pdoshi/audio_comp/urbansound8k_audio/01121_jackhammer.wav,1121,125678-7-3-4.wav,125678,7,jackhammer,8
/scratch/pdoshi/audio_comp/urbansound8k_audio/01122_jackhammer.wav,1122,125678-7-3-5.wav,125678,7,jackhammer,8
/scratch/pdoshi/audio_comp/urbansound8k_audio/01123_jackhammer.wav,1123,125678-7-3-6.wav,125678,7,jackhammer,8
/scratch/pdoshi/audio_comp/urbansound8k_audio/01124_jackhammer.wav,1124,125678-7-3-7.wav,125678,7,jackhammer,8
/scratch/pdoshi/audio_comp/urbansound8k_audio/01125_jackhammer.wav,1125,125678-7-4-0.wav,125678,7,jackhammer,8
/scratch/pdoshi/audio_comp/urbansound8k_audio/01126_jackhammer.wav,1126,125678-7-4-1.wav,125678,7,jackhammer,8
/scratch/pdoshi/audio_comp/urbansound8k_audio/01127_jackhammer.wav,1127,125678-7-4-2.wav,125678,7,jackhammer,8
/scratch/pdoshi/audio_comp/urbansound8k_audio/01128_jackhammer.wav,1128,125678-7-4-3.wav,125678,7,jackhammer,8
/scratch/pdoshi/audio_comp/urbansound8k_audio/01129_jackhammer.wav,1129,125678-7-4-4.wav,125678,7,jackhammer,8
/scratch/pdoshi/audio_comp/urbansound8k_audio/01130_jackhammer.wav,1130,125678-7-4-5.wav,125678,7,jackhammer,8
/scratch/pdoshi/audio_comp/urbansound8k_audio/01131_jackhammer.wav,1131,125678-7-4-6.wav,125678,7,jackhammer,8
/scratch/pdoshi/audio_comp/urbansound8k_audio/01132_jackhammer.wav,1132,125678-7-4-7.wav,125678,7,jackhammer,8
/scratch/pdoshi/audio_comp/urbansound8k_audio/01133_jackhammer.wav,1133,125678-7-4-8.wav,125678,7,jackhammer,8
/scratch/pdoshi/audio_comp/urbansound8k_audio/01134_dog_bark.wav,1134,125791-3-0-12.wav,125791,3,dog_bark,1
/scratch/pdoshi/audio_comp/urbansound8k_audio/01135_dog_bark.wav,1135,125791-3-0-13.wav,125791,3,dog_bark,1
/scratch/pdoshi/audio_comp/urbansound8k_audio/01136_dog_bark.wav,1136,125791-3-0-15.wav,125791,3,dog_bark,1
/scratch/pdoshi/audio_comp/urbansound8k_audio/01137_dog_bark.wav,1137,125791-3-0-9.wav,125791,3,dog_bark,1
/scratch/pdoshi/audio_comp/urbansound8k_audio/01138_street_music.wav,1138,126153-9-0-0.wav,126153,9,street_music,8
/scratch/pdoshi/audio_comp/urbansound8k_audio/01139_street_music.wav,1139,126153-9-0-1.wav,126153,9,street_music,8
/scratch/pdoshi/audio_comp/urbansound8k_audio/01140_street_music.wav,1140,126153-9-0-11.wav,126153,9,street_music,8
/scratch/pdoshi/audio_comp/urbansound8k_audio/01141_street_music.wav,1141,126153-9-0-4.wav,126153,9,street_music,8
/scratch/pdoshi/audio_comp/urbansound8k_audio/01142_street_music.wav,1142,126153-9-0-5.wav,126153,9,street_music,8
/scratch/pdoshi/audio_comp/urbansound8k_audio/01143_street_music.wav,1143,126153-9-0-6.wav,126153,9,street_music,8
/scratch/pdoshi/audio_comp/urbansound8k_audio/01144_street_music.wav,1144,126153-9-0-8.wav,126153,9,street_music,8
/scratch/pdoshi/audio_comp/urbansound8k_audio/01145_dog_bark.wav,1145,12647-3-0-0.wav,12647,3,dog_bark,3
/scratch/pdoshi/audio_comp/urbansound8k_audio/01146_dog_bark.wav,1146,12647-3-1-0.wav,12647,3,dog_bark,3
/scratch/pdoshi/audio_comp/urbansound8k_audio/01147_dog_bark.wav,1147,12647-3-2-0.wav,12647,3,dog_bark,3
/scratch/pdoshi/audio_comp/urbansound8k_audio/01148_dog_bark.wav,1148,12647-3-3-0.wav,12647,3,dog_bark,3
/scratch/pdoshi/audio_comp/urbansound8k_audio/01149_dog_bark.wav,1149,126521-3-0-12.wav,126521,3,dog_bark,5
/scratch/pdoshi/audio_comp/urbansound8k_audio/01150_dog_bark.wav,1150,126521-3-0-17.wav,126521,3,dog_bark,5
/scratch/pdoshi/audio_comp/urbansound8k_audio/01151_dog_bark.wav,1151,126521-3-0-18.wav,126521,3,dog_bark,5
/scratch/pdoshi/audio_comp/urbansound8k_audio/01152_dog_bark.wav,1152,126521-3-0-2.wav,126521,3,dog_bark,5
/scratch/pdoshi/audio_comp/urbansound8k_audio/01153_drilling.wav,1153,127443-4-0-0.wav,127443,4,drilling,7
/scratch/pdoshi/audio_comp/urbansound8k_audio/01154_drilling.wav,1154,127443-4-0-1.wav,127443,4,drilling,7
/scratch/pdoshi/audio_comp/urbansound8k_audio/01155_drilling.wav,1155,127443-4-0-10.wav,127443,4,drilling,7
/scratch/pdoshi/audio_comp/urbansound8k_audio/01156_drilling.wav,1156,127443-4-0-11.wav,127443,4,drilling,7
/scratch/pdoshi/audio_comp/urbansound8k_audio/01157_drilling.wav,1157,127443-4-0-12.wav,127443,4,drilling,7
/scratch/pdoshi/audio_comp/urbansound8k_audio/01158_drilling.wav,1158,127443-4-0-2.wav,127443,4,drilling,7
/scratch/pdoshi/audio_comp/urbansound8k_audio/01159_drilling.wav,1159,127443-4-0-3.wav,127443,4,drilling,7
/scratch/pdoshi/audio_comp/urbansound8k_audio/01160_drilling.wav,1160,127443-4-0-4.wav,127443,4,drilling,7
/scratch/pdoshi/audio_comp/urbansound8k_audio/01161_drilling.wav,1161,127443-4-0-5.wav,127443,4,drilling,7
/scratch/pdoshi/audio_comp/urbansound8k_audio/01162_drilling.wav,1162,127443-4-0-6.wav,127443,4,drilling,7
/scratch/pdoshi/audio_comp/urbansound8k_audio/01163_drilling.wav,1163,127443-4-0-7.wav,127443,4,drilling,7
/scratch/pdoshi/audio_comp/urbansound8k_audio/01164_drilling.wav,1164,127443-4-0-8.wav,127443,4,drilling,7
/scratch/pdoshi/audio_comp/urbansound8k_audio/01165_drilling.wav,1165,127443-4-0-9.wav,127443,4,drilling,7
/scratch/pdoshi/audio_comp/urbansound8k_audio/01166_drilling.wav,1166,127538-4-0-0.wav,127538,4,drilling,9
/scratch/pdoshi/audio_comp/urbansound8k_audio/01167_drilling.wav,1167,127538-4-1-0.wav,127538,4,drilling,9
/scratch/pdoshi/audio_comp/urbansound8k_audio/01168_drilling.wav,1168,127538-4-2-0.wav,127538,4,drilling,9
/scratch/pdoshi/audio_comp/urbansound8k_audio/01169_air_conditioner.wav,1169,127872-0-0-0.wav,127872,0,air_conditioner,2
/scratch/pdoshi/audio_comp/urbansound8k_audio/01170_air_conditioner.wav,1170,127873-0-0-0.wav,127873,0,air_conditioner,1
/scratch/pdoshi/audio_comp/urbansound8k_audio/01171_dog_bark.wav,1171,128030-3-0-0.wav,128030,3,dog_bark,3
/scratch/pdoshi/audio_comp/urbansound8k_audio/01172_dog_bark.wav,1172,128030-3-1-0.wav,128030,3,dog_bark,3
/scratch/pdoshi/audio_comp/urbansound8k_audio/01173_dog_bark.wav,1173,128030-3-2-0.wav,128030,3,dog_bark,3
/scratch/pdoshi/audio_comp/urbansound8k_audio/01174_engine_idling.wav,1174,12812-5-0-0.wav,12812,5,engine_idling,9
/scratch/pdoshi/audio_comp/urbansound8k_audio/01175_engine_idling.wav,1175,12812-5-0-1.wav,12812,5,engine_idling,9
/scratch/pdoshi/audio_comp/urbansound8k_audio/01176_engine_idling.wav,1176,12812-5-0-2.wav,12812,5,engine_idling,9
/scratch/pdoshi/audio_comp/urbansound8k_audio/01177_street_music.wav,1177,128152-9-0-10.wav,128152,9,street_music,5
/scratch/pdoshi/audio_comp/urbansound8k_audio/01178_street_music.wav,1178,128152-9-0-126.wav,128152,9,street_music,5
/scratch/pdoshi/audio_comp/urbansound8k_audio/01179_street_music.wav,1179,128152-9-0-167.wav,128152,9,street_music,5
/scratch/pdoshi/audio_comp/urbansound8k_audio/01180_street_music.wav,1180,128152-9-0-48.wav,128152,9,street_music,5
/scratch/pdoshi/audio_comp/urbansound8k_audio/01181_street_music.wav,1181,128152-9-0-49.wav,128152,9,street_music,5
/scratch/pdoshi/audio_comp/urbansound8k_audio/01182_street_music.wav,1182,128152-9-0-67.wav,128152,9,street_music,5
/scratch/pdoshi/audio_comp/urbansound8k_audio/01183_engine_idling.wav,1183,128160-5-0-0.wav,128160,5,engine_idling,4
/scratch/pdoshi/audio_comp/urbansound8k_audio/01184_engine_idling.wav,1184,128160-5-0-1.wav,128160,5,engine_idling,4
/scratch/pdoshi/audio_comp/urbansound8k_audio/01185_engine_idling.wav,1185,128160-5-0-10.wav,128160,5,engine_idling,4
/scratch/pdoshi/audio_comp/urbansound8k_audio/01186_engine_idling.wav,1186,128160-5-0-11.wav,128160,5,engine_idling,4
/scratch/pdoshi/audio_comp/urbansound8k_audio/01187_engine_idling.wav,1187,128160-5-0-12.wav,128160,5,engine_idling,4
/scratch/pdoshi/audio_comp/urbansound8k_audio/01188_engine_idling.wav,1188,128160-5-0-13.wav,128160,5,engine_idling,4
/scratch/pdoshi/audio_comp/urbansound8k_audio/01189_engine_idling.wav,1189,128160-5-0-14.wav,128160,5,engine_idling,4
/scratch/pdoshi/audio_comp/urbansound8k_audio/01190_engine_idling.wav,1190,128160-5-0-15.wav,128160,5,engine_idling,4
/scratch/pdoshi/audio_comp/urbansound8k_audio/01191_engine_idling.wav,1191,128160-5-0-2.wav,128160,5,engine_idling,4
/scratch/pdoshi/audio_comp/urbansound8k_audio/01192_engine_idling.wav,1192,128160-5-0-3.wav,128160,5,engine_idling,4
/scratch/pdoshi/audio_comp/urbansound8k_audio/01193_engine_idling.wav,1193,128160-5-0-4.wav,128160,5,engine_idling,4
/scratch/pdoshi/audio_comp/urbansound8k_audio/01194_engine_idling.wav,1194,128160-5-0-5.wav,128160,5,engine_idling,4
/scratch/pdoshi/audio_comp/urbansound8k_audio/01195_engine_idling.wav,1195,128160-5-0-6.wav,128160,5,engine_idling,4
/scratch/pdoshi/audio_comp/urbansound8k_audio/01196_engine_idling.wav,1196,128160-5-0-7.wav,128160,5,engine_idling,4
/scratch/pdoshi/audio_comp/urbansound8k_audio/01197_engine_idling.wav,1197,128160-5-0-8.wav,128160,5,engine_idling,4
/scratch/pdoshi/audio_comp/urbansound8k_audio/01198_engine_idling.wav,1198,128160-5-0-9.wav,128160,5,engine_idling,4
/scratch/pdoshi/audio_comp/urbansound8k_audio/01199_dog_bark.wav,1199,128240-3-0-1.wav,128240,3,dog_bark,10
/scratch/pdoshi/audio_comp/urbansound8k_audio/01200_dog_bark.wav,1200,128240-3-0-20.wav,128240,3,dog_bark,10
/scratch/pdoshi/audio_comp/urbansound8k_audio/01201_dog_bark.wav,1201,128240-3-0-39.wav,128240,3,dog_bark,10
/scratch/pdoshi/audio_comp/urbansound8k_audio/01202_dog_bark.wav,1202,128240-3-0-42.wav,128240,3,dog_bark,10
/scratch/pdoshi/audio_comp/urbansound8k_audio/01203_car_horn.wav,1203,128465-1-0-0.wav,128465,1,car_horn,6
/scratch/pdoshi/audio_comp/urbansound8k_audio/01204_car_horn.wav,1204,128465-1-0-1.wav,128465,1,car_horn,6
/scratch/pdoshi/audio_comp/urbansound8k_audio/01205_car_horn.wav,1205,128465-1-0-2.wav,128465,1,car_horn,6
/scratch/pdoshi/audio_comp/urbansound8k_audio/01206_car_horn.wav,1206,128465-1-0-3.wav,128465,1,car_horn,6
/scratch/pdoshi/audio_comp/urbansound8k_audio/01207_car_horn.wav,1207,128465-1-0-4.wav,128465,1,car_horn,6
/scratch/pdoshi/audio_comp/urbansound8k_audio/01208_car_horn.wav,1208,128465-1-0-5.wav,128465,1,car_horn,6
/scratch/pdoshi/audio_comp/urbansound8k_audio/01209_car_horn.wav,1209,128465-1-0-6.wav,128465,1,car_horn,6
/scratch/pdoshi/audio_comp/urbansound8k_audio/01210_car_horn.wav,1210,128465-1-0-7.wav,128465,1,car_horn,6
/scratch/pdoshi/audio_comp/urbansound8k_audio/01211_car_horn.wav,1211,128465-1-0-8.wav,128465,1,car_horn,6
/scratch/pdoshi/audio_comp/urbansound8k_audio/01212_dog_bark.wav,1212,128470-3-0-0.wav,128470,3,dog_bark,10
/scratch/pdoshi/audio_comp/urbansound8k_audio/01213_dog_bark.wav,1213,128470-3-0-1.wav,128470,3,dog_bark,10
/scratch/pdoshi/audio_comp/urbansound8k_audio/01214_dog_bark.wav,1214,128470-3-0-5.wav,128470,3,dog_bark,10
/scratch/pdoshi/audio_comp/urbansound8k_audio/01215_dog_bark.wav,1215,128470-3-0-8.wav,128470,3,dog_bark,10
/scratch/pdoshi/audio_comp/urbansound8k_audio/01216_drilling.wav,1216,128607-4-0-0.wav,128607,4,drilling,4
/scratch/pdoshi/audio_comp/urbansound8k_audio/01217_drilling.wav,1217,128607-4-0-1.wav,128607,4,drilling,4
/scratch/pdoshi/audio_comp/urbansound8k_audio/01218_drilling.wav,1218,128607-4-0-2.wav,128607,4,drilling,4
/scratch/pdoshi/audio_comp/urbansound8k_audio/01219_drilling.wav,1219,128607-4-0-3.wav,128607,4,drilling,4
/scratch/pdoshi/audio_comp/urbansound8k_audio/01220_drilling.wav,1220,128607-4-0-4.wav,128607,4,drilling,4
/scratch/pdoshi/audio_comp/urbansound8k_audio/01221_drilling.wav,1221,128607-4-1-0.wav,128607,4,drilling,4
/scratch/pdoshi/audio_comp/urbansound8k_audio/01222_drilling.wav,1222,128607-4-1-1.wav,128607,4,drilling,4
/scratch/pdoshi/audio_comp/urbansound8k_audio/01223_drilling.wav,1223,128607-4-1-2.wav,128607,4,drilling,4
/scratch/pdoshi/audio_comp/urbansound8k_audio/01224_drilling.wav,1224,128607-4-1-3.wav,128607,4,drilling,4
/scratch/pdoshi/audio_comp/urbansound8k_audio/01225_dog_bark.wav,1225,128891-3-0-2.wav,128891,3,dog_bark,6
/scratch/pdoshi/audio_comp/urbansound8k_audio/01226_dog_bark.wav,1226,128891-3-0-4.wav,128891,3,dog_bark,6
/scratch/pdoshi/audio_comp/urbansound8k_audio/01227_dog_bark.wav,1227,128891-3-0-5.wav,128891,3,dog_bark,6
/scratch/pdoshi/audio_comp/urbansound8k_audio/01228_children_playing.wav,1228,129356-2-0-101.wav,129356,2,children_playing,6
/scratch/pdoshi/audio_comp/urbansound8k_audio/01229_children_playing.wav,1229,129356-2-0-115.wav,129356,2,children_playing,6
/scratch/pdoshi/audio_comp/urbansound8k_audio/01230_children_playing.wav,1230,129356-2-0-118.wav,129356,2,children_playing,6
/scratch/pdoshi/audio_comp/urbansound8k_audio/01231_children_playing.wav,1231,129356-2-0-129.wav,129356,2,children_playing,6
/scratch/pdoshi/audio_comp/urbansound8k_audio/01232_children_playing.wav,1232,129356-2-0-199.wav,129356,2,children_playing,6
/scratch/pdoshi/audio_comp/urbansound8k_audio/01233_children_playing.wav,1233,129356-2-0-48.wav,129356,2,children_playing,6
/scratch/pdoshi/audio_comp/urbansound8k_audio/01234_children_playing.wav,1234,129356-2-0-98.wav,129356,2,children_playing,6
/scratch/pdoshi/audio_comp/urbansound8k_audio/01235_children_playing.wav,1235,129750-2-0-3.wav,129750,2,children_playing,10
/scratch/pdoshi/audio_comp/urbansound8k_audio/01236_children_playing.wav,1236,129750-2-0-34.wav,129750,2,children_playing,10
/scratch/pdoshi/audio_comp/urbansound8k_audio/01237_children_playing.wav,1237,129750-2-0-36.wav,129750,2,children_playing,10
/scratch/pdoshi/audio_comp/urbansound8k_audio/01238_children_playing.wav,1238,129750-2-0-37.wav,129750,2,children_playing,10
/scratch/pdoshi/audio_comp/urbansound8k_audio/01239_children_playing.wav,1239,129750-2-0-4.wav,129750,2,children_playing,10
/scratch/pdoshi/audio_comp/urbansound8k_audio/01240_children_playing.wav,1240,129750-2-0-45.wav,129750,2,children_playing,10
/scratch/pdoshi/audio_comp/urbansound8k_audio/01241_children_playing.wav,1241,129750-2-0-46.wav,129750,2,children_playing,10
/scratch/pdoshi/audio_comp/urbansound8k_audio/01242_children_playing.wav,1242,129750-2-0-48.wav,129750,2,children_playing,10
/scratch/pdoshi/audio_comp/urbansound8k_audio/01243_dog_bark.wav,1243,130030-3-0-0.wav,130030,3,dog_bark,1
/scratch/pdoshi/audio_comp/urbansound8k_audio/01244_drilling.wav,1244,130961-4-0-0.wav,130961,4,drilling,7
/scratch/pdoshi/audio_comp/urbansound8k_audio/01245_drilling.wav,1245,130961-4-1-1.wav,130961,4,drilling,7
/scratch/pdoshi/audio_comp/urbansound8k_audio/01246_drilling.wav,1246,130961-4-1-2.wav,130961,4,drilling,7
/scratch/pdoshi/audio_comp/urbansound8k_audio/01247_drilling.wav,1247,130961-4-1-3.wav,130961,4,drilling,7
/scratch/pdoshi/audio_comp/urbansound8k_audio/01248_drilling.wav,1248,130961-4-1-4.wav,130961,4,drilling,7
/scratch/pdoshi/audio_comp/urbansound8k_audio/01249_drilling.wav,1249,130961-4-2-1.wav,130961,4,drilling,7
/scratch/pdoshi/audio_comp/urbansound8k_audio/01250_drilling.wav,1250,130961-4-2-2.wav,130961,4,drilling,7
/scratch/pdoshi/audio_comp/urbansound8k_audio/01251_drilling.wav,1251,130961-4-3-0.wav,130961,4,drilling,7
/scratch/pdoshi/audio_comp/urbansound8k_audio/01252_drilling.wav,1252,130961-4-3-1.wav,130961,4,drilling,7
/scratch/pdoshi/audio_comp/urbansound8k_audio/01253_drilling.wav,1253,130961-4-3-2.wav,130961,4,drilling,7
/scratch/pdoshi/audio_comp/urbansound8k_audio/01254_drilling.wav,1254,130961-4-4-0.wav,130961,4,drilling,7
/scratch/pdoshi/audio_comp/urbansound8k_audio/01255_drilling.wav,1255,130961-4-5-0.wav,130961,4,drilling,7
/scratch/pdoshi/audio_comp/urbansound8k_audio/01256_drilling.wav,1256,130961-4-5-1.wav,130961,4,drilling,7
/scratch/pdoshi/audio_comp/urbansound8k_audio/01257_drilling.wav,1257,130961-4-5-2.wav,130961,4,drilling,7
/scratch/pdoshi/audio_comp/urbansound8k_audio/01258_drilling.wav,1258,130961-4-5-3.wav,130961,4,drilling,7
/scratch/pdoshi/audio_comp/urbansound8k_audio/01259_drilling.wav,1259,130961-4-5-4.wav,130961,4,drilling,7
/scratch/pdoshi/audio_comp/urbansound8k_audio/01260_drilling.wav,1260,130961-4-5-5.wav,130961,4,drilling,7
/scratch/pdoshi/audio_comp/urbansound8k_audio/01261_dog_bark.wav,1261,131199-3-0-0.wav,131199,3,dog_bark,5
/scratch/pdoshi/audio_comp/urbansound8k_audio/01262_street_music.wav,1262,131428-9-0-3.wav,131428,9,street_music,4
/scratch/pdoshi/audio_comp/urbansound8k_audio/01263_street_music.wav,1263,131428-9-0-5.wav,131428,9,street_music,4
/scratch/pdoshi/audio_comp/urbansound8k_audio/01264_street_music.wav,1264,131428-9-1-0.wav,131428,9,street_music,4
/scratch/pdoshi/audio_comp/urbansound8k_audio/01265_street_music.wav,1265,131428-9-1-19.wav,131428,9,street_music,4
/scratch/pdoshi/audio_comp/urbansound8k_audio/01266_street_music.wav,1266,131428-9-1-8.wav,131428,9,street_music,4
/scratch/pdoshi/audio_comp/urbansound8k_audio/01267_street_music.wav,1267,131428-9-1-9.wav,131428,9,street_music,4
/scratch/pdoshi/audio_comp/urbansound8k_audio/01268_gun_shot.wav,1268,131571-6-0-0.wav,131571,6,gun_shot,8
/scratch/pdoshi/audio_comp/urbansound8k_audio/01269_jackhammer.wav,1269,131918-7-0-0.wav,131918,7,jackhammer,6
/scratch/pdoshi/audio_comp/urbansound8k_audio/01270_jackhammer.wav,1270,131918-7-0-1.wav,131918,7,jackhammer,6
/scratch/pdoshi/audio_comp/urbansound8k_audio/01271_jackhammer.wav,1271,131918-7-0-2.wav,131918,7,jackhammer,6
/scratch/pdoshi/audio_comp/urbansound8k_audio/01272_jackhammer.wav,1272,131918-7-0-3.wav,131918,7,jackhammer,6
/scratch/pdoshi/audio_comp/urbansound8k_audio/01273_jackhammer.wav,1273,131918-7-0-4.wav,131918,7,jackhammer,6
/scratch/pdoshi/audio_comp/urbansound8k_audio/01274_jackhammer.wav,1274,131918-7-0-5.wav,131918,7,jackhammer,6
/scratch/pdoshi/audio_comp/urbansound8k_audio/01275_jackhammer.wav,1275,131918-7-0-6.wav,131918,7,jackhammer,6
/scratch/pdoshi/audio_comp/urbansound8k_audio/01276_jackhammer.wav,1276,131918-7-0-7.wav,131918,7,jackhammer,6
/scratch/pdoshi/audio_comp/urbansound8k_audio/01277_jackhammer.wav,1277,131918-7-0-8.wav,131918,7,jackhammer,6
/scratch/pdoshi/audio_comp/urbansound8k_audio/01278_jackhammer.wav,1278,132016-7-0-0.wav,132016,7,jackhammer,4
/scratch/pdoshi/audio_comp/urbansound8k_audio/01279_jackhammer.wav,1279,132016-7-0-1.wav,132016,7,jackhammer,4
/scratch/pdoshi/audio_comp/urbansound8k_audio/01280_jackhammer.wav,1280,132016-7-0-2.wav,132016,7,jackhammer,4
/scratch/pdoshi/audio_comp/urbansound8k_audio/01281_jackhammer.wav,1281,132016-7-0-3.wav,132016,7,jackhammer,4
/scratch/pdoshi/audio_comp/urbansound8k_audio/01282_jackhammer.wav,1282,132016-7-0-4.wav,132016,7,jackhammer,4
/scratch/pdoshi/audio_comp/urbansound8k_audio/01283_jackhammer.wav,1283,132016-7-0-5.wav,132016,7,jackhammer,4
/scratch/pdoshi/audio_comp/urbansound8k_audio/01284_jackhammer.wav,1284,132016-7-0-6.wav,132016,7,jackhammer,4
/scratch/pdoshi/audio_comp/urbansound8k_audio/01285_jackhammer.wav,1285,132016-7-0-7.wav,132016,7,jackhammer,4
/scratch/pdoshi/audio_comp/urbansound8k_audio/01286_jackhammer.wav,1286,132016-7-0-8.wav,132016,7,jackhammer,4
/scratch/pdoshi/audio_comp/urbansound8k_audio/01287_street_music.wav,1287,132016-9-0-0.wav,132016,9,street_music,1
/scratch/pdoshi/audio_comp/urbansound8k_audio/01288_street_music.wav,1288,132016-9-0-11.wav,132016,9,street_music,1
/scratch/pdoshi/audio_comp/urbansound8k_audio/01289_street_music.wav,1289,132016-9-0-14.wav,132016,9,street_music,1
/scratch/pdoshi/audio_comp/urbansound8k_audio/01290_street_music.wav,1290,132016-9-0-16.wav,132016,9,street_music,1
/scratch/pdoshi/audio_comp/urbansound8k_audio/01291_street_music.wav,1291,132016-9-0-20.wav,132016,9,street_music,1
/scratch/pdoshi/audio_comp/urbansound8k_audio/01292_street_music.wav,1292,132016-9-0-6.wav,132016,9,street_music,1
/scratch/pdoshi/audio_comp/urbansound8k_audio/01293_jackhammer.wav,1293,132021-7-0-0.wav,132021,7,jackhammer,6
/scratch/pdoshi/audio_comp/urbansound8k_audio/01294_jackhammer.wav,1294,132021-7-0-1.wav,132021,7,jackhammer,6
/scratch/pdoshi/audio_comp/urbansound8k_audio/01295_jackhammer.wav,1295,132021-7-0-10.wav,132021,7,jackhammer,6
/scratch/pdoshi/audio_comp/urbansound8k_audio/01296_jackhammer.wav,1296,132021-7-0-11.wav,132021,7,jackhammer,6
/scratch/pdoshi/audio_comp/urbansound8k_audio/01297_jackhammer.wav,1297,132021-7-0-12.wav,132021,7,jackhammer,6
/scratch/pdoshi/audio_comp/urbansound8k_audio/01298_jackhammer.wav,1298,132021-7-0-2.wav,132021,7,jackhammer,6
/scratch/pdoshi/audio_comp/urbansound8k_audio/01299_jackhammer.wav,1299,132021-7-0-3.wav,132021,7,jackhammer,6
/scratch/pdoshi/audio_comp/urbansound8k_audio/01300_jackhammer.wav,1300,132021-7-0-4.wav,132021,7,jackhammer,6
/scratch/pdoshi/audio_comp/urbansound8k_audio/01301_jackhammer.wav,1301,132021-7-0-5.wav,132021,7,jackhammer,6
/scratch/pdoshi/audio_comp/urbansound8k_audio/01302_jackhammer.wav,1302,132021-7-0-6.wav,132021,7,jackhammer,6
/scratch/pdoshi/audio_comp/urbansound8k_audio/01303_jackhammer.wav,1303,132021-7-0-7.wav,132021,7,jackhammer,6
/scratch/pdoshi/audio_comp/urbansound8k_audio/01304_jackhammer.wav,1304,132021-7-0-8.wav,132021,7,jackhammer,6
/scratch/pdoshi/audio_comp/urbansound8k_audio/01305_jackhammer.wav,1305,132021-7-0-9.wav,132021,7,jackhammer,6
/scratch/pdoshi/audio_comp/urbansound8k_audio/01306_jackhammer.wav,1306,132021-7-1-0.wav,132021,7,jackhammer,6
/scratch/pdoshi/audio_comp/urbansound8k_audio/01307_car_horn.wav,1307,132073-1-0-0.wav,132073,1,car_horn,2
/scratch/pdoshi/audio_comp/urbansound8k_audio/01308_car_horn.wav,1308,132073-1-1-0.wav,132073,1,car_horn,2
/scratch/pdoshi/audio_comp/urbansound8k_audio/01309_car_horn.wav,1309,132073-1-2-0.wav,132073,1,car_horn,2
/scratch/pdoshi/audio_comp/urbansound8k_audio/01310_car_horn.wav,1310,132073-1-3-0.wav,132073,1,car_horn,2
/scratch/pdoshi/audio_comp/urbansound8k_audio/01311_car_horn.wav,1311,132073-1-4-0.wav,132073,1,car_horn,2
/scratch/pdoshi/audio_comp/urbansound8k_audio/01312_car_horn.wav,1312,132073-1-5-0.wav,132073,1,car_horn,2
/scratch/pdoshi/audio_comp/urbansound8k_audio/01313_car_horn.wav,1313,132073-1-6-0.wav,132073,1,car_horn,2
/scratch/pdoshi/audio_comp/urbansound8k_audio/01314_street_music.wav,1314,132108-9-0-12.wav,132108,9,street_music,4
/scratch/pdoshi/audio_comp/urbansound8k_audio/01315_street_music.wav,1315,132108-9-0-21.wav,132108,9,street_music,4
/scratch/pdoshi/audio_comp/urbansound8k_audio/01316_street_music.wav,1316,132108-9-1-1.wav,132108,9,street_music,4
/scratch/pdoshi/audio_comp/urbansound8k_audio/01317_street_music.wav,1317,132108-9-1-24.wav,132108,9,street_music,4
/scratch/pdoshi/audio_comp/urbansound8k_audio/01318_street_music.wav,1318,132108-9-1-26.wav,132108,9,street_music,4
/scratch/pdoshi/audio_comp/urbansound8k_audio/01319_street_music.wav,1319,132108-9-1-27.wav,132108,9,street_music,4
/scratch/pdoshi/audio_comp/urbansound8k_audio/01320_street_music.wav,1320,132162-9-1-3.wav,132162,9,street_music,6
/scratch/pdoshi/audio_comp/urbansound8k_audio/01321_street_music.wav,1321,132162-9-1-58.wav,132162,9,street_music,6
/scratch/pdoshi/audio_comp/urbansound8k_audio/01322_street_music.wav,1322,132162-9-1-63.wav,132162,9,street_music,6
/scratch/pdoshi/audio_comp/urbansound8k_audio/01323_street_music.wav,1323,132162-9-1-67.wav,132162,9,street_music,6
/scratch/pdoshi/audio_comp/urbansound8k_audio/01324_street_music.wav,1324,132162-9-1-68.wav,132162,9,street_music,6
/scratch/pdoshi/audio_comp/urbansound8k_audio/01325_street_music.wav,1325,132162-9-1-73.wav,132162,9,street_music,6
/scratch/pdoshi/audio_comp/urbansound8k_audio/01326_air_conditioner.wav,1326,13230-0-0-1.wav,13230,0,air_conditioner,3
/scratch/pdoshi/audio_comp/urbansound8k_audio/01327_air_conditioner.wav,1327,13230-0-0-10.wav,13230,0,air_conditioner,3
/scratch/pdoshi/audio_comp/urbansound8k_audio/01328_air_conditioner.wav,1328,13230-0-0-11.wav,13230,0,air_conditioner,3
/scratch/pdoshi/audio_comp/urbansound8k_audio/01329_air_conditioner.wav,1329,13230-0-0-12.wav,13230,0,air_conditioner,3
/scratch/pdoshi/audio_comp/urbansound8k_audio/01330_air_conditioner.wav,1330,13230-0-0-13.wav,13230,0,air_conditioner,3
/scratch/pdoshi/audio_comp/urbansound8k_audio/01331_air_conditioner.wav,1331,13230-0-0-14.wav,13230,0,air_conditioner,3
/scratch/pdoshi/audio_comp/urbansound8k_audio/01332_air_conditioner.wav,1332,13230-0-0-16.wav,13230,0,air_conditioner,3
/scratch/pdoshi/audio_comp/urbansound8k_audio/01333_air_conditioner.wav,1333,13230-0-0-17.wav,13230,0,air_conditioner,3
/scratch/pdoshi/audio_comp/urbansound8k_audio/01334_air_conditioner.wav,1334,13230-0-0-18.wav,13230,0,air_conditioner,3
/scratch/pdoshi/audio_comp/urbansound8k_audio/01335_air_conditioner.wav,1335,13230-0-0-19.wav,13230,0,air_conditioner,3
/scratch/pdoshi/audio_comp/urbansound8k_audio/01336_air_conditioner.wav,1336,13230-0-0-20.wav,13230,0,air_conditioner,3
/scratch/pdoshi/audio_comp/urbansound8k_audio/01337_air_conditioner.wav,1337,13230-0-0-22.wav,13230,0,air_conditioner,3
/scratch/pdoshi/audio_comp/urbansound8k_audio/01338_air_conditioner.wav,1338,13230-0-0-23.wav,13230,0,air_conditioner,3
/scratch/pdoshi/audio_comp/urbansound8k_audio/01339_air_conditioner.wav,1339,13230-0-0-24.wav,13230,0,air_conditioner,3
/scratch/pdoshi/audio_comp/urbansound8k_audio/01340_air_conditioner.wav,1340,13230-0-0-25.wav,13230,0,air_conditioner,3
/scratch/pdoshi/audio_comp/urbansound8k_audio/01341_air_conditioner.wav,1341,13230-0-0-26.wav,13230,0,air_conditioner,3
/scratch/pdoshi/audio_comp/urbansound8k_audio/01342_air_conditioner.wav,1342,13230-0-0-27.wav,13230,0,air_conditioner,3
/scratch/pdoshi/audio_comp/urbansound8k_audio/01343_air_conditioner.wav,1343,13230-0-0-28.wav,13230,0,air_conditioner,3
/scratch/pdoshi/audio_comp/urbansound8k_audio/01344_air_conditioner.wav,1344,13230-0-0-3.wav,13230,0,air_conditioner,3
/scratch/pdoshi/audio_comp/urbansound8k_audio/01345_air_conditioner.wav,1345,13230-0-0-5.wav,13230,0,air_conditioner,3
/scratch/pdoshi/audio_comp/urbansound8k_audio/01346_air_conditioner.wav,1346,13230-0-0-6.wav,13230,0,air_conditioner,3
/scratch/pdoshi/audio_comp/urbansound8k_audio/01347_air_conditioner.wav,1347,13230-0-0-7.wav,13230,0,air_conditioner,3
/scratch/pdoshi/audio_comp/urbansound8k_audio/01348_air_conditioner.wav,1348,13230-0-0-8.wav,13230,0,air_conditioner,3
/scratch/pdoshi/audio_comp/urbansound8k_audio/01349_air_conditioner.wav,1349,13230-0-0-9.wav,13230,0,air_conditioner,3
/scratch/pdoshi/audio_comp/urbansound8k_audio/01350_children_playing.wav,1350,132855-2-0-113.wav,132855,2,children_playing,3
/scratch/pdoshi/audio_comp/urbansound8k_audio/01351_children_playing.wav,1351,132855-2-0-41.wav,132855,2,children_playing,3
/scratch/pdoshi/audio_comp/urbansound8k_audio/01352_children_playing.wav,1352,132855-2-0-58.wav,132855,2,children_playing,3
/scratch/pdoshi/audio_comp/urbansound8k_audio/01353_children_playing.wav,1353,132855-2-0-70.wav,132855,2,children_playing,3
/scratch/pdoshi/audio_comp/urbansound8k_audio/01354_children_playing.wav,1354,132855-2-0-77.wav,132855,2,children_playing,3
/scratch/pdoshi/audio_comp/urbansound8k_audio/01355_children_playing.wav,1355,132855-2-0-88.wav,132855,2,children_playing,3
/scratch/pdoshi/audio_comp/urbansound8k_audio/01356_children_playing.wav,1356,132855-2-0-90.wav,132855,2,children_playing,3
/scratch/pdoshi/audio_comp/urbansound8k_audio/01357_children_playing.wav,1357,132855-2-0-99.wav,132855,2,children_playing,3
/scratch/pdoshi/audio_comp/urbansound8k_audio/01358_children_playing.wav,1358,133090-2-0-14.wav,133090,2,children_playing,8
/scratch/pdoshi/audio_comp/urbansound8k_audio/01359_children_playing.wav,1359,133090-2-0-20.wav,133090,2,children_playing,8
/scratch/pdoshi/audio_comp/urbansound8k_audio/01360_children_playing.wav,1360,133090-2-0-28.wav,133090,2,children_playing,8
/scratch/pdoshi/audio_comp/urbansound8k_audio/01361_children_playing.wav,1361,133090-2-0-37.wav,133090,2,children_playing,8
/scratch/pdoshi/audio_comp/urbansound8k_audio/01362_children_playing.wav,1362,133090-2-0-38.wav,133090,2,children_playing,8
/scratch/pdoshi/audio_comp/urbansound8k_audio/01363_children_playing.wav,1363,133090-2-0-64.wav,133090,2,children_playing,8
/scratch/pdoshi/audio_comp/urbansound8k_audio/01364_children_playing.wav,1364,133090-2-0-70.wav,133090,2,children_playing,8
/scratch/pdoshi/audio_comp/urbansound8k_audio/01365_children_playing.wav,1365,133090-2-0-76.wav,133090,2,children_playing,8
/scratch/pdoshi/audio_comp/urbansound8k_audio/01366_siren.wav,1366,133473-8-0-0.wav,133473,8,siren,8
/scratch/pdoshi/audio_comp/urbansound8k_audio/01367_siren.wav,1367,133473-8-0-1.wav,133473,8,siren,8
/scratch/pdoshi/audio_comp/urbansound8k_audio/01368_siren.wav,1368,133473-8-0-2.wav,133473,8,siren,8
/scratch/pdoshi/audio_comp/urbansound8k_audio/01369_siren.wav,1369,133473-8-0-3.wav,133473,8,siren,8
/scratch/pdoshi/audio_comp/urbansound8k_audio/01370_siren.wav,1370,133473-8-0-4.wav,133473,8,siren,8
/scratch/pdoshi/audio_comp/urbansound8k_audio/01371_siren.wav,1371,133473-8-0-5.wav,133473,8,siren,8
/scratch/pdoshi/audio_comp/urbansound8k_audio/01372_children_playing.wav,1372,133494-2-0-18.wav,133494,2,children_playing,6
/scratch/pdoshi/audio_comp/urbansound8k_audio/01373_children_playing.wav,1373,133494-2-0-19.wav,133494,2,children_playing,6
/scratch/pdoshi/audio_comp/urbansound8k_audio/01374_children_playing.wav,1374,133494-2-0-22.wav,133494,2,children_playing,6
/scratch/pdoshi/audio_comp/urbansound8k_audio/01375_children_playing.wav,1375,133494-2-0-25.wav,133494,2,children_playing,6
/scratch/pdoshi/audio_comp/urbansound8k_audio/01376_children_playing.wav,1376,133494-2-0-26.wav,133494,2,children_playing,6
/scratch/pdoshi/audio_comp/urbansound8k_audio/01377_children_playing.wav,1377,133494-2-0-31.wav,133494,2,children_playing,6
/scratch/pdoshi/audio_comp/urbansound8k_audio/01378_children_playing.wav,1378,133494-2-0-37.wav,133494,2,children_playing,6
/scratch/pdoshi/audio_comp/urbansound8k_audio/01379_children_playing.wav,1379,133494-2-0-45.wav,133494,2,children_playing,6
/scratch/pdoshi/audio_comp/urbansound8k_audio/01380_gun_shot.wav,1380,133797-6-0-0.wav,133797,6,gun_shot,6
/scratch/pdoshi/audio_comp/urbansound8k_audio/01381_gun_shot.wav,1381,133797-6-1-0.wav,133797,6,gun_shot,6
/scratch/pdoshi/audio_comp/urbansound8k_audio/01382_gun_shot.wav,1382,133797-6-2-0.wav,133797,6,gun_shot,6
/scratch/pdoshi/audio_comp/urbansound8k_audio/01383_air_conditioner.wav,1383,134717-0-0-0.wav,134717,0,air_conditioner,1
/scratch/pdoshi/audio_comp/urbansound8k_audio/01384_air_conditioner.wav,1384,134717-0-0-1.wav,134717,0,air_conditioner,1
/scratch/pdoshi/audio_comp/urbansound8k_audio/01385_air_conditioner.wav,1385,134717-0-0-12.wav,134717,0,air_conditioner,1
/scratch/pdoshi/audio_comp/urbansound8k_audio/01386_air_conditioner.wav,1386,134717-0-0-13.wav,134717,0,air_conditioner,1
/scratch/pdoshi/audio_comp/urbansound8k_audio/01387_air_conditioner.wav,1387,134717-0-0-14.wav,134717,0,air_conditioner,1
/scratch/pdoshi/audio_comp/urbansound8k_audio/01388_air_conditioner.wav,1388,134717-0-0-15.wav,134717,0,air_conditioner,1
/scratch/pdoshi/audio_comp/urbansound8k_audio/01389_air_conditioner.wav,1389,134717-0-0-16.wav,134717,0,air_conditioner,1
/scratch/pdoshi/audio_comp/urbansound8k_audio/01390_air_conditioner.wav,1390,134717-0-0-18.wav,134717,0,air_conditioner,1
/scratch/pdoshi/audio_comp/urbansound8k_audio/01391_air_conditioner.wav,1391,134717-0-0-19.wav,134717,0,air_conditioner,1
/scratch/pdoshi/audio_comp/urbansound8k_audio/01392_air_conditioner.wav,1392,134717-0-0-2.wav,134717,0,air_conditioner,1
/scratch/pdoshi/audio_comp/urbansound8k_audio/01393_air_conditioner.wav,1393,134717-0-0-20.wav,134717,0,air_conditioner,1
/scratch/pdoshi/audio_comp/urbansound8k_audio/01394_air_conditioner.wav,1394,134717-0-0-21.wav,134717,0,air_conditioner,1
/scratch/pdoshi/audio_comp/urbansound8k_audio/01395_air_conditioner.wav,1395,134717-0-0-22.wav,134717,0,air_conditioner,1
/scratch/pdoshi/audio_comp/urbansound8k_audio/01396_air_conditioner.wav,1396,134717-0-0-23.wav,134717,0,air_conditioner,1
/scratch/pdoshi/audio_comp/urbansound8k_audio/01397_air_conditioner.wav,1397,134717-0-0-24.wav,134717,0,air_conditioner,1
/scratch/pdoshi/audio_comp/urbansound8k_audio/01398_air_conditioner.wav,1398,134717-0-0-25.wav,134717,0,air_conditioner,1
/scratch/pdoshi/audio_comp/urbansound8k_audio/01399_air_conditioner.wav,1399,134717-0-0-26.wav,134717,0,air_conditioner,1
/scratch/pdoshi/audio_comp/urbansound8k_audio/01400_air_conditioner.wav,1400,134717-0-0-27.wav,134717,0,air_conditioner,1
/scratch/pdoshi/audio_comp/urbansound8k_audio/01401_air_conditioner.wav,1401,134717-0-0-28.wav,134717,0,air_conditioner,1
/scratch/pdoshi/audio_comp/urbansound8k_audio/01402_air_conditioner.wav,1402,134717-0-0-4.wav,134717,0,air_conditioner,1
/scratch/pdoshi/audio_comp/urbansound8k_audio/01403_air_conditioner.wav,1403,134717-0-0-5.wav,134717,0,air_conditioner,1
/scratch/pdoshi/audio_comp/urbansound8k_audio/01404_air_conditioner.wav,1404,134717-0-0-6.wav,134717,0,air_conditioner,1
/scratch/pdoshi/audio_comp/urbansound8k_audio/01405_air_conditioner.wav,1405,134717-0-0-7.wav,134717,0,air_conditioner,1
/scratch/pdoshi/audio_comp/urbansound8k_audio/01406_air_conditioner.wav,1406,134717-0-0-8.wav,134717,0,air_conditioner,1
/scratch/pdoshi/audio_comp/urbansound8k_audio/01407_air_conditioner.wav,1407,134717-0-0-9.wav,134717,0,air_conditioner,1
/scratch/pdoshi/audio_comp/urbansound8k_audio/01408_siren.wav,1408,135160-8-0-0.wav,135160,8,siren,6
/scratch/pdoshi/audio_comp/urbansound8k_audio/01409_siren.wav,1409,135160-8-0-1.wav,135160,8,siren,6
/scratch/pdoshi/audio_comp/urbansound8k_audio/01410_siren.wav,1410,135160-8-0-10.wav,135160,8,siren,6
/scratch/pdoshi/audio_comp/urbansound8k_audio/01411_siren.wav,1411,135160-8-0-11.wav,135160,8,siren,6
/scratch/pdoshi/audio_comp/urbansound8k_audio/01412_siren.wav,1412,135160-8-0-2.wav,135160,8,siren,6
/scratch/pdoshi/audio_comp/urbansound8k_audio/01413_siren.wav,1413,135160-8-0-3.wav,135160,8,siren,6
/scratch/pdoshi/audio_comp/urbansound8k_audio/01414_siren.wav,1414,135160-8-0-4.wav,135160,8,siren,6
/scratch/pdoshi/audio_comp/urbansound8k_audio/01415_siren.wav,1415,135160-8-0-5.wav,135160,8,siren,6
/scratch/pdoshi/audio_comp/urbansound8k_audio/01416_siren.wav,1416,135160-8-0-6.wav,135160,8,siren,6
/scratch/pdoshi/audio_comp/urbansound8k_audio/01417_siren.wav,1417,135160-8-0-7.wav,135160,8,siren,6
/scratch/pdoshi/audio_comp/urbansound8k_audio/01418_siren.wav,1418,135160-8-0-8.wav,135160,8,siren,6
/scratch/pdoshi/audio_comp/urbansound8k_audio/01419_siren.wav,1419,135160-8-0-9.wav,135160,8,siren,6
/scratch/pdoshi/audio_comp/urbansound8k_audio/01420_gun_shot.wav,1420,135526-6-0-0.wav,135526,6,gun_shot,3
/scratch/pdoshi/audio_comp/urbansound8k_audio/01421_gun_shot.wav,1421,135526-6-1-0.wav,135526,6,gun_shot,3
/scratch/pdoshi/audio_comp/urbansound8k_audio/01422_gun_shot.wav,1422,135526-6-10-0.wav,135526,6,gun_shot,3
/scratch/pdoshi/audio_comp/urbansound8k_audio/01423_gun_shot.wav,1423,135526-6-11-0.wav,135526,6,gun_shot,3
/scratch/pdoshi/audio_comp/urbansound8k_audio/01424_gun_shot.wav,1424,135526-6-12-0.wav,135526,6,gun_shot,3
/scratch/pdoshi/audio_comp/urbansound8k_audio/01425_gun_shot.wav,1425,135526-6-13-0.wav,135526,6,gun_shot,3
/scratch/pdoshi/audio_comp/urbansound8k_audio/01426_gun_shot.wav,1426,135526-6-2-0.wav,135526,6,gun_shot,3
/scratch/pdoshi/audio_comp/urbansound8k_audio/01427_gun_shot.wav,1427,135526-6-3-0.wav,135526,6,gun_shot,3
/scratch/pdoshi/audio_comp/urbansound8k_audio/01428_gun_shot.wav,1428,135526-6-4-0.wav,135526,6,gun_shot,3
/scratch/pdoshi/audio_comp/urbansound8k_audio/01429_gun_shot.wav,1429,135526-6-5-0.wav,135526,6,gun_shot,3
/scratch/pdoshi/audio_comp/urbansound8k_audio/01430_gun_shot.wav,1430,135526-6-6-0.wav,135526,6,gun_shot,3
/scratch/pdoshi/audio_comp/urbansound8k_audio/01431_gun_shot.wav,1431,135526-6-7-0.wav,135526,6,gun_shot,3
/scratch/pdoshi/audio_comp/urbansound8k_audio/01432_gun_shot.wav,1432,135526-6-8-0.wav,135526,6,gun_shot,3
/scratch/pdoshi/audio_comp/urbansound8k_audio/01433_gun_shot.wav,1433,135526-6-9-0.wav,135526,6,gun_shot,3
/scratch/pdoshi/audio_comp/urbansound8k_audio/01434_gun_shot.wav,1434,135527-6-0-0.wav,135527,6,gun_shot,7
/scratch/pdoshi/audio_comp/urbansound8k_audio/01435_gun_shot.wav,1435,135527-6-1-0.wav,135527,6,gun_shot,7
/scratch/pdoshi/audio_comp/urbansound8k_audio/01436_gun_shot.wav,1436,135527-6-10-0.wav,135527,6,gun_shot,7
/scratch/pdoshi/audio_comp/urbansound8k_audio/01437_gun_shot.wav,1437,135527-6-11-0.wav,135527,6,gun_shot,7
/scratch/pdoshi/audio_comp/urbansound8k_audio/01438_gun_shot.wav,1438,135527-6-12-0.wav,135527,6,gun_shot,7
/scratch/pdoshi/audio_comp/urbansound8k_audio/01439_gun_shot.wav,1439,135527-6-13-0.wav,135527,6,gun_shot,7
/scratch/pdoshi/audio_comp/urbansound8k_audio/01440_gun_shot.wav,1440,135527-6-14-0.wav,135527,6,gun_shot,7
/scratch/pdoshi/audio_comp/urbansound8k_audio/01441_gun_shot.wav,1441,135527-6-14-1.wav,135527,6,gun_shot,7
/scratch/pdoshi/audio_comp/urbansound8k_audio/01442_gun_shot.wav,1442,135527-6-14-10.wav,135527,6,gun_shot,7
/scratch/pdoshi/audio_comp/urbansound8k_audio/01443_gun_shot.wav,1443,135527-6-14-2.wav,135527,6,gun_shot,7
/scratch/pdoshi/audio_comp/urbansound8k_audio/01444_gun_shot.wav,1444,135527-6-14-3.wav,135527,6,gun_shot,7
/scratch/pdoshi/audio_comp/urbansound8k_audio/01445_gun_shot.wav,1445,135527-6-14-4.wav,135527,6,gun_shot,7
/scratch/pdoshi/audio_comp/urbansound8k_audio/01446_gun_shot.wav,1446,135527-6-14-5.wav,135527,6,gun_shot,7
/scratch/pdoshi/audio_comp/urbansound8k_audio/01447_gun_shot.wav,1447,135527-6-14-6.wav,135527,6,gun_shot,7
/scratch/pdoshi/audio_comp/urbansound8k_audio/01448_gun_shot.wav,1448,135527-6-14-7.wav,135527,6,gun_shot,7
/scratch/pdoshi/audio_comp/urbansound8k_audio/01449_gun_shot.wav,1449,135527-6-14-8.wav,135527,6,gun_shot,7
/scratch/pdoshi/audio_comp/urbansound8k_audio/01450_gun_shot.wav,1450,135527-6-14-9.wav,135527,6,gun_shot,7
/scratch/pdoshi/audio_comp/urbansound8k_audio/01451_gun_shot.wav,1451,135527-6-2-0.wav,135527,6,gun_shot,7
/scratch/pdoshi/audio_comp/urbansound8k_audio/01452_gun_shot.wav,1452,135527-6-3-0.wav,135527,6,gun_shot,7
/scratch/pdoshi/audio_comp/urbansound8k_audio/01453_gun_shot.wav,1453,135527-6-4-0.wav,135527,6,gun_shot,7
/scratch/pdoshi/audio_comp/urbansound8k_audio/01454_gun_shot.wav,1454,135527-6-5-0.wav,135527,6,gun_shot,7
/scratch/pdoshi/audio_comp/urbansound8k_audio/01455_gun_shot.wav,1455,135527-6-6-0.wav,135527,6,gun_shot,7
/scratch/pdoshi/audio_comp/urbansound8k_audio/01456_gun_shot.wav,1456,135527-6-7-0.wav,135527,6,gun_shot,7
/scratch/pdoshi/audio_comp/urbansound8k_audio/01457_gun_shot.wav,1457,135527-6-8-0.wav,135527,6,gun_shot,7
/scratch/pdoshi/audio_comp/urbansound8k_audio/01458_gun_shot.wav,1458,135527-6-9-0.wav,135527,6,gun_shot,7
/scratch/pdoshi/audio_comp/urbansound8k_audio/01459_gun_shot.wav,1459,135528-6-0-0.wav,135528,6,gun_shot,4
/scratch/pdoshi/audio_comp/urbansound8k_audio/01460_gun_shot.wav,1460,135528-6-1-0.wav,135528,6,gun_shot,4
/scratch/pdoshi/audio_comp/urbansound8k_audio/01461_gun_shot.wav,1461,135528-6-10-0.wav,135528,6,gun_shot,4
/scratch/pdoshi/audio_comp/urbansound8k_audio/01462_gun_shot.wav,1462,135528-6-11-0.wav,135528,6,gun_shot,4
/scratch/pdoshi/audio_comp/urbansound8k_audio/01463_gun_shot.wav,1463,135528-6-12-0.wav,135528,6,gun_shot,4
/scratch/pdoshi/audio_comp/urbansound8k_audio/01464_gun_shot.wav,1464,135528-6-2-0.wav,135528,6,gun_shot,4
/scratch/pdoshi/audio_comp/urbansound8k_audio/01465_gun_shot.wav,1465,135528-6-3-0.wav,135528,6,gun_shot,4
/scratch/pdoshi/audio_comp/urbansound8k_audio/01466_gun_shot.wav,1466,135528-6-4-0.wav,135528,6,gun_shot,4
/scratch/pdoshi/audio_comp/urbansound8k_audio/01467_gun_shot.wav,1467,135528-6-4-1.wav,135528,6,gun_shot,4
/scratch/pdoshi/audio_comp/urbansound8k_audio/01468_gun_shot.wav,1468,135528-6-4-2.wav,135528,6,gun_shot,4
/scratch/pdoshi/audio_comp/urbansound8k_audio/01469_gun_shot.wav,1469,135528-6-5-0.wav,135528,6,gun_shot,4
/scratch/pdoshi/audio_comp/urbansound8k_audio/01470_gun_shot.wav,1470,135528-6-6-0.wav,135528,6,gun_shot,4
/scratch/pdoshi/audio_comp/urbansound8k_audio/01471_gun_shot.wav,1471,135528-6-7-0.wav,135528,6,gun_shot,4
/scratch/pdoshi/audio_comp/urbansound8k_audio/01472_gun_shot.wav,1472,135528-6-8-0.wav,135528,6,gun_shot,4
/scratch/pdoshi/audio_comp/urbansound8k_audio/01473_gun_shot.wav,1473,135528-6-9-0.wav,135528,6,gun_shot,4
/scratch/pdoshi/audio_comp/urbansound8k_audio/01474_gun_shot.wav,1474,135544-6-0-0.wav,135544,6,gun_shot,6
/scratch/pdoshi/audio_comp/urbansound8k_audio/01475_gun_shot.wav,1475,135544-6-1-0.wav,135544,6,gun_shot,6
/scratch/pdoshi/audio_comp/urbansound8k_audio/01476_gun_shot.wav,1476,135544-6-10-0.wav,135544,6,gun_shot,6
/scratch/pdoshi/audio_comp/urbansound8k_audio/01477_gun_shot.wav,1477,135544-6-11-0.wav,135544,6,gun_shot,6
/scratch/pdoshi/audio_comp/urbansound8k_audio/01478_gun_shot.wav,1478,135544-6-12-0.wav,135544,6,gun_shot,6
/scratch/pdoshi/audio_comp/urbansound8k_audio/01479_gun_shot.wav,1479,135544-6-13-0.wav,135544,6,gun_shot,6
/scratch/pdoshi/audio_comp/urbansound8k_audio/01480_gun_shot.wav,1480,135544-6-14-0.wav,135544,6,gun_shot,6
/scratch/pdoshi/audio_comp/urbansound8k_audio/01481_gun_shot.wav,1481,135544-6-15-0.wav,135544,6,gun_shot,6
/scratch/pdoshi/audio_comp/urbansound8k_audio/01482_gun_shot.wav,1482,135544-6-16-0.wav,135544,6,gun_shot,6
/scratch/pdoshi/audio_comp/urbansound8k_audio/01483_gun_shot.wav,1483,135544-6-17-0.wav,135544,6,gun_shot,6
/scratch/pdoshi/audio_comp/urbansound8k_audio/01484_gun_shot.wav,1484,135544-6-18-0.wav,135544,6,gun_shot,6
/scratch/pdoshi/audio_comp/urbansound8k_audio/01485_gun_shot.wav,1485,135544-6-19-0.wav,135544,6,gun_shot,6
/scratch/pdoshi/audio_comp/urbansound8k_audio/01486_gun_shot.wav,1486,135544-6-2-0.wav,135544,6,gun_shot,6
/scratch/pdoshi/audio_comp/urbansound8k_audio/01487_gun_shot.wav,1487,135544-6-3-0.wav,135544,6,gun_shot,6
/scratch/pdoshi/audio_comp/urbansound8k_audio/01488_gun_shot.wav,1488,135544-6-4-0.wav,135544,6,gun_shot,6
/scratch/pdoshi/audio_comp/urbansound8k_audio/01489_gun_shot.wav,1489,135544-6-5-0.wav,135544,6,gun_shot,6
/scratch/pdoshi/audio_comp/urbansound8k_audio/01490_gun_shot.wav,1490,135544-6-6-0.wav,135544,6,gun_shot,6
/scratch/pdoshi/audio_comp/urbansound8k_audio/01491_gun_shot.wav,1491,135544-6-7-0.wav,135544,6,gun_shot,6
/scratch/pdoshi/audio_comp/urbansound8k_audio/01492_gun_shot.wav,1492,135544-6-8-0.wav,135544,6,gun_shot,6
/scratch/pdoshi/audio_comp/urbansound8k_audio/01493_gun_shot.wav,1493,135544-6-9-0.wav,135544,6,gun_shot,6
/scratch/pdoshi/audio_comp/urbansound8k_audio/01494_dog_bark.wav,1494,13577-3-0-0.wav,13577,3,dog_bark,5
/scratch/pdoshi/audio_comp/urbansound8k_audio/01495_dog_bark.wav,1495,13577-3-0-2.wav,13577,3,dog_bark,5
/scratch/pdoshi/audio_comp/urbansound8k_audio/01496_dog_bark.wav,1496,13577-3-5-0.wav,13577,3,dog_bark,5
/scratch/pdoshi/audio_comp/urbansound8k_audio/01497_children_playing.wav,1497,135776-2-0-32.wav,135776,2,children_playing,1
/scratch/pdoshi/audio_comp/urbansound8k_audio/01498_children_playing.wav,1498,135776-2-0-37.wav,135776,2,children_playing,1
/scratch/pdoshi/audio_comp/urbansound8k_audio/01499_children_playing.wav,1499,135776-2-0-40.wav,135776,2,children_playing,1
/scratch/pdoshi/audio_comp/urbansound8k_audio/01500_children_playing.wav,1500,135776-2-0-49.wav,135776,2,children_playing,1
/scratch/pdoshi/audio_comp/urbansound8k_audio/01501_children_playing.wav,1501,135776-2-0-50.wav,135776,2,children_playing,1
/scratch/pdoshi/audio_comp/urbansound8k_audio/01502_children_playing.wav,1502,135776-2-0-65.wav,135776,2,children_playing,1
/scratch/pdoshi/audio_comp/urbansound8k_audio/01503_children_playing.wav,1503,135776-2-0-85.wav,135776,2,children_playing,1
/scratch/pdoshi/audio_comp/urbansound8k_audio/01504_children_playing.wav,1504,135776-2-0-90.wav,135776,2,children_playing,1
/scratch/pdoshi/audio_comp/urbansound8k_audio/01505_children_playing.wav,1505,13579-2-0-15.wav,13579,2,children_playing,9
/scratch/pdoshi/audio_comp/urbansound8k_audio/01506_children_playing.wav,1506,13579-2-0-16.wav,13579,2,children_playing,9
/scratch/pdoshi/audio_comp/urbansound8k_audio/01507_children_playing.wav,1507,13579-2-0-17.wav,13579,2,children_playing,9
/scratch/pdoshi/audio_comp/urbansound8k_audio/01508_children_playing.wav,1508,13579-2-0-2.wav,13579,2,children_playing,9
/scratch/pdoshi/audio_comp/urbansound8k_audio/01509_children_playing.wav,1509,13579-2-0-38.wav,13579,2,children_playing,9
/scratch/pdoshi/audio_comp/urbansound8k_audio/01510_children_playing.wav,1510,13579-2-0-48.wav,13579,2,children_playing,9
/scratch/pdoshi/audio_comp/urbansound8k_audio/01511_children_playing.wav,1511,13579-2-0-53.wav,13579,2,children_playing,9
/scratch/pdoshi/audio_comp/urbansound8k_audio/01512_children_playing.wav,1512,13579-2-0-62.wav,13579,2,children_playing,9
/scratch/pdoshi/audio_comp/urbansound8k_audio/01513_drilling.wav,1513,135849-4-0-0.wav,135849,4,drilling,7
/scratch/pdoshi/audio_comp/urbansound8k_audio/01514_gun_shot.wav,1514,136399-6-0-0.wav,136399,6,gun_shot,9
/scratch/pdoshi/audio_comp/urbansound8k_audio/01515_gun_shot.wav,1515,136399-6-1-0.wav,136399,6,gun_shot,9
/scratch/pdoshi/audio_comp/urbansound8k_audio/01516_gun_shot.wav,1516,136399-6-2-0.wav,136399,6,gun_shot,9
/scratch/pdoshi/audio_comp/urbansound8k_audio/01517_gun_shot.wav,1517,136399-6-3-0.wav,136399,6,gun_shot,9
/scratch/pdoshi/audio_comp/urbansound8k_audio/01518_gun_shot.wav,1518,136399-6-4-0.wav,136399,6,gun_shot,9
/scratch/pdoshi/audio_comp/urbansound8k_audio/01519_gun_shot.wav,1519,136399-6-5-0.wav,136399,6,gun_shot,9
/scratch/pdoshi/audio_comp/urbansound8k_audio/01520_gun_shot.wav,1520,136399-6-6-0.wav,136399,6,gun_shot,9
/scratch/pdoshi/audio_comp/urbansound8k_audio/01521_gun_shot.wav,1521,136399-6-7-0.wav,136399,6,gun_shot,9
/scratch/pdoshi/audio_comp/urbansound8k_audio/01522_gun_shot.wav,1522,136399-6-8-0.wav,136399,6,gun_shot,9
/scratch/pdoshi/audio_comp/urbansound8k_audio/01523_gun_shot.wav,1523,136399-6-9-0.wav,136399,6,gun_shot,9
/scratch/pdoshi/audio_comp/urbansound8k_audio/01524_street_music.wav,1524,136558-9-0-1.wav,136558,9,street_music,10
/scratch/pdoshi/audio_comp/urbansound8k_audio/01525_street_music.wav,1525,136558-9-0-2.wav,136558,9,street_music,10
/scratch/pdoshi/audio_comp/urbansound8k_audio/01526_street_music.wav,1526,136558-9-1-10.wav,136558,9,street_music,10
/scratch/pdoshi/audio_comp/urbansound8k_audio/01527_street_music.wav,1527,136558-9-1-21.wav,136558,9,street_music,10
/scratch/pdoshi/audio_comp/urbansound8k_audio/01528_street_music.wav,1528,136558-9-1-26.wav,136558,9,street_music,10
/scratch/pdoshi/audio_comp/urbansound8k_audio/01529_street_music.wav,1529,136558-9-1-39.wav,136558,9,street_music,10
/scratch/pdoshi/audio_comp/urbansound8k_audio/01530_street_music.wav,1530,137156-9-0-28.wav,137156,9,street_music,1
/scratch/pdoshi/audio_comp/urbansound8k_audio/01531_street_music.wav,1531,137156-9-0-30.wav,137156,9,street_music,1
/scratch/pdoshi/audio_comp/urbansound8k_audio/01532_street_music.wav,1532,137156-9-0-31.wav,137156,9,street_music,1
/scratch/pdoshi/audio_comp/urbansound8k_audio/01533_street_music.wav,1533,137156-9-0-5.wav,137156,9,street_music,1
/scratch/pdoshi/audio_comp/urbansound8k_audio/01534_street_music.wav,1534,137156-9-0-73.wav,137156,9,street_music,1
/scratch/pdoshi/audio_comp/urbansound8k_audio/01535_street_music.wav,1535,137156-9-0-79.wav,137156,9,street_music,1
/scratch/pdoshi/audio_comp/urbansound8k_audio/01536_dog_bark.wav,1536,137803-3-0-0.wav,137803,3,dog_bark,9
/scratch/pdoshi/audio_comp/urbansound8k_audio/01537_dog_bark.wav,1537,137803-3-0-1.wav,137803,3,dog_bark,9
/scratch/pdoshi/audio_comp/urbansound8k_audio/01538_dog_bark.wav,1538,137803-3-0-2.wav,137803,3,dog_bark,9
/scratch/pdoshi/audio_comp/urbansound8k_audio/01539_drilling.wav,1539,137815-4-0-0.wav,137815,4,drilling,9
/scratch/pdoshi/audio_comp/urbansound8k_audio/01540_drilling.wav,1540,137815-4-0-1.wav,137815,4,drilling,9
/scratch/pdoshi/audio_comp/urbansound8k_audio/01541_drilling.wav,1541,137815-4-0-10.wav,137815,4,drilling,9
/scratch/pdoshi/audio_comp/urbansound8k_audio/01542_drilling.wav,1542,137815-4-0-2.wav,137815,4,drilling,9
/scratch/pdoshi/audio_comp/urbansound8k_audio/01543_drilling.wav,1543,137815-4-0-3.wav,137815,4,drilling,9
/scratch/pdoshi/audio_comp/urbansound8k_audio/01544_drilling.wav,1544,137815-4-0-4.wav,137815,4,drilling,9
/scratch/pdoshi/audio_comp/urbansound8k_audio/01545_drilling.wav,1545,137815-4-0-5.wav,137815,4,drilling,9
/scratch/pdoshi/audio_comp/urbansound8k_audio/01546_drilling.wav,1546,137815-4-0-6.wav,137815,4,drilling,9
/scratch/pdoshi/audio_comp/urbansound8k_audio/01547_drilling.wav,1547,137815-4-0-7.wav,137815,4,drilling,9
/scratch/pdoshi/audio_comp/urbansound8k_audio/01548_drilling.wav,1548,137815-4-0-8.wav,137815,4,drilling,9
/scratch/pdoshi/audio_comp/urbansound8k_audio/01549_drilling.wav,1549,137815-4-0-9.wav,137815,4,drilling,9
/scratch/pdoshi/audio_comp/urbansound8k_audio/01550_children_playing.wav,1550,137969-2-0-18.wav,137969,2,children_playing,6
/scratch/pdoshi/audio_comp/urbansound8k_audio/01551_children_playing.wav,1551,137969-2-0-20.wav,137969,2,children_playing,6
/scratch/pdoshi/audio_comp/urbansound8k_audio/01552_children_playing.wav,1552,137969-2-0-37.wav,137969,2,children_playing,6
/scratch/pdoshi/audio_comp/urbansound8k_audio/01553_children_playing.wav,1553,137969-2-0-4.wav,137969,2,children_playing,6
/scratch/pdoshi/audio_comp/urbansound8k_audio/01554_children_playing.wav,1554,137969-2-0-41.wav,137969,2,children_playing,6
/scratch/pdoshi/audio_comp/urbansound8k_audio/01555_children_playing.wav,1555,137969-2-0-55.wav,137969,2,children_playing,6
/scratch/pdoshi/audio_comp/urbansound8k_audio/01556_children_playing.wav,1556,137969-2-0-56.wav,137969,2,children_playing,6
/scratch/pdoshi/audio_comp/urbansound8k_audio/01557_children_playing.wav,1557,137971-2-0-0.wav,137971,2,children_playing,4
/scratch/pdoshi/audio_comp/urbansound8k_audio/01558_children_playing.wav,1558,137971-2-0-2.wav,137971,2,children_playing,4
/scratch/pdoshi/audio_comp/urbansound8k_audio/01559_children_playing.wav,1559,137971-2-0-3.wav,137971,2,children_playing,4
/scratch/pdoshi/audio_comp/urbansound8k_audio/01560_children_playing.wav,1560,137971-2-0-4.wav,137971,2,children_playing,4
/scratch/pdoshi/audio_comp/urbansound8k_audio/01561_children_playing.wav,1561,137971-2-0-5.wav,137971,2,children_playing,4
/scratch/pdoshi/audio_comp/urbansound8k_audio/01562_children_playing.wav,1562,137971-2-0-6.wav,137971,2,children_playing,4
/scratch/pdoshi/audio_comp/urbansound8k_audio/01563_children_playing.wav,1563,137971-2-0-8.wav,137971,2,children_playing,4
/scratch/pdoshi/audio_comp/urbansound8k_audio/01564_dog_bark.wav,1564,138015-3-0-1.wav,138015,3,dog_bark,1
/scratch/pdoshi/audio_comp/urbansound8k_audio/01565_dog_bark.wav,1565,138015-3-0-5.wav,138015,3,dog_bark,1
/scratch/pdoshi/audio_comp/urbansound8k_audio/01566_dog_bark.wav,1566,138015-3-0-7.wav,138015,3,dog_bark,1
/scratch/pdoshi/audio_comp/urbansound8k_audio/01567_street_music.wav,1567,138017-9-0-2.wav,138017,9,street_music,10
/scratch/pdoshi/audio_comp/urbansound8k_audio/01568_street_music.wav,1568,138017-9-0-9.wav,138017,9,street_music,10
/scratch/pdoshi/audio_comp/urbansound8k_audio/01569_street_music.wav,1569,138017-9-1-10.wav,138017,9,street_music,10
/scratch/pdoshi/audio_comp/urbansound8k_audio/01570_street_music.wav,1570,138017-9-1-16.wav,138017,9,street_music,10
/scratch/pdoshi/audio_comp/urbansound8k_audio/01571_street_music.wav,1571,138017-9-1-4.wav,138017,9,street_music,10
/scratch/pdoshi/audio_comp/urbansound8k_audio/01572_street_music.wav,1572,138017-9-1-6.wav,138017,9,street_music,10
/scratch/pdoshi/audio_comp/urbansound8k_audio/01573_children_playing.wav,1573,138031-2-0-13.wav,138031,2,children_playing,1
/scratch/pdoshi/audio_comp/urbansound8k_audio/01574_children_playing.wav,1574,138031-2-0-2.wav,138031,2,children_playing,1
/scratch/pdoshi/audio_comp/urbansound8k_audio/01575_children_playing.wav,1575,138031-2-0-22.wav,138031,2,children_playing,1
/scratch/pdoshi/audio_comp/urbansound8k_audio/01576_children_playing.wav,1576,138031-2-0-23.wav,138031,2,children_playing,1
/scratch/pdoshi/audio_comp/urbansound8k_audio/01577_children_playing.wav,1577,138031-2-0-28.wav,138031,2,children_playing,1
/scratch/pdoshi/audio_comp/urbansound8k_audio/01578_children_playing.wav,1578,138031-2-0-45.wav,138031,2,children_playing,1
/scratch/pdoshi/audio_comp/urbansound8k_audio/01579_children_playing.wav,1579,138031-2-0-47.wav,138031,2,children_playing,1
/scratch/pdoshi/audio_comp/urbansound8k_audio/01580_children_playing.wav,1580,138031-2-0-7.wav,138031,2,children_playing,1
/scratch/pdoshi/audio_comp/urbansound8k_audio/01581_car_horn.wav,1581,138465-1-0-0.wav,138465,1,car_horn,8
/scratch/pdoshi/audio_comp/urbansound8k_audio/01582_car_horn.wav,1582,138468-1-0-0.wav,138468,1,car_horn,9
/scratch/pdoshi/audio_comp/urbansound8k_audio/01583_street_music.wav,1583,138473-9-0-12.wav,138473,9,street_music,3
/scratch/pdoshi/audio_comp/urbansound8k_audio/01584_street_music.wav,1584,138473-9-0-29.wav,138473,9,street_music,3
/scratch/pdoshi/audio_comp/urbansound8k_audio/01585_street_music.wav,1585,138473-9-0-35.wav,138473,9,street_music,3
/scratch/pdoshi/audio_comp/urbansound8k_audio/01586_street_music.wav,1586,138473-9-0-38.wav,138473,9,street_music,3
/scratch/pdoshi/audio_comp/urbansound8k_audio/01587_street_music.wav,1587,138473-9-0-5.wav,138473,9,street_music,3
/scratch/pdoshi/audio_comp/urbansound8k_audio/01588_street_music.wav,1588,138473-9-0-6.wav,138473,9,street_music,3
/scratch/pdoshi/audio_comp/urbansound8k_audio/01589_drilling.wav,1589,139000-4-0-0.wav,139000,4,drilling,8
/scratch/pdoshi/audio_comp/urbansound8k_audio/01590_drilling.wav,1590,139000-4-0-1.wav,139000,4,drilling,8
/scratch/pdoshi/audio_comp/urbansound8k_audio/01591_drilling.wav,1591,139000-4-0-2.wav,139000,4,drilling,8
/scratch/pdoshi/audio_comp/urbansound8k_audio/01592_street_music.wav,1592,139665-9-0-19.wav,139665,9,street_music,5
/scratch/pdoshi/audio_comp/urbansound8k_audio/01593_street_music.wav,1593,139665-9-0-23.wav,139665,9,street_music,5
/scratch/pdoshi/audio_comp/urbansound8k_audio/01594_street_music.wav,1594,139665-9-0-25.wav,139665,9,street_music,5
/scratch/pdoshi/audio_comp/urbansound8k_audio/01595_street_music.wav,1595,139665-9-0-32.wav,139665,9,street_music,5
/scratch/pdoshi/audio_comp/urbansound8k_audio/01596_street_music.wav,1596,139665-9-0-8.wav,139665,9,street_music,5
/scratch/pdoshi/audio_comp/urbansound8k_audio/01597_street_music.wav,1597,139665-9-0-9.wav,139665,9,street_music,5
/scratch/pdoshi/audio_comp/urbansound8k_audio/01598_dog_bark.wav,1598,139948-3-0-0.wav,139948,3,dog_bark,5
/scratch/pdoshi/audio_comp/urbansound8k_audio/01599_dog_bark.wav,1599,139948-3-1-0.wav,139948,3,dog_bark,5
/scratch/pdoshi/audio_comp/urbansound8k_audio/01600_dog_bark.wav,1600,139948-3-2-0.wav,139948,3,dog_bark,5
/scratch/pdoshi/audio_comp/urbansound8k_audio/01601_dog_bark.wav,1601,139948-3-4-0.wav,139948,3,dog_bark,5
/scratch/pdoshi/audio_comp/urbansound8k_audio/01602_street_music.wav,1602,139951-9-0-13.wav,139951,9,street_music,1
/scratch/pdoshi/audio_comp/urbansound8k_audio/01603_street_music.wav,1603,139951-9-0-17.wav,139951,9,street_music,1
/scratch/pdoshi/audio_comp/urbansound8k_audio/01604_street_music.wav,1604,139951-9-0-29.wav,139951,9,street_music,1
/scratch/pdoshi/audio_comp/urbansound8k_audio/01605_street_music.wav,1605,139951-9-0-33.wav,139951,9,street_music,1
/scratch/pdoshi/audio_comp/urbansound8k_audio/01606_street_music.wav,1606,139951-9-0-45.wav,139951,9,street_music,1
/scratch/pdoshi/audio_comp/urbansound8k_audio/01607_street_music.wav,1607,139951-9-0-9.wav,139951,9,street_music,1
/scratch/pdoshi/audio_comp/urbansound8k_audio/01608_drilling.wav,1608,140824-4-0-0.wav,140824,4,drilling,4
/scratch/pdoshi/audio_comp/urbansound8k_audio/01609_drilling.wav,1609,14110-4-0-0.wav,14110,4,drilling,4
/scratch/pdoshi/audio_comp/urbansound8k_audio/01610_drilling.wav,1610,14110-4-0-1.wav,14110,4,drilling,4
/scratch/pdoshi/audio_comp/urbansound8k_audio/01611_drilling.wav,1611,14110-4-0-2.wav,14110,4,drilling,4
/scratch/pdoshi/audio_comp/urbansound8k_audio/01612_drilling.wav,1612,14111-4-0-0.wav,14111,4,drilling,9
/scratch/pdoshi/audio_comp/urbansound8k_audio/01613_drilling.wav,1613,14111-4-0-1.wav,14111,4,drilling,9
/scratch/pdoshi/audio_comp/urbansound8k_audio/01614_drilling.wav,1614,14111-4-0-2.wav,14111,4,drilling,9
/scratch/pdoshi/audio_comp/urbansound8k_audio/01615_drilling.wav,1615,14111-4-0-3.wav,14111,4,drilling,9
/scratch/pdoshi/audio_comp/urbansound8k_audio/01616_drilling.wav,1616,14111-4-0-4.wav,14111,4,drilling,9
/scratch/pdoshi/audio_comp/urbansound8k_audio/01617_drilling.wav,1617,14111-4-0-5.wav,14111,4,drilling,9
/scratch/pdoshi/audio_comp/urbansound8k_audio/01618_drilling.wav,1618,14111-4-0-6.wav,14111,4,drilling,9
/scratch/pdoshi/audio_comp/urbansound8k_audio/01619_drilling.wav,1619,14111-4-0-7.wav,14111,4,drilling,9
/scratch/pdoshi/audio_comp/urbansound8k_audio/01620_drilling.wav,1620,14113-4-0-0.wav,14113,4,drilling,1
/scratch/pdoshi/audio_comp/urbansound8k_audio/01621_drilling.wav,1621,14113-4-0-1.wav,14113,4,drilling,1
/scratch/pdoshi/audio_comp/urbansound8k_audio/01622_drilling.wav,1622,14114-4-0-0.wav,14114,4,drilling,6
/scratch/pdoshi/audio_comp/urbansound8k_audio/01623_drilling.wav,1623,14114-4-0-1.wav,14114,4,drilling,6
/scratch/pdoshi/audio_comp/urbansound8k_audio/01624_drilling.wav,1624,14114-4-0-2.wav,14114,4,drilling,6
/scratch/pdoshi/audio_comp/urbansound8k_audio/01625_drilling.wav,1625,14114-4-0-3.wav,14114,4,drilling,6
/scratch/pdoshi/audio_comp/urbansound8k_audio/01626_drilling.wav,1626,14115-4-0-0.wav,14115,4,drilling,3
/scratch/pdoshi/audio_comp/urbansound8k_audio/01627_engine_idling.wav,1627,141240-5-0-0.wav,141240,5,engine_idling,10
/scratch/pdoshi/audio_comp/urbansound8k_audio/01628_engine_idling.wav,1628,141240-5-1-0.wav,141240,5,engine_idling,10
/scratch/pdoshi/audio_comp/urbansound8k_audio/01629_children_playing.wav,1629,142003-2-0-0.wav,142003,2,children_playing,8
/scratch/pdoshi/audio_comp/urbansound8k_audio/01630_children_playing.wav,1630,142003-2-0-1.wav,142003,2,children_playing,8
/scratch/pdoshi/audio_comp/urbansound8k_audio/01631_children_playing.wav,1631,142003-2-0-19.wav,142003,2,children_playing,8
/scratch/pdoshi/audio_comp/urbansound8k_audio/01632_children_playing.wav,1632,142003-2-0-20.wav,142003,2,children_playing,8
/scratch/pdoshi/audio_comp/urbansound8k_audio/01633_children_playing.wav,1633,142003-2-0-21.wav,142003,2,children_playing,8
/scratch/pdoshi/audio_comp/urbansound8k_audio/01634_children_playing.wav,1634,142003-2-0-24.wav,142003,2,children_playing,8
/scratch/pdoshi/audio_comp/urbansound8k_audio/01635_children_playing.wav,1635,142003-2-0-30.wav,142003,2,children_playing,8
/scratch/pdoshi/audio_comp/urbansound8k_audio/01636_children_playing.wav,1636,142003-2-0-8.wav,142003,2,children_playing,8
/scratch/pdoshi/audio_comp/urbansound8k_audio/01637_dog_bark.wav,1637,142641-3-0-0.wav,142641,3,dog_bark,10
/scratch/pdoshi/audio_comp/urbansound8k_audio/01638_car_horn.wav,1638,143115-1-0-0.wav,143115,1,car_horn,6
/scratch/pdoshi/audio_comp/urbansound8k_audio/01639_car_horn.wav,1639,143115-1-1-0.wav,143115,1,car_horn,6
/scratch/pdoshi/audio_comp/urbansound8k_audio/01640_car_horn.wav,1640,143115-1-2-0.wav,143115,1,car_horn,6
/scratch/pdoshi/audio_comp/urbansound8k_audio/01641_car_horn.wav,1641,143115-1-3-0.wav,143115,1,car_horn,6
/scratch/pdoshi/audio_comp/urbansound8k_audio/01642_car_horn.wav,1642,143115-1-4-0.wav,143115,1,car_horn,6
/scratch/pdoshi/audio_comp/urbansound8k_audio/01643_dog_bark.wav,1643,14358-3-0-26.wav,14358,3,dog_bark,6
/scratch/pdoshi/audio_comp/urbansound8k_audio/01644_dog_bark.wav,1644,14358-3-0-7.wav,14358,3,dog_bark,6
/scratch/pdoshi/audio_comp/urbansound8k_audio/01645_dog_bark.wav,1645,14358-3-0-85.wav,14358,3,dog_bark,6
/scratch/pdoshi/audio_comp/urbansound8k_audio/01646_dog_bark.wav,1646,14358-3-0-90.wav,14358,3,dog_bark,6
/scratch/pdoshi/audio_comp/urbansound8k_audio/01647_engine_idling.wav,1647,143604-5-0-0.wav,143604,5,engine_idling,1
/scratch/pdoshi/audio_comp/urbansound8k_audio/01648_children_playing.wav,1648,143651-2-0-0.wav,143651,2,children_playing,1
/scratch/pdoshi/audio_comp/urbansound8k_audio/01649_children_playing.wav,1649,143651-2-0-16.wav,143651,2,children_playing,1
/scratch/pdoshi/audio_comp/urbansound8k_audio/01650_children_playing.wav,1650,143651-2-0-20.wav,143651,2,children_playing,1
/scratch/pdoshi/audio_comp/urbansound8k_audio/01651_children_playing.wav,1651,143651-2-0-22.wav,143651,2,children_playing,1
/scratch/pdoshi/audio_comp/urbansound8k_audio/01652_children_playing.wav,1652,143651-2-0-39.wav,143651,2,children_playing,1
/scratch/pdoshi/audio_comp/urbansound8k_audio/01653_children_playing.wav,1653,143651-2-0-55.wav,143651,2,children_playing,1
/scratch/pdoshi/audio_comp/urbansound8k_audio/01654_children_playing.wav,1654,143651-2-0-59.wav,143651,2,children_playing,1
/scratch/pdoshi/audio_comp/urbansound8k_audio/01655_children_playing.wav,1655,143651-2-0-63.wav,143651,2,children_playing,1
/scratch/pdoshi/audio_comp/urbansound8k_audio/01656_street_music.wav,1656,14385-9-0-10.wav,14385,9,street_music,9
/scratch/pdoshi/audio_comp/urbansound8k_audio/01657_street_music.wav,1657,14385-9-0-11.wav,14385,9,street_music,9
/scratch/pdoshi/audio_comp/urbansound8k_audio/01658_street_music.wav,1658,14385-9-0-13.wav,14385,9,street_music,9
/scratch/pdoshi/audio_comp/urbansound8k_audio/01659_street_music.wav,1659,14385-9-0-14.wav,14385,9,street_music,9
/scratch/pdoshi/audio_comp/urbansound8k_audio/01660_street_music.wav,1660,14385-9-0-17.wav,14385,9,street_music,9
/scratch/pdoshi/audio_comp/urbansound8k_audio/01661_street_music.wav,1661,14385-9-0-21.wav,14385,9,street_music,9
/scratch/pdoshi/audio_comp/urbansound8k_audio/01662_street_music.wav,1662,14386-9-0-11.wav,14386,9,street_music,8
/scratch/pdoshi/audio_comp/urbansound8k_audio/01663_street_music.wav,1663,14386-9-0-16.wav,14386,9,street_music,8
/scratch/pdoshi/audio_comp/urbansound8k_audio/01664_street_music.wav,1664,14386-9-0-17.wav,14386,9,street_music,8
/scratch/pdoshi/audio_comp/urbansound8k_audio/01665_street_music.wav,1665,14386-9-0-2.wav,14386,9,street_music,8
/scratch/pdoshi/audio_comp/urbansound8k_audio/01666_street_music.wav,1666,14386-9-0-20.wav,14386,9,street_music,8
/scratch/pdoshi/audio_comp/urbansound8k_audio/01667_street_music.wav,1667,14386-9-0-6.wav,14386,9,street_music,8
/scratch/pdoshi/audio_comp/urbansound8k_audio/01668_street_music.wav,1668,14387-9-0-11.wav,14387,9,street_music,2
/scratch/pdoshi/audio_comp/urbansound8k_audio/01669_street_music.wav,1669,14387-9-0-12.wav,14387,9,street_music,2
/scratch/pdoshi/audio_comp/urbansound8k_audio/01670_street_music.wav,1670,14387-9-0-15.wav,14387,9,street_music,2
/scratch/pdoshi/audio_comp/urbansound8k_audio/01671_street_music.wav,1671,14387-9-0-16.wav,14387,9,street_music,2
/scratch/pdoshi/audio_comp/urbansound8k_audio/01672_street_music.wav,1672,14387-9-0-19.wav,14387,9,street_music,2
/scratch/pdoshi/audio_comp/urbansound8k_audio/01673_street_music.wav,1673,14387-9-0-7.wav,14387,9,street_music,2
/scratch/pdoshi/audio_comp/urbansound8k_audio/01674_engine_idling.wav,1674,143970-5-0-0.wav,143970,5,engine_idling,2
/scratch/pdoshi/audio_comp/urbansound8k_audio/01675_engine_idling.wav,1675,143970-5-0-1.wav,143970,5,engine_idling,2
/scratch/pdoshi/audio_comp/urbansound8k_audio/01676_engine_idling.wav,1676,143970-5-0-2.wav,143970,5,engine_idling,2
/scratch/pdoshi/audio_comp/urbansound8k_audio/01677_engine_idling.wav,1677,143970-5-0-3.wav,143970,5,engine_idling,2
/scratch/pdoshi/audio_comp/urbansound8k_audio/01678_engine_idling.wav,1678,144007-5-0-0.wav,144007,5,engine_idling,4
/scratch/pdoshi/audio_comp/urbansound8k_audio/01679_engine_idling.wav,1679,144007-5-0-1.wav,144007,5,engine_idling,4
/scratch/pdoshi/audio_comp/urbansound8k_audio/01680_engine_idling.wav,1680,144007-5-0-10.wav,144007,5,engine_idling,4
/scratch/pdoshi/audio_comp/urbansound8k_audio/01681_engine_idling.wav,1681,144007-5-0-11.wav,144007,5,engine_idling,4
/scratch/pdoshi/audio_comp/urbansound8k_audio/01682_engine_idling.wav,1682,144007-5-0-12.wav,144007,5,engine_idling,4
/scratch/pdoshi/audio_comp/urbansound8k_audio/01683_engine_idling.wav,1683,144007-5-0-13.wav,144007,5,engine_idling,4
/scratch/pdoshi/audio_comp/urbansound8k_audio/01684_engine_idling.wav,1684,144007-5-0-14.wav,144007,5,engine_idling,4
/scratch/pdoshi/audio_comp/urbansound8k_audio/01685_engine_idling.wav,1685,144007-5-0-15.wav,144007,5,engine_idling,4
/scratch/pdoshi/audio_comp/urbansound8k_audio/01686_engine_idling.wav,1686,144007-5-0-16.wav,144007,5,engine_idling,4
/scratch/pdoshi/audio_comp/urbansound8k_audio/01687_engine_idling.wav,1687,144007-5-0-17.wav,144007,5,engine_idling,4
/scratch/pdoshi/audio_comp/urbansound8k_audio/01688_engine_idling.wav,1688,144007-5-0-18.wav,144007,5,engine_idling,4
/scratch/pdoshi/audio_comp/urbansound8k_audio/01689_engine_idling.wav,1689,144007-5-0-19.wav,144007,5,engine_idling,4
/scratch/pdoshi/audio_comp/urbansound8k_audio/01690_engine_idling.wav,1690,144007-5-0-2.wav,144007,5,engine_idling,4
/scratch/pdoshi/audio_comp/urbansound8k_audio/01691_engine_idling.wav,1691,144007-5-0-20.wav,144007,5,engine_idling,4
/scratch/pdoshi/audio_comp/urbansound8k_audio/01692_engine_idling.wav,1692,144007-5-0-21.wav,144007,5,engine_idling,4
/scratch/pdoshi/audio_comp/urbansound8k_audio/01693_engine_idling.wav,1693,144007-5-0-3.wav,144007,5,engine_idling,4
/scratch/pdoshi/audio_comp/urbansound8k_audio/01694_engine_idling.wav,1694,144007-5-0-4.wav,144007,5,engine_idling,4
/scratch/pdoshi/audio_comp/urbansound8k_audio/01695_engine_idling.wav,1695,144007-5-0-5.wav,144007,5,engine_idling,4
/scratch/pdoshi/audio_comp/urbansound8k_audio/01696_engine_idling.wav,1696,144007-5-0-6.wav,144007,5,engine_idling,4
/scratch/pdoshi/audio_comp/urbansound8k_audio/01697_engine_idling.wav,1697,144007-5-0-7.wav,144007,5,engine_idling,4
/scratch/pdoshi/audio_comp/urbansound8k_audio/01698_engine_idling.wav,1698,144007-5-0-8.wav,144007,5,engine_idling,4
/scratch/pdoshi/audio_comp/urbansound8k_audio/01699_engine_idling.wav,1699,144007-5-0-9.wav,144007,5,engine_idling,4
/scratch/pdoshi/audio_comp/urbansound8k_audio/01700_engine_idling.wav,1700,144007-5-1-0.wav,144007,5,engine_idling,4
/scratch/pdoshi/audio_comp/urbansound8k_audio/01701_engine_idling.wav,1701,144007-5-1-1.wav,144007,5,engine_idling,4
/scratch/pdoshi/audio_comp/urbansound8k_audio/01702_engine_idling.wav,1702,144007-5-1-10.wav,144007,5,engine_idling,4
/scratch/pdoshi/audio_comp/urbansound8k_audio/01703_engine_idling.wav,1703,144007-5-1-11.wav,144007,5,engine_idling,4
/scratch/pdoshi/audio_comp/urbansound8k_audio/01704_engine_idling.wav,1704,144007-5-1-2.wav,144007,5,engine_idling,4
/scratch/pdoshi/audio_comp/urbansound8k_audio/01705_engine_idling.wav,1705,144007-5-1-3.wav,144007,5,engine_idling,4
/scratch/pdoshi/audio_comp/urbansound8k_audio/01706_engine_idling.wav,1706,144007-5-1-4.wav,144007,5,engine_idling,4
/scratch/pdoshi/audio_comp/urbansound8k_audio/01707_engine_idling.wav,1707,144007-5-1-5.wav,144007,5,engine_idling,4
/scratch/pdoshi/audio_comp/urbansound8k_audio/01708_engine_idling.wav,1708,144007-5-1-6.wav,144007,5,engine_idling,4
/scratch/pdoshi/audio_comp/urbansound8k_audio/01709_engine_idling.wav,1709,144007-5-1-7.wav,144007,5,engine_idling,4
/scratch/pdoshi/audio_comp/urbansound8k_audio/01710_engine_idling.wav,1710,144007-5-1-8.wav,144007,5,engine_idling,4
/scratch/pdoshi/audio_comp/urbansound8k_audio/01711_engine_idling.wav,1711,144007-5-1-9.wav,144007,5,engine_idling,4
/scratch/pdoshi/audio_comp/urbansound8k_audio/01712_dog_bark.wav,1712,144028-3-0-0.wav,144028,3,dog_bark,8
/scratch/pdoshi/audio_comp/urbansound8k_audio/01713_dog_bark.wav,1713,144028-3-1-0.wav,144028,3,dog_bark,8
/scratch/pdoshi/audio_comp/urbansound8k_audio/01714_dog_bark.wav,1714,144028-3-1-1.wav,144028,3,dog_bark,8
/scratch/pdoshi/audio_comp/urbansound8k_audio/01715_engine_idling.wav,1715,144068-5-0-0.wav,144068,5,engine_idling,3
/scratch/pdoshi/audio_comp/urbansound8k_audio/01716_engine_idling.wav,1716,144068-5-0-1.wav,144068,5,engine_idling,3
/scratch/pdoshi/audio_comp/urbansound8k_audio/01717_engine_idling.wav,1717,144068-5-0-10.wav,144068,5,engine_idling,3
/scratch/pdoshi/audio_comp/urbansound8k_audio/01718_engine_idling.wav,1718,144068-5-0-11.wav,144068,5,engine_idling,3
/scratch/pdoshi/audio_comp/urbansound8k_audio/01719_engine_idling.wav,1719,144068-5-0-12.wav,144068,5,engine_idling,3
/scratch/pdoshi/audio_comp/urbansound8k_audio/01720_engine_idling.wav,1720,144068-5-0-13.wav,144068,5,engine_idling,3
/scratch/pdoshi/audio_comp/urbansound8k_audio/01721_engine_idling.wav,1721,144068-5-0-14.wav,144068,5,engine_idling,3
/scratch/pdoshi/audio_comp/urbansound8k_audio/01722_engine_idling.wav,1722,144068-5-0-15.wav,144068,5,engine_idling,3
/scratch/pdoshi/audio_comp/urbansound8k_audio/01723_engine_idling.wav,1723,144068-5-0-16.wav,144068,5,engine_idling,3
/scratch/pdoshi/audio_comp/urbansound8k_audio/01724_engine_idling.wav,1724,144068-5-0-17.wav,144068,5,engine_idling,3
/scratch/pdoshi/audio_comp/urbansound8k_audio/01725_engine_idling.wav,1725,144068-5-0-18.wav,144068,5,engine_idling,3
/scratch/pdoshi/audio_comp/urbansound8k_audio/01726_engine_idling.wav,1726,144068-5-0-2.wav,144068,5,engine_idling,3
/scratch/pdoshi/audio_comp/urbansound8k_audio/01727_engine_idling.wav,1727,144068-5-0-3.wav,144068,5,engine_idling,3
/scratch/pdoshi/audio_comp/urbansound8k_audio/01728_engine_idling.wav,1728,144068-5-0-4.wav,144068,5,engine_idling,3
/scratch/pdoshi/audio_comp/urbansound8k_audio/01729_engine_idling.wav,1729,144068-5-0-5.wav,144068,5,engine_idling,3
/scratch/pdoshi/audio_comp/urbansound8k_audio/01730_engine_idling.wav,1730,144068-5-0-6.wav,144068,5,engine_idling,3
/scratch/pdoshi/audio_comp/urbansound8k_audio/01731_engine_idling.wav,1731,144068-5-0-7.wav,144068,5,engine_idling,3
/scratch/pdoshi/audio_comp/urbansound8k_audio/01732_engine_idling.wav,1732,144068-5-0-8.wav,144068,5,engine_idling,3
/scratch/pdoshi/audio_comp/urbansound8k_audio/01733_engine_idling.wav,1733,144068-5-0-9.wav,144068,5,engine_idling,3
/scratch/pdoshi/audio_comp/urbansound8k_audio/01734_engine_idling.wav,1734,144068-5-1-0.wav,144068,5,engine_idling,3
/scratch/pdoshi/audio_comp/urbansound8k_audio/01735_engine_idling.wav,1735,144068-5-2-0.wav,144068,5,engine_idling,3
/scratch/pdoshi/audio_comp/urbansound8k_audio/01736_engine_idling.wav,1736,144068-5-3-0.wav,144068,5,engine_idling,3
/scratch/pdoshi/audio_comp/urbansound8k_audio/01737_engine_idling.wav,1737,144068-5-4-0.wav,144068,5,engine_idling,3
/scratch/pdoshi/audio_comp/urbansound8k_audio/01738_engine_idling.wav,1738,144068-5-4-1.wav,144068,5,engine_idling,3
/scratch/pdoshi/audio_comp/urbansound8k_audio/01739_engine_idling.wav,1739,144068-5-4-2.wav,144068,5,engine_idling,3
/scratch/pdoshi/audio_comp/urbansound8k_audio/01740_engine_idling.wav,1740,144068-5-4-3.wav,144068,5,engine_idling,3
/scratch/pdoshi/audio_comp/urbansound8k_audio/01741_engine_idling.wav,1741,144068-5-4-4.wav,144068,5,engine_idling,3
/scratch/pdoshi/audio_comp/urbansound8k_audio/01742_engine_idling.wav,1742,144068-5-4-5.wav,144068,5,engine_idling,3
/scratch/pdoshi/audio_comp/urbansound8k_audio/01743_engine_idling.wav,1743,144068-5-4-6.wav,144068,5,engine_idling,3
/scratch/pdoshi/audio_comp/urbansound8k_audio/01744_engine_idling.wav,1744,144068-5-4-7.wav,144068,5,engine_idling,3
/scratch/pdoshi/audio_comp/urbansound8k_audio/01745_engine_idling.wav,1745,144068-5-4-8.wav,144068,5,engine_idling,3
/scratch/pdoshi/audio_comp/urbansound8k_audio/01746_engine_idling.wav,1746,144068-5-5-0.wav,144068,5,engine_idling,3
/scratch/pdoshi/audio_comp/urbansound8k_audio/01747_engine_idling.wav,1747,144068-5-5-1.wav,144068,5,engine_idling,3
/scratch/pdoshi/audio_comp/urbansound8k_audio/01748_engine_idling.wav,1748,144068-5-5-2.wav,144068,5,engine_idling,3
/scratch/pdoshi/audio_comp/urbansound8k_audio/01749_drilling.wav,1749,144351-4-0-0.wav,144351,4,drilling,4
/scratch/pdoshi/audio_comp/urbansound8k_audio/01750_drilling.wav,1750,144351-4-0-1.wav,144351,4,drilling,4
/scratch/pdoshi/audio_comp/urbansound8k_audio/01751_drilling.wav,1751,144351-4-0-2.wav,144351,4,drilling,4
/scratch/pdoshi/audio_comp/urbansound8k_audio/01752_drilling.wav,1752,144351-4-1-1.wav,144351,4,drilling,4
/scratch/pdoshi/audio_comp/urbansound8k_audio/01753_drilling.wav,1753,144351-4-2-0.wav,144351,4,drilling,4
/scratch/pdoshi/audio_comp/urbansound8k_audio/01754_drilling.wav,1754,144351-4-2-2.wav,144351,4,drilling,4
/scratch/pdoshi/audio_comp/urbansound8k_audio/01755_drilling.wav,1755,144351-4-2-4.wav,144351,4,drilling,4
/scratch/pdoshi/audio_comp/urbansound8k_audio/01756_drilling.wav,1756,144351-4-2-5.wav,144351,4,drilling,4
/scratch/pdoshi/audio_comp/urbansound8k_audio/01757_drilling.wav,1757,144351-4-2-6.wav,144351,4,drilling,4
/scratch/pdoshi/audio_comp/urbansound8k_audio/01758_drilling.wav,1758,144351-4-3-1.wav,144351,4,drilling,4
/scratch/pdoshi/audio_comp/urbansound8k_audio/01759_drilling.wav,1759,144351-4-3-10.wav,144351,4,drilling,4
/scratch/pdoshi/audio_comp/urbansound8k_audio/01760_drilling.wav,1760,144351-4-3-11.wav,144351,4,drilling,4
/scratch/pdoshi/audio_comp/urbansound8k_audio/01761_drilling.wav,1761,144351-4-3-12.wav,144351,4,drilling,4
/scratch/pdoshi/audio_comp/urbansound8k_audio/01762_drilling.wav,1762,144351-4-3-14.wav,144351,4,drilling,4
/scratch/pdoshi/audio_comp/urbansound8k_audio/01763_drilling.wav,1763,144351-4-3-15.wav,144351,4,drilling,4
/scratch/pdoshi/audio_comp/urbansound8k_audio/01764_drilling.wav,1764,144351-4-3-2.wav,144351,4,drilling,4
/scratch/pdoshi/audio_comp/urbansound8k_audio/01765_drilling.wav,1765,144351-4-3-3.wav,144351,4,drilling,4
/scratch/pdoshi/audio_comp/urbansound8k_audio/01766_drilling.wav,1766,144351-4-3-4.wav,144351,4,drilling,4
/scratch/pdoshi/audio_comp/urbansound8k_audio/01767_drilling.wav,1767,144351-4-3-5.wav,144351,4,drilling,4
/scratch/pdoshi/audio_comp/urbansound8k_audio/01768_drilling.wav,1768,144351-4-3-7.wav,144351,4,drilling,4
/scratch/pdoshi/audio_comp/urbansound8k_audio/01769_dog_bark.wav,1769,14468-3-0-2.wav,14468,3,dog_bark,10
/scratch/pdoshi/audio_comp/urbansound8k_audio/01770_dog_bark.wav,1770,14468-3-0-3.wav,14468,3,dog_bark,10
/scratch/pdoshi/audio_comp/urbansound8k_audio/01771_dog_bark.wav,1771,14468-3-1-0.wav,14468,3,dog_bark,10
/scratch/pdoshi/audio_comp/urbansound8k_audio/01772_dog_bark.wav,1772,14468-3-5-0.wav,14468,3,dog_bark,10
/scratch/pdoshi/audio_comp/urbansound8k_audio/01773_children_playing.wav,1773,14470-2-0-10.wav,14470,2,children_playing,10
/scratch/pdoshi/audio_comp/urbansound8k_audio/01774_children_playing.wav,1774,14470-2-0-14.wav,14470,2,children_playing,10
/scratch/pdoshi/audio_comp/urbansound8k_audio/01775_children_playing.wav,1775,14470-2-0-21.wav,14470,2,children_playing,10
/scratch/pdoshi/audio_comp/urbansound8k_audio/01776_children_playing.wav,1776,14470-2-0-4.wav,14470,2,children_playing,10
/scratch/pdoshi/audio_comp/urbansound8k_audio/01777_children_playing.wav,1777,14470-2-0-56.wav,14470,2,children_playing,10
/scratch/pdoshi/audio_comp/urbansound8k_audio/01778_children_playing.wav,1778,14470-2-0-65.wav,14470,2,children_playing,10
/scratch/pdoshi/audio_comp/urbansound8k_audio/01779_children_playing.wav,1779,14470-2-0-70.wav,14470,2,children_playing,10
/scratch/pdoshi/audio_comp/urbansound8k_audio/01780_children_playing.wav,1780,14470-2-0-72.wav,14470,2,children_playing,10
/scratch/pdoshi/audio_comp/urbansound8k_audio/01781_dog_bark.wav,1781,144885-3-0-0.wav,144885,3,dog_bark,3
/scratch/pdoshi/audio_comp/urbansound8k_audio/01782_gun_shot.wav,1782,145206-6-0-0.wav,145206,6,gun_shot,8
/scratch/pdoshi/audio_comp/urbansound8k_audio/01783_gun_shot.wav,1783,145206-6-1-0.wav,145206,6,gun_shot,8
/scratch/pdoshi/audio_comp/urbansound8k_audio/01784_gun_shot.wav,1784,145206-6-2-0.wav,145206,6,gun_shot,8
/scratch/pdoshi/audio_comp/urbansound8k_audio/01785_gun_shot.wav,1785,145206-6-3-0.wav,145206,6,gun_shot,8
/scratch/pdoshi/audio_comp/urbansound8k_audio/01786_gun_shot.wav,1786,145206-6-4-0.wav,145206,6,gun_shot,8
/scratch/pdoshi/audio_comp/urbansound8k_audio/01787_gun_shot.wav,1787,145206-6-5-0.wav,145206,6,gun_shot,8
/scratch/pdoshi/audio_comp/urbansound8k_audio/01788_car_horn.wav,1788,14524-1-0-0.wav,14524,1,car_horn,7
/scratch/pdoshi/audio_comp/urbansound8k_audio/01789_street_music.wav,1789,14527-9-0-0.wav,14527,9,street_music,9
/scratch/pdoshi/audio_comp/urbansound8k_audio/01790_street_music.wav,1790,14527-9-0-2.wav,14527,9,street_music,9
/scratch/pdoshi/audio_comp/urbansound8k_audio/01791_street_music.wav,1791,14527-9-0-3.wav,14527,9,street_music,9
/scratch/pdoshi/audio_comp/urbansound8k_audio/01792_street_music.wav,1792,14527-9-0-4.wav,14527,9,street_music,9
/scratch/pdoshi/audio_comp/urbansound8k_audio/01793_street_music.wav,1793,14527-9-0-5.wav,14527,9,street_music,9
/scratch/pdoshi/audio_comp/urbansound8k_audio/01794_street_music.wav,1794,14527-9-0-6.wav,14527,9,street_music,9
/scratch/pdoshi/audio_comp/urbansound8k_audio/01795_street_music.wav,1795,14527-9-0-7.wav,14527,9,street_music,9
/scratch/pdoshi/audio_comp/urbansound8k_audio/01796_street_music.wav,1796,145390-9-0-13.wav,145390,9,street_music,9
/scratch/pdoshi/audio_comp/urbansound8k_audio/01797_street_music.wav,1797,145390-9-0-15.wav,145390,9,street_music,9
/scratch/pdoshi/audio_comp/urbansound8k_audio/01798_street_music.wav,1798,145390-9-0-22.wav,145390,9,street_music,9
/scratch/pdoshi/audio_comp/urbansound8k_audio/01799_street_music.wav,1799,145390-9-0-26.wav,145390,9,street_music,9
/scratch/pdoshi/audio_comp/urbansound8k_audio/01800_street_music.wav,1800,145390-9-0-3.wav,145390,9,street_music,9
/scratch/pdoshi/audio_comp/urbansound8k_audio/01801_street_music.wav,1801,145390-9-0-34.wav,145390,9,street_music,9
/scratch/pdoshi/audio_comp/urbansound8k_audio/01802_street_music.wav,1802,145390-9-0-7.wav,145390,9,street_music,9
/scratch/pdoshi/audio_comp/urbansound8k_audio/01803_car_horn.wav,1803,145577-1-0-0.wav,145577,1,car_horn,2
/scratch/pdoshi/audio_comp/urbansound8k_audio/01804_gun_shot.wav,1804,145608-6-0-0.wav,145608,6,gun_shot,2
/scratch/pdoshi/audio_comp/urbansound8k_audio/01805_gun_shot.wav,1805,145608-6-1-0.wav,145608,6,gun_shot,2
/scratch/pdoshi/audio_comp/urbansound8k_audio/01806_gun_shot.wav,1806,145608-6-2-0.wav,145608,6,gun_shot,2
/scratch/pdoshi/audio_comp/urbansound8k_audio/01807_gun_shot.wav,1807,145608-6-3-0.wav,145608,6,gun_shot,2
/scratch/pdoshi/audio_comp/urbansound8k_audio/01808_gun_shot.wav,1808,145609-6-0-0.wav,145609,6,gun_shot,5
/scratch/pdoshi/audio_comp/urbansound8k_audio/01809_gun_shot.wav,1809,145609-6-1-0.wav,145609,6,gun_shot,5
/scratch/pdoshi/audio_comp/urbansound8k_audio/01810_gun_shot.wav,1810,145611-6-0-0.wav,145611,6,gun_shot,5
/scratch/pdoshi/audio_comp/urbansound8k_audio/01811_gun_shot.wav,1811,145611-6-1-0.wav,145611,6,gun_shot,5
/scratch/pdoshi/audio_comp/urbansound8k_audio/01812_gun_shot.wav,1812,145611-6-2-0.wav,145611,6,gun_shot,5
/scratch/pdoshi/audio_comp/urbansound8k_audio/01813_gun_shot.wav,1813,145611-6-3-0.wav,145611,6,gun_shot,5
/scratch/pdoshi/audio_comp/urbansound8k_audio/01814_gun_shot.wav,1814,145611-6-4-0.wav,145611,6,gun_shot,5
/scratch/pdoshi/audio_comp/urbansound8k_audio/01815_gun_shot.wav,1815,145612-6-0-0.wav,145612,6,gun_shot,8
/scratch/pdoshi/audio_comp/urbansound8k_audio/01816_gun_shot.wav,1816,145612-6-1-0.wav,145612,6,gun_shot,8
/scratch/pdoshi/audio_comp/urbansound8k_audio/01817_gun_shot.wav,1817,145612-6-2-0.wav,145612,6,gun_shot,8
/scratch/pdoshi/audio_comp/urbansound8k_audio/01818_gun_shot.wav,1818,145612-6-3-0.wav,145612,6,gun_shot,8
/scratch/pdoshi/audio_comp/urbansound8k_audio/01819_gun_shot.wav,1819,145683-6-0-0.wav,145683,6,gun_shot,9
/scratch/pdoshi/audio_comp/urbansound8k_audio/01820_gun_shot.wav,1820,145683-6-1-0.wav,145683,6,gun_shot,9
/scratch/pdoshi/audio_comp/urbansound8k_audio/01821_gun_shot.wav,1821,145683-6-2-0.wav,145683,6,gun_shot,9
/scratch/pdoshi/audio_comp/urbansound8k_audio/01822_gun_shot.wav,1822,145683-6-3-0.wav,145683,6,gun_shot,9
/scratch/pdoshi/audio_comp/urbansound8k_audio/01823_gun_shot.wav,1823,145683-6-4-0.wav,145683,6,gun_shot,9
/scratch/pdoshi/audio_comp/urbansound8k_audio/01824_gun_shot.wav,1824,145683-6-5-0.wav,145683,6,gun_shot,9
/scratch/pdoshi/audio_comp/urbansound8k_audio/01825_engine_idling.wav,1825,146186-5-0-0.wav,146186,5,engine_idling,1
/scratch/pdoshi/audio_comp/urbansound8k_audio/01826_engine_idling.wav,1826,146186-5-0-1.wav,146186,5,engine_idling,1
/scratch/pdoshi/audio_comp/urbansound8k_audio/01827_engine_idling.wav,1827,146186-5-0-10.wav,146186,5,engine_idling,1
/scratch/pdoshi/audio_comp/urbansound8k_audio/01828_engine_idling.wav,1828,146186-5-0-11.wav,146186,5,engine_idling,1
/scratch/pdoshi/audio_comp/urbansound8k_audio/01829_engine_idling.wav,1829,146186-5-0-12.wav,146186,5,engine_idling,1
/scratch/pdoshi/audio_comp/urbansound8k_audio/01830_engine_idling.wav,1830,146186-5-0-13.wav,146186,5,engine_idling,1
/scratch/pdoshi/audio_comp/urbansound8k_audio/01831_engine_idling.wav,1831,146186-5-0-2.wav,146186,5,engine_idling,1
/scratch/pdoshi/audio_comp/urbansound8k_audio/01832_engine_idling.wav,1832,146186-5-0-3.wav,146186,5,engine_idling,1
/scratch/pdoshi/audio_comp/urbansound8k_audio/01833_engine_idling.wav,1833,146186-5-0-4.wav,146186,5,engine_idling,1
/scratch/pdoshi/audio_comp/urbansound8k_audio/01834_engine_idling.wav,1834,146186-5-0-5.wav,146186,5,engine_idling,1
/scratch/pdoshi/audio_comp/urbansound8k_audio/01835_engine_idling.wav,1835,146186-5-0-6.wav,146186,5,engine_idling,1
/scratch/pdoshi/audio_comp/urbansound8k_audio/01836_engine_idling.wav,1836,146186-5-0-7.wav,146186,5,engine_idling,1
/scratch/pdoshi/audio_comp/urbansound8k_audio/01837_engine_idling.wav,1837,146186-5-0-8.wav,146186,5,engine_idling,1
/scratch/pdoshi/audio_comp/urbansound8k_audio/01838_engine_idling.wav,1838,146186-5-0-9.wav,146186,5,engine_idling,1
/scratch/pdoshi/audio_comp/urbansound8k_audio/01839_drilling.wav,1839,146244-4-0-0.wav,146244,4,drilling,10
/scratch/pdoshi/audio_comp/urbansound8k_audio/01840_drilling.wav,1840,146249-4-0-0.wav,146249,4,drilling,9
/scratch/pdoshi/audio_comp/urbansound8k_audio/01841_dog_bark.wav,1841,146343-3-0-0.wav,146343,3,dog_bark,8
/scratch/pdoshi/audio_comp/urbansound8k_audio/01842_air_conditioner.wav,1842,146690-0-0-100.wav,146690,0,air_conditioner,2
/scratch/pdoshi/audio_comp/urbansound8k_audio/01843_air_conditioner.wav,1843,146690-0-0-112.wav,146690,0,air_conditioner,2
/scratch/pdoshi/audio_comp/urbansound8k_audio/01844_air_conditioner.wav,1844,146690-0-0-115.wav,146690,0,air_conditioner,2
/scratch/pdoshi/audio_comp/urbansound8k_audio/01845_air_conditioner.wav,1845,146690-0-0-116.wav,146690,0,air_conditioner,2
/scratch/pdoshi/audio_comp/urbansound8k_audio/01846_air_conditioner.wav,1846,146690-0-0-117.wav,146690,0,air_conditioner,2
/scratch/pdoshi/audio_comp/urbansound8k_audio/01847_air_conditioner.wav,1847,146690-0-0-125.wav,146690,0,air_conditioner,2
/scratch/pdoshi/audio_comp/urbansound8k_audio/01848_air_conditioner.wav,1848,146690-0-0-137.wav,146690,0,air_conditioner,2
/scratch/pdoshi/audio_comp/urbansound8k_audio/01849_air_conditioner.wav,1849,146690-0-0-140.wav,146690,0,air_conditioner,2
/scratch/pdoshi/audio_comp/urbansound8k_audio/01850_air_conditioner.wav,1850,146690-0-0-151.wav,146690,0,air_conditioner,2
/scratch/pdoshi/audio_comp/urbansound8k_audio/01851_air_conditioner.wav,1851,146690-0-0-154.wav,146690,0,air_conditioner,2
/scratch/pdoshi/audio_comp/urbansound8k_audio/01852_air_conditioner.wav,1852,146690-0-0-155.wav,146690,0,air_conditioner,2
/scratch/pdoshi/audio_comp/urbansound8k_audio/01853_air_conditioner.wav,1853,146690-0-0-165.wav,146690,0,air_conditioner,2
/scratch/pdoshi/audio_comp/urbansound8k_audio/01854_air_conditioner.wav,1854,146690-0-0-17.wav,146690,0,air_conditioner,2
/scratch/pdoshi/audio_comp/urbansound8k_audio/01855_air_conditioner.wav,1855,146690-0-0-18.wav,146690,0,air_conditioner,2
/scratch/pdoshi/audio_comp/urbansound8k_audio/01856_air_conditioner.wav,1856,146690-0-0-25.wav,146690,0,air_conditioner,2
/scratch/pdoshi/audio_comp/urbansound8k_audio/01857_air_conditioner.wav,1857,146690-0-0-35.wav,146690,0,air_conditioner,2
/scratch/pdoshi/audio_comp/urbansound8k_audio/01858_air_conditioner.wav,1858,146690-0-0-38.wav,146690,0,air_conditioner,2
/scratch/pdoshi/audio_comp/urbansound8k_audio/01859_air_conditioner.wav,1859,146690-0-0-43.wav,146690,0,air_conditioner,2
/scratch/pdoshi/audio_comp/urbansound8k_audio/01860_air_conditioner.wav,1860,146690-0-0-47.wav,146690,0,air_conditioner,2
/scratch/pdoshi/audio_comp/urbansound8k_audio/01861_air_conditioner.wav,1861,146690-0-0-64.wav,146690,0,air_conditioner,2
/scratch/pdoshi/audio_comp/urbansound8k_audio/01862_air_conditioner.wav,1862,146690-0-0-8.wav,146690,0,air_conditioner,2
/scratch/pdoshi/audio_comp/urbansound8k_audio/01863_air_conditioner.wav,1863,146690-0-0-80.wav,146690,0,air_conditioner,2
/scratch/pdoshi/audio_comp/urbansound8k_audio/01864_air_conditioner.wav,1864,146690-0-0-86.wav,146690,0,air_conditioner,2
/scratch/pdoshi/audio_comp/urbansound8k_audio/01865_air_conditioner.wav,1865,146690-0-0-87.wav,146690,0,air_conditioner,2
/scratch/pdoshi/audio_comp/urbansound8k_audio/01866_air_conditioner.wav,1866,146690-0-0-93.wav,146690,0,air_conditioner,2
/scratch/pdoshi/audio_comp/urbansound8k_audio/01867_air_conditioner.wav,1867,146709-0-0-1.wav,146709,0,air_conditioner,4
/scratch/pdoshi/audio_comp/urbansound8k_audio/01868_air_conditioner.wav,1868,146709-0-0-11.wav,146709,0,air_conditioner,4
/scratch/pdoshi/audio_comp/urbansound8k_audio/01869_air_conditioner.wav,1869,146709-0-0-12.wav,146709,0,air_conditioner,4
/scratch/pdoshi/audio_comp/urbansound8k_audio/01870_air_conditioner.wav,1870,146709-0-0-17.wav,146709,0,air_conditioner,4
/scratch/pdoshi/audio_comp/urbansound8k_audio/01871_air_conditioner.wav,1871,146709-0-0-18.wav,146709,0,air_conditioner,4
/scratch/pdoshi/audio_comp/urbansound8k_audio/01872_air_conditioner.wav,1872,146709-0-0-19.wav,146709,0,air_conditioner,4
/scratch/pdoshi/audio_comp/urbansound8k_audio/01873_air_conditioner.wav,1873,146709-0-0-20.wav,146709,0,air_conditioner,4
/scratch/pdoshi/audio_comp/urbansound8k_audio/01874_air_conditioner.wav,1874,146709-0-0-22.wav,146709,0,air_conditioner,4
/scratch/pdoshi/audio_comp/urbansound8k_audio/01875_air_conditioner.wav,1875,146709-0-0-25.wav,146709,0,air_conditioner,4
/scratch/pdoshi/audio_comp/urbansound8k_audio/01876_air_conditioner.wav,1876,146709-0-0-26.wav,146709,0,air_conditioner,4
/scratch/pdoshi/audio_comp/urbansound8k_audio/01877_air_conditioner.wav,1877,146709-0-0-3.wav,146709,0,air_conditioner,4
/scratch/pdoshi/audio_comp/urbansound8k_audio/01878_air_conditioner.wav,1878,146709-0-0-30.wav,146709,0,air_conditioner,4
/scratch/pdoshi/audio_comp/urbansound8k_audio/01879_air_conditioner.wav,1879,146709-0-0-33.wav,146709,0,air_conditioner,4
/scratch/pdoshi/audio_comp/urbansound8k_audio/01880_air_conditioner.wav,1880,146709-0-0-34.wav,146709,0,air_conditioner,4
/scratch/pdoshi/audio_comp/urbansound8k_audio/01881_air_conditioner.wav,1881,146709-0-0-37.wav,146709,0,air_conditioner,4
/scratch/pdoshi/audio_comp/urbansound8k_audio/01882_air_conditioner.wav,1882,146709-0-0-44.wav,146709,0,air_conditioner,4
/scratch/pdoshi/audio_comp/urbansound8k_audio/01883_air_conditioner.wav,1883,146709-0-0-48.wav,146709,0,air_conditioner,4
/scratch/pdoshi/audio_comp/urbansound8k_audio/01884_air_conditioner.wav,1884,146709-0-0-53.wav,146709,0,air_conditioner,4
/scratch/pdoshi/audio_comp/urbansound8k_audio/01885_air_conditioner.wav,1885,146709-0-0-59.wav,146709,0,air_conditioner,4
/scratch/pdoshi/audio_comp/urbansound8k_audio/01886_air_conditioner.wav,1886,146709-0-0-63.wav,146709,0,air_conditioner,4
/scratch/pdoshi/audio_comp/urbansound8k_audio/01887_air_conditioner.wav,1887,146709-0-0-65.wav,146709,0,air_conditioner,4
/scratch/pdoshi/audio_comp/urbansound8k_audio/01888_air_conditioner.wav,1888,146709-0-0-66.wav,146709,0,air_conditioner,4
/scratch/pdoshi/audio_comp/urbansound8k_audio/01889_air_conditioner.wav,1889,146709-0-0-68.wav,146709,0,air_conditioner,4
/scratch/pdoshi/audio_comp/urbansound8k_audio/01890_air_conditioner.wav,1890,146709-0-0-7.wav,146709,0,air_conditioner,4
/scratch/pdoshi/audio_comp/urbansound8k_audio/01891_air_conditioner.wav,1891,146714-0-0-0.wav,146714,0,air_conditioner,3
/scratch/pdoshi/audio_comp/urbansound8k_audio/01892_air_conditioner.wav,1892,146714-0-0-12.wav,146714,0,air_conditioner,3
/scratch/pdoshi/audio_comp/urbansound8k_audio/01893_air_conditioner.wav,1893,146714-0-0-13.wav,146714,0,air_conditioner,3
/scratch/pdoshi/audio_comp/urbansound8k_audio/01894_air_conditioner.wav,1894,146714-0-0-17.wav,146714,0,air_conditioner,3
/scratch/pdoshi/audio_comp/urbansound8k_audio/01895_air_conditioner.wav,1895,146714-0-0-18.wav,146714,0,air_conditioner,3
/scratch/pdoshi/audio_comp/urbansound8k_audio/01896_air_conditioner.wav,1896,146714-0-0-2.wav,146714,0,air_conditioner,3
/scratch/pdoshi/audio_comp/urbansound8k_audio/01897_air_conditioner.wav,1897,146714-0-0-21.wav,146714,0,air_conditioner,3
/scratch/pdoshi/audio_comp/urbansound8k_audio/01898_air_conditioner.wav,1898,146714-0-0-22.wav,146714,0,air_conditioner,3
/scratch/pdoshi/audio_comp/urbansound8k_audio/01899_air_conditioner.wav,1899,146714-0-0-27.wav,146714,0,air_conditioner,3
/scratch/pdoshi/audio_comp/urbansound8k_audio/01900_air_conditioner.wav,1900,146714-0-0-33.wav,146714,0,air_conditioner,3
/scratch/pdoshi/audio_comp/urbansound8k_audio/01901_air_conditioner.wav,1901,146714-0-0-35.wav,146714,0,air_conditioner,3
/scratch/pdoshi/audio_comp/urbansound8k_audio/01902_air_conditioner.wav,1902,146714-0-0-36.wav,146714,0,air_conditioner,3
/scratch/pdoshi/audio_comp/urbansound8k_audio/01903_air_conditioner.wav,1903,146714-0-0-38.wav,146714,0,air_conditioner,3
/scratch/pdoshi/audio_comp/urbansound8k_audio/01904_air_conditioner.wav,1904,146714-0-0-41.wav,146714,0,air_conditioner,3
/scratch/pdoshi/audio_comp/urbansound8k_audio/01905_air_conditioner.wav,1905,146714-0-0-43.wav,146714,0,air_conditioner,3
/scratch/pdoshi/audio_comp/urbansound8k_audio/01906_air_conditioner.wav,1906,146714-0-0-45.wav,146714,0,air_conditioner,3
/scratch/pdoshi/audio_comp/urbansound8k_audio/01907_air_conditioner.wav,1907,146714-0-0-47.wav,146714,0,air_conditioner,3
/scratch/pdoshi/audio_comp/urbansound8k_audio/01908_air_conditioner.wav,1908,146714-0-0-49.wav,146714,0,air_conditioner,3
/scratch/pdoshi/audio_comp/urbansound8k_audio/01909_air_conditioner.wav,1909,146714-0-0-50.wav,146714,0,air_conditioner,3
/scratch/pdoshi/audio_comp/urbansound8k_audio/01910_air_conditioner.wav,1910,146714-0-0-53.wav,146714,0,air_conditioner,3
/scratch/pdoshi/audio_comp/urbansound8k_audio/01911_air_conditioner.wav,1911,146714-0-0-55.wav,146714,0,air_conditioner,3
/scratch/pdoshi/audio_comp/urbansound8k_audio/01912_air_conditioner.wav,1912,146714-0-0-56.wav,146714,0,air_conditioner,3
/scratch/pdoshi/audio_comp/urbansound8k_audio/01913_air_conditioner.wav,1913,146714-0-0-58.wav,146714,0,air_conditioner,3
/scratch/pdoshi/audio_comp/urbansound8k_audio/01914_air_conditioner.wav,1914,146714-0-0-6.wav,146714,0,air_conditioner,3
/scratch/pdoshi/audio_comp/urbansound8k_audio/01915_air_conditioner.wav,1915,146845-0-0-0.wav,146845,0,air_conditioner,7
/scratch/pdoshi/audio_comp/urbansound8k_audio/01916_air_conditioner.wav,1916,146845-0-0-1.wav,146845,0,air_conditioner,7
/scratch/pdoshi/audio_comp/urbansound8k_audio/01917_air_conditioner.wav,1917,146845-0-0-10.wav,146845,0,air_conditioner,7
/scratch/pdoshi/audio_comp/urbansound8k_audio/01918_air_conditioner.wav,1918,146845-0-0-11.wav,146845,0,air_conditioner,7
/scratch/pdoshi/audio_comp/urbansound8k_audio/01919_air_conditioner.wav,1919,146845-0-0-12.wav,146845,0,air_conditioner,7
/scratch/pdoshi/audio_comp/urbansound8k_audio/01920_air_conditioner.wav,1920,146845-0-0-13.wav,146845,0,air_conditioner,7
/scratch/pdoshi/audio_comp/urbansound8k_audio/01921_air_conditioner.wav,1921,146845-0-0-14.wav,146845,0,air_conditioner,7
/scratch/pdoshi/audio_comp/urbansound8k_audio/01922_air_conditioner.wav,1922,146845-0-0-15.wav,146845,0,air_conditioner,7
/scratch/pdoshi/audio_comp/urbansound8k_audio/01923_air_conditioner.wav,1923,146845-0-0-16.wav,146845,0,air_conditioner,7
/scratch/pdoshi/audio_comp/urbansound8k_audio/01924_air_conditioner.wav,1924,146845-0-0-17.wav,146845,0,air_conditioner,7
/scratch/pdoshi/audio_comp/urbansound8k_audio/01925_air_conditioner.wav,1925,146845-0-0-18.wav,146845,0,air_conditioner,7
/scratch/pdoshi/audio_comp/urbansound8k_audio/01926_air_conditioner.wav,1926,146845-0-0-19.wav,146845,0,air_conditioner,7
/scratch/pdoshi/audio_comp/urbansound8k_audio/01927_air_conditioner.wav,1927,146845-0-0-2.wav,146845,0,air_conditioner,7
/scratch/pdoshi/audio_comp/urbansound8k_audio/01928_air_conditioner.wav,1928,146845-0-0-20.wav,146845,0,air_conditioner,7
/scratch/pdoshi/audio_comp/urbansound8k_audio/01929_air_conditioner.wav,1929,146845-0-0-21.wav,146845,0,air_conditioner,7
/scratch/pdoshi/audio_comp/urbansound8k_audio/01930_air_conditioner.wav,1930,146845-0-0-22.wav,146845,0,air_conditioner,7
/scratch/pdoshi/audio_comp/urbansound8k_audio/01931_air_conditioner.wav,1931,146845-0-0-24.wav,146845,0,air_conditioner,7
/scratch/pdoshi/audio_comp/urbansound8k_audio/01932_air_conditioner.wav,1932,146845-0-0-25.wav,146845,0,air_conditioner,7
/scratch/pdoshi/audio_comp/urbansound8k_audio/01933_air_conditioner.wav,1933,146845-0-0-26.wav,146845,0,air_conditioner,7
/scratch/pdoshi/audio_comp/urbansound8k_audio/01934_air_conditioner.wav,1934,146845-0-0-27.wav,146845,0,air_conditioner,7
/scratch/pdoshi/audio_comp/urbansound8k_audio/01935_air_conditioner.wav,1935,146845-0-0-3.wav,146845,0,air_conditioner,7
/scratch/pdoshi/audio_comp/urbansound8k_audio/01936_air_conditioner.wav,1936,146845-0-0-30.wav,146845,0,air_conditioner,7
/scratch/pdoshi/audio_comp/urbansound8k_audio/01937_air_conditioner.wav,1937,146845-0-0-31.wav,146845,0,air_conditioner,7
/scratch/pdoshi/audio_comp/urbansound8k_audio/01938_air_conditioner.wav,1938,146845-0-0-32.wav,146845,0,air_conditioner,7
/scratch/pdoshi/audio_comp/urbansound8k_audio/01939_air_conditioner.wav,1939,146845-0-0-33.wav,146845,0,air_conditioner,7
/scratch/pdoshi/audio_comp/urbansound8k_audio/01940_air_conditioner.wav,1940,146845-0-0-35.wav,146845,0,air_conditioner,7
/scratch/pdoshi/audio_comp/urbansound8k_audio/01941_air_conditioner.wav,1941,146845-0-0-36.wav,146845,0,air_conditioner,7
/scratch/pdoshi/audio_comp/urbansound8k_audio/01942_air_conditioner.wav,1942,146845-0-0-5.wav,146845,0,air_conditioner,7
/scratch/pdoshi/audio_comp/urbansound8k_audio/01943_air_conditioner.wav,1943,146845-0-0-6.wav,146845,0,air_conditioner,7
/scratch/pdoshi/audio_comp/urbansound8k_audio/01944_air_conditioner.wav,1944,146845-0-0-7.wav,146845,0,air_conditioner,7
/scratch/pdoshi/audio_comp/urbansound8k_audio/01945_air_conditioner.wav,1945,146845-0-0-8.wav,146845,0,air_conditioner,7
/scratch/pdoshi/audio_comp/urbansound8k_audio/01946_air_conditioner.wav,1946,146845-0-0-9.wav,146845,0,air_conditioner,7
/scratch/pdoshi/audio_comp/urbansound8k_audio/01947_drilling.wav,1947,147019-4-0-0.wav,147019,4,drilling,8
/scratch/pdoshi/audio_comp/urbansound8k_audio/01948_gun_shot.wav,1948,147317-6-0-0.wav,147317,6,gun_shot,7
/scratch/pdoshi/audio_comp/urbansound8k_audio/01949_street_music.wav,1949,147491-9-0-0.wav,147491,9,street_music,10
/scratch/pdoshi/audio_comp/urbansound8k_audio/01950_street_music.wav,1950,147491-9-0-5.wav,147491,9,street_music,10
/scratch/pdoshi/audio_comp/urbansound8k_audio/01951_street_music.wav,1951,147491-9-2-10.wav,147491,9,street_music,10
/scratch/pdoshi/audio_comp/urbansound8k_audio/01952_street_music.wav,1952,147491-9-2-25.wav,147491,9,street_music,10
/scratch/pdoshi/audio_comp/urbansound8k_audio/01953_street_music.wav,1953,147491-9-2-32.wav,147491,9,street_music,10
/scratch/pdoshi/audio_comp/urbansound8k_audio/01954_street_music.wav,1954,147491-9-2-6.wav,147491,9,street_music,10
/scratch/pdoshi/audio_comp/urbansound8k_audio/01955_dog_bark.wav,1955,147672-3-0-0.wav,147672,3,dog_bark,2
/scratch/pdoshi/audio_comp/urbansound8k_audio/01956_dog_bark.wav,1956,147672-3-1-0.wav,147672,3,dog_bark,2
/scratch/pdoshi/audio_comp/urbansound8k_audio/01957_dog_bark.wav,1957,147672-3-2-0.wav,147672,3,dog_bark,2
/scratch/pdoshi/audio_comp/urbansound8k_audio/01958_jackhammer.wav,1958,14772-7-0-0.wav,14772,7,jackhammer,7
/scratch/pdoshi/audio_comp/urbansound8k_audio/01959_jackhammer.wav,1959,14772-7-1-0.wav,14772,7,jackhammer,7
/scratch/pdoshi/audio_comp/urbansound8k_audio/01960_jackhammer.wav,1960,14772-7-2-0.wav,14772,7,jackhammer,7
/scratch/pdoshi/audio_comp/urbansound8k_audio/01961_jackhammer.wav,1961,14772-7-3-0.wav,14772,7,jackhammer,7
/scratch/pdoshi/audio_comp/urbansound8k_audio/01962_jackhammer.wav,1962,14772-7-4-0.wav,14772,7,jackhammer,7
/scratch/pdoshi/audio_comp/urbansound8k_audio/01963_jackhammer.wav,1963,14772-7-5-0.wav,14772,7,jackhammer,7
/scratch/pdoshi/audio_comp/urbansound8k_audio/01964_jackhammer.wav,1964,14772-7-6-0.wav,14772,7,jackhammer,7
/scratch/pdoshi/audio_comp/urbansound8k_audio/01965_jackhammer.wav,1965,14772-7-7-0.wav,14772,7,jackhammer,7
/scratch/pdoshi/audio_comp/urbansound8k_audio/01966_jackhammer.wav,1966,14772-7-8-0.wav,14772,7,jackhammer,7
/scratch/pdoshi/audio_comp/urbansound8k_audio/01967_jackhammer.wav,1967,14772-7-9-0.wav,14772,7,jackhammer,7
/scratch/pdoshi/audio_comp/urbansound8k_audio/01968_drilling.wav,1968,147764-4-0-0.wav,147764,4,drilling,1
/scratch/pdoshi/audio_comp/urbansound8k_audio/01969_drilling.wav,1969,147764-4-1-0.wav,147764,4,drilling,1
/scratch/pdoshi/audio_comp/urbansound8k_audio/01970_drilling.wav,1970,147764-4-2-0.wav,147764,4,drilling,1
/scratch/pdoshi/audio_comp/urbansound8k_audio/01971_drilling.wav,1971,147764-4-3-0.wav,147764,4,drilling,1
/scratch/pdoshi/audio_comp/urbansound8k_audio/01972_drilling.wav,1972,147764-4-4-0.wav,147764,4,drilling,1
/scratch/pdoshi/audio_comp/urbansound8k_audio/01973_drilling.wav,1973,147764-4-4-1.wav,147764,4,drilling,1
/scratch/pdoshi/audio_comp/urbansound8k_audio/01974_drilling.wav,1974,147764-4-4-2.wav,147764,4,drilling,1
/scratch/pdoshi/audio_comp/urbansound8k_audio/01975_drilling.wav,1975,147764-4-5-0.wav,147764,4,drilling,1
/scratch/pdoshi/audio_comp/urbansound8k_audio/01976_drilling.wav,1976,147764-4-6-0.wav,147764,4,drilling,1
/scratch/pdoshi/audio_comp/urbansound8k_audio/01977_drilling.wav,1977,147764-4-7-0.wav,147764,4,drilling,1
/scratch/pdoshi/audio_comp/urbansound8k_audio/01978_drilling.wav,1978,147764-4-8-0.wav,147764,4,drilling,1
/scratch/pdoshi/audio_comp/urbansound8k_audio/01979_street_music.wav,1979,14780-9-0-0.wav,14780,9,street_music,2
/scratch/pdoshi/audio_comp/urbansound8k_audio/01980_street_music.wav,1980,14780-9-0-1.wav,14780,9,street_music,2
/scratch/pdoshi/audio_comp/urbansound8k_audio/01981_street_music.wav,1981,14780-9-0-2.wav,14780,9,street_music,2
/scratch/pdoshi/audio_comp/urbansound8k_audio/01982_air_conditioner.wav,1982,147926-0-0-10.wav,147926,0,air_conditioner,2
/scratch/pdoshi/audio_comp/urbansound8k_audio/01983_air_conditioner.wav,1983,147926-0-0-11.wav,147926,0,air_conditioner,2
/scratch/pdoshi/audio_comp/urbansound8k_audio/01984_air_conditioner.wav,1984,147926-0-0-12.wav,147926,0,air_conditioner,2
/scratch/pdoshi/audio_comp/urbansound8k_audio/01985_air_conditioner.wav,1985,147926-0-0-16.wav,147926,0,air_conditioner,2
/scratch/pdoshi/audio_comp/urbansound8k_audio/01986_air_conditioner.wav,1986,147926-0-0-17.wav,147926,0,air_conditioner,2
/scratch/pdoshi/audio_comp/urbansound8k_audio/01987_air_conditioner.wav,1987,147926-0-0-2.wav,147926,0,air_conditioner,2
/scratch/pdoshi/audio_comp/urbansound8k_audio/01988_air_conditioner.wav,1988,147926-0-0-20.wav,147926,0,air_conditioner,2
/scratch/pdoshi/audio_comp/urbansound8k_audio/01989_air_conditioner.wav,1989,147926-0-0-21.wav,147926,0,air_conditioner,2
/scratch/pdoshi/audio_comp/urbansound8k_audio/01990_air_conditioner.wav,1990,147926-0-0-27.wav,147926,0,air_conditioner,2
/scratch/pdoshi/audio_comp/urbansound8k_audio/01991_air_conditioner.wav,1991,147926-0-0-28.wav,147926,0,air_conditioner,2
/scratch/pdoshi/audio_comp/urbansound8k_audio/01992_air_conditioner.wav,1992,147926-0-0-34.wav,147926,0,air_conditioner,2
/scratch/pdoshi/audio_comp/urbansound8k_audio/01993_air_conditioner.wav,1993,147926-0-0-35.wav,147926,0,air_conditioner,2
/scratch/pdoshi/audio_comp/urbansound8k_audio/01994_air_conditioner.wav,1994,147926-0-0-36.wav,147926,0,air_conditioner,2
/scratch/pdoshi/audio_comp/urbansound8k_audio/01995_air_conditioner.wav,1995,147926-0-0-37.wav,147926,0,air_conditioner,2
/scratch/pdoshi/audio_comp/urbansound8k_audio/01996_air_conditioner.wav,1996,147926-0-0-39.wav,147926,0,air_conditioner,2
/scratch/pdoshi/audio_comp/urbansound8k_audio/01997_air_conditioner.wav,1997,147926-0-0-4.wav,147926,0,air_conditioner,2
/scratch/pdoshi/audio_comp/urbansound8k_audio/01998_air_conditioner.wav,1998,147926-0-0-41.wav,147926,0,air_conditioner,2
/scratch/pdoshi/audio_comp/urbansound8k_audio/01999_air_conditioner.wav,1999,147926-0-0-42.wav,147926,0,air_conditioner,2
/scratch/pdoshi/audio_comp/urbansound8k_audio/02000_air_conditioner.wav,2000,147926-0-0-44.wav,147926,0,air_conditioner,2
/scratch/pdoshi/audio_comp/urbansound8k_audio/02001_air_conditioner.wav,2001,147926-0-0-5.wav,147926,0,air_conditioner,2
/scratch/pdoshi/audio_comp/urbansound8k_audio/02002_air_conditioner.wav,2002,147926-0-0-50.wav,147926,0,air_conditioner,2
/scratch/pdoshi/audio_comp/urbansound8k_audio/02003_air_conditioner.wav,2003,147926-0-0-52.wav,147926,0,air_conditioner,2
/scratch/pdoshi/audio_comp/urbansound8k_audio/02004_air_conditioner.wav,2004,147926-0-0-54.wav,147926,0,air_conditioner,2
/scratch/pdoshi/audio_comp/urbansound8k_audio/02005_air_conditioner.wav,2005,147926-0-0-7.wav,147926,0,air_conditioner,2
/scratch/pdoshi/audio_comp/urbansound8k_audio/02006_gun_shot.wav,2006,148166-6-0-0.wav,148166,6,gun_shot,9
/scratch/pdoshi/audio_comp/urbansound8k_audio/02007_jackhammer.wav,2007,148463-7-2-0.wav,148463,7,jackhammer,4
/scratch/pdoshi/audio_comp/urbansound8k_audio/02008_jackhammer.wav,2008,148463-7-2-1.wav,148463,7,jackhammer,4
/scratch/pdoshi/audio_comp/urbansound8k_audio/02009_jackhammer.wav,2009,148463-7-2-2.wav,148463,7,jackhammer,4
/scratch/pdoshi/audio_comp/urbansound8k_audio/02010_jackhammer.wav,2010,148463-7-3-0.wav,148463,7,jackhammer,4
/scratch/pdoshi/audio_comp/urbansound8k_audio/02011_jackhammer.wav,2011,148463-7-3-1.wav,148463,7,jackhammer,4
/scratch/pdoshi/audio_comp/urbansound8k_audio/02012_jackhammer.wav,2012,148463-7-3-10.wav,148463,7,jackhammer,4
/scratch/pdoshi/audio_comp/urbansound8k_audio/02013_jackhammer.wav,2013,148463-7-3-2.wav,148463,7,jackhammer,4
/scratch/pdoshi/audio_comp/urbansound8k_audio/02014_jackhammer.wav,2014,148463-7-3-3.wav,148463,7,jackhammer,4
/scratch/pdoshi/audio_comp/urbansound8k_audio/02015_jackhammer.wav,2015,148463-7-3-4.wav,148463,7,jackhammer,4
/scratch/pdoshi/audio_comp/urbansound8k_audio/02016_jackhammer.wav,2016,148463-7-3-5.wav,148463,7,jackhammer,4
/scratch/pdoshi/audio_comp/urbansound8k_audio/02017_jackhammer.wav,2017,148463-7-3-6.wav,148463,7,jackhammer,4
/scratch/pdoshi/audio_comp/urbansound8k_audio/02018_jackhammer.wav,2018,148463-7-3-7.wav,148463,7,jackhammer,4
/scratch/pdoshi/audio_comp/urbansound8k_audio/02019_jackhammer.wav,2019,148463-7-3-8.wav,148463,7,jackhammer,4
/scratch/pdoshi/audio_comp/urbansound8k_audio/02020_jackhammer.wav,2020,148463-7-3-9.wav,148463,7,jackhammer,4
/scratch/pdoshi/audio_comp/urbansound8k_audio/02021_siren.wav,2021,148632-8-0-0.wav,148632,8,siren,8
/scratch/pdoshi/audio_comp/urbansound8k_audio/02022_siren.wav,2022,148632-8-0-1.wav,148632,8,siren,8
/scratch/pdoshi/audio_comp/urbansound8k_audio/02023_siren.wav,2023,148632-8-0-10.wav,148632,8,siren,8
/scratch/pdoshi/audio_comp/urbansound8k_audio/02024_siren.wav,2024,148632-8-0-11.wav,148632,8,siren,8
/scratch/pdoshi/audio_comp/urbansound8k_audio/02025_siren.wav,2025,148632-8-0-12.wav,148632,8,siren,8
/scratch/pdoshi/audio_comp/urbansound8k_audio/02026_siren.wav,2026,148632-8-0-13.wav,148632,8,siren,8
/scratch/pdoshi/audio_comp/urbansound8k_audio/02027_siren.wav,2027,148632-8-0-14.wav,148632,8,siren,8
/scratch/pdoshi/audio_comp/urbansound8k_audio/02028_siren.wav,2028,148632-8-0-15.wav,148632,8,siren,8
/scratch/pdoshi/audio_comp/urbansound8k_audio/02029_siren.wav,2029,148632-8-0-16.wav,148632,8,siren,8
/scratch/pdoshi/audio_comp/urbansound8k_audio/02030_siren.wav,2030,148632-8-0-17.wav,148632,8,siren,8
/scratch/pdoshi/audio_comp/urbansound8k_audio/02031_siren.wav,2031,148632-8-0-18.wav,148632,8,siren,8
/scratch/pdoshi/audio_comp/urbansound8k_audio/02032_siren.wav,2032,148632-8-0-2.wav,148632,8,siren,8
/scratch/pdoshi/audio_comp/urbansound8k_audio/02033_siren.wav,2033,148632-8-0-3.wav,148632,8,siren,8
/scratch/pdoshi/audio_comp/urbansound8k_audio/02034_siren.wav,2034,148632-8-0-4.wav,148632,8,siren,8
/scratch/pdoshi/audio_comp/urbansound8k_audio/02035_siren.wav,2035,148632-8-0-5.wav,148632,8,siren,8
/scratch/pdoshi/audio_comp/urbansound8k_audio/02036_siren.wav,2036,148632-8-0-6.wav,148632,8,siren,8
/scratch/pdoshi/audio_comp/urbansound8k_audio/02037_siren.wav,2037,148632-8-0-7.wav,148632,8,siren,8
/scratch/pdoshi/audio_comp/urbansound8k_audio/02038_siren.wav,2038,148632-8-0-8.wav,148632,8,siren,8
/scratch/pdoshi/audio_comp/urbansound8k_audio/02039_siren.wav,2039,148632-8-0-9.wav,148632,8,siren,8
/scratch/pdoshi/audio_comp/urbansound8k_audio/02040_gun_shot.wav,2040,148827-6-0-0.wav,148827,6,gun_shot,7
/scratch/pdoshi/audio_comp/urbansound8k_audio/02041_gun_shot.wav,2041,148827-6-1-0.wav,148827,6,gun_shot,7
/scratch/pdoshi/audio_comp/urbansound8k_audio/02042_gun_shot.wav,2042,148827-6-2-0.wav,148827,6,gun_shot,7
/scratch/pdoshi/audio_comp/urbansound8k_audio/02043_gun_shot.wav,2043,148827-6-3-0.wav,148827,6,gun_shot,7
/scratch/pdoshi/audio_comp/urbansound8k_audio/02044_gun_shot.wav,2044,148827-6-4-0.wav,148827,6,gun_shot,7
/scratch/pdoshi/audio_comp/urbansound8k_audio/02045_gun_shot.wav,2045,148828-6-0-0.wav,148828,6,gun_shot,7
/scratch/pdoshi/audio_comp/urbansound8k_audio/02046_gun_shot.wav,2046,148828-6-1-0.wav,148828,6,gun_shot,7
/scratch/pdoshi/audio_comp/urbansound8k_audio/02047_gun_shot.wav,2047,148833-6-0-0.wav,148833,6,gun_shot,6
/scratch/pdoshi/audio_comp/urbansound8k_audio/02048_gun_shot.wav,2048,148833-6-1-0.wav,148833,6,gun_shot,6
/scratch/pdoshi/audio_comp/urbansound8k_audio/02049_gun_shot.wav,2049,148834-6-0-0.wav,148834,6,gun_shot,6
/scratch/pdoshi/audio_comp/urbansound8k_audio/02050_gun_shot.wav,2050,148835-6-0-0.wav,148835,6,gun_shot,6
/scratch/pdoshi/audio_comp/urbansound8k_audio/02051_gun_shot.wav,2051,148835-6-1-0.wav,148835,6,gun_shot,6
/scratch/pdoshi/audio_comp/urbansound8k_audio/02052_gun_shot.wav,2052,148835-6-2-0.wav,148835,6,gun_shot,6
/scratch/pdoshi/audio_comp/urbansound8k_audio/02053_gun_shot.wav,2053,148835-6-3-0.wav,148835,6,gun_shot,6
/scratch/pdoshi/audio_comp/urbansound8k_audio/02054_gun_shot.wav,2054,148835-6-4-0.wav,148835,6,gun_shot,6
/scratch/pdoshi/audio_comp/urbansound8k_audio/02055_gun_shot.wav,2055,148837-6-0-0.wav,148837,6,gun_shot,4
/scratch/pdoshi/audio_comp/urbansound8k_audio/02056_gun_shot.wav,2056,148837-6-1-0.wav,148837,6,gun_shot,4
/scratch/pdoshi/audio_comp/urbansound8k_audio/02057_gun_shot.wav,2057,148837-6-2-0.wav,148837,6,gun_shot,4
/scratch/pdoshi/audio_comp/urbansound8k_audio/02058_gun_shot.wav,2058,148838-6-0-0.wav,148838,6,gun_shot,3
/scratch/pdoshi/audio_comp/urbansound8k_audio/02059_gun_shot.wav,2059,148838-6-1-0.wav,148838,6,gun_shot,3
/scratch/pdoshi/audio_comp/urbansound8k_audio/02060_gun_shot.wav,2060,148838-6-2-0.wav,148838,6,gun_shot,3
/scratch/pdoshi/audio_comp/urbansound8k_audio/02061_gun_shot.wav,2061,148841-6-0-0.wav,148841,6,gun_shot,5
/scratch/pdoshi/audio_comp/urbansound8k_audio/02062_gun_shot.wav,2062,148841-6-1-0.wav,148841,6,gun_shot,5
/scratch/pdoshi/audio_comp/urbansound8k_audio/02063_gun_shot.wav,2063,148841-6-2-0.wav,148841,6,gun_shot,5
/scratch/pdoshi/audio_comp/urbansound8k_audio/02064_gun_shot.wav,2064,149177-6-0-0.wav,149177,6,gun_shot,2
/scratch/pdoshi/audio_comp/urbansound8k_audio/02065_engine_idling.wav,2065,149193-5-0-0.wav,149193,5,engine_idling,7
/scratch/pdoshi/audio_comp/urbansound8k_audio/02066_engine_idling.wav,2066,149193-5-0-1.wav,149193,5,engine_idling,7
/scratch/pdoshi/audio_comp/urbansound8k_audio/02067_engine_idling.wav,2067,149193-5-0-2.wav,149193,5,engine_idling,7
/scratch/pdoshi/audio_comp/urbansound8k_audio/02068_engine_idling.wav,2068,149193-5-0-3.wav,149193,5,engine_idling,7
/scratch/pdoshi/audio_comp/urbansound8k_audio/02069_engine_idling.wav,2069,149193-5-0-4.wav,149193,5,engine_idling,7
/scratch/pdoshi/audio_comp/urbansound8k_audio/02070_engine_idling.wav,2070,149193-5-0-5.wav,149193,5,engine_idling,7
/scratch/pdoshi/audio_comp/urbansound8k_audio/02071_street_music.wav,2071,149254-9-0-25.wav,149254,9,street_music,2
/scratch/pdoshi/audio_comp/urbansound8k_audio/02072_street_music.wav,2072,149254-9-0-29.wav,149254,9,street_music,2
/scratch/pdoshi/audio_comp/urbansound8k_audio/02073_street_music.wav,2073,149254-9-0-30.wav,149254,9,street_music,2
/scratch/pdoshi/audio_comp/urbansound8k_audio/02074_street_music.wav,2074,149254-9-0-42.wav,149254,9,street_music,2
/scratch/pdoshi/audio_comp/urbansound8k_audio/02075_street_music.wav,2075,149254-9-0-51.wav,149254,9,street_music,2
/scratch/pdoshi/audio_comp/urbansound8k_audio/02076_street_music.wav,2076,149254-9-0-56.wav,149254,9,street_music,2
/scratch/pdoshi/audio_comp/urbansound8k_audio/02077_street_music.wav,2077,149255-9-0-0.wav,149255,9,street_music,9
/scratch/pdoshi/audio_comp/urbansound8k_audio/02078_street_music.wav,2078,149255-9-0-13.wav,149255,9,street_music,9
/scratch/pdoshi/audio_comp/urbansound8k_audio/02079_street_music.wav,2079,149255-9-0-3.wav,149255,9,street_music,9
/scratch/pdoshi/audio_comp/urbansound8k_audio/02080_street_music.wav,2080,149255-9-0-4.wav,149255,9,street_music,9
/scratch/pdoshi/audio_comp/urbansound8k_audio/02081_street_music.wav,2081,149255-9-0-5.wav,149255,9,street_music,9
/scratch/pdoshi/audio_comp/urbansound8k_audio/02082_street_music.wav,2082,149255-9-0-7.wav,149255,9,street_music,9
/scratch/pdoshi/audio_comp/urbansound8k_audio/02083_street_music.wav,2083,149370-9-0-15.wav,149370,9,street_music,2
/scratch/pdoshi/audio_comp/urbansound8k_audio/02084_street_music.wav,2084,149370-9-0-19.wav,149370,9,street_music,2
/scratch/pdoshi/audio_comp/urbansound8k_audio/02085_street_music.wav,2085,149370-9-0-21.wav,149370,9,street_music,2
/scratch/pdoshi/audio_comp/urbansound8k_audio/02086_street_music.wav,2086,149370-9-0-22.wav,149370,9,street_music,2
/scratch/pdoshi/audio_comp/urbansound8k_audio/02087_street_music.wav,2087,149370-9-0-32.wav,149370,9,street_music,2
/scratch/pdoshi/audio_comp/urbansound8k_audio/02088_street_music.wav,2088,149370-9-0-37.wav,149370,9,street_music,2
/scratch/pdoshi/audio_comp/urbansound8k_audio/02089_street_music.wav,2089,149929-9-0-0.wav,149929,9,street_music,9
/scratch/pdoshi/audio_comp/urbansound8k_audio/02090_street_music.wav,2090,149929-9-0-2.wav,149929,9,street_music,9
/scratch/pdoshi/audio_comp/urbansound8k_audio/02091_street_music.wav,2091,149929-9-0-5.wav,149929,9,street_music,9
/scratch/pdoshi/audio_comp/urbansound8k_audio/02092_street_music.wav,2092,149929-9-1-0.wav,149929,9,street_music,9
/scratch/pdoshi/audio_comp/urbansound8k_audio/02093_street_music.wav,2093,149929-9-1-1.wav,149929,9,street_music,9
/scratch/pdoshi/audio_comp/urbansound8k_audio/02094_street_music.wav,2094,149929-9-1-4.wav,149929,9,street_music,9
/scratch/pdoshi/audio_comp/urbansound8k_audio/02095_dog_bark.wav,2095,150341-3-0-0.wav,150341,3,dog_bark,1
/scratch/pdoshi/audio_comp/urbansound8k_audio/02096_dog_bark.wav,2096,150341-3-1-0.wav,150341,3,dog_bark,1
/scratch/pdoshi/audio_comp/urbansound8k_audio/02097_drilling.wav,2097,151005-4-0-0.wav,151005,4,drilling,4
/scratch/pdoshi/audio_comp/urbansound8k_audio/02098_drilling.wav,2098,151005-4-0-1.wav,151005,4,drilling,4
/scratch/pdoshi/audio_comp/urbansound8k_audio/02099_drilling.wav,2099,151005-4-0-2.wav,151005,4,drilling,4
/scratch/pdoshi/audio_comp/urbansound8k_audio/02100_drilling.wav,2100,151005-4-0-3.wav,151005,4,drilling,4
/scratch/pdoshi/audio_comp/urbansound8k_audio/02101_drilling.wav,2101,151005-4-1-0.wav,151005,4,drilling,4
/scratch/pdoshi/audio_comp/urbansound8k_audio/02102_drilling.wav,2102,151005-4-1-1.wav,151005,4,drilling,4
/scratch/pdoshi/audio_comp/urbansound8k_audio/02103_drilling.wav,2103,151005-4-1-2.wav,151005,4,drilling,4
/scratch/pdoshi/audio_comp/urbansound8k_audio/02104_drilling.wav,2104,151005-4-2-0.wav,151005,4,drilling,4
/scratch/pdoshi/audio_comp/urbansound8k_audio/02105_drilling.wav,2105,151005-4-2-1.wav,151005,4,drilling,4
/scratch/pdoshi/audio_comp/urbansound8k_audio/02106_drilling.wav,2106,151005-4-3-0.wav,151005,4,drilling,4
/scratch/pdoshi/audio_comp/urbansound8k_audio/02107_drilling.wav,2107,151005-4-3-1.wav,151005,4,drilling,4
/scratch/pdoshi/audio_comp/urbansound8k_audio/02108_drilling.wav,2108,151005-4-3-2.wav,151005,4,drilling,4
/scratch/pdoshi/audio_comp/urbansound8k_audio/02109_gun_shot.wav,2109,151065-6-0-0.wav,151065,6,gun_shot,7
/scratch/pdoshi/audio_comp/urbansound8k_audio/02110_gun_shot.wav,2110,151069-6-0-0.wav,151069,6,gun_shot,8
/scratch/pdoshi/audio_comp/urbansound8k_audio/02111_gun_shot.wav,2111,151071-6-0-0.wav,151071,6,gun_shot,3
/scratch/pdoshi/audio_comp/urbansound8k_audio/02112_children_playing.wav,2112,151149-2-0-11.wav,151149,2,children_playing,3
/scratch/pdoshi/audio_comp/urbansound8k_audio/02113_children_playing.wav,2113,151149-2-0-12.wav,151149,2,children_playing,3
/scratch/pdoshi/audio_comp/urbansound8k_audio/02114_children_playing.wav,2114,151149-2-0-15.wav,151149,2,children_playing,3
/scratch/pdoshi/audio_comp/urbansound8k_audio/02115_children_playing.wav,2115,151149-2-0-22.wav,151149,2,children_playing,3
/scratch/pdoshi/audio_comp/urbansound8k_audio/02116_children_playing.wav,2116,151149-2-0-3.wav,151149,2,children_playing,3
/scratch/pdoshi/audio_comp/urbansound8k_audio/02117_children_playing.wav,2117,151149-2-0-4.wav,151149,2,children_playing,3
/scratch/pdoshi/audio_comp/urbansound8k_audio/02118_children_playing.wav,2118,151149-2-0-54.wav,151149,2,children_playing,3
/scratch/pdoshi/audio_comp/urbansound8k_audio/02119_children_playing.wav,2119,151149-2-0-56.wav,151149,2,children_playing,3
/scratch/pdoshi/audio_comp/urbansound8k_audio/02120_car_horn.wav,2120,151359-1-0-0.wav,151359,1,car_horn,3
/scratch/pdoshi/audio_comp/urbansound8k_audio/02121_car_horn.wav,2121,151359-1-1-0.wav,151359,1,car_horn,3
/scratch/pdoshi/audio_comp/urbansound8k_audio/02122_car_horn.wav,2122,151359-1-2-0.wav,151359,1,car_horn,3
/scratch/pdoshi/audio_comp/urbansound8k_audio/02123_car_horn.wav,2123,151359-1-3-0.wav,151359,1,car_horn,3
/scratch/pdoshi/audio_comp/urbansound8k_audio/02124_engine_idling.wav,2124,151877-5-0-0.wav,151877,5,engine_idling,4
/scratch/pdoshi/audio_comp/urbansound8k_audio/02125_engine_idling.wav,2125,151877-5-1-0.wav,151877,5,engine_idling,4
/scratch/pdoshi/audio_comp/urbansound8k_audio/02126_air_conditioner.wav,2126,151977-0-0-0.wav,151977,0,air_conditioner,1
/scratch/pdoshi/audio_comp/urbansound8k_audio/02127_air_conditioner.wav,2127,151977-0-0-1.wav,151977,0,air_conditioner,1
/scratch/pdoshi/audio_comp/urbansound8k_audio/02128_air_conditioner.wav,2128,151977-0-0-10.wav,151977,0,air_conditioner,1
/scratch/pdoshi/audio_comp/urbansound8k_audio/02129_air_conditioner.wav,2129,151977-0-0-11.wav,151977,0,air_conditioner,1
/scratch/pdoshi/audio_comp/urbansound8k_audio/02130_air_conditioner.wav,2130,151977-0-0-12.wav,151977,0,air_conditioner,1
/scratch/pdoshi/audio_comp/urbansound8k_audio/02131_air_conditioner.wav,2131,151977-0-0-13.wav,151977,0,air_conditioner,1
/scratch/pdoshi/audio_comp/urbansound8k_audio/02132_air_conditioner.wav,2132,151977-0-0-2.wav,151977,0,air_conditioner,1
/scratch/pdoshi/audio_comp/urbansound8k_audio/02133_air_conditioner.wav,2133,151977-0-0-3.wav,151977,0,air_conditioner,1
/scratch/pdoshi/audio_comp/urbansound8k_audio/02134_air_conditioner.wav,2134,151977-0-0-4.wav,151977,0,air_conditioner,1
/scratch/pdoshi/audio_comp/urbansound8k_audio/02135_air_conditioner.wav,2135,151977-0-0-5.wav,151977,0,air_conditioner,1
/scratch/pdoshi/audio_comp/urbansound8k_audio/02136_air_conditioner.wav,2136,151977-0-0-6.wav,151977,0,air_conditioner,1
/scratch/pdoshi/audio_comp/urbansound8k_audio/02137_air_conditioner.wav,2137,151977-0-0-7.wav,151977,0,air_conditioner,1
/scratch/pdoshi/audio_comp/urbansound8k_audio/02138_air_conditioner.wav,2138,151977-0-0-8.wav,151977,0,air_conditioner,1
/scratch/pdoshi/audio_comp/urbansound8k_audio/02139_air_conditioner.wav,2139,151977-0-0-9.wav,151977,0,air_conditioner,1
/scratch/pdoshi/audio_comp/urbansound8k_audio/02140_street_music.wav,2140,152570-9-0-0.wav,152570,9,street_music,9
/scratch/pdoshi/audio_comp/urbansound8k_audio/02141_street_music.wav,2141,152570-9-1-41.wav,152570,9,street_music,9
/scratch/pdoshi/audio_comp/urbansound8k_audio/02142_street_music.wav,2142,152570-9-1-42.wav,152570,9,street_music,9
/scratch/pdoshi/audio_comp/urbansound8k_audio/02143_street_music.wav,2143,152570-9-1-61.wav,152570,9,street_music,9
/scratch/pdoshi/audio_comp/urbansound8k_audio/02144_street_music.wav,2144,152570-9-1-63.wav,152570,9,street_music,9
/scratch/pdoshi/audio_comp/urbansound8k_audio/02145_street_music.wav,2145,152570-9-1-81.wav,152570,9,street_music,9
/scratch/pdoshi/audio_comp/urbansound8k_audio/02146_dog_bark.wav,2146,152588-3-0-0.wav,152588,3,dog_bark,9
/scratch/pdoshi/audio_comp/urbansound8k_audio/02147_dog_bark.wav,2147,152588-3-1-0.wav,152588,3,dog_bark,9
/scratch/pdoshi/audio_comp/urbansound8k_audio/02148_dog_bark.wav,2148,152588-3-2-0.wav,152588,3,dog_bark,9
/scratch/pdoshi/audio_comp/urbansound8k_audio/02149_dog_bark.wav,2149,152588-3-3-0.wav,152588,3,dog_bark,9
/scratch/pdoshi/audio_comp/urbansound8k_audio/02150_engine_idling.wav,2150,152908-5-0-0.wav,152908,5,engine_idling,2
/scratch/pdoshi/audio_comp/urbansound8k_audio/02151_engine_idling.wav,2151,152908-5-0-1.wav,152908,5,engine_idling,2
/scratch/pdoshi/audio_comp/urbansound8k_audio/02152_engine_idling.wav,2152,152908-5-0-10.wav,152908,5,engine_idling,2
/scratch/pdoshi/audio_comp/urbansound8k_audio/02153_engine_idling.wav,2153,152908-5-0-11.wav,152908,5,engine_idling,2
/scratch/pdoshi/audio_comp/urbansound8k_audio/02154_engine_idling.wav,2154,152908-5-0-12.wav,152908,5,engine_idling,2
/scratch/pdoshi/audio_comp/urbansound8k_audio/02155_engine_idling.wav,2155,152908-5-0-13.wav,152908,5,engine_idling,2
/scratch/pdoshi/audio_comp/urbansound8k_audio/02156_engine_idling.wav,2156,152908-5-0-2.wav,152908,5,engine_idling,2
/scratch/pdoshi/audio_comp/urbansound8k_audio/02157_engine_idling.wav,2157,152908-5-0-3.wav,152908,5,engine_idling,2
/scratch/pdoshi/audio_comp/urbansound8k_audio/02158_engine_idling.wav,2158,152908-5-0-4.wav,152908,5,engine_idling,2
/scratch/pdoshi/audio_comp/urbansound8k_audio/02159_engine_idling.wav,2159,152908-5-0-5.wav,152908,5,engine_idling,2
/scratch/pdoshi/audio_comp/urbansound8k_audio/02160_engine_idling.wav,2160,152908-5-0-6.wav,152908,5,engine_idling,2
/scratch/pdoshi/audio_comp/urbansound8k_audio/02161_engine_idling.wav,2161,152908-5-0-7.wav,152908,5,engine_idling,2
/scratch/pdoshi/audio_comp/urbansound8k_audio/02162_engine_idling.wav,2162,152908-5-0-8.wav,152908,5,engine_idling,2
/scratch/pdoshi/audio_comp/urbansound8k_audio/02163_engine_idling.wav,2163,152908-5-0-9.wav,152908,5,engine_idling,2
/scratch/pdoshi/audio_comp/urbansound8k_audio/02164_car_horn.wav,2164,153057-1-0-0.wav,153057,1,car_horn,7
/scratch/pdoshi/audio_comp/urbansound8k_audio/02165_air_conditioner.wav,2165,153261-0-0-0.wav,153261,0,air_conditioner,3
/scratch/pdoshi/audio_comp/urbansound8k_audio/02166_air_conditioner.wav,2166,153261-0-0-1.wav,153261,0,air_conditioner,3
/scratch/pdoshi/audio_comp/urbansound8k_audio/02167_air_conditioner.wav,2167,153261-0-0-2.wav,153261,0,air_conditioner,3
/scratch/pdoshi/audio_comp/urbansound8k_audio/02168_air_conditioner.wav,2168,153261-0-0-3.wav,153261,0,air_conditioner,3
/scratch/pdoshi/audio_comp/urbansound8k_audio/02169_children_playing.wav,2169,15356-2-0-0.wav,15356,2,children_playing,3
/scratch/pdoshi/audio_comp/urbansound8k_audio/02170_children_playing.wav,2170,15356-2-0-1.wav,15356,2,children_playing,3
/scratch/pdoshi/audio_comp/urbansound8k_audio/02171_children_playing.wav,2171,15356-2-0-2.wav,15356,2,children_playing,3
/scratch/pdoshi/audio_comp/urbansound8k_audio/02172_children_playing.wav,2172,15356-2-0-3.wav,15356,2,children_playing,3
/scratch/pdoshi/audio_comp/urbansound8k_audio/02173_children_playing.wav,2173,15356-2-0-4.wav,15356,2,children_playing,3
/scratch/pdoshi/audio_comp/urbansound8k_audio/02174_engine_idling.wav,2174,154758-5-0-0.wav,154758,5,engine_idling,4
/scratch/pdoshi/audio_comp/urbansound8k_audio/02175_engine_idling.wav,2175,154758-5-0-1.wav,154758,5,engine_idling,4
/scratch/pdoshi/audio_comp/urbansound8k_audio/02176_engine_idling.wav,2176,154758-5-0-10.wav,154758,5,engine_idling,4
/scratch/pdoshi/audio_comp/urbansound8k_audio/02177_engine_idling.wav,2177,154758-5-0-11.wav,154758,5,engine_idling,4
/scratch/pdoshi/audio_comp/urbansound8k_audio/02178_engine_idling.wav,2178,154758-5-0-12.wav,154758,5,engine_idling,4
/scratch/pdoshi/audio_comp/urbansound8k_audio/02179_engine_idling.wav,2179,154758-5-0-13.wav,154758,5,engine_idling,4
/scratch/pdoshi/audio_comp/urbansound8k_audio/02180_engine_idling.wav,2180,154758-5-0-14.wav,154758,5,engine_idling,4
/scratch/pdoshi/audio_comp/urbansound8k_audio/02181_engine_idling.wav,2181,154758-5-0-15.wav,154758,5,engine_idling,4
/scratch/pdoshi/audio_comp/urbansound8k_audio/02182_engine_idling.wav,2182,154758-5-0-16.wav,154758,5,engine_idling,4
/scratch/pdoshi/audio_comp/urbansound8k_audio/02183_engine_idling.wav,2183,154758-5-0-17.wav,154758,5,engine_idling,4
/scratch/pdoshi/audio_comp/urbansound8k_audio/02184_engine_idling.wav,2184,154758-5-0-18.wav,154758,5,engine_idling,4
/scratch/pdoshi/audio_comp/urbansound8k_audio/02185_engine_idling.wav,2185,154758-5-0-19.wav,154758,5,engine_idling,4
/scratch/pdoshi/audio_comp/urbansound8k_audio/02186_engine_idling.wav,2186,154758-5-0-2.wav,154758,5,engine_idling,4
/scratch/pdoshi/audio_comp/urbansound8k_audio/02187_engine_idling.wav,2187,154758-5-0-20.wav,154758,5,engine_idling,4
/scratch/pdoshi/audio_comp/urbansound8k_audio/02188_engine_idling.wav,2188,154758-5-0-21.wav,154758,5,engine_idling,4
/scratch/pdoshi/audio_comp/urbansound8k_audio/02189_engine_idling.wav,2189,154758-5-0-3.wav,154758,5,engine_idling,4
/scratch/pdoshi/audio_comp/urbansound8k_audio/02190_engine_idling.wav,2190,154758-5-0-4.wav,154758,5,engine_idling,4
/scratch/pdoshi/audio_comp/urbansound8k_audio/02191_engine_idling.wav,2191,154758-5-0-5.wav,154758,5,engine_idling,4
/scratch/pdoshi/audio_comp/urbansound8k_audio/02192_engine_idling.wav,2192,154758-5-0-6.wav,154758,5,engine_idling,4
/scratch/pdoshi/audio_comp/urbansound8k_audio/02193_engine_idling.wav,2193,154758-5-0-7.wav,154758,5,engine_idling,4
/scratch/pdoshi/audio_comp/urbansound8k_audio/02194_engine_idling.wav,2194,154758-5-0-8.wav,154758,5,engine_idling,4
/scratch/pdoshi/audio_comp/urbansound8k_audio/02195_engine_idling.wav,2195,154758-5-0-9.wav,154758,5,engine_idling,4
/scratch/pdoshi/audio_comp/urbansound8k_audio/02196_street_music.wav,2196,155044-9-0-11.wav,155044,9,street_music,9
/scratch/pdoshi/audio_comp/urbansound8k_audio/02197_street_music.wav,2197,155044-9-0-15.wav,155044,9,street_music,9
/scratch/pdoshi/audio_comp/urbansound8k_audio/02198_street_music.wav,2198,155044-9-0-19.wav,155044,9,street_music,9
/scratch/pdoshi/audio_comp/urbansound8k_audio/02199_street_music.wav,2199,155044-9-0-3.wav,155044,9,street_music,9
/scratch/pdoshi/audio_comp/urbansound8k_audio/02200_street_music.wav,2200,155044-9-0-37.wav,155044,9,street_music,9
/scratch/pdoshi/audio_comp/urbansound8k_audio/02201_street_music.wav,2201,155044-9-0-38.wav,155044,9,street_music,9
/scratch/pdoshi/audio_comp/urbansound8k_audio/02202_street_music.wav,2202,155127-9-0-2.wav,155127,9,street_music,6
/scratch/pdoshi/audio_comp/urbansound8k_audio/02203_street_music.wav,2203,155127-9-1-2.wav,155127,9,street_music,6
/scratch/pdoshi/audio_comp/urbansound8k_audio/02204_street_music.wav,2204,155127-9-1-23.wav,155127,9,street_music,6
/scratch/pdoshi/audio_comp/urbansound8k_audio/02205_street_music.wav,2205,155127-9-1-24.wav,155127,9,street_music,6
/scratch/pdoshi/audio_comp/urbansound8k_audio/02206_street_music.wav,2206,155127-9-1-25.wav,155127,9,street_music,6
/scratch/pdoshi/audio_comp/urbansound8k_audio/02207_street_music.wav,2207,155127-9-1-27.wav,155127,9,street_music,6
/scratch/pdoshi/audio_comp/urbansound8k_audio/02208_car_horn.wav,2208,155129-1-0-0.wav,155129,1,car_horn,2
/scratch/pdoshi/audio_comp/urbansound8k_audio/02209_car_horn.wav,2209,155129-1-1-0.wav,155129,1,car_horn,2
/scratch/pdoshi/audio_comp/urbansound8k_audio/02210_car_horn.wav,2210,155129-1-2-0.wav,155129,1,car_horn,2
/scratch/pdoshi/audio_comp/urbansound8k_audio/02211_car_horn.wav,2211,155130-1-0-0.wav,155130,1,car_horn,9
/scratch/pdoshi/audio_comp/urbansound8k_audio/02212_car_horn.wav,2212,155130-1-1-0.wav,155130,1,car_horn,9
/scratch/pdoshi/audio_comp/urbansound8k_audio/02213_street_music.wav,2213,155202-9-0-124.wav,155202,9,street_music,1
/scratch/pdoshi/audio_comp/urbansound8k_audio/02214_street_music.wav,2214,155202-9-0-126.wav,155202,9,street_music,1
/scratch/pdoshi/audio_comp/urbansound8k_audio/02215_street_music.wav,2215,155202-9-0-135.wav,155202,9,street_music,1
/scratch/pdoshi/audio_comp/urbansound8k_audio/02216_street_music.wav,2216,155202-9-0-38.wav,155202,9,street_music,1
/scratch/pdoshi/audio_comp/urbansound8k_audio/02217_street_music.wav,2217,155202-9-0-42.wav,155202,9,street_music,1
/scratch/pdoshi/audio_comp/urbansound8k_audio/02218_street_music.wav,2218,155202-9-0-6.wav,155202,9,street_music,1
/scratch/pdoshi/audio_comp/urbansound8k_audio/02219_street_music.wav,2219,155212-9-0-13.wav,155212,9,street_music,6
/scratch/pdoshi/audio_comp/urbansound8k_audio/02220_street_music.wav,2220,155212-9-1-14.wav,155212,9,street_music,6
/scratch/pdoshi/audio_comp/urbansound8k_audio/02221_street_music.wav,2221,155212-9-1-49.wav,155212,9,street_music,6
/scratch/pdoshi/audio_comp/urbansound8k_audio/02222_street_music.wav,2222,155212-9-1-75.wav,155212,9,street_music,6
/scratch/pdoshi/audio_comp/urbansound8k_audio/02223_street_music.wav,2223,155212-9-1-85.wav,155212,9,street_music,6
/scratch/pdoshi/audio_comp/urbansound8k_audio/02224_street_music.wav,2224,155212-9-1-88.wav,155212,9,street_music,6
/scratch/pdoshi/audio_comp/urbansound8k_audio/02225_street_music.wav,2225,155217-9-0-27.wav,155217,9,street_music,8
/scratch/pdoshi/audio_comp/urbansound8k_audio/02226_street_music.wav,2226,155217-9-0-39.wav,155217,9,street_music,8
/scratch/pdoshi/audio_comp/urbansound8k_audio/02227_street_music.wav,2227,155217-9-0-57.wav,155217,9,street_music,8
/scratch/pdoshi/audio_comp/urbansound8k_audio/02228_street_music.wav,2228,155217-9-0-85.wav,155217,9,street_music,8
/scratch/pdoshi/audio_comp/urbansound8k_audio/02229_street_music.wav,2229,155217-9-1-24.wav,155217,9,street_music,8
/scratch/pdoshi/audio_comp/urbansound8k_audio/02230_street_music.wav,2230,155217-9-1-58.wav,155217,9,street_music,8
/scratch/pdoshi/audio_comp/urbansound8k_audio/02231_children_playing.wav,2231,155219-2-0-0.wav,155219,2,children_playing,2
/scratch/pdoshi/audio_comp/urbansound8k_audio/02232_children_playing.wav,2232,155219-2-0-1.wav,155219,2,children_playing,2
/scratch/pdoshi/audio_comp/urbansound8k_audio/02233_children_playing.wav,2233,155219-2-0-22.wav,155219,2,children_playing,2
/scratch/pdoshi/audio_comp/urbansound8k_audio/02234_children_playing.wav,2234,155219-2-0-24.wav,155219,2,children_playing,2
/scratch/pdoshi/audio_comp/urbansound8k_audio/02235_children_playing.wav,2235,155219-2-0-25.wav,155219,2,children_playing,2
/scratch/pdoshi/audio_comp/urbansound8k_audio/02236_children_playing.wav,2236,155219-2-0-26.wav,155219,2,children_playing,2
/scratch/pdoshi/audio_comp/urbansound8k_audio/02237_children_playing.wav,2237,155219-2-0-51.wav,155219,2,children_playing,2
/scratch/pdoshi/audio_comp/urbansound8k_audio/02238_children_playing.wav,2238,155219-2-0-57.wav,155219,2,children_playing,2
/scratch/pdoshi/audio_comp/urbansound8k_audio/02239_street_music.wav,2239,155227-9-0-2.wav,155227,9,street_music,3
/scratch/pdoshi/audio_comp/urbansound8k_audio/02240_street_music.wav,2240,155227-9-0-20.wav,155227,9,street_music,3
/scratch/pdoshi/audio_comp/urbansound8k_audio/02241_street_music.wav,2241,155227-9-0-23.wav,155227,9,street_music,3
/scratch/pdoshi/audio_comp/urbansound8k_audio/02242_street_music.wav,2242,155227-9-0-24.wav,155227,9,street_music,3
/scratch/pdoshi/audio_comp/urbansound8k_audio/02243_street_music.wav,2243,155227-9-0-27.wav,155227,9,street_music,3
/scratch/pdoshi/audio_comp/urbansound8k_audio/02244_street_music.wav,2244,155227-9-0-3.wav,155227,9,street_music,3
/scratch/pdoshi/audio_comp/urbansound8k_audio/02245_car_horn.wav,2245,155234-1-0-0.wav,155234,1,car_horn,2
/scratch/pdoshi/audio_comp/urbansound8k_audio/02246_children_playing.wav,2246,155238-2-0-17.wav,155238,2,children_playing,7
/scratch/pdoshi/audio_comp/urbansound8k_audio/02247_children_playing.wav,2247,155238-2-0-3.wav,155238,2,children_playing,7
/scratch/pdoshi/audio_comp/urbansound8k_audio/02248_children_playing.wav,2248,155238-2-0-31.wav,155238,2,children_playing,7
/scratch/pdoshi/audio_comp/urbansound8k_audio/02249_children_playing.wav,2249,155238-2-0-36.wav,155238,2,children_playing,7
/scratch/pdoshi/audio_comp/urbansound8k_audio/02250_children_playing.wav,2250,155238-2-0-47.wav,155238,2,children_playing,7
/scratch/pdoshi/audio_comp/urbansound8k_audio/02251_children_playing.wav,2251,155238-2-0-67.wav,155238,2,children_playing,7
/scratch/pdoshi/audio_comp/urbansound8k_audio/02252_children_playing.wav,2252,155238-2-0-75.wav,155238,2,children_playing,7
/scratch/pdoshi/audio_comp/urbansound8k_audio/02253_children_playing.wav,2253,155238-2-0-97.wav,155238,2,children_playing,7
/scratch/pdoshi/audio_comp/urbansound8k_audio/02254_street_music.wav,2254,155241-9-0-50.wav,155241,9,street_music,10
/scratch/pdoshi/audio_comp/urbansound8k_audio/02255_street_music.wav,2255,155241-9-0-56.wav,155241,9,street_music,10
/scratch/pdoshi/audio_comp/urbansound8k_audio/02256_street_music.wav,2256,155241-9-0-69.wav,155241,9,street_music,10
/scratch/pdoshi/audio_comp/urbansound8k_audio/02257_street_music.wav,2257,155241-9-0-79.wav,155241,9,street_music,10
/scratch/pdoshi/audio_comp/urbansound8k_audio/02258_street_music.wav,2258,155241-9-0-8.wav,155241,9,street_music,10
/scratch/pdoshi/audio_comp/urbansound8k_audio/02259_street_music.wav,2259,155241-9-0-88.wav,155241,9,street_music,10
/scratch/pdoshi/audio_comp/urbansound8k_audio/02260_street_music.wav,2260,155242-9-0-12.wav,155242,9,street_music,9
/scratch/pdoshi/audio_comp/urbansound8k_audio/02261_street_music.wav,2261,155242-9-0-15.wav,155242,9,street_music,9
/scratch/pdoshi/audio_comp/urbansound8k_audio/02262_street_music.wav,2262,155242-9-0-27.wav,155242,9,street_music,9
/scratch/pdoshi/audio_comp/urbansound8k_audio/02263_street_music.wav,2263,155242-9-0-35.wav,155242,9,street_music,9
/scratch/pdoshi/audio_comp/urbansound8k_audio/02264_street_music.wav,2264,155242-9-0-4.wav,155242,9,street_music,9
/scratch/pdoshi/audio_comp/urbansound8k_audio/02265_street_music.wav,2265,155242-9-0-44.wav,155242,9,street_music,9
/scratch/pdoshi/audio_comp/urbansound8k_audio/02266_street_music.wav,2266,155243-9-0-18.wav,155243,9,street_music,5
/scratch/pdoshi/audio_comp/urbansound8k_audio/02267_street_music.wav,2267,155243-9-0-24.wav,155243,9,street_music,5
/scratch/pdoshi/audio_comp/urbansound8k_audio/02268_street_music.wav,2268,155243-9-0-32.wav,155243,9,street_music,5
/scratch/pdoshi/audio_comp/urbansound8k_audio/02269_street_music.wav,2269,155243-9-0-42.wav,155243,9,street_music,5
/scratch/pdoshi/audio_comp/urbansound8k_audio/02270_street_music.wav,2270,155243-9-0-53.wav,155243,9,street_music,5
/scratch/pdoshi/audio_comp/urbansound8k_audio/02271_street_music.wav,2271,155243-9-0-55.wav,155243,9,street_music,5
/scratch/pdoshi/audio_comp/urbansound8k_audio/02272_children_playing.wav,2272,155262-2-0-101.wav,155262,2,children_playing,10
/scratch/pdoshi/audio_comp/urbansound8k_audio/02273_children_playing.wav,2273,155262-2-0-11.wav,155262,2,children_playing,10
/scratch/pdoshi/audio_comp/urbansound8k_audio/02274_children_playing.wav,2274,155262-2-0-15.wav,155262,2,children_playing,10
/scratch/pdoshi/audio_comp/urbansound8k_audio/02275_children_playing.wav,2275,155262-2-0-2.wav,155262,2,children_playing,10
/scratch/pdoshi/audio_comp/urbansound8k_audio/02276_children_playing.wav,2276,155262-2-0-21.wav,155262,2,children_playing,10
/scratch/pdoshi/audio_comp/urbansound8k_audio/02277_children_playing.wav,2277,155262-2-0-48.wav,155262,2,children_playing,10
/scratch/pdoshi/audio_comp/urbansound8k_audio/02278_children_playing.wav,2278,155262-2-0-58.wav,155262,2,children_playing,10
/scratch/pdoshi/audio_comp/urbansound8k_audio/02279_children_playing.wav,2279,155262-2-0-63.wav,155262,2,children_playing,10
/scratch/pdoshi/audio_comp/urbansound8k_audio/02280_children_playing.wav,2280,155263-2-0-12.wav,155263,2,children_playing,3
/scratch/pdoshi/audio_comp/urbansound8k_audio/02281_children_playing.wav,2281,155263-2-0-22.wav,155263,2,children_playing,3
/scratch/pdoshi/audio_comp/urbansound8k_audio/02282_children_playing.wav,2282,155263-2-0-23.wav,155263,2,children_playing,3
/scratch/pdoshi/audio_comp/urbansound8k_audio/02283_children_playing.wav,2283,155263-2-0-34.wav,155263,2,children_playing,3
/scratch/pdoshi/audio_comp/urbansound8k_audio/02284_children_playing.wav,2284,155263-2-0-43.wav,155263,2,children_playing,3
/scratch/pdoshi/audio_comp/urbansound8k_audio/02285_children_playing.wav,2285,155263-2-0-50.wav,155263,2,children_playing,3
/scratch/pdoshi/audio_comp/urbansound8k_audio/02286_children_playing.wav,2286,155263-2-0-57.wav,155263,2,children_playing,3
/scratch/pdoshi/audio_comp/urbansound8k_audio/02287_children_playing.wav,2287,155263-2-0-61.wav,155263,2,children_playing,3
/scratch/pdoshi/audio_comp/urbansound8k_audio/02288_children_playing.wav,2288,155280-2-0-10.wav,155280,2,children_playing,10
/scratch/pdoshi/audio_comp/urbansound8k_audio/02289_children_playing.wav,2289,155280-2-0-11.wav,155280,2,children_playing,10
/scratch/pdoshi/audio_comp/urbansound8k_audio/02290_children_playing.wav,2290,155280-2-0-13.wav,155280,2,children_playing,10
/scratch/pdoshi/audio_comp/urbansound8k_audio/02291_children_playing.wav,2291,155280-2-0-15.wav,155280,2,children_playing,10
/scratch/pdoshi/audio_comp/urbansound8k_audio/02292_children_playing.wav,2292,155280-2-0-3.wav,155280,2,children_playing,10
/scratch/pdoshi/audio_comp/urbansound8k_audio/02293_children_playing.wav,2293,155280-2-0-5.wav,155280,2,children_playing,10
/scratch/pdoshi/audio_comp/urbansound8k_audio/02294_children_playing.wav,2294,155280-2-0-6.wav,155280,2,children_playing,10
/scratch/pdoshi/audio_comp/urbansound8k_audio/02295_children_playing.wav,2295,155280-2-0-7.wav,155280,2,children_playing,10
/scratch/pdoshi/audio_comp/urbansound8k_audio/02296_car_horn.wav,2296,155283-1-0-0.wav,155283,1,car_horn,8
/scratch/pdoshi/audio_comp/urbansound8k_audio/02297_car_horn.wav,2297,155283-1-1-0.wav,155283,1,car_horn,8
/scratch/pdoshi/audio_comp/urbansound8k_audio/02298_dog_bark.wav,2298,155294-3-0-0.wav,155294,3,dog_bark,8
/scratch/pdoshi/audio_comp/urbansound8k_audio/02299_dog_bark.wav,2299,155299-3-0-1.wav,155299,3,dog_bark,7
/scratch/pdoshi/audio_comp/urbansound8k_audio/02300_dog_bark.wav,2300,155299-3-1-0.wav,155299,3,dog_bark,7
/scratch/pdoshi/audio_comp/urbansound8k_audio/02301_dog_bark.wav,2301,155299-3-1-1.wav,155299,3,dog_bark,7
/scratch/pdoshi/audio_comp/urbansound8k_audio/02302_dog_bark.wav,2302,155299-3-1-2.wav,155299,3,dog_bark,7
/scratch/pdoshi/audio_comp/urbansound8k_audio/02303_dog_bark.wav,2303,155309-3-0-0.wav,155309,3,dog_bark,3
/scratch/pdoshi/audio_comp/urbansound8k_audio/02304_dog_bark.wav,2304,155310-3-0-0.wav,155310,3,dog_bark,1
/scratch/pdoshi/audio_comp/urbansound8k_audio/02305_dog_bark.wav,2305,155311-3-0-0.wav,155311,3,dog_bark,10
/scratch/pdoshi/audio_comp/urbansound8k_audio/02306_dog_bark.wav,2306,155312-3-0-0.wav,155312,3,dog_bark,9
/scratch/pdoshi/audio_comp/urbansound8k_audio/02307_dog_bark.wav,2307,155313-3-0-0.wav,155313,3,dog_bark,8
/scratch/pdoshi/audio_comp/urbansound8k_audio/02308_dog_bark.wav,2308,155314-3-0-1.wav,155314,3,dog_bark,7
/scratch/pdoshi/audio_comp/urbansound8k_audio/02309_dog_bark.wav,2309,155314-3-0-2.wav,155314,3,dog_bark,7
/scratch/pdoshi/audio_comp/urbansound8k_audio/02310_dog_bark.wav,2310,155314-3-0-5.wav,155314,3,dog_bark,7
/scratch/pdoshi/audio_comp/urbansound8k_audio/02311_dog_bark.wav,2311,155315-3-0-0.wav,155315,3,dog_bark,7
/scratch/pdoshi/audio_comp/urbansound8k_audio/02312_dog_bark.wav,2312,155317-3-0-0.wav,155317,3,dog_bark,6
/scratch/pdoshi/audio_comp/urbansound8k_audio/02313_dog_bark.wav,2313,155320-3-0-0.wav,155320,3,dog_bark,4
/scratch/pdoshi/audio_comp/urbansound8k_audio/02314_engine_idling.wav,2314,15544-5-0-0.wav,15544,5,engine_idling,10
/scratch/pdoshi/audio_comp/urbansound8k_audio/02315_engine_idling.wav,2315,15544-5-0-1.wav,15544,5,engine_idling,10
/scratch/pdoshi/audio_comp/urbansound8k_audio/02316_engine_idling.wav,2316,15544-5-0-10.wav,15544,5,engine_idling,10
/scratch/pdoshi/audio_comp/urbansound8k_audio/02317_engine_idling.wav,2317,15544-5-0-11.wav,15544,5,engine_idling,10
/scratch/pdoshi/audio_comp/urbansound8k_audio/02318_engine_idling.wav,2318,15544-5-0-12.wav,15544,5,engine_idling,10
/scratch/pdoshi/audio_comp/urbansound8k_audio/02319_engine_idling.wav,2319,15544-5-0-13.wav,15544,5,engine_idling,10
/scratch/pdoshi/audio_comp/urbansound8k_audio/02320_engine_idling.wav,2320,15544-5-0-14.wav,15544,5,engine_idling,10
/scratch/pdoshi/audio_comp/urbansound8k_audio/02321_engine_idling.wav,2321,15544-5-0-15.wav,15544,5,engine_idling,10
/scratch/pdoshi/audio_comp/urbansound8k_audio/02322_engine_idling.wav,2322,15544-5-0-16.wav,15544,5,engine_idling,10
/scratch/pdoshi/audio_comp/urbansound8k_audio/02323_engine_idling.wav,2323,15544-5-0-17.wav,15544,5,engine_idling,10
/scratch/pdoshi/audio_comp/urbansound8k_audio/02324_engine_idling.wav,2324,15544-5-0-18.wav,15544,5,engine_idling,10
/scratch/pdoshi/audio_comp/urbansound8k_audio/02325_engine_idling.wav,2325,15544-5-0-19.wav,15544,5,engine_idling,10
/scratch/pdoshi/audio_comp/urbansound8k_audio/02326_engine_idling.wav,2326,15544-5-0-2.wav,15544,5,engine_idling,10
/scratch/pdoshi/audio_comp/urbansound8k_audio/02327_engine_idling.wav,2327,15544-5-0-3.wav,15544,5,engine_idling,10
/scratch/pdoshi/audio_comp/urbansound8k_audio/02328_engine_idling.wav,2328,15544-5-0-4.wav,15544,5,engine_idling,10
/scratch/pdoshi/audio_comp/urbansound8k_audio/02329_engine_idling.wav,2329,15544-5-0-5.wav,15544,5,engine_idling,10
/scratch/pdoshi/audio_comp/urbansound8k_audio/02330_engine_idling.wav,2330,15544-5-0-6.wav,15544,5,engine_idling,10
/scratch/pdoshi/audio_comp/urbansound8k_audio/02331_engine_idling.wav,2331,15544-5-0-7.wav,15544,5,engine_idling,10
/scratch/pdoshi/audio_comp/urbansound8k_audio/02332_engine_idling.wav,2332,15544-5-0-8.wav,15544,5,engine_idling,10
/scratch/pdoshi/audio_comp/urbansound8k_audio/02333_engine_idling.wav,2333,15544-5-0-9.wav,15544,5,engine_idling,10
/scratch/pdoshi/audio_comp/urbansound8k_audio/02334_dog_bark.wav,2334,155488-3-0-6.wav,155488,3,dog_bark,6
/scratch/pdoshi/audio_comp/urbansound8k_audio/02335_dog_bark.wav,2335,155488-3-2-0.wav,155488,3,dog_bark,6
/scratch/pdoshi/audio_comp/urbansound8k_audio/02336_dog_bark.wav,2336,155488-3-3-0.wav,155488,3,dog_bark,6
/scratch/pdoshi/audio_comp/urbansound8k_audio/02337_dog_bark.wav,2337,155488-3-3-1.wav,155488,3,dog_bark,6
/scratch/pdoshi/audio_comp/urbansound8k_audio/02338_children_playing.wav,2338,15564-2-0-0.wav,15564,2,children_playing,1
/scratch/pdoshi/audio_comp/urbansound8k_audio/02339_children_playing.wav,2339,15564-2-0-1.wav,15564,2,children_playing,1
/scratch/pdoshi/audio_comp/urbansound8k_audio/02340_children_playing.wav,2340,15564-2-0-2.wav,15564,2,children_playing,1
/scratch/pdoshi/audio_comp/urbansound8k_audio/02341_car_horn.wav,2341,156091-1-0-0.wav,156091,1,car_horn,7
/scratch/pdoshi/audio_comp/urbansound8k_audio/02342_car_horn.wav,2342,156194-1-0-0.wav,156194,1,car_horn,1
/scratch/pdoshi/audio_comp/urbansound8k_audio/02343_children_playing.wav,2343,156200-2-0-0.wav,156200,2,children_playing,9
/scratch/pdoshi/audio_comp/urbansound8k_audio/02344_engine_idling.wav,2344,156358-5-0-0.wav,156358,5,engine_idling,8
/scratch/pdoshi/audio_comp/urbansound8k_audio/02345_engine_idling.wav,2345,156358-5-0-1.wav,156358,5,engine_idling,8
/scratch/pdoshi/audio_comp/urbansound8k_audio/02346_engine_idling.wav,2346,156358-5-0-2.wav,156358,5,engine_idling,8
/scratch/pdoshi/audio_comp/urbansound8k_audio/02347_engine_idling.wav,2347,156358-5-0-3.wav,156358,5,engine_idling,8
/scratch/pdoshi/audio_comp/urbansound8k_audio/02348_engine_idling.wav,2348,156358-5-0-4.wav,156358,5,engine_idling,8
/scratch/pdoshi/audio_comp/urbansound8k_audio/02349_engine_idling.wav,2349,156358-5-0-5.wav,156358,5,engine_idling,8
/scratch/pdoshi/audio_comp/urbansound8k_audio/02350_engine_idling.wav,2350,156358-5-0-6.wav,156358,5,engine_idling,8
/scratch/pdoshi/audio_comp/urbansound8k_audio/02351_drilling.wav,2351,156362-4-0-0.wav,156362,4,drilling,4
/scratch/pdoshi/audio_comp/urbansound8k_audio/02352_drilling.wav,2352,156362-4-0-1.wav,156362,4,drilling,4
/scratch/pdoshi/audio_comp/urbansound8k_audio/02353_drilling.wav,2353,156362-4-0-2.wav,156362,4,drilling,4
/scratch/pdoshi/audio_comp/urbansound8k_audio/02354_drilling.wav,2354,156362-4-0-3.wav,156362,4,drilling,4
/scratch/pdoshi/audio_comp/urbansound8k_audio/02355_drilling.wav,2355,156362-4-1-0.wav,156362,4,drilling,4
/scratch/pdoshi/audio_comp/urbansound8k_audio/02356_drilling.wav,2356,156362-4-2-0.wav,156362,4,drilling,4
/scratch/pdoshi/audio_comp/urbansound8k_audio/02357_drilling.wav,2357,156362-4-2-1.wav,156362,4,drilling,4
/scratch/pdoshi/audio_comp/urbansound8k_audio/02358_drilling.wav,2358,156362-4-3-0.wav,156362,4,drilling,4
/scratch/pdoshi/audio_comp/urbansound8k_audio/02359_drilling.wav,2359,156362-4-3-1.wav,156362,4,drilling,4
/scratch/pdoshi/audio_comp/urbansound8k_audio/02360_drilling.wav,2360,156362-4-3-2.wav,156362,4,drilling,4
/scratch/pdoshi/audio_comp/urbansound8k_audio/02361_drilling.wav,2361,156362-4-3-3.wav,156362,4,drilling,4
/scratch/pdoshi/audio_comp/urbansound8k_audio/02362_drilling.wav,2362,156362-4-3-4.wav,156362,4,drilling,4
/scratch/pdoshi/audio_comp/urbansound8k_audio/02363_drilling.wav,2363,156362-4-3-5.wav,156362,4,drilling,4
/scratch/pdoshi/audio_comp/urbansound8k_audio/02364_drilling.wav,2364,156362-4-3-6.wav,156362,4,drilling,4
/scratch/pdoshi/audio_comp/urbansound8k_audio/02365_drilling.wav,2365,156362-4-3-7.wav,156362,4,drilling,4
/scratch/pdoshi/audio_comp/urbansound8k_audio/02366_drilling.wav,2366,156362-4-3-8.wav,156362,4,drilling,4
/scratch/pdoshi/audio_comp/urbansound8k_audio/02367_dog_bark.wav,2367,156418-3-0-0.wav,156418,3,dog_bark,3
/scratch/pdoshi/audio_comp/urbansound8k_audio/02368_dog_bark.wav,2368,156418-3-0-1.wav,156418,3,dog_bark,3
/scratch/pdoshi/audio_comp/urbansound8k_audio/02369_dog_bark.wav,2369,156418-3-1-0.wav,156418,3,dog_bark,3
/scratch/pdoshi/audio_comp/urbansound8k_audio/02370_dog_bark.wav,2370,156418-3-2-0.wav,156418,3,dog_bark,3
/scratch/pdoshi/audio_comp/urbansound8k_audio/02371_engine_idling.wav,2371,156634-5-0-0.wav,156634,5,engine_idling,5
/scratch/pdoshi/audio_comp/urbansound8k_audio/02372_engine_idling.wav,2372,156634-5-0-1.wav,156634,5,engine_idling,5
/scratch/pdoshi/audio_comp/urbansound8k_audio/02373_engine_idling.wav,2373,156634-5-0-10.wav,156634,5,engine_idling,5
/scratch/pdoshi/audio_comp/urbansound8k_audio/02374_engine_idling.wav,2374,156634-5-0-11.wav,156634,5,engine_idling,5
/scratch/pdoshi/audio_comp/urbansound8k_audio/02375_engine_idling.wav,2375,156634-5-0-12.wav,156634,5,engine_idling,5
/scratch/pdoshi/audio_comp/urbansound8k_audio/02376_engine_idling.wav,2376,156634-5-0-2.wav,156634,5,engine_idling,5
/scratch/pdoshi/audio_comp/urbansound8k_audio/02377_engine_idling.wav,2377,156634-5-0-3.wav,156634,5,engine_idling,5
/scratch/pdoshi/audio_comp/urbansound8k_audio/02378_engine_idling.wav,2378,156634-5-0-4.wav,156634,5,engine_idling,5
/scratch/pdoshi/audio_comp/urbansound8k_audio/02379_engine_idling.wav,2379,156634-5-0-5.wav,156634,5,engine_idling,5
/scratch/pdoshi/audio_comp/urbansound8k_audio/02380_engine_idling.wav,2380,156634-5-0-6.wav,156634,5,engine_idling,5
/scratch/pdoshi/audio_comp/urbansound8k_audio/02381_engine_idling.wav,2381,156634-5-0-7.wav,156634,5,engine_idling,5
/scratch/pdoshi/audio_comp/urbansound8k_audio/02382_engine_idling.wav,2382,156634-5-0-8.wav,156634,5,engine_idling,5
/scratch/pdoshi/audio_comp/urbansound8k_audio/02383_engine_idling.wav,2383,156634-5-0-9.wav,156634,5,engine_idling,5
/scratch/pdoshi/audio_comp/urbansound8k_audio/02384_engine_idling.wav,2384,156634-5-1-0.wav,156634,5,engine_idling,5
/scratch/pdoshi/audio_comp/urbansound8k_audio/02385_engine_idling.wav,2385,156634-5-2-0.wav,156634,5,engine_idling,5
/scratch/pdoshi/audio_comp/urbansound8k_audio/02386_engine_idling.wav,2386,156634-5-2-1.wav,156634,5,engine_idling,5
/scratch/pdoshi/audio_comp/urbansound8k_audio/02387_engine_idling.wav,2387,156634-5-2-2.wav,156634,5,engine_idling,5
/scratch/pdoshi/audio_comp/urbansound8k_audio/02388_engine_idling.wav,2388,156634-5-2-3.wav,156634,5,engine_idling,5
/scratch/pdoshi/audio_comp/urbansound8k_audio/02389_engine_idling.wav,2389,156634-5-2-4.wav,156634,5,engine_idling,5
/scratch/pdoshi/audio_comp/urbansound8k_audio/02390_engine_idling.wav,2390,156634-5-2-5.wav,156634,5,engine_idling,5
/scratch/pdoshi/audio_comp/urbansound8k_audio/02391_engine_idling.wav,2391,156634-5-2-6.wav,156634,5,engine_idling,5
/scratch/pdoshi/audio_comp/urbansound8k_audio/02392_engine_idling.wav,2392,156634-5-2-7.wav,156634,5,engine_idling,5
/scratch/pdoshi/audio_comp/urbansound8k_audio/02393_engine_idling.wav,2393,156634-5-2-8.wav,156634,5,engine_idling,5
/scratch/pdoshi/audio_comp/urbansound8k_audio/02394_siren.wav,2394,156868-8-0-0.wav,156868,8,siren,4
/scratch/pdoshi/audio_comp/urbansound8k_audio/02395_siren.wav,2395,156868-8-1-0.wav,156868,8,siren,4
/scratch/pdoshi/audio_comp/urbansound8k_audio/02396_siren.wav,2396,156868-8-2-0.wav,156868,8,siren,4
/scratch/pdoshi/audio_comp/urbansound8k_audio/02397_siren.wav,2397,156868-8-3-0.wav,156868,8,siren,4
/scratch/pdoshi/audio_comp/urbansound8k_audio/02398_siren.wav,2398,156868-8-4-0.wav,156868,8,siren,4
/scratch/pdoshi/audio_comp/urbansound8k_audio/02399_siren.wav,2399,156869-8-0-0.wav,156869,8,siren,5
/scratch/pdoshi/audio_comp/urbansound8k_audio/02400_siren.wav,2400,156869-8-0-1.wav,156869,8,siren,5
/scratch/pdoshi/audio_comp/urbansound8k_audio/02401_siren.wav,2401,156869-8-0-10.wav,156869,8,siren,5
/scratch/pdoshi/audio_comp/urbansound8k_audio/02402_siren.wav,2402,156869-8-0-11.wav,156869,8,siren,5
/scratch/pdoshi/audio_comp/urbansound8k_audio/02403_siren.wav,2403,156869-8-0-2.wav,156869,8,siren,5
/scratch/pdoshi/audio_comp/urbansound8k_audio/02404_siren.wav,2404,156869-8-0-3.wav,156869,8,siren,5
/scratch/pdoshi/audio_comp/urbansound8k_audio/02405_siren.wav,2405,156869-8-0-4.wav,156869,8,siren,5
/scratch/pdoshi/audio_comp/urbansound8k_audio/02406_siren.wav,2406,156869-8-0-5.wav,156869,8,siren,5
/scratch/pdoshi/audio_comp/urbansound8k_audio/02407_siren.wav,2407,156869-8-0-6.wav,156869,8,siren,5
/scratch/pdoshi/audio_comp/urbansound8k_audio/02408_siren.wav,2408,156869-8-0-7.wav,156869,8,siren,5
/scratch/pdoshi/audio_comp/urbansound8k_audio/02409_siren.wav,2409,156869-8-0-8.wav,156869,8,siren,5
/scratch/pdoshi/audio_comp/urbansound8k_audio/02410_siren.wav,2410,156869-8-0-9.wav,156869,8,siren,5
/scratch/pdoshi/audio_comp/urbansound8k_audio/02411_jackhammer.wav,2411,156893-7-0-0.wav,156893,7,jackhammer,2
/scratch/pdoshi/audio_comp/urbansound8k_audio/02412_jackhammer.wav,2412,156893-7-1-0.wav,156893,7,jackhammer,2
/scratch/pdoshi/audio_comp/urbansound8k_audio/02413_jackhammer.wav,2413,156893-7-10-0.wav,156893,7,jackhammer,2
/scratch/pdoshi/audio_comp/urbansound8k_audio/02414_jackhammer.wav,2414,156893-7-11-0.wav,156893,7,jackhammer,2
/scratch/pdoshi/audio_comp/urbansound8k_audio/02415_jackhammer.wav,2415,156893-7-2-0.wav,156893,7,jackhammer,2
/scratch/pdoshi/audio_comp/urbansound8k_audio/02416_jackhammer.wav,2416,156893-7-3-0.wav,156893,7,jackhammer,2
/scratch/pdoshi/audio_comp/urbansound8k_audio/02417_jackhammer.wav,2417,156893-7-4-0.wav,156893,7,jackhammer,2
/scratch/pdoshi/audio_comp/urbansound8k_audio/02418_jackhammer.wav,2418,156893-7-5-0.wav,156893,7,jackhammer,2
/scratch/pdoshi/audio_comp/urbansound8k_audio/02419_jackhammer.wav,2419,156893-7-6-0.wav,156893,7,jackhammer,2
/scratch/pdoshi/audio_comp/urbansound8k_audio/02420_jackhammer.wav,2420,156893-7-7-0.wav,156893,7,jackhammer,2
/scratch/pdoshi/audio_comp/urbansound8k_audio/02421_jackhammer.wav,2421,156893-7-8-0.wav,156893,7,jackhammer,2
/scratch/pdoshi/audio_comp/urbansound8k_audio/02422_jackhammer.wav,2422,156893-7-9-0.wav,156893,7,jackhammer,2
/scratch/pdoshi/audio_comp/urbansound8k_audio/02423_gun_shot.wav,2423,156897-6-0-0.wav,156897,6,gun_shot,4
/scratch/pdoshi/audio_comp/urbansound8k_audio/02424_gun_shot.wav,2424,157207-6-0-0.wav,157207,6,gun_shot,10
/scratch/pdoshi/audio_comp/urbansound8k_audio/02425_gun_shot.wav,2425,157207-6-1-0.wav,157207,6,gun_shot,10
/scratch/pdoshi/audio_comp/urbansound8k_audio/02426_gun_shot.wav,2426,157207-6-10-0.wav,157207,6,gun_shot,10
/scratch/pdoshi/audio_comp/urbansound8k_audio/02427_gun_shot.wav,2427,157207-6-2-0.wav,157207,6,gun_shot,10
/scratch/pdoshi/audio_comp/urbansound8k_audio/02428_gun_shot.wav,2428,157207-6-3-0.wav,157207,6,gun_shot,10
/scratch/pdoshi/audio_comp/urbansound8k_audio/02429_gun_shot.wav,2429,157207-6-4-0.wav,157207,6,gun_shot,10
/scratch/pdoshi/audio_comp/urbansound8k_audio/02430_gun_shot.wav,2430,157207-6-5-0.wav,157207,6,gun_shot,10
/scratch/pdoshi/audio_comp/urbansound8k_audio/02431_gun_shot.wav,2431,157207-6-6-0.wav,157207,6,gun_shot,10
/scratch/pdoshi/audio_comp/urbansound8k_audio/02432_gun_shot.wav,2432,157207-6-7-0.wav,157207,6,gun_shot,10
/scratch/pdoshi/audio_comp/urbansound8k_audio/02433_gun_shot.wav,2433,157207-6-8-0.wav,157207,6,gun_shot,10
/scratch/pdoshi/audio_comp/urbansound8k_audio/02434_gun_shot.wav,2434,157207-6-9-0.wav,157207,6,gun_shot,10
/scratch/pdoshi/audio_comp/urbansound8k_audio/02435_dog_bark.wav,2435,157322-3-0-3.wav,157322,3,dog_bark,6
/scratch/pdoshi/audio_comp/urbansound8k_audio/02436_dog_bark.wav,2436,157322-3-0-4.wav,157322,3,dog_bark,6
/scratch/pdoshi/audio_comp/urbansound8k_audio/02437_dog_bark.wav,2437,157322-3-0-5.wav,157322,3,dog_bark,6
/scratch/pdoshi/audio_comp/urbansound8k_audio/02438_dog_bark.wav,2438,157322-3-0-6.wav,157322,3,dog_bark,6
/scratch/pdoshi/audio_comp/urbansound8k_audio/02439_siren.wav,2439,157648-8-0-0.wav,157648,8,siren,5
/scratch/pdoshi/audio_comp/urbansound8k_audio/02440_dog_bark.wav,2440,157649-3-0-0.wav,157649,3,dog_bark,8
/scratch/pdoshi/audio_comp/urbansound8k_audio/02441_dog_bark.wav,2441,157649-3-0-1.wav,157649,3,dog_bark,8
/scratch/pdoshi/audio_comp/urbansound8k_audio/02442_dog_bark.wav,2442,157649-3-1-1.wav,157649,3,dog_bark,8
/scratch/pdoshi/audio_comp/urbansound8k_audio/02443_dog_bark.wav,2443,157649-3-2-0.wav,157649,3,dog_bark,8
/scratch/pdoshi/audio_comp/urbansound8k_audio/02444_dog_bark.wav,2444,157695-3-0-19.wav,157695,3,dog_bark,4
/scratch/pdoshi/audio_comp/urbansound8k_audio/02445_dog_bark.wav,2445,157695-3-0-2.wav,157695,3,dog_bark,4
/scratch/pdoshi/audio_comp/urbansound8k_audio/02446_dog_bark.wav,2446,157695-3-0-27.wav,157695,3,dog_bark,4
/scratch/pdoshi/audio_comp/urbansound8k_audio/02447_dog_bark.wav,2447,157695-3-0-8.wav,157695,3,dog_bark,4
/scratch/pdoshi/audio_comp/urbansound8k_audio/02448_gun_shot.wav,2448,157799-6-0-0.wav,157799,6,gun_shot,4
/scratch/pdoshi/audio_comp/urbansound8k_audio/02449_gun_shot.wav,2449,157800-6-0-0.wav,157800,6,gun_shot,10
/scratch/pdoshi/audio_comp/urbansound8k_audio/02450_gun_shot.wav,2450,157801-6-0-0.wav,157801,6,gun_shot,9
/scratch/pdoshi/audio_comp/urbansound8k_audio/02451_siren.wav,2451,157866-8-0-0.wav,157866,8,siren,9
/scratch/pdoshi/audio_comp/urbansound8k_audio/02452_siren.wav,2452,157866-8-0-1.wav,157866,8,siren,9
/scratch/pdoshi/audio_comp/urbansound8k_audio/02453_siren.wav,2453,157866-8-0-10.wav,157866,8,siren,9
/scratch/pdoshi/audio_comp/urbansound8k_audio/02454_siren.wav,2454,157866-8-0-11.wav,157866,8,siren,9
/scratch/pdoshi/audio_comp/urbansound8k_audio/02455_siren.wav,2455,157866-8-0-12.wav,157866,8,siren,9
/scratch/pdoshi/audio_comp/urbansound8k_audio/02456_siren.wav,2456,157866-8-0-13.wav,157866,8,siren,9
/scratch/pdoshi/audio_comp/urbansound8k_audio/02457_siren.wav,2457,157866-8-0-14.wav,157866,8,siren,9
/scratch/pdoshi/audio_comp/urbansound8k_audio/02458_siren.wav,2458,157866-8-0-15.wav,157866,8,siren,9
/scratch/pdoshi/audio_comp/urbansound8k_audio/02459_siren.wav,2459,157866-8-0-16.wav,157866,8,siren,9
/scratch/pdoshi/audio_comp/urbansound8k_audio/02460_siren.wav,2460,157866-8-0-17.wav,157866,8,siren,9
/scratch/pdoshi/audio_comp/urbansound8k_audio/02461_siren.wav,2461,157866-8-0-18.wav,157866,8,siren,9
/scratch/pdoshi/audio_comp/urbansound8k_audio/02462_siren.wav,2462,157866-8-0-19.wav,157866,8,siren,9
/scratch/pdoshi/audio_comp/urbansound8k_audio/02463_siren.wav,2463,157866-8-0-2.wav,157866,8,siren,9
/scratch/pdoshi/audio_comp/urbansound8k_audio/02464_siren.wav,2464,157866-8-0-20.wav,157866,8,siren,9
/scratch/pdoshi/audio_comp/urbansound8k_audio/02465_siren.wav,2465,157866-8-0-21.wav,157866,8,siren,9
/scratch/pdoshi/audio_comp/urbansound8k_audio/02466_siren.wav,2466,157866-8-0-22.wav,157866,8,siren,9
/scratch/pdoshi/audio_comp/urbansound8k_audio/02467_siren.wav,2467,157866-8-0-23.wav,157866,8,siren,9
/scratch/pdoshi/audio_comp/urbansound8k_audio/02468_siren.wav,2468,157866-8-0-24.wav,157866,8,siren,9
/scratch/pdoshi/audio_comp/urbansound8k_audio/02469_siren.wav,2469,157866-8-0-25.wav,157866,8,siren,9
/scratch/pdoshi/audio_comp/urbansound8k_audio/02470_siren.wav,2470,157866-8-0-26.wav,157866,8,siren,9
/scratch/pdoshi/audio_comp/urbansound8k_audio/02471_siren.wav,2471,157866-8-0-27.wav,157866,8,siren,9
/scratch/pdoshi/audio_comp/urbansound8k_audio/02472_siren.wav,2472,157866-8-0-3.wav,157866,8,siren,9
/scratch/pdoshi/audio_comp/urbansound8k_audio/02473_siren.wav,2473,157866-8-0-4.wav,157866,8,siren,9
/scratch/pdoshi/audio_comp/urbansound8k_audio/02474_siren.wav,2474,157866-8-0-5.wav,157866,8,siren,9
/scratch/pdoshi/audio_comp/urbansound8k_audio/02475_siren.wav,2475,157866-8-0-6.wav,157866,8,siren,9
/scratch/pdoshi/audio_comp/urbansound8k_audio/02476_siren.wav,2476,157866-8-0-7.wav,157866,8,siren,9
/scratch/pdoshi/audio_comp/urbansound8k_audio/02477_siren.wav,2477,157866-8-0-8.wav,157866,8,siren,9
/scratch/pdoshi/audio_comp/urbansound8k_audio/02478_siren.wav,2478,157866-8-0-9.wav,157866,8,siren,9
/scratch/pdoshi/audio_comp/urbansound8k_audio/02479_siren.wav,2479,157867-8-0-0.wav,157867,8,siren,1
/scratch/pdoshi/audio_comp/urbansound8k_audio/02480_siren.wav,2480,157867-8-0-1.wav,157867,8,siren,1
/scratch/pdoshi/audio_comp/urbansound8k_audio/02481_siren.wav,2481,157867-8-0-10.wav,157867,8,siren,1
/scratch/pdoshi/audio_comp/urbansound8k_audio/02482_siren.wav,2482,157867-8-0-11.wav,157867,8,siren,1
/scratch/pdoshi/audio_comp/urbansound8k_audio/02483_siren.wav,2483,157867-8-0-12.wav,157867,8,siren,1
/scratch/pdoshi/audio_comp/urbansound8k_audio/02484_siren.wav,2484,157867-8-0-13.wav,157867,8,siren,1
/scratch/pdoshi/audio_comp/urbansound8k_audio/02485_siren.wav,2485,157867-8-0-14.wav,157867,8,siren,1
/scratch/pdoshi/audio_comp/urbansound8k_audio/02486_siren.wav,2486,157867-8-0-15.wav,157867,8,siren,1
/scratch/pdoshi/audio_comp/urbansound8k_audio/02487_siren.wav,2487,157867-8-0-16.wav,157867,8,siren,1
/scratch/pdoshi/audio_comp/urbansound8k_audio/02488_siren.wav,2488,157867-8-0-17.wav,157867,8,siren,1
/scratch/pdoshi/audio_comp/urbansound8k_audio/02489_siren.wav,2489,157867-8-0-18.wav,157867,8,siren,1
/scratch/pdoshi/audio_comp/urbansound8k_audio/02490_siren.wav,2490,157867-8-0-19.wav,157867,8,siren,1
/scratch/pdoshi/audio_comp/urbansound8k_audio/02491_siren.wav,2491,157867-8-0-2.wav,157867,8,siren,1
/scratch/pdoshi/audio_comp/urbansound8k_audio/02492_siren.wav,2492,157867-8-0-20.wav,157867,8,siren,1
/scratch/pdoshi/audio_comp/urbansound8k_audio/02493_siren.wav,2493,157867-8-0-21.wav,157867,8,siren,1
/scratch/pdoshi/audio_comp/urbansound8k_audio/02494_siren.wav,2494,157867-8-0-22.wav,157867,8,siren,1
/scratch/pdoshi/audio_comp/urbansound8k_audio/02495_siren.wav,2495,157867-8-0-23.wav,157867,8,siren,1
/scratch/pdoshi/audio_comp/urbansound8k_audio/02496_siren.wav,2496,157867-8-0-24.wav,157867,8,siren,1
/scratch/pdoshi/audio_comp/urbansound8k_audio/02497_siren.wav,2497,157867-8-0-25.wav,157867,8,siren,1
/scratch/pdoshi/audio_comp/urbansound8k_audio/02498_siren.wav,2498,157867-8-0-26.wav,157867,8,siren,1
/scratch/pdoshi/audio_comp/urbansound8k_audio/02499_siren.wav,2499,157867-8-0-27.wav,157867,8,siren,1
/scratch/pdoshi/audio_comp/urbansound8k_audio/02500_siren.wav,2500,157867-8-0-28.wav,157867,8,siren,1
/scratch/pdoshi/audio_comp/urbansound8k_audio/02501_siren.wav,2501,157867-8-0-3.wav,157867,8,siren,1
/scratch/pdoshi/audio_comp/urbansound8k_audio/02502_siren.wav,2502,157867-8-0-4.wav,157867,8,siren,1
/scratch/pdoshi/audio_comp/urbansound8k_audio/02503_siren.wav,2503,157867-8-0-5.wav,157867,8,siren,1
/scratch/pdoshi/audio_comp/urbansound8k_audio/02504_siren.wav,2504,157867-8-0-6.wav,157867,8,siren,1
/scratch/pdoshi/audio_comp/urbansound8k_audio/02505_siren.wav,2505,157867-8-0-7.wav,157867,8,siren,1
/scratch/pdoshi/audio_comp/urbansound8k_audio/02506_siren.wav,2506,157867-8-0-8.wav,157867,8,siren,1
/scratch/pdoshi/audio_comp/urbansound8k_audio/02507_siren.wav,2507,157867-8-0-9.wav,157867,8,siren,1
/scratch/pdoshi/audio_comp/urbansound8k_audio/02508_siren.wav,2508,157868-8-0-0.wav,157868,8,siren,8
/scratch/pdoshi/audio_comp/urbansound8k_audio/02509_siren.wav,2509,157868-8-0-1.wav,157868,8,siren,8
/scratch/pdoshi/audio_comp/urbansound8k_audio/02510_siren.wav,2510,157868-8-0-10.wav,157868,8,siren,8
/scratch/pdoshi/audio_comp/urbansound8k_audio/02511_siren.wav,2511,157868-8-0-11.wav,157868,8,siren,8
/scratch/pdoshi/audio_comp/urbansound8k_audio/02512_siren.wav,2512,157868-8-0-12.wav,157868,8,siren,8
/scratch/pdoshi/audio_comp/urbansound8k_audio/02513_siren.wav,2513,157868-8-0-13.wav,157868,8,siren,8
/scratch/pdoshi/audio_comp/urbansound8k_audio/02514_siren.wav,2514,157868-8-0-14.wav,157868,8,siren,8
/scratch/pdoshi/audio_comp/urbansound8k_audio/02515_siren.wav,2515,157868-8-0-15.wav,157868,8,siren,8
/scratch/pdoshi/audio_comp/urbansound8k_audio/02516_siren.wav,2516,157868-8-0-16.wav,157868,8,siren,8
/scratch/pdoshi/audio_comp/urbansound8k_audio/02517_siren.wav,2517,157868-8-0-17.wav,157868,8,siren,8
/scratch/pdoshi/audio_comp/urbansound8k_audio/02518_siren.wav,2518,157868-8-0-18.wav,157868,8,siren,8
/scratch/pdoshi/audio_comp/urbansound8k_audio/02519_siren.wav,2519,157868-8-0-19.wav,157868,8,siren,8
/scratch/pdoshi/audio_comp/urbansound8k_audio/02520_siren.wav,2520,157868-8-0-2.wav,157868,8,siren,8
/scratch/pdoshi/audio_comp/urbansound8k_audio/02521_siren.wav,2521,157868-8-0-20.wav,157868,8,siren,8
/scratch/pdoshi/audio_comp/urbansound8k_audio/02522_siren.wav,2522,157868-8-0-21.wav,157868,8,siren,8
/scratch/pdoshi/audio_comp/urbansound8k_audio/02523_siren.wav,2523,157868-8-0-22.wav,157868,8,siren,8
/scratch/pdoshi/audio_comp/urbansound8k_audio/02524_siren.wav,2524,157868-8-0-23.wav,157868,8,siren,8
/scratch/pdoshi/audio_comp/urbansound8k_audio/02525_siren.wav,2525,157868-8-0-24.wav,157868,8,siren,8
/scratch/pdoshi/audio_comp/urbansound8k_audio/02526_siren.wav,2526,157868-8-0-25.wav,157868,8,siren,8
/scratch/pdoshi/audio_comp/urbansound8k_audio/02527_siren.wav,2527,157868-8-0-26.wav,157868,8,siren,8
/scratch/pdoshi/audio_comp/urbansound8k_audio/02528_siren.wav,2528,157868-8-0-27.wav,157868,8,siren,8
/scratch/pdoshi/audio_comp/urbansound8k_audio/02529_siren.wav,2529,157868-8-0-3.wav,157868,8,siren,8
/scratch/pdoshi/audio_comp/urbansound8k_audio/02530_siren.wav,2530,157868-8-0-4.wav,157868,8,siren,8
/scratch/pdoshi/audio_comp/urbansound8k_audio/02531_siren.wav,2531,157868-8-0-5.wav,157868,8,siren,8
/scratch/pdoshi/audio_comp/urbansound8k_audio/02532_siren.wav,2532,157868-8-0-6.wav,157868,8,siren,8
/scratch/pdoshi/audio_comp/urbansound8k_audio/02533_siren.wav,2533,157868-8-0-7.wav,157868,8,siren,8
/scratch/pdoshi/audio_comp/urbansound8k_audio/02534_siren.wav,2534,157868-8-0-8.wav,157868,8,siren,8
/scratch/pdoshi/audio_comp/urbansound8k_audio/02535_siren.wav,2535,157868-8-0-9.wav,157868,8,siren,8
/scratch/pdoshi/audio_comp/urbansound8k_audio/02536_street_music.wav,2536,157940-9-0-0.wav,157940,9,street_music,7
/scratch/pdoshi/audio_comp/urbansound8k_audio/02537_street_music.wav,2537,157940-9-0-2.wav,157940,9,street_music,7
/scratch/pdoshi/audio_comp/urbansound8k_audio/02538_street_music.wav,2538,157940-9-0-3.wav,157940,9,street_music,7
/scratch/pdoshi/audio_comp/urbansound8k_audio/02539_street_music.wav,2539,157940-9-0-4.wav,157940,9,street_music,7
/scratch/pdoshi/audio_comp/urbansound8k_audio/02540_street_music.wav,2540,157940-9-0-5.wav,157940,9,street_music,7
/scratch/pdoshi/audio_comp/urbansound8k_audio/02541_street_music.wav,2541,157940-9-0-6.wav,157940,9,street_music,7
/scratch/pdoshi/audio_comp/urbansound8k_audio/02542_dog_bark.wav,2542,157950-3-0-0.wav,157950,3,dog_bark,7
/scratch/pdoshi/audio_comp/urbansound8k_audio/02543_children_playing.wav,2543,158593-2-0-0.wav,158593,2,children_playing,7
/scratch/pdoshi/audio_comp/urbansound8k_audio/02544_children_playing.wav,2544,158593-2-0-31.wav,158593,2,children_playing,7
/scratch/pdoshi/audio_comp/urbansound8k_audio/02545_children_playing.wav,2545,158593-2-0-43.wav,158593,2,children_playing,7
/scratch/pdoshi/audio_comp/urbansound8k_audio/02546_children_playing.wav,2546,158593-2-0-47.wav,158593,2,children_playing,7
/scratch/pdoshi/audio_comp/urbansound8k_audio/02547_children_playing.wav,2547,158593-2-0-52.wav,158593,2,children_playing,7
/scratch/pdoshi/audio_comp/urbansound8k_audio/02548_children_playing.wav,2548,158593-2-0-54.wav,158593,2,children_playing,7
/scratch/pdoshi/audio_comp/urbansound8k_audio/02549_children_playing.wav,2549,158593-2-0-8.wav,158593,2,children_playing,7
/scratch/pdoshi/audio_comp/urbansound8k_audio/02550_children_playing.wav,2550,158597-2-0-16.wav,158597,2,children_playing,2
/scratch/pdoshi/audio_comp/urbansound8k_audio/02551_children_playing.wav,2551,158597-2-0-2.wav,158597,2,children_playing,2
/scratch/pdoshi/audio_comp/urbansound8k_audio/02552_children_playing.wav,2552,158597-2-0-3.wav,158597,2,children_playing,2
/scratch/pdoshi/audio_comp/urbansound8k_audio/02553_children_playing.wav,2553,158597-2-0-30.wav,158597,2,children_playing,2
/scratch/pdoshi/audio_comp/urbansound8k_audio/02554_children_playing.wav,2554,158597-2-0-33.wav,158597,2,children_playing,2
/scratch/pdoshi/audio_comp/urbansound8k_audio/02555_children_playing.wav,2555,158597-2-0-41.wav,158597,2,children_playing,2
/scratch/pdoshi/audio_comp/urbansound8k_audio/02556_children_playing.wav,2556,158597-2-0-57.wav,158597,2,children_playing,2
/scratch/pdoshi/audio_comp/urbansound8k_audio/02557_children_playing.wav,2557,158597-2-0-85.wav,158597,2,children_playing,2
/scratch/pdoshi/audio_comp/urbansound8k_audio/02558_dog_bark.wav,2558,158607-3-0-0.wav,158607,3,dog_bark,2
/scratch/pdoshi/audio_comp/urbansound8k_audio/02559_dog_bark.wav,2559,158607-3-1-0.wav,158607,3,dog_bark,2
/scratch/pdoshi/audio_comp/urbansound8k_audio/02560_dog_bark.wav,2560,158607-3-2-0.wav,158607,3,dog_bark,2
/scratch/pdoshi/audio_comp/urbansound8k_audio/02561_siren.wav,2561,158608-8-0-0.wav,158608,8,siren,4
/scratch/pdoshi/audio_comp/urbansound8k_audio/02562_siren.wav,2562,158608-8-0-1.wav,158608,8,siren,4
/scratch/pdoshi/audio_comp/urbansound8k_audio/02563_siren.wav,2563,158608-8-0-10.wav,158608,8,siren,4
/scratch/pdoshi/audio_comp/urbansound8k_audio/02564_siren.wav,2564,158608-8-0-2.wav,158608,8,siren,4
/scratch/pdoshi/audio_comp/urbansound8k_audio/02565_siren.wav,2565,158608-8-0-3.wav,158608,8,siren,4
/scratch/pdoshi/audio_comp/urbansound8k_audio/02566_siren.wav,2566,158608-8-0-4.wav,158608,8,siren,4
/scratch/pdoshi/audio_comp/urbansound8k_audio/02567_siren.wav,2567,158608-8-0-5.wav,158608,8,siren,4
/scratch/pdoshi/audio_comp/urbansound8k_audio/02568_siren.wav,2568,158608-8-0-6.wav,158608,8,siren,4
/scratch/pdoshi/audio_comp/urbansound8k_audio/02569_siren.wav,2569,158608-8-0-7.wav,158608,8,siren,4
/scratch/pdoshi/audio_comp/urbansound8k_audio/02570_siren.wav,2570,158608-8-0-8.wav,158608,8,siren,4
/scratch/pdoshi/audio_comp/urbansound8k_audio/02571_siren.wav,2571,158608-8-0-9.wav,158608,8,siren,4
/scratch/pdoshi/audio_comp/urbansound8k_audio/02572_gun_shot.wav,2572,158977-6-0-0.wav,158977,6,gun_shot,4
/scratch/pdoshi/audio_comp/urbansound8k_audio/02573_gun_shot.wav,2573,158978-6-0-0.wav,158978,6,gun_shot,7
/scratch/pdoshi/audio_comp/urbansound8k_audio/02574_gun_shot.wav,2574,158979-6-0-0.wav,158979,6,gun_shot,6
/scratch/pdoshi/audio_comp/urbansound8k_audio/02575_dog_bark.wav,2575,159176-3-0-0.wav,159176,3,dog_bark,4
/scratch/pdoshi/audio_comp/urbansound8k_audio/02576_children_playing.wav,2576,159439-2-0-0.wav,159439,2,children_playing,5
/scratch/pdoshi/audio_comp/urbansound8k_audio/02577_children_playing.wav,2577,159439-2-0-10.wav,159439,2,children_playing,5
/scratch/pdoshi/audio_comp/urbansound8k_audio/02578_children_playing.wav,2578,159439-2-0-11.wav,159439,2,children_playing,5
/scratch/pdoshi/audio_comp/urbansound8k_audio/02579_children_playing.wav,2579,159439-2-0-19.wav,159439,2,children_playing,5
/scratch/pdoshi/audio_comp/urbansound8k_audio/02580_children_playing.wav,2580,159439-2-0-21.wav,159439,2,children_playing,5
/scratch/pdoshi/audio_comp/urbansound8k_audio/02581_children_playing.wav,2581,159439-2-0-29.wav,159439,2,children_playing,5
/scratch/pdoshi/audio_comp/urbansound8k_audio/02582_children_playing.wav,2582,159439-2-0-30.wav,159439,2,children_playing,5
/scratch/pdoshi/audio_comp/urbansound8k_audio/02583_gun_shot.wav,2583,159701-6-0-0.wav,159701,6,gun_shot,5
/scratch/pdoshi/audio_comp/urbansound8k_audio/02584_gun_shot.wav,2584,159701-6-1-0.wav,159701,6,gun_shot,5
/scratch/pdoshi/audio_comp/urbansound8k_audio/02585_gun_shot.wav,2585,159701-6-2-0.wav,159701,6,gun_shot,5
/scratch/pdoshi/audio_comp/urbansound8k_audio/02586_gun_shot.wav,2586,159701-6-3-0.wav,159701,6,gun_shot,5
/scratch/pdoshi/audio_comp/urbansound8k_audio/02587_gun_shot.wav,2587,159701-6-4-0.wav,159701,6,gun_shot,5
/scratch/pdoshi/audio_comp/urbansound8k_audio/02588_gun_shot.wav,2588,159701-6-5-0.wav,159701,6,gun_shot,5
/scratch/pdoshi/audio_comp/urbansound8k_audio/02589_gun_shot.wav,2589,159701-6-6-0.wav,159701,6,gun_shot,5
/scratch/pdoshi/audio_comp/urbansound8k_audio/02590_gun_shot.wav,2590,159702-6-0-0.wav,159702,6,gun_shot,6
/scratch/pdoshi/audio_comp/urbansound8k_audio/02591_gun_shot.wav,2591,159702-6-1-0.wav,159702,6,gun_shot,6
/scratch/pdoshi/audio_comp/urbansound8k_audio/02592_gun_shot.wav,2592,159702-6-2-0.wav,159702,6,gun_shot,6
/scratch/pdoshi/audio_comp/urbansound8k_audio/02593_gun_shot.wav,2593,159702-6-3-0.wav,159702,6,gun_shot,6
/scratch/pdoshi/audio_comp/urbansound8k_audio/02594_gun_shot.wav,2594,159702-6-4-0.wav,159702,6,gun_shot,6
/scratch/pdoshi/audio_comp/urbansound8k_audio/02595_gun_shot.wav,2595,159702-6-5-0.wav,159702,6,gun_shot,6
/scratch/pdoshi/audio_comp/urbansound8k_audio/02596_gun_shot.wav,2596,159702-6-6-0.wav,159702,6,gun_shot,6
/scratch/pdoshi/audio_comp/urbansound8k_audio/02597_gun_shot.wav,2597,159703-6-0-0.wav,159703,6,gun_shot,5
/scratch/pdoshi/audio_comp/urbansound8k_audio/02598_gun_shot.wav,2598,159704-6-0-0.wav,159704,6,gun_shot,6
/scratch/pdoshi/audio_comp/urbansound8k_audio/02599_gun_shot.wav,2599,159705-6-0-0.wav,159705,6,gun_shot,7
/scratch/pdoshi/audio_comp/urbansound8k_audio/02600_gun_shot.wav,2600,159706-6-0-0.wav,159706,6,gun_shot,8
/scratch/pdoshi/audio_comp/urbansound8k_audio/02601_gun_shot.wav,2601,159707-6-0-0.wav,159707,6,gun_shot,9
/scratch/pdoshi/audio_comp/urbansound8k_audio/02602_gun_shot.wav,2602,159708-6-0-0.wav,159708,6,gun_shot,7
/scratch/pdoshi/audio_comp/urbansound8k_audio/02603_gun_shot.wav,2603,159708-6-1-0.wav,159708,6,gun_shot,7
/scratch/pdoshi/audio_comp/urbansound8k_audio/02604_gun_shot.wav,2604,159708-6-2-0.wav,159708,6,gun_shot,7
/scratch/pdoshi/audio_comp/urbansound8k_audio/02605_gun_shot.wav,2605,159708-6-3-0.wav,159708,6,gun_shot,7
/scratch/pdoshi/audio_comp/urbansound8k_audio/02606_gun_shot.wav,2606,159708-6-4-0.wav,159708,6,gun_shot,7
/scratch/pdoshi/audio_comp/urbansound8k_audio/02607_gun_shot.wav,2607,159708-6-5-0.wav,159708,6,gun_shot,7
/scratch/pdoshi/audio_comp/urbansound8k_audio/02608_gun_shot.wav,2608,159708-6-6-0.wav,159708,6,gun_shot,7
/scratch/pdoshi/audio_comp/urbansound8k_audio/02609_gun_shot.wav,2609,159709-6-0-0.wav,159709,6,gun_shot,10
/scratch/pdoshi/audio_comp/urbansound8k_audio/02610_gun_shot.wav,2610,159710-6-0-0.wav,159710,6,gun_shot,2
/scratch/pdoshi/audio_comp/urbansound8k_audio/02611_dog_bark.wav,2611,159726-3-0-0.wav,159726,3,dog_bark,9
/scratch/pdoshi/audio_comp/urbansound8k_audio/02612_dog_bark.wav,2612,159726-3-1-0.wav,159726,3,dog_bark,9
/scratch/pdoshi/audio_comp/urbansound8k_audio/02613_children_playing.wav,2613,159735-2-0-11.wav,159735,2,children_playing,9
/scratch/pdoshi/audio_comp/urbansound8k_audio/02614_children_playing.wav,2614,159735-2-0-121.wav,159735,2,children_playing,9
/scratch/pdoshi/audio_comp/urbansound8k_audio/02615_children_playing.wav,2615,159735-2-0-17.wav,159735,2,children_playing,9
/scratch/pdoshi/audio_comp/urbansound8k_audio/02616_children_playing.wav,2616,159735-2-0-22.wav,159735,2,children_playing,9
/scratch/pdoshi/audio_comp/urbansound8k_audio/02617_children_playing.wav,2617,159735-2-0-34.wav,159735,2,children_playing,9
/scratch/pdoshi/audio_comp/urbansound8k_audio/02618_children_playing.wav,2618,159735-2-0-80.wav,159735,2,children_playing,9
/scratch/pdoshi/audio_comp/urbansound8k_audio/02619_children_playing.wav,2619,159735-2-0-9.wav,159735,2,children_playing,9
/scratch/pdoshi/audio_comp/urbansound8k_audio/02620_children_playing.wav,2620,159735-2-0-99.wav,159735,2,children_playing,9
/scratch/pdoshi/audio_comp/urbansound8k_audio/02621_siren.wav,2621,159738-8-0-0.wav,159738,8,siren,1
/scratch/pdoshi/audio_comp/urbansound8k_audio/02622_siren.wav,2622,159738-8-0-1.wav,159738,8,siren,1
/scratch/pdoshi/audio_comp/urbansound8k_audio/02623_siren.wav,2623,159738-8-0-10.wav,159738,8,siren,1
/scratch/pdoshi/audio_comp/urbansound8k_audio/02624_siren.wav,2624,159738-8-0-11.wav,159738,8,siren,1
/scratch/pdoshi/audio_comp/urbansound8k_audio/02625_siren.wav,2625,159738-8-0-12.wav,159738,8,siren,1
/scratch/pdoshi/audio_comp/urbansound8k_audio/02626_siren.wav,2626,159738-8-0-13.wav,159738,8,siren,1
/scratch/pdoshi/audio_comp/urbansound8k_audio/02627_siren.wav,2627,159738-8-0-14.wav,159738,8,siren,1
/scratch/pdoshi/audio_comp/urbansound8k_audio/02628_siren.wav,2628,159738-8-0-15.wav,159738,8,siren,1
/scratch/pdoshi/audio_comp/urbansound8k_audio/02629_siren.wav,2629,159738-8-0-16.wav,159738,8,siren,1
/scratch/pdoshi/audio_comp/urbansound8k_audio/02630_siren.wav,2630,159738-8-0-17.wav,159738,8,siren,1
/scratch/pdoshi/audio_comp/urbansound8k_audio/02631_siren.wav,2631,159738-8-0-18.wav,159738,8,siren,1
/scratch/pdoshi/audio_comp/urbansound8k_audio/02632_siren.wav,2632,159738-8-0-19.wav,159738,8,siren,1
/scratch/pdoshi/audio_comp/urbansound8k_audio/02633_siren.wav,2633,159738-8-0-2.wav,159738,8,siren,1
/scratch/pdoshi/audio_comp/urbansound8k_audio/02634_siren.wav,2634,159738-8-0-3.wav,159738,8,siren,1
/scratch/pdoshi/audio_comp/urbansound8k_audio/02635_siren.wav,2635,159738-8-0-4.wav,159738,8,siren,1
/scratch/pdoshi/audio_comp/urbansound8k_audio/02636_siren.wav,2636,159738-8-0-5.wav,159738,8,siren,1
/scratch/pdoshi/audio_comp/urbansound8k_audio/02637_siren.wav,2637,159738-8-0-6.wav,159738,8,siren,1
/scratch/pdoshi/audio_comp/urbansound8k_audio/02638_siren.wav,2638,159738-8-0-7.wav,159738,8,siren,1
/scratch/pdoshi/audio_comp/urbansound8k_audio/02639_siren.wav,2639,159738-8-0-8.wav,159738,8,siren,1
/scratch/pdoshi/audio_comp/urbansound8k_audio/02640_siren.wav,2640,159738-8-0-9.wav,159738,8,siren,1
/scratch/pdoshi/audio_comp/urbansound8k_audio/02641_siren.wav,2641,159742-8-0-0.wav,159742,8,siren,10
/scratch/pdoshi/audio_comp/urbansound8k_audio/02642_siren.wav,2642,159742-8-0-1.wav,159742,8,siren,10
/scratch/pdoshi/audio_comp/urbansound8k_audio/02643_siren.wav,2643,159742-8-0-10.wav,159742,8,siren,10
/scratch/pdoshi/audio_comp/urbansound8k_audio/02644_siren.wav,2644,159742-8-0-11.wav,159742,8,siren,10
/scratch/pdoshi/audio_comp/urbansound8k_audio/02645_siren.wav,2645,159742-8-0-12.wav,159742,8,siren,10
/scratch/pdoshi/audio_comp/urbansound8k_audio/02646_siren.wav,2646,159742-8-0-13.wav,159742,8,siren,10
/scratch/pdoshi/audio_comp/urbansound8k_audio/02647_siren.wav,2647,159742-8-0-14.wav,159742,8,siren,10
/scratch/pdoshi/audio_comp/urbansound8k_audio/02648_siren.wav,2648,159742-8-0-2.wav,159742,8,siren,10
/scratch/pdoshi/audio_comp/urbansound8k_audio/02649_siren.wav,2649,159742-8-0-3.wav,159742,8,siren,10
/scratch/pdoshi/audio_comp/urbansound8k_audio/02650_siren.wav,2650,159742-8-0-4.wav,159742,8,siren,10
/scratch/pdoshi/audio_comp/urbansound8k_audio/02651_siren.wav,2651,159742-8-0-5.wav,159742,8,siren,10
/scratch/pdoshi/audio_comp/urbansound8k_audio/02652_siren.wav,2652,159742-8-0-6.wav,159742,8,siren,10
/scratch/pdoshi/audio_comp/urbansound8k_audio/02653_siren.wav,2653,159742-8-0-7.wav,159742,8,siren,10
/scratch/pdoshi/audio_comp/urbansound8k_audio/02654_siren.wav,2654,159742-8-0-8.wav,159742,8,siren,10
/scratch/pdoshi/audio_comp/urbansound8k_audio/02655_siren.wav,2655,159742-8-0-9.wav,159742,8,siren,10
/scratch/pdoshi/audio_comp/urbansound8k_audio/02656_siren.wav,2656,159743-8-0-0.wav,159743,8,siren,2
/scratch/pdoshi/audio_comp/urbansound8k_audio/02657_siren.wav,2657,159744-8-0-0.wav,159744,8,siren,9
/scratch/pdoshi/audio_comp/urbansound8k_audio/02658_siren.wav,2658,159744-8-0-1.wav,159744,8,siren,9
/scratch/pdoshi/audio_comp/urbansound8k_audio/02659_siren.wav,2659,159744-8-0-10.wav,159744,8,siren,9
/scratch/pdoshi/audio_comp/urbansound8k_audio/02660_siren.wav,2660,159744-8-0-11.wav,159744,8,siren,9
/scratch/pdoshi/audio_comp/urbansound8k_audio/02661_siren.wav,2661,159744-8-0-12.wav,159744,8,siren,9
/scratch/pdoshi/audio_comp/urbansound8k_audio/02662_siren.wav,2662,159744-8-0-13.wav,159744,8,siren,9
/scratch/pdoshi/audio_comp/urbansound8k_audio/02663_siren.wav,2663,159744-8-0-2.wav,159744,8,siren,9
/scratch/pdoshi/audio_comp/urbansound8k_audio/02664_siren.wav,2664,159744-8-0-3.wav,159744,8,siren,9
/scratch/pdoshi/audio_comp/urbansound8k_audio/02665_siren.wav,2665,159744-8-0-4.wav,159744,8,siren,9
/scratch/pdoshi/audio_comp/urbansound8k_audio/02666_siren.wav,2666,159744-8-0-5.wav,159744,8,siren,9
/scratch/pdoshi/audio_comp/urbansound8k_audio/02667_siren.wav,2667,159744-8-0-6.wav,159744,8,siren,9
/scratch/pdoshi/audio_comp/urbansound8k_audio/02668_siren.wav,2668,159744-8-0-7.wav,159744,8,siren,9
/scratch/pdoshi/audio_comp/urbansound8k_audio/02669_siren.wav,2669,159744-8-0-8.wav,159744,8,siren,9
/scratch/pdoshi/audio_comp/urbansound8k_audio/02670_siren.wav,2670,159744-8-0-9.wav,159744,8,siren,9
/scratch/pdoshi/audio_comp/urbansound8k_audio/02671_siren.wav,2671,159745-8-0-0.wav,159745,8,siren,9
/scratch/pdoshi/audio_comp/urbansound8k_audio/02672_siren.wav,2672,159745-8-1-0.wav,159745,8,siren,9
/scratch/pdoshi/audio_comp/urbansound8k_audio/02673_siren.wav,2673,159745-8-1-1.wav,159745,8,siren,9
/scratch/pdoshi/audio_comp/urbansound8k_audio/02674_siren.wav,2674,159745-8-1-2.wav,159745,8,siren,9
/scratch/pdoshi/audio_comp/urbansound8k_audio/02675_siren.wav,2675,159745-8-1-3.wav,159745,8,siren,9
/scratch/pdoshi/audio_comp/urbansound8k_audio/02676_siren.wav,2676,159745-8-1-4.wav,159745,8,siren,9
/scratch/pdoshi/audio_comp/urbansound8k_audio/02677_siren.wav,2677,159745-8-1-5.wav,159745,8,siren,9
/scratch/pdoshi/audio_comp/urbansound8k_audio/02678_siren.wav,2678,159745-8-1-6.wav,159745,8,siren,9
/scratch/pdoshi/audio_comp/urbansound8k_audio/02679_siren.wav,2679,159745-8-1-7.wav,159745,8,siren,9
/scratch/pdoshi/audio_comp/urbansound8k_audio/02680_siren.wav,2680,159747-8-0-0.wav,159747,8,siren,2
/scratch/pdoshi/audio_comp/urbansound8k_audio/02681_siren.wav,2681,159747-8-0-1.wav,159747,8,siren,2
/scratch/pdoshi/audio_comp/urbansound8k_audio/02682_siren.wav,2682,159747-8-0-10.wav,159747,8,siren,2
/scratch/pdoshi/audio_comp/urbansound8k_audio/02683_siren.wav,2683,159747-8-0-11.wav,159747,8,siren,2
/scratch/pdoshi/audio_comp/urbansound8k_audio/02684_siren.wav,2684,159747-8-0-12.wav,159747,8,siren,2
/scratch/pdoshi/audio_comp/urbansound8k_audio/02685_siren.wav,2685,159747-8-0-13.wav,159747,8,siren,2
/scratch/pdoshi/audio_comp/urbansound8k_audio/02686_siren.wav,2686,159747-8-0-14.wav,159747,8,siren,2
/scratch/pdoshi/audio_comp/urbansound8k_audio/02687_siren.wav,2687,159747-8-0-15.wav,159747,8,siren,2
/scratch/pdoshi/audio_comp/urbansound8k_audio/02688_siren.wav,2688,159747-8-0-16.wav,159747,8,siren,2
/scratch/pdoshi/audio_comp/urbansound8k_audio/02689_siren.wav,2689,159747-8-0-17.wav,159747,8,siren,2
/scratch/pdoshi/audio_comp/urbansound8k_audio/02690_siren.wav,2690,159747-8-0-18.wav,159747,8,siren,2
/scratch/pdoshi/audio_comp/urbansound8k_audio/02691_siren.wav,2691,159747-8-0-19.wav,159747,8,siren,2
/scratch/pdoshi/audio_comp/urbansound8k_audio/02692_siren.wav,2692,159747-8-0-2.wav,159747,8,siren,2
/scratch/pdoshi/audio_comp/urbansound8k_audio/02693_siren.wav,2693,159747-8-0-20.wav,159747,8,siren,2
/scratch/pdoshi/audio_comp/urbansound8k_audio/02694_siren.wav,2694,159747-8-0-21.wav,159747,8,siren,2
/scratch/pdoshi/audio_comp/urbansound8k_audio/02695_siren.wav,2695,159747-8-0-3.wav,159747,8,siren,2
/scratch/pdoshi/audio_comp/urbansound8k_audio/02696_siren.wav,2696,159747-8-0-4.wav,159747,8,siren,2
/scratch/pdoshi/audio_comp/urbansound8k_audio/02697_siren.wav,2697,159747-8-0-5.wav,159747,8,siren,2
/scratch/pdoshi/audio_comp/urbansound8k_audio/02698_siren.wav,2698,159747-8-0-6.wav,159747,8,siren,2
/scratch/pdoshi/audio_comp/urbansound8k_audio/02699_siren.wav,2699,159747-8-0-7.wav,159747,8,siren,2
/scratch/pdoshi/audio_comp/urbansound8k_audio/02700_siren.wav,2700,159747-8-0-8.wav,159747,8,siren,2
/scratch/pdoshi/audio_comp/urbansound8k_audio/02701_siren.wav,2701,159747-8-0-9.wav,159747,8,siren,2
/scratch/pdoshi/audio_comp/urbansound8k_audio/02702_siren.wav,2702,159748-8-0-0.wav,159748,8,siren,9
/scratch/pdoshi/audio_comp/urbansound8k_audio/02703_siren.wav,2703,159748-8-0-1.wav,159748,8,siren,9
/scratch/pdoshi/audio_comp/urbansound8k_audio/02704_siren.wav,2704,159748-8-0-2.wav,159748,8,siren,9
/scratch/pdoshi/audio_comp/urbansound8k_audio/02705_siren.wav,2705,159748-8-0-3.wav,159748,8,siren,9
/scratch/pdoshi/audio_comp/urbansound8k_audio/02706_siren.wav,2706,159748-8-0-4.wav,159748,8,siren,9
/scratch/pdoshi/audio_comp/urbansound8k_audio/02707_siren.wav,2707,159748-8-0-5.wav,159748,8,siren,9
/scratch/pdoshi/audio_comp/urbansound8k_audio/02708_siren.wav,2708,159748-8-0-6.wav,159748,8,siren,9
/scratch/pdoshi/audio_comp/urbansound8k_audio/02709_siren.wav,2709,159748-8-0-7.wav,159748,8,siren,9
/scratch/pdoshi/audio_comp/urbansound8k_audio/02710_siren.wav,2710,159748-8-0-8.wav,159748,8,siren,9
/scratch/pdoshi/audio_comp/urbansound8k_audio/02711_siren.wav,2711,159748-8-0-9.wav,159748,8,siren,9
/scratch/pdoshi/audio_comp/urbansound8k_audio/02712_siren.wav,2712,159748-8-1-0.wav,159748,8,siren,9
/scratch/pdoshi/audio_comp/urbansound8k_audio/02713_siren.wav,2713,159748-8-2-0.wav,159748,8,siren,9
/scratch/pdoshi/audio_comp/urbansound8k_audio/02714_siren.wav,2714,159748-8-2-1.wav,159748,8,siren,9
/scratch/pdoshi/audio_comp/urbansound8k_audio/02715_siren.wav,2715,159748-8-2-2.wav,159748,8,siren,9
/scratch/pdoshi/audio_comp/urbansound8k_audio/02716_siren.wav,2716,159748-8-2-3.wav,159748,8,siren,9
/scratch/pdoshi/audio_comp/urbansound8k_audio/02717_siren.wav,2717,159748-8-2-4.wav,159748,8,siren,9
/scratch/pdoshi/audio_comp/urbansound8k_audio/02718_siren.wav,2718,159748-8-2-5.wav,159748,8,siren,9
/scratch/pdoshi/audio_comp/urbansound8k_audio/02719_siren.wav,2719,159748-8-2-6.wav,159748,8,siren,9
/scratch/pdoshi/audio_comp/urbansound8k_audio/02720_siren.wav,2720,159748-8-2-7.wav,159748,8,siren,9
/scratch/pdoshi/audio_comp/urbansound8k_audio/02721_siren.wav,2721,159748-8-2-8.wav,159748,8,siren,9
/scratch/pdoshi/audio_comp/urbansound8k_audio/02722_siren.wav,2722,159750-8-0-0.wav,159750,8,siren,2
/scratch/pdoshi/audio_comp/urbansound8k_audio/02723_siren.wav,2723,159750-8-0-1.wav,159750,8,siren,2
/scratch/pdoshi/audio_comp/urbansound8k_audio/02724_siren.wav,2724,159750-8-0-2.wav,159750,8,siren,2
/scratch/pdoshi/audio_comp/urbansound8k_audio/02725_siren.wav,2725,159750-8-0-3.wav,159750,8,siren,2
/scratch/pdoshi/audio_comp/urbansound8k_audio/02726_siren.wav,2726,159750-8-0-4.wav,159750,8,siren,2
/scratch/pdoshi/audio_comp/urbansound8k_audio/02727_siren.wav,2727,159750-8-0-5.wav,159750,8,siren,2
/scratch/pdoshi/audio_comp/urbansound8k_audio/02728_siren.wav,2728,159750-8-0-6.wav,159750,8,siren,2
/scratch/pdoshi/audio_comp/urbansound8k_audio/02729_siren.wav,2729,159750-8-0-7.wav,159750,8,siren,2
/scratch/pdoshi/audio_comp/urbansound8k_audio/02730_siren.wav,2730,159750-8-0-8.wav,159750,8,siren,2
/scratch/pdoshi/audio_comp/urbansound8k_audio/02731_siren.wav,2731,159751-8-0-0.wav,159751,8,siren,4
/scratch/pdoshi/audio_comp/urbansound8k_audio/02732_siren.wav,2732,159751-8-0-1.wav,159751,8,siren,4
/scratch/pdoshi/audio_comp/urbansound8k_audio/02733_siren.wav,2733,159751-8-0-10.wav,159751,8,siren,4
/scratch/pdoshi/audio_comp/urbansound8k_audio/02734_siren.wav,2734,159751-8-0-11.wav,159751,8,siren,4
/scratch/pdoshi/audio_comp/urbansound8k_audio/02735_siren.wav,2735,159751-8-0-12.wav,159751,8,siren,4
/scratch/pdoshi/audio_comp/urbansound8k_audio/02736_siren.wav,2736,159751-8-0-13.wav,159751,8,siren,4
/scratch/pdoshi/audio_comp/urbansound8k_audio/02737_siren.wav,2737,159751-8-0-14.wav,159751,8,siren,4
/scratch/pdoshi/audio_comp/urbansound8k_audio/02738_siren.wav,2738,159751-8-0-15.wav,159751,8,siren,4
/scratch/pdoshi/audio_comp/urbansound8k_audio/02739_siren.wav,2739,159751-8-0-16.wav,159751,8,siren,4
/scratch/pdoshi/audio_comp/urbansound8k_audio/02740_siren.wav,2740,159751-8-0-17.wav,159751,8,siren,4
/scratch/pdoshi/audio_comp/urbansound8k_audio/02741_siren.wav,2741,159751-8-0-18.wav,159751,8,siren,4
/scratch/pdoshi/audio_comp/urbansound8k_audio/02742_siren.wav,2742,159751-8-0-19.wav,159751,8,siren,4
/scratch/pdoshi/audio_comp/urbansound8k_audio/02743_siren.wav,2743,159751-8-0-2.wav,159751,8,siren,4
/scratch/pdoshi/audio_comp/urbansound8k_audio/02744_siren.wav,2744,159751-8-0-20.wav,159751,8,siren,4
/scratch/pdoshi/audio_comp/urbansound8k_audio/02745_siren.wav,2745,159751-8-0-21.wav,159751,8,siren,4
/scratch/pdoshi/audio_comp/urbansound8k_audio/02746_siren.wav,2746,159751-8-0-3.wav,159751,8,siren,4
/scratch/pdoshi/audio_comp/urbansound8k_audio/02747_siren.wav,2747,159751-8-0-4.wav,159751,8,siren,4
/scratch/pdoshi/audio_comp/urbansound8k_audio/02748_siren.wav,2748,159751-8-0-5.wav,159751,8,siren,4
/scratch/pdoshi/audio_comp/urbansound8k_audio/02749_siren.wav,2749,159751-8-0-6.wav,159751,8,siren,4
/scratch/pdoshi/audio_comp/urbansound8k_audio/02750_siren.wav,2750,159751-8-0-7.wav,159751,8,siren,4
/scratch/pdoshi/audio_comp/urbansound8k_audio/02751_siren.wav,2751,159751-8-0-8.wav,159751,8,siren,4
/scratch/pdoshi/audio_comp/urbansound8k_audio/02752_siren.wav,2752,159751-8-0-9.wav,159751,8,siren,4
/scratch/pdoshi/audio_comp/urbansound8k_audio/02753_siren.wav,2753,159752-8-0-0.wav,159752,8,siren,4
/scratch/pdoshi/audio_comp/urbansound8k_audio/02754_siren.wav,2754,159752-8-0-1.wav,159752,8,siren,4
/scratch/pdoshi/audio_comp/urbansound8k_audio/02755_siren.wav,2755,159752-8-0-10.wav,159752,8,siren,4
/scratch/pdoshi/audio_comp/urbansound8k_audio/02756_siren.wav,2756,159752-8-0-11.wav,159752,8,siren,4
/scratch/pdoshi/audio_comp/urbansound8k_audio/02757_siren.wav,2757,159752-8-0-12.wav,159752,8,siren,4
/scratch/pdoshi/audio_comp/urbansound8k_audio/02758_siren.wav,2758,159752-8-0-2.wav,159752,8,siren,4
/scratch/pdoshi/audio_comp/urbansound8k_audio/02759_siren.wav,2759,159752-8-0-3.wav,159752,8,siren,4
/scratch/pdoshi/audio_comp/urbansound8k_audio/02760_siren.wav,2760,159752-8-0-4.wav,159752,8,siren,4
/scratch/pdoshi/audio_comp/urbansound8k_audio/02761_siren.wav,2761,159752-8-0-5.wav,159752,8,siren,4
/scratch/pdoshi/audio_comp/urbansound8k_audio/02762_siren.wav,2762,159752-8-0-6.wav,159752,8,siren,4
/scratch/pdoshi/audio_comp/urbansound8k_audio/02763_siren.wav,2763,159752-8-0-7.wav,159752,8,siren,4
/scratch/pdoshi/audio_comp/urbansound8k_audio/02764_siren.wav,2764,159752-8-0-8.wav,159752,8,siren,4
/scratch/pdoshi/audio_comp/urbansound8k_audio/02765_siren.wav,2765,159752-8-0-9.wav,159752,8,siren,4
/scratch/pdoshi/audio_comp/urbansound8k_audio/02766_siren.wav,2766,159752-8-1-0.wav,159752,8,siren,4
/scratch/pdoshi/audio_comp/urbansound8k_audio/02767_siren.wav,2767,159752-8-2-0.wav,159752,8,siren,4
/scratch/pdoshi/audio_comp/urbansound8k_audio/02768_siren.wav,2768,159752-8-2-1.wav,159752,8,siren,4
/scratch/pdoshi/audio_comp/urbansound8k_audio/02769_siren.wav,2769,159752-8-2-2.wav,159752,8,siren,4
/scratch/pdoshi/audio_comp/urbansound8k_audio/02770_siren.wav,2770,159752-8-2-3.wav,159752,8,siren,4
/scratch/pdoshi/audio_comp/urbansound8k_audio/02771_siren.wav,2771,159753-8-0-0.wav,159753,8,siren,4
/scratch/pdoshi/audio_comp/urbansound8k_audio/02772_siren.wav,2772,159753-8-0-1.wav,159753,8,siren,4
/scratch/pdoshi/audio_comp/urbansound8k_audio/02773_siren.wav,2773,159753-8-0-2.wav,159753,8,siren,4
/scratch/pdoshi/audio_comp/urbansound8k_audio/02774_siren.wav,2774,159753-8-0-3.wav,159753,8,siren,4
/scratch/pdoshi/audio_comp/urbansound8k_audio/02775_siren.wav,2775,159753-8-0-4.wav,159753,8,siren,4
/scratch/pdoshi/audio_comp/urbansound8k_audio/02776_siren.wav,2776,159753-8-0-5.wav,159753,8,siren,4
/scratch/pdoshi/audio_comp/urbansound8k_audio/02777_siren.wav,2777,159753-8-0-6.wav,159753,8,siren,4
/scratch/pdoshi/audio_comp/urbansound8k_audio/02778_siren.wav,2778,159754-8-0-0.wav,159754,8,siren,5
/scratch/pdoshi/audio_comp/urbansound8k_audio/02779_siren.wav,2779,159754-8-1-0.wav,159754,8,siren,5
/scratch/pdoshi/audio_comp/urbansound8k_audio/02780_siren.wav,2780,159754-8-2-0.wav,159754,8,siren,5
/scratch/pdoshi/audio_comp/urbansound8k_audio/02781_siren.wav,2781,159754-8-3-0.wav,159754,8,siren,5
/scratch/pdoshi/audio_comp/urbansound8k_audio/02782_siren.wav,2782,159754-8-4-0.wav,159754,8,siren,5
/scratch/pdoshi/audio_comp/urbansound8k_audio/02783_siren.wav,2783,159755-8-0-0.wav,159755,8,siren,9
/scratch/pdoshi/audio_comp/urbansound8k_audio/02784_siren.wav,2784,159755-8-0-1.wav,159755,8,siren,9
/scratch/pdoshi/audio_comp/urbansound8k_audio/02785_siren.wav,2785,159755-8-0-2.wav,159755,8,siren,9
/scratch/pdoshi/audio_comp/urbansound8k_audio/02786_siren.wav,2786,159755-8-0-3.wav,159755,8,siren,9
/scratch/pdoshi/audio_comp/urbansound8k_audio/02787_air_conditioner.wav,2787,159761-0-0-0.wav,159761,0,air_conditioner,3
/scratch/pdoshi/audio_comp/urbansound8k_audio/02788_air_conditioner.wav,2788,159761-0-0-1.wav,159761,0,air_conditioner,3
/scratch/pdoshi/audio_comp/urbansound8k_audio/02789_air_conditioner.wav,2789,159761-0-0-2.wav,159761,0,air_conditioner,3
/scratch/pdoshi/audio_comp/urbansound8k_audio/02790_air_conditioner.wav,2790,159761-0-0-3.wav,159761,0,air_conditioner,3
/scratch/pdoshi/audio_comp/urbansound8k_audio/02791_air_conditioner.wav,2791,159761-0-0-4.wav,159761,0,air_conditioner,3
/scratch/pdoshi/audio_comp/urbansound8k_audio/02792_air_conditioner.wav,2792,159761-0-0-5.wav,159761,0,air_conditioner,3
/scratch/pdoshi/audio_comp/urbansound8k_audio/02793_air_conditioner.wav,2793,159761-0-0-6.wav,159761,0,air_conditioner,3
/scratch/pdoshi/audio_comp/urbansound8k_audio/02794_air_conditioner.wav,2794,159761-0-0-7.wav,159761,0,air_conditioner,3
/scratch/pdoshi/audio_comp/urbansound8k_audio/02795_air_conditioner.wav,2795,159761-0-0-8.wav,159761,0,air_conditioner,3
/scratch/pdoshi/audio_comp/urbansound8k_audio/02796_children_playing.wav,2796,160009-2-0-1.wav,160009,2,children_playing,1
/scratch/pdoshi/audio_comp/urbansound8k_audio/02797_children_playing.wav,2797,160009-2-0-11.wav,160009,2,children_playing,1
/scratch/pdoshi/audio_comp/urbansound8k_audio/02798_children_playing.wav,2798,160009-2-0-22.wav,160009,2,children_playing,1
/scratch/pdoshi/audio_comp/urbansound8k_audio/02799_children_playing.wav,2799,160009-2-0-30.wav,160009,2,children_playing,1
/scratch/pdoshi/audio_comp/urbansound8k_audio/02800_children_playing.wav,2800,160009-2-0-31.wav,160009,2,children_playing,1
/scratch/pdoshi/audio_comp/urbansound8k_audio/02801_children_playing.wav,2801,160009-2-0-47.wav,160009,2,children_playing,1
/scratch/pdoshi/audio_comp/urbansound8k_audio/02802_children_playing.wav,2802,160009-2-0-5.wav,160009,2,children_playing,1
/scratch/pdoshi/audio_comp/urbansound8k_audio/02803_children_playing.wav,2803,160009-2-0-50.wav,160009,2,children_playing,1
/scratch/pdoshi/audio_comp/urbansound8k_audio/02804_children_playing.wav,2804,160010-2-0-19.wav,160010,2,children_playing,5
/scratch/pdoshi/audio_comp/urbansound8k_audio/02805_children_playing.wav,2805,160010-2-0-21.wav,160010,2,children_playing,5
/scratch/pdoshi/audio_comp/urbansound8k_audio/02806_children_playing.wav,2806,160010-2-0-30.wav,160010,2,children_playing,5
/scratch/pdoshi/audio_comp/urbansound8k_audio/02807_children_playing.wav,2807,160010-2-0-32.wav,160010,2,children_playing,5
/scratch/pdoshi/audio_comp/urbansound8k_audio/02808_children_playing.wav,2808,160010-2-0-33.wav,160010,2,children_playing,5
/scratch/pdoshi/audio_comp/urbansound8k_audio/02809_children_playing.wav,2809,160010-2-0-37.wav,160010,2,children_playing,5
/scratch/pdoshi/audio_comp/urbansound8k_audio/02810_children_playing.wav,2810,160010-2-0-38.wav,160010,2,children_playing,5
/scratch/pdoshi/audio_comp/urbansound8k_audio/02811_children_playing.wav,2811,160010-2-0-49.wav,160010,2,children_playing,5
/scratch/pdoshi/audio_comp/urbansound8k_audio/02812_children_playing.wav,2812,160011-2-0-0.wav,160011,2,children_playing,2
/scratch/pdoshi/audio_comp/urbansound8k_audio/02813_children_playing.wav,2813,160011-2-0-1.wav,160011,2,children_playing,2
/scratch/pdoshi/audio_comp/urbansound8k_audio/02814_children_playing.wav,2814,160011-2-0-12.wav,160011,2,children_playing,2
/scratch/pdoshi/audio_comp/urbansound8k_audio/02815_children_playing.wav,2815,160011-2-0-3.wav,160011,2,children_playing,2
/scratch/pdoshi/audio_comp/urbansound8k_audio/02816_children_playing.wav,2816,160011-2-0-34.wav,160011,2,children_playing,2
/scratch/pdoshi/audio_comp/urbansound8k_audio/02817_children_playing.wav,2817,160011-2-0-5.wav,160011,2,children_playing,2
/scratch/pdoshi/audio_comp/urbansound8k_audio/02818_children_playing.wav,2818,160011-2-0-7.wav,160011,2,children_playing,2
/scratch/pdoshi/audio_comp/urbansound8k_audio/02819_children_playing.wav,2819,160011-2-0-9.wav,160011,2,children_playing,2
/scratch/pdoshi/audio_comp/urbansound8k_audio/02820_children_playing.wav,2820,160016-2-0-13.wav,160016,2,children_playing,8
/scratch/pdoshi/audio_comp/urbansound8k_audio/02821_children_playing.wav,2821,160016-2-0-25.wav,160016,2,children_playing,8
/scratch/pdoshi/audio_comp/urbansound8k_audio/02822_children_playing.wav,2822,160016-2-0-26.wav,160016,2,children_playing,8
/scratch/pdoshi/audio_comp/urbansound8k_audio/02823_children_playing.wav,2823,160016-2-0-37.wav,160016,2,children_playing,8
/scratch/pdoshi/audio_comp/urbansound8k_audio/02824_children_playing.wav,2824,160016-2-0-40.wav,160016,2,children_playing,8
/scratch/pdoshi/audio_comp/urbansound8k_audio/02825_children_playing.wav,2825,160016-2-0-5.wav,160016,2,children_playing,8
/scratch/pdoshi/audio_comp/urbansound8k_audio/02826_children_playing.wav,2826,160016-2-0-8.wav,160016,2,children_playing,8
/scratch/pdoshi/audio_comp/urbansound8k_audio/02827_dog_bark.wav,2827,160092-3-0-0.wav,160092,3,dog_bark,2
/scratch/pdoshi/audio_comp/urbansound8k_audio/02828_dog_bark.wav,2828,160093-3-0-0.wav,160093,3,dog_bark,3
/scratch/pdoshi/audio_comp/urbansound8k_audio/02829_dog_bark.wav,2829,160094-3-0-0.wav,160094,3,dog_bark,1
/scratch/pdoshi/audio_comp/urbansound8k_audio/02830_dog_bark.wav,2830,160366-3-0-13.wav,160366,3,dog_bark,2
/scratch/pdoshi/audio_comp/urbansound8k_audio/02831_dog_bark.wav,2831,160366-3-0-4.wav,160366,3,dog_bark,2
/scratch/pdoshi/audio_comp/urbansound8k_audio/02832_dog_bark.wav,2832,160366-3-0-7.wav,160366,3,dog_bark,2
/scratch/pdoshi/audio_comp/urbansound8k_audio/02833_dog_bark.wav,2833,160366-3-0-8.wav,160366,3,dog_bark,2
/scratch/pdoshi/audio_comp/urbansound8k_audio/02834_dog_bark.wav,2834,160575-3-0-0.wav,160575,3,dog_bark,6
/scratch/pdoshi/audio_comp/urbansound8k_audio/02835_dog_bark.wav,2835,160575-3-1-0.wav,160575,3,dog_bark,6
/scratch/pdoshi/audio_comp/urbansound8k_audio/02836_dog_bark.wav,2836,160575-3-4-0.wav,160575,3,dog_bark,6
/scratch/pdoshi/audio_comp/urbansound8k_audio/02837_dog_bark.wav,2837,160575-3-7-0.wav,160575,3,dog_bark,6
/scratch/pdoshi/audio_comp/urbansound8k_audio/02838_children_playing.wav,2838,161005-2-0-0.wav,161005,2,children_playing,9
/scratch/pdoshi/audio_comp/urbansound8k_audio/02839_children_playing.wav,2839,161005-2-0-12.wav,161005,2,children_playing,9
/scratch/pdoshi/audio_comp/urbansound8k_audio/02840_children_playing.wav,2840,161005-2-0-14.wav,161005,2,children_playing,9
/scratch/pdoshi/audio_comp/urbansound8k_audio/02841_children_playing.wav,2841,161005-2-0-19.wav,161005,2,children_playing,9
/scratch/pdoshi/audio_comp/urbansound8k_audio/02842_children_playing.wav,2842,161005-2-0-27.wav,161005,2,children_playing,9
/scratch/pdoshi/audio_comp/urbansound8k_audio/02843_children_playing.wav,2843,161005-2-0-28.wav,161005,2,children_playing,9
/scratch/pdoshi/audio_comp/urbansound8k_audio/02844_children_playing.wav,2844,161005-2-0-4.wav,161005,2,children_playing,9
/scratch/pdoshi/audio_comp/urbansound8k_audio/02845_children_playing.wav,2845,161005-2-0-6.wav,161005,2,children_playing,9
/scratch/pdoshi/audio_comp/urbansound8k_audio/02846_car_horn.wav,2846,161010-1-0-0.wav,161010,1,car_horn,4
/scratch/pdoshi/audio_comp/urbansound8k_audio/02847_car_horn.wav,2847,161010-1-1-0.wav,161010,1,car_horn,4
/scratch/pdoshi/audio_comp/urbansound8k_audio/02848_car_horn.wav,2848,161010-1-2-0.wav,161010,1,car_horn,4
/scratch/pdoshi/audio_comp/urbansound8k_audio/02849_car_horn.wav,2849,161010-1-3-0.wav,161010,1,car_horn,4
/scratch/pdoshi/audio_comp/urbansound8k_audio/02850_drilling.wav,2850,161129-4-0-1.wav,161129,4,drilling,8
/scratch/pdoshi/audio_comp/urbansound8k_audio/02851_drilling.wav,2851,161129-4-0-10.wav,161129,4,drilling,8
/scratch/pdoshi/audio_comp/urbansound8k_audio/02852_drilling.wav,2852,161129-4-0-11.wav,161129,4,drilling,8
/scratch/pdoshi/audio_comp/urbansound8k_audio/02853_drilling.wav,2853,161129-4-0-12.wav,161129,4,drilling,8
/scratch/pdoshi/audio_comp/urbansound8k_audio/02854_drilling.wav,2854,161129-4-0-13.wav,161129,4,drilling,8
/scratch/pdoshi/audio_comp/urbansound8k_audio/02855_drilling.wav,2855,161129-4-0-15.wav,161129,4,drilling,8
/scratch/pdoshi/audio_comp/urbansound8k_audio/02856_drilling.wav,2856,161129-4-0-16.wav,161129,4,drilling,8
/scratch/pdoshi/audio_comp/urbansound8k_audio/02857_drilling.wav,2857,161129-4-0-19.wav,161129,4,drilling,8
/scratch/pdoshi/audio_comp/urbansound8k_audio/02858_drilling.wav,2858,161129-4-0-2.wav,161129,4,drilling,8
/scratch/pdoshi/audio_comp/urbansound8k_audio/02859_drilling.wav,2859,161129-4-0-20.wav,161129,4,drilling,8
/scratch/pdoshi/audio_comp/urbansound8k_audio/02860_drilling.wav,2860,161129-4-0-3.wav,161129,4,drilling,8
/scratch/pdoshi/audio_comp/urbansound8k_audio/02861_drilling.wav,2861,161129-4-0-4.wav,161129,4,drilling,8
/scratch/pdoshi/audio_comp/urbansound8k_audio/02862_drilling.wav,2862,161129-4-0-5.wav,161129,4,drilling,8
/scratch/pdoshi/audio_comp/urbansound8k_audio/02863_drilling.wav,2863,161129-4-0-6.wav,161129,4,drilling,8
/scratch/pdoshi/audio_comp/urbansound8k_audio/02864_drilling.wav,2864,161129-4-0-7.wav,161129,4,drilling,8
/scratch/pdoshi/audio_comp/urbansound8k_audio/02865_drilling.wav,2865,161129-4-0-8.wav,161129,4,drilling,8
/scratch/pdoshi/audio_comp/urbansound8k_audio/02866_drilling.wav,2866,161129-4-0-9.wav,161129,4,drilling,8
/scratch/pdoshi/audio_comp/urbansound8k_audio/02867_gun_shot.wav,2867,161195-6-0-0.wav,161195,6,gun_shot,3
/scratch/pdoshi/audio_comp/urbansound8k_audio/02868_street_music.wav,2868,161702-9-0-26.wav,161702,9,street_music,1
/scratch/pdoshi/audio_comp/urbansound8k_audio/02869_street_music.wav,2869,161702-9-0-30.wav,161702,9,street_music,1
/scratch/pdoshi/audio_comp/urbansound8k_audio/02870_street_music.wav,2870,161702-9-0-37.wav,161702,9,street_music,1
/scratch/pdoshi/audio_comp/urbansound8k_audio/02871_street_music.wav,2871,161702-9-0-45.wav,161702,9,street_music,1
/scratch/pdoshi/audio_comp/urbansound8k_audio/02872_street_music.wav,2872,161702-9-0-6.wav,161702,9,street_music,1
/scratch/pdoshi/audio_comp/urbansound8k_audio/02873_street_music.wav,2873,161702-9-0-8.wav,161702,9,street_music,1
/scratch/pdoshi/audio_comp/urbansound8k_audio/02874_dog_bark.wav,2874,161922-3-1-4.wav,161922,3,dog_bark,6
/scratch/pdoshi/audio_comp/urbansound8k_audio/02875_dog_bark.wav,2875,161922-3-1-5.wav,161922,3,dog_bark,6
/scratch/pdoshi/audio_comp/urbansound8k_audio/02876_dog_bark.wav,2876,161922-3-1-6.wav,161922,3,dog_bark,6
/scratch/pdoshi/audio_comp/urbansound8k_audio/02877_dog_bark.wav,2877,161922-3-2-0.wav,161922,3,dog_bark,6
/scratch/pdoshi/audio_comp/urbansound8k_audio/02878_dog_bark.wav,2878,161923-3-0-0.wav,161923,3,dog_bark,6
/scratch/pdoshi/audio_comp/urbansound8k_audio/02879_dog_bark.wav,2879,161923-3-0-12.wav,161923,3,dog_bark,6
/scratch/pdoshi/audio_comp/urbansound8k_audio/02880_dog_bark.wav,2880,161923-3-0-19.wav,161923,3,dog_bark,6
/scratch/pdoshi/audio_comp/urbansound8k_audio/02881_dog_bark.wav,2881,161923-3-0-5.wav,161923,3,dog_bark,6
/scratch/pdoshi/audio_comp/urbansound8k_audio/02882_air_conditioner.wav,2882,162103-0-0-0.wav,162103,0,air_conditioner,8
/scratch/pdoshi/audio_comp/urbansound8k_audio/02883_air_conditioner.wav,2883,162103-0-0-1.wav,162103,0,air_conditioner,8
/scratch/pdoshi/audio_comp/urbansound8k_audio/02884_air_conditioner.wav,2884,162103-0-0-10.wav,162103,0,air_conditioner,8
/scratch/pdoshi/audio_comp/urbansound8k_audio/02885_air_conditioner.wav,2885,162103-0-0-11.wav,162103,0,air_conditioner,8
/scratch/pdoshi/audio_comp/urbansound8k_audio/02886_air_conditioner.wav,2886,162103-0-0-12.wav,162103,0,air_conditioner,8
/scratch/pdoshi/audio_comp/urbansound8k_audio/02887_air_conditioner.wav,2887,162103-0-0-13.wav,162103,0,air_conditioner,8
/scratch/pdoshi/audio_comp/urbansound8k_audio/02888_air_conditioner.wav,2888,162103-0-0-14.wav,162103,0,air_conditioner,8
/scratch/pdoshi/audio_comp/urbansound8k_audio/02889_air_conditioner.wav,2889,162103-0-0-15.wav,162103,0,air_conditioner,8
/scratch/pdoshi/audio_comp/urbansound8k_audio/02890_air_conditioner.wav,2890,162103-0-0-16.wav,162103,0,air_conditioner,8
/scratch/pdoshi/audio_comp/urbansound8k_audio/02891_air_conditioner.wav,2891,162103-0-0-17.wav,162103,0,air_conditioner,8
/scratch/pdoshi/audio_comp/urbansound8k_audio/02892_air_conditioner.wav,2892,162103-0-0-2.wav,162103,0,air_conditioner,8
/scratch/pdoshi/audio_comp/urbansound8k_audio/02893_air_conditioner.wav,2893,162103-0-0-3.wav,162103,0,air_conditioner,8
/scratch/pdoshi/audio_comp/urbansound8k_audio/02894_air_conditioner.wav,2894,162103-0-0-4.wav,162103,0,air_conditioner,8
/scratch/pdoshi/audio_comp/urbansound8k_audio/02895_air_conditioner.wav,2895,162103-0-0-5.wav,162103,0,air_conditioner,8
/scratch/pdoshi/audio_comp/urbansound8k_audio/02896_air_conditioner.wav,2896,162103-0-0-6.wav,162103,0,air_conditioner,8
/scratch/pdoshi/audio_comp/urbansound8k_audio/02897_air_conditioner.wav,2897,162103-0-0-7.wav,162103,0,air_conditioner,8
/scratch/pdoshi/audio_comp/urbansound8k_audio/02898_air_conditioner.wav,2898,162103-0-0-8.wav,162103,0,air_conditioner,8
/scratch/pdoshi/audio_comp/urbansound8k_audio/02899_air_conditioner.wav,2899,162103-0-0-9.wav,162103,0,air_conditioner,8
/scratch/pdoshi/audio_comp/urbansound8k_audio/02900_jackhammer.wav,2900,162134-7-0-0.wav,162134,7,jackhammer,10
/scratch/pdoshi/audio_comp/urbansound8k_audio/02901_jackhammer.wav,2901,162134-7-0-1.wav,162134,7,jackhammer,10
/scratch/pdoshi/audio_comp/urbansound8k_audio/02902_jackhammer.wav,2902,162134-7-0-2.wav,162134,7,jackhammer,10
/scratch/pdoshi/audio_comp/urbansound8k_audio/02903_jackhammer.wav,2903,162134-7-1-0.wav,162134,7,jackhammer,10
/scratch/pdoshi/audio_comp/urbansound8k_audio/02904_jackhammer.wav,2904,162134-7-10-0.wav,162134,7,jackhammer,10
/scratch/pdoshi/audio_comp/urbansound8k_audio/02905_jackhammer.wav,2905,162134-7-10-1.wav,162134,7,jackhammer,10
/scratch/pdoshi/audio_comp/urbansound8k_audio/02906_jackhammer.wav,2906,162134-7-10-2.wav,162134,7,jackhammer,10
/scratch/pdoshi/audio_comp/urbansound8k_audio/02907_jackhammer.wav,2907,162134-7-10-3.wav,162134,7,jackhammer,10
/scratch/pdoshi/audio_comp/urbansound8k_audio/02908_jackhammer.wav,2908,162134-7-11-0.wav,162134,7,jackhammer,10
/scratch/pdoshi/audio_comp/urbansound8k_audio/02909_jackhammer.wav,2909,162134-7-11-1.wav,162134,7,jackhammer,10
/scratch/pdoshi/audio_comp/urbansound8k_audio/02910_jackhammer.wav,2910,162134-7-11-2.wav,162134,7,jackhammer,10
/scratch/pdoshi/audio_comp/urbansound8k_audio/02911_jackhammer.wav,2911,162134-7-11-3.wav,162134,7,jackhammer,10
/scratch/pdoshi/audio_comp/urbansound8k_audio/02912_jackhammer.wav,2912,162134-7-11-4.wav,162134,7,jackhammer,10
/scratch/pdoshi/audio_comp/urbansound8k_audio/02913_jackhammer.wav,2913,162134-7-11-5.wav,162134,7,jackhammer,10
/scratch/pdoshi/audio_comp/urbansound8k_audio/02914_jackhammer.wav,2914,162134-7-11-6.wav,162134,7,jackhammer,10
/scratch/pdoshi/audio_comp/urbansound8k_audio/02915_jackhammer.wav,2915,162134-7-11-7.wav,162134,7,jackhammer,10
/scratch/pdoshi/audio_comp/urbansound8k_audio/02916_jackhammer.wav,2916,162134-7-12-0.wav,162134,7,jackhammer,10
/scratch/pdoshi/audio_comp/urbansound8k_audio/02917_jackhammer.wav,2917,162134-7-12-1.wav,162134,7,jackhammer,10
/scratch/pdoshi/audio_comp/urbansound8k_audio/02918_jackhammer.wav,2918,162134-7-12-2.wav,162134,7,jackhammer,10
/scratch/pdoshi/audio_comp/urbansound8k_audio/02919_jackhammer.wav,2919,162134-7-12-3.wav,162134,7,jackhammer,10
/scratch/pdoshi/audio_comp/urbansound8k_audio/02920_jackhammer.wav,2920,162134-7-12-4.wav,162134,7,jackhammer,10
/scratch/pdoshi/audio_comp/urbansound8k_audio/02921_jackhammer.wav,2921,162134-7-13-0.wav,162134,7,jackhammer,10
/scratch/pdoshi/audio_comp/urbansound8k_audio/02922_jackhammer.wav,2922,162134-7-13-1.wav,162134,7,jackhammer,10
/scratch/pdoshi/audio_comp/urbansound8k_audio/02923_jackhammer.wav,2923,162134-7-13-2.wav,162134,7,jackhammer,10
/scratch/pdoshi/audio_comp/urbansound8k_audio/02924_jackhammer.wav,2924,162134-7-13-3.wav,162134,7,jackhammer,10
/scratch/pdoshi/audio_comp/urbansound8k_audio/02925_jackhammer.wav,2925,162134-7-13-4.wav,162134,7,jackhammer,10
/scratch/pdoshi/audio_comp/urbansound8k_audio/02926_jackhammer.wav,2926,162134-7-14-0.wav,162134,7,jackhammer,10
/scratch/pdoshi/audio_comp/urbansound8k_audio/02927_jackhammer.wav,2927,162134-7-14-1.wav,162134,7,jackhammer,10
/scratch/pdoshi/audio_comp/urbansound8k_audio/02928_jackhammer.wav,2928,162134-7-14-2.wav,162134,7,jackhammer,10
/scratch/pdoshi/audio_comp/urbansound8k_audio/02929_jackhammer.wav,2929,162134-7-15-0.wav,162134,7,jackhammer,10
/scratch/pdoshi/audio_comp/urbansound8k_audio/02930_jackhammer.wav,2930,162134-7-15-1.wav,162134,7,jackhammer,10
/scratch/pdoshi/audio_comp/urbansound8k_audio/02931_jackhammer.wav,2931,162134-7-15-2.wav,162134,7,jackhammer,10
/scratch/pdoshi/audio_comp/urbansound8k_audio/02932_jackhammer.wav,2932,162134-7-15-3.wav,162134,7,jackhammer,10
/scratch/pdoshi/audio_comp/urbansound8k_audio/02933_jackhammer.wav,2933,162134-7-15-4.wav,162134,7,jackhammer,10
/scratch/pdoshi/audio_comp/urbansound8k_audio/02934_jackhammer.wav,2934,162134-7-16-0.wav,162134,7,jackhammer,10
/scratch/pdoshi/audio_comp/urbansound8k_audio/02935_jackhammer.wav,2935,162134-7-16-1.wav,162134,7,jackhammer,10
/scratch/pdoshi/audio_comp/urbansound8k_audio/02936_jackhammer.wav,2936,162134-7-17-0.wav,162134,7,jackhammer,10
/scratch/pdoshi/audio_comp/urbansound8k_audio/02937_jackhammer.wav,2937,162134-7-17-1.wav,162134,7,jackhammer,10
/scratch/pdoshi/audio_comp/urbansound8k_audio/02938_jackhammer.wav,2938,162134-7-17-2.wav,162134,7,jackhammer,10
/scratch/pdoshi/audio_comp/urbansound8k_audio/02939_jackhammer.wav,2939,162134-7-17-3.wav,162134,7,jackhammer,10
/scratch/pdoshi/audio_comp/urbansound8k_audio/02940_jackhammer.wav,2940,162134-7-17-4.wav,162134,7,jackhammer,10
/scratch/pdoshi/audio_comp/urbansound8k_audio/02941_jackhammer.wav,2941,162134-7-2-0.wav,162134,7,jackhammer,10
/scratch/pdoshi/audio_comp/urbansound8k_audio/02942_jackhammer.wav,2942,162134-7-3-0.wav,162134,7,jackhammer,10
/scratch/pdoshi/audio_comp/urbansound8k_audio/02943_jackhammer.wav,2943,162134-7-4-0.wav,162134,7,jackhammer,10
/scratch/pdoshi/audio_comp/urbansound8k_audio/02944_jackhammer.wav,2944,162134-7-5-0.wav,162134,7,jackhammer,10
/scratch/pdoshi/audio_comp/urbansound8k_audio/02945_jackhammer.wav,2945,162134-7-6-0.wav,162134,7,jackhammer,10
/scratch/pdoshi/audio_comp/urbansound8k_audio/02946_jackhammer.wav,2946,162134-7-7-0.wav,162134,7,jackhammer,10
/scratch/pdoshi/audio_comp/urbansound8k_audio/02947_jackhammer.wav,2947,162134-7-7-1.wav,162134,7,jackhammer,10
/scratch/pdoshi/audio_comp/urbansound8k_audio/02948_jackhammer.wav,2948,162134-7-8-0.wav,162134,7,jackhammer,10
/scratch/pdoshi/audio_comp/urbansound8k_audio/02949_jackhammer.wav,2949,162134-7-8-1.wav,162134,7,jackhammer,10
/scratch/pdoshi/audio_comp/urbansound8k_audio/02950_jackhammer.wav,2950,162134-7-8-2.wav,162134,7,jackhammer,10
/scratch/pdoshi/audio_comp/urbansound8k_audio/02951_jackhammer.wav,2951,162134-7-8-3.wav,162134,7,jackhammer,10
/scratch/pdoshi/audio_comp/urbansound8k_audio/02952_jackhammer.wav,2952,162134-7-8-4.wav,162134,7,jackhammer,10
/scratch/pdoshi/audio_comp/urbansound8k_audio/02953_jackhammer.wav,2953,162134-7-8-5.wav,162134,7,jackhammer,10
/scratch/pdoshi/audio_comp/urbansound8k_audio/02954_jackhammer.wav,2954,162134-7-8-6.wav,162134,7,jackhammer,10
/scratch/pdoshi/audio_comp/urbansound8k_audio/02955_jackhammer.wav,2955,162134-7-8-7.wav,162134,7,jackhammer,10
/scratch/pdoshi/audio_comp/urbansound8k_audio/02956_jackhammer.wav,2956,162134-7-9-0.wav,162134,7,jackhammer,10
/scratch/pdoshi/audio_comp/urbansound8k_audio/02957_jackhammer.wav,2957,162134-7-9-1.wav,162134,7,jackhammer,10
/scratch/pdoshi/audio_comp/urbansound8k_audio/02958_jackhammer.wav,2958,162134-7-9-2.wav,162134,7,jackhammer,10
/scratch/pdoshi/audio_comp/urbansound8k_audio/02959_jackhammer.wav,2959,162134-7-9-3.wav,162134,7,jackhammer,10
/scratch/pdoshi/audio_comp/urbansound8k_audio/02960_jackhammer.wav,2960,162134-7-9-4.wav,162134,7,jackhammer,10
/scratch/pdoshi/audio_comp/urbansound8k_audio/02961_dog_bark.wav,2961,162148-3-0-0.wav,162148,3,dog_bark,10
/scratch/pdoshi/audio_comp/urbansound8k_audio/02962_children_playing.wav,2962,162318-2-0-17.wav,162318,2,children_playing,5
/scratch/pdoshi/audio_comp/urbansound8k_audio/02963_children_playing.wav,2963,162318-2-0-25.wav,162318,2,children_playing,5
/scratch/pdoshi/audio_comp/urbansound8k_audio/02964_children_playing.wav,2964,162318-2-0-34.wav,162318,2,children_playing,5
/scratch/pdoshi/audio_comp/urbansound8k_audio/02965_children_playing.wav,2965,162318-2-0-38.wav,162318,2,children_playing,5
/scratch/pdoshi/audio_comp/urbansound8k_audio/02966_children_playing.wav,2966,162318-2-0-39.wav,162318,2,children_playing,5
/scratch/pdoshi/audio_comp/urbansound8k_audio/02967_children_playing.wav,2967,162318-2-0-40.wav,162318,2,children_playing,5
/scratch/pdoshi/audio_comp/urbansound8k_audio/02968_children_playing.wav,2968,162318-2-0-55.wav,162318,2,children_playing,5
/scratch/pdoshi/audio_comp/urbansound8k_audio/02969_children_playing.wav,2969,162318-2-0-7.wav,162318,2,children_playing,5
/scratch/pdoshi/audio_comp/urbansound8k_audio/02970_gun_shot.wav,2970,162431-6-0-0.wav,162431,6,gun_shot,3
/scratch/pdoshi/audio_comp/urbansound8k_audio/02971_gun_shot.wav,2971,162431-6-1-0.wav,162431,6,gun_shot,3
/scratch/pdoshi/audio_comp/urbansound8k_audio/02972_gun_shot.wav,2972,162431-6-2-0.wav,162431,6,gun_shot,3
/scratch/pdoshi/audio_comp/urbansound8k_audio/02973_gun_shot.wav,2973,162431-6-3-0.wav,162431,6,gun_shot,3
/scratch/pdoshi/audio_comp/urbansound8k_audio/02974_gun_shot.wav,2974,162432-6-0-0.wav,162432,6,gun_shot,5
/scratch/pdoshi/audio_comp/urbansound8k_audio/02975_gun_shot.wav,2975,162432-6-1-0.wav,162432,6,gun_shot,5
/scratch/pdoshi/audio_comp/urbansound8k_audio/02976_gun_shot.wav,2976,162432-6-10-0.wav,162432,6,gun_shot,5
/scratch/pdoshi/audio_comp/urbansound8k_audio/02977_gun_shot.wav,2977,162432-6-11-0.wav,162432,6,gun_shot,5
/scratch/pdoshi/audio_comp/urbansound8k_audio/02978_gun_shot.wav,2978,162432-6-12-0.wav,162432,6,gun_shot,5
/scratch/pdoshi/audio_comp/urbansound8k_audio/02979_gun_shot.wav,2979,162432-6-13-0.wav,162432,6,gun_shot,5
/scratch/pdoshi/audio_comp/urbansound8k_audio/02980_gun_shot.wav,2980,162432-6-14-0.wav,162432,6,gun_shot,5
/scratch/pdoshi/audio_comp/urbansound8k_audio/02981_gun_shot.wav,2981,162432-6-2-0.wav,162432,6,gun_shot,5
/scratch/pdoshi/audio_comp/urbansound8k_audio/02982_gun_shot.wav,2982,162432-6-3-0.wav,162432,6,gun_shot,5
/scratch/pdoshi/audio_comp/urbansound8k_audio/02983_gun_shot.wav,2983,162432-6-4-0.wav,162432,6,gun_shot,5
/scratch/pdoshi/audio_comp/urbansound8k_audio/02984_gun_shot.wav,2984,162432-6-5-0.wav,162432,6,gun_shot,5
/scratch/pdoshi/audio_comp/urbansound8k_audio/02985_gun_shot.wav,2985,162432-6-6-0.wav,162432,6,gun_shot,5
/scratch/pdoshi/audio_comp/urbansound8k_audio/02986_gun_shot.wav,2986,162432-6-7-0.wav,162432,6,gun_shot,5
/scratch/pdoshi/audio_comp/urbansound8k_audio/02987_gun_shot.wav,2987,162432-6-8-0.wav,162432,6,gun_shot,5
/scratch/pdoshi/audio_comp/urbansound8k_audio/02988_gun_shot.wav,2988,162432-6-9-0.wav,162432,6,gun_shot,5
/scratch/pdoshi/audio_comp/urbansound8k_audio/02989_gun_shot.wav,2989,162433-6-0-0.wav,162433,6,gun_shot,8
/scratch/pdoshi/audio_comp/urbansound8k_audio/02990_gun_shot.wav,2990,162433-6-1-0.wav,162433,6,gun_shot,8
/scratch/pdoshi/audio_comp/urbansound8k_audio/02991_gun_shot.wav,2991,162433-6-2-0.wav,162433,6,gun_shot,8
/scratch/pdoshi/audio_comp/urbansound8k_audio/02992_gun_shot.wav,2992,162433-6-3-0.wav,162433,6,gun_shot,8
/scratch/pdoshi/audio_comp/urbansound8k_audio/02993_gun_shot.wav,2993,162433-6-4-0.wav,162433,6,gun_shot,8
/scratch/pdoshi/audio_comp/urbansound8k_audio/02994_gun_shot.wav,2994,162433-6-5-0.wav,162433,6,gun_shot,8
/scratch/pdoshi/audio_comp/urbansound8k_audio/02995_gun_shot.wav,2995,162433-6-6-0.wav,162433,6,gun_shot,8
/scratch/pdoshi/audio_comp/urbansound8k_audio/02996_gun_shot.wav,2996,162433-6-7-0.wav,162433,6,gun_shot,8
/scratch/pdoshi/audio_comp/urbansound8k_audio/02997_gun_shot.wav,2997,162433-6-8-0.wav,162433,6,gun_shot,8
/scratch/pdoshi/audio_comp/urbansound8k_audio/02998_gun_shot.wav,2998,162434-6-0-0.wav,162434,6,gun_shot,6
/scratch/pdoshi/audio_comp/urbansound8k_audio/02999_gun_shot.wav,2999,162434-6-1-0.wav,162434,6,gun_shot,6
/scratch/pdoshi/audio_comp/urbansound8k_audio/03000_gun_shot.wav,3000,162434-6-2-0.wav,162434,6,gun_shot,6
/scratch/pdoshi/audio_comp/urbansound8k_audio/03001_gun_shot.wav,3001,162435-6-0-0.wav,162435,6,gun_shot,4
/scratch/pdoshi/audio_comp/urbansound8k_audio/03002_gun_shot.wav,3002,162435-6-1-0.wav,162435,6,gun_shot,4
/scratch/pdoshi/audio_comp/urbansound8k_audio/03003_gun_shot.wav,3003,162435-6-2-0.wav,162435,6,gun_shot,4
/scratch/pdoshi/audio_comp/urbansound8k_audio/03004_gun_shot.wav,3004,162435-6-3-0.wav,162435,6,gun_shot,4
/scratch/pdoshi/audio_comp/urbansound8k_audio/03005_gun_shot.wav,3005,162436-6-0-0.wav,162436,6,gun_shot,3
/scratch/pdoshi/audio_comp/urbansound8k_audio/03006_car_horn.wav,3006,162540-1-0-0.wav,162540,1,car_horn,1
/scratch/pdoshi/audio_comp/urbansound8k_audio/03007_car_horn.wav,3007,162540-1-1-0.wav,162540,1,car_horn,1
/scratch/pdoshi/audio_comp/urbansound8k_audio/03008_car_horn.wav,3008,162540-1-2-0.wav,162540,1,car_horn,1
/scratch/pdoshi/audio_comp/urbansound8k_audio/03009_car_horn.wav,3009,162541-1-0-0.wav,162541,1,car_horn,2
/scratch/pdoshi/audio_comp/urbansound8k_audio/03010_car_horn.wav,3010,162541-1-1-0.wav,162541,1,car_horn,2
/scratch/pdoshi/audio_comp/urbansound8k_audio/03011_car_horn.wav,3011,162541-1-2-0.wav,162541,1,car_horn,2
/scratch/pdoshi/audio_comp/urbansound8k_audio/03012_car_horn.wav,3012,162702-1-0-0.wav,162702,1,car_horn,6
/scratch/pdoshi/audio_comp/urbansound8k_audio/03013_car_horn.wav,3013,162702-1-1-0.wav,162702,1,car_horn,6
/scratch/pdoshi/audio_comp/urbansound8k_audio/03014_car_horn.wav,3014,162703-1-0-0.wav,162703,1,car_horn,1
/scratch/pdoshi/audio_comp/urbansound8k_audio/03015_car_horn.wav,3015,162728-1-0-0.wav,162728,1,car_horn,7
/scratch/pdoshi/audio_comp/urbansound8k_audio/03016_dog_bark.wav,3016,163459-3-0-0.wav,163459,3,dog_bark,10
/scratch/pdoshi/audio_comp/urbansound8k_audio/03017_gun_shot.wav,3017,163460-6-0-0.wav,163460,6,gun_shot,2
/scratch/pdoshi/audio_comp/urbansound8k_audio/03018_siren.wav,3018,164053-8-0-0.wav,164053,8,siren,1
/scratch/pdoshi/audio_comp/urbansound8k_audio/03019_siren.wav,3019,164053-8-1-0.wav,164053,8,siren,1
/scratch/pdoshi/audio_comp/urbansound8k_audio/03020_siren.wav,3020,164053-8-2-0.wav,164053,8,siren,1
/scratch/pdoshi/audio_comp/urbansound8k_audio/03021_siren.wav,3021,164053-8-2-1.wav,164053,8,siren,1
/scratch/pdoshi/audio_comp/urbansound8k_audio/03022_siren.wav,3022,164053-8-2-2.wav,164053,8,siren,1
/scratch/pdoshi/audio_comp/urbansound8k_audio/03023_siren.wav,3023,164053-8-2-3.wav,164053,8,siren,1
/scratch/pdoshi/audio_comp/urbansound8k_audio/03024_siren.wav,3024,164053-8-3-0.wav,164053,8,siren,1
/scratch/pdoshi/audio_comp/urbansound8k_audio/03025_children_playing.wav,3025,164194-2-0-10.wav,164194,2,children_playing,10
/scratch/pdoshi/audio_comp/urbansound8k_audio/03026_children_playing.wav,3026,164194-2-0-11.wav,164194,2,children_playing,10
/scratch/pdoshi/audio_comp/urbansound8k_audio/03027_children_playing.wav,3027,164194-2-0-14.wav,164194,2,children_playing,10
/scratch/pdoshi/audio_comp/urbansound8k_audio/03028_children_playing.wav,3028,164194-2-0-18.wav,164194,2,children_playing,10
/scratch/pdoshi/audio_comp/urbansound8k_audio/03029_children_playing.wav,3029,164194-2-0-24.wav,164194,2,children_playing,10
/scratch/pdoshi/audio_comp/urbansound8k_audio/03030_children_playing.wav,3030,164194-2-0-26.wav,164194,2,children_playing,10
/scratch/pdoshi/audio_comp/urbansound8k_audio/03031_children_playing.wav,3031,164194-2-0-29.wav,164194,2,children_playing,10
/scratch/pdoshi/audio_comp/urbansound8k_audio/03032_children_playing.wav,3032,164194-2-0-7.wav,164194,2,children_playing,10
/scratch/pdoshi/audio_comp/urbansound8k_audio/03033_dog_bark.wav,3033,164311-3-0-0.wav,164311,3,dog_bark,6
/scratch/pdoshi/audio_comp/urbansound8k_audio/03034_dog_bark.wav,3034,164311-3-1-0.wav,164311,3,dog_bark,6
/scratch/pdoshi/audio_comp/urbansound8k_audio/03035_dog_bark.wav,3035,164312-3-0-0.wav,164312,3,dog_bark,1
/scratch/pdoshi/audio_comp/urbansound8k_audio/03036_dog_bark.wav,3036,164312-3-1-0.wav,164312,3,dog_bark,1
/scratch/pdoshi/audio_comp/urbansound8k_audio/03037_dog_bark.wav,3037,164312-3-3-0.wav,164312,3,dog_bark,1
/scratch/pdoshi/audio_comp/urbansound8k_audio/03038_dog_bark.wav,3038,164312-3-4-0.wav,164312,3,dog_bark,1
/scratch/pdoshi/audio_comp/urbansound8k_audio/03039_street_music.wav,3039,164344-9-0-0.wav,164344,9,street_music,5
/scratch/pdoshi/audio_comp/urbansound8k_audio/03040_street_music.wav,3040,164344-9-0-26.wav,164344,9,street_music,5
/scratch/pdoshi/audio_comp/urbansound8k_audio/03041_street_music.wav,3041,164344-9-0-38.wav,164344,9,street_music,5
/scratch/pdoshi/audio_comp/urbansound8k_audio/03042_street_music.wav,3042,164344-9-0-39.wav,164344,9,street_music,5
/scratch/pdoshi/audio_comp/urbansound8k_audio/03043_street_music.wav,3043,164344-9-0-40.wav,164344,9,street_music,5
/scratch/pdoshi/audio_comp/urbansound8k_audio/03044_street_music.wav,3044,164344-9-0-44.wav,164344,9,street_music,5
/scratch/pdoshi/audio_comp/urbansound8k_audio/03045_street_music.wav,3045,164377-9-0-16.wav,164377,9,street_music,10
/scratch/pdoshi/audio_comp/urbansound8k_audio/03046_street_music.wav,3046,164377-9-1-15.wav,164377,9,street_music,10
/scratch/pdoshi/audio_comp/urbansound8k_audio/03047_street_music.wav,3047,164377-9-1-3.wav,164377,9,street_music,10
/scratch/pdoshi/audio_comp/urbansound8k_audio/03048_street_music.wav,3048,164377-9-1-36.wav,164377,9,street_music,10
/scratch/pdoshi/audio_comp/urbansound8k_audio/03049_street_music.wav,3049,164377-9-1-43.wav,164377,9,street_music,10
/scratch/pdoshi/audio_comp/urbansound8k_audio/03050_street_music.wav,3050,164377-9-1-50.wav,164377,9,street_music,10
/scratch/pdoshi/audio_comp/urbansound8k_audio/03051_street_music.wav,3051,164377-9-1-92.wav,164377,9,street_music,10
/scratch/pdoshi/audio_comp/urbansound8k_audio/03052_car_horn.wav,3052,164625-1-0-0.wav,164625,1,car_horn,9
/scratch/pdoshi/audio_comp/urbansound8k_audio/03053_car_horn.wav,3053,164626-1-0-0.wav,164626,1,car_horn,8
/scratch/pdoshi/audio_comp/urbansound8k_audio/03054_car_horn.wav,3054,164627-1-0-0.wav,164627,1,car_horn,7
/scratch/pdoshi/audio_comp/urbansound8k_audio/03055_gun_shot.wav,3055,164646-6-0-0.wav,164646,6,gun_shot,10
/scratch/pdoshi/audio_comp/urbansound8k_audio/03056_gun_shot.wav,3056,164667-6-0-0.wav,164667,6,gun_shot,5
/scratch/pdoshi/audio_comp/urbansound8k_audio/03057_siren.wav,3057,164782-8-0-0.wav,164782,8,siren,5
/scratch/pdoshi/audio_comp/urbansound8k_audio/03058_siren.wav,3058,164782-8-0-1.wav,164782,8,siren,5
/scratch/pdoshi/audio_comp/urbansound8k_audio/03059_siren.wav,3059,164782-8-0-2.wav,164782,8,siren,5
/scratch/pdoshi/audio_comp/urbansound8k_audio/03060_siren.wav,3060,164782-8-0-3.wav,164782,8,siren,5
/scratch/pdoshi/audio_comp/urbansound8k_audio/03061_siren.wav,3061,164782-8-0-4.wav,164782,8,siren,5
/scratch/pdoshi/audio_comp/urbansound8k_audio/03062_siren.wav,3062,164782-8-0-5.wav,164782,8,siren,5
/scratch/pdoshi/audio_comp/urbansound8k_audio/03063_siren.wav,3063,164782-8-0-6.wav,164782,8,siren,5
/scratch/pdoshi/audio_comp/urbansound8k_audio/03064_siren.wav,3064,164782-8-0-7.wav,164782,8,siren,5
/scratch/pdoshi/audio_comp/urbansound8k_audio/03065_children_playing.wav,3065,164797-2-0-16.wav,164797,2,children_playing,7
/scratch/pdoshi/audio_comp/urbansound8k_audio/03066_children_playing.wav,3066,164797-2-0-29.wav,164797,2,children_playing,7
/scratch/pdoshi/audio_comp/urbansound8k_audio/03067_children_playing.wav,3067,164797-2-0-32.wav,164797,2,children_playing,7
/scratch/pdoshi/audio_comp/urbansound8k_audio/03068_children_playing.wav,3068,164797-2-0-44.wav,164797,2,children_playing,7
/scratch/pdoshi/audio_comp/urbansound8k_audio/03069_children_playing.wav,3069,164797-2-0-47.wav,164797,2,children_playing,7
/scratch/pdoshi/audio_comp/urbansound8k_audio/03070_children_playing.wav,3070,164797-2-0-50.wav,164797,2,children_playing,7
/scratch/pdoshi/audio_comp/urbansound8k_audio/03071_children_playing.wav,3071,164797-2-0-8.wav,164797,2,children_playing,7
/scratch/pdoshi/audio_comp/urbansound8k_audio/03072_jackhammer.wav,3072,165039-7-0-0.wav,165039,7,jackhammer,3
/scratch/pdoshi/audio_comp/urbansound8k_audio/03073_jackhammer.wav,3073,165039-7-1-0.wav,165039,7,jackhammer,3
/scratch/pdoshi/audio_comp/urbansound8k_audio/03074_jackhammer.wav,3074,165039-7-10-0.wav,165039,7,jackhammer,3
/scratch/pdoshi/audio_comp/urbansound8k_audio/03075_jackhammer.wav,3075,165039-7-10-1.wav,165039,7,jackhammer,3
/scratch/pdoshi/audio_comp/urbansound8k_audio/03076_jackhammer.wav,3076,165039-7-11-0.wav,165039,7,jackhammer,3
/scratch/pdoshi/audio_comp/urbansound8k_audio/03077_jackhammer.wav,3077,165039-7-12-0.wav,165039,7,jackhammer,3
/scratch/pdoshi/audio_comp/urbansound8k_audio/03078_jackhammer.wav,3078,165039-7-12-1.wav,165039,7,jackhammer,3
/scratch/pdoshi/audio_comp/urbansound8k_audio/03079_jackhammer.wav,3079,165039-7-13-0.wav,165039,7,jackhammer,3
/scratch/pdoshi/audio_comp/urbansound8k_audio/03080_jackhammer.wav,3080,165039-7-14-0.wav,165039,7,jackhammer,3
/scratch/pdoshi/audio_comp/urbansound8k_audio/03081_jackhammer.wav,3081,165039-7-15-0.wav,165039,7,jackhammer,3
/scratch/pdoshi/audio_comp/urbansound8k_audio/03082_jackhammer.wav,3082,165039-7-15-1.wav,165039,7,jackhammer,3
/scratch/pdoshi/audio_comp/urbansound8k_audio/03083_jackhammer.wav,3083,165039-7-16-0.wav,165039,7,jackhammer,3
/scratch/pdoshi/audio_comp/urbansound8k_audio/03084_jackhammer.wav,3084,165039-7-17-0.wav,165039,7,jackhammer,3
/scratch/pdoshi/audio_comp/urbansound8k_audio/03085_jackhammer.wav,3085,165039-7-17-1.wav,165039,7,jackhammer,3
/scratch/pdoshi/audio_comp/urbansound8k_audio/03086_jackhammer.wav,3086,165039-7-2-0.wav,165039,7,jackhammer,3
/scratch/pdoshi/audio_comp/urbansound8k_audio/03087_jackhammer.wav,3087,165039-7-2-1.wav,165039,7,jackhammer,3
/scratch/pdoshi/audio_comp/urbansound8k_audio/03088_jackhammer.wav,3088,165039-7-3-0.wav,165039,7,jackhammer,3
/scratch/pdoshi/audio_comp/urbansound8k_audio/03089_jackhammer.wav,3089,165039-7-4-0.wav,165039,7,jackhammer,3
/scratch/pdoshi/audio_comp/urbansound8k_audio/03090_jackhammer.wav,3090,165039-7-4-1.wav,165039,7,jackhammer,3
/scratch/pdoshi/audio_comp/urbansound8k_audio/03091_jackhammer.wav,3091,165039-7-4-2.wav,165039,7,jackhammer,3
/scratch/pdoshi/audio_comp/urbansound8k_audio/03092_jackhammer.wav,3092,165039-7-5-0.wav,165039,7,jackhammer,3
/scratch/pdoshi/audio_comp/urbansound8k_audio/03093_jackhammer.wav,3093,165039-7-5-1.wav,165039,7,jackhammer,3
/scratch/pdoshi/audio_comp/urbansound8k_audio/03094_jackhammer.wav,3094,165039-7-6-0.wav,165039,7,jackhammer,3
/scratch/pdoshi/audio_comp/urbansound8k_audio/03095_jackhammer.wav,3095,165039-7-6-1.wav,165039,7,jackhammer,3
/scratch/pdoshi/audio_comp/urbansound8k_audio/03096_jackhammer.wav,3096,165039-7-7-0.wav,165039,7,jackhammer,3
/scratch/pdoshi/audio_comp/urbansound8k_audio/03097_jackhammer.wav,3097,165039-7-8-0.wav,165039,7,jackhammer,3
/scratch/pdoshi/audio_comp/urbansound8k_audio/03098_jackhammer.wav,3098,165039-7-8-1.wav,165039,7,jackhammer,3
/scratch/pdoshi/audio_comp/urbansound8k_audio/03099_jackhammer.wav,3099,165039-7-8-2.wav,165039,7,jackhammer,3
/scratch/pdoshi/audio_comp/urbansound8k_audio/03100_jackhammer.wav,3100,165039-7-9-0.wav,165039,7,jackhammer,3
/scratch/pdoshi/audio_comp/urbansound8k_audio/03101_children_playing.wav,3101,165067-2-0-111.wav,165067,2,children_playing,1
/scratch/pdoshi/audio_comp/urbansound8k_audio/03102_children_playing.wav,3102,165067-2-0-112.wav,165067,2,children_playing,1
/scratch/pdoshi/audio_comp/urbansound8k_audio/03103_children_playing.wav,3103,165067-2-0-35.wav,165067,2,children_playing,1
/scratch/pdoshi/audio_comp/urbansound8k_audio/03104_children_playing.wav,3104,165067-2-0-56.wav,165067,2,children_playing,1
/scratch/pdoshi/audio_comp/urbansound8k_audio/03105_children_playing.wav,3105,165067-2-0-72.wav,165067,2,children_playing,1
/scratch/pdoshi/audio_comp/urbansound8k_audio/03106_children_playing.wav,3106,165067-2-0-9.wav,165067,2,children_playing,1
/scratch/pdoshi/audio_comp/urbansound8k_audio/03107_children_playing.wav,3107,165067-2-0-91.wav,165067,2,children_playing,1
/scratch/pdoshi/audio_comp/urbansound8k_audio/03108_siren.wav,3108,165166-8-0-0.wav,165166,8,siren,10
/scratch/pdoshi/audio_comp/urbansound8k_audio/03109_siren.wav,3109,165166-8-0-1.wav,165166,8,siren,10
/scratch/pdoshi/audio_comp/urbansound8k_audio/03110_siren.wav,3110,165166-8-0-2.wav,165166,8,siren,10
/scratch/pdoshi/audio_comp/urbansound8k_audio/03111_siren.wav,3111,165166-8-0-3.wav,165166,8,siren,10
/scratch/pdoshi/audio_comp/urbansound8k_audio/03112_siren.wav,3112,165166-8-0-4.wav,165166,8,siren,10
/scratch/pdoshi/audio_comp/urbansound8k_audio/03113_siren.wav,3113,165166-8-0-5.wav,165166,8,siren,10
/scratch/pdoshi/audio_comp/urbansound8k_audio/03114_siren.wav,3114,165166-8-0-6.wav,165166,8,siren,10
/scratch/pdoshi/audio_comp/urbansound8k_audio/03115_siren.wav,3115,165166-8-0-7.wav,165166,8,siren,10
/scratch/pdoshi/audio_comp/urbansound8k_audio/03116_siren.wav,3116,165166-8-0-8.wav,165166,8,siren,10
/scratch/pdoshi/audio_comp/urbansound8k_audio/03117_street_music.wav,3117,165192-9-0-118.wav,165192,9,street_music,7
/scratch/pdoshi/audio_comp/urbansound8k_audio/03118_street_music.wav,3118,165192-9-0-146.wav,165192,9,street_music,7
/scratch/pdoshi/audio_comp/urbansound8k_audio/03119_street_music.wav,3119,165192-9-0-160.wav,165192,9,street_music,7
/scratch/pdoshi/audio_comp/urbansound8k_audio/03120_street_music.wav,3120,165192-9-0-5.wav,165192,9,street_music,7
/scratch/pdoshi/audio_comp/urbansound8k_audio/03121_street_music.wav,3121,165192-9-0-76.wav,165192,9,street_music,7
/scratch/pdoshi/audio_comp/urbansound8k_audio/03122_street_music.wav,3122,165192-9-0-87.wav,165192,9,street_music,7
/scratch/pdoshi/audio_comp/urbansound8k_audio/03123_air_conditioner.wav,3123,165454-0-0-0.wav,165454,0,air_conditioner,9
/scratch/pdoshi/audio_comp/urbansound8k_audio/03124_air_conditioner.wav,3124,165454-0-0-1.wav,165454,0,air_conditioner,9
/scratch/pdoshi/audio_comp/urbansound8k_audio/03125_air_conditioner.wav,3125,165454-0-0-10.wav,165454,0,air_conditioner,9
/scratch/pdoshi/audio_comp/urbansound8k_audio/03126_air_conditioner.wav,3126,165454-0-0-11.wav,165454,0,air_conditioner,9
/scratch/pdoshi/audio_comp/urbansound8k_audio/03127_air_conditioner.wav,3127,165454-0-0-12.wav,165454,0,air_conditioner,9
/scratch/pdoshi/audio_comp/urbansound8k_audio/03128_air_conditioner.wav,3128,165454-0-0-2.wav,165454,0,air_conditioner,9
/scratch/pdoshi/audio_comp/urbansound8k_audio/03129_air_conditioner.wav,3129,165454-0-0-3.wav,165454,0,air_conditioner,9
/scratch/pdoshi/audio_comp/urbansound8k_audio/03130_air_conditioner.wav,3130,165454-0-0-4.wav,165454,0,air_conditioner,9
/scratch/pdoshi/audio_comp/urbansound8k_audio/03131_air_conditioner.wav,3131,165454-0-0-5.wav,165454,0,air_conditioner,9
/scratch/pdoshi/audio_comp/urbansound8k_audio/03132_air_conditioner.wav,3132,165454-0-0-6.wav,165454,0,air_conditioner,9
/scratch/pdoshi/audio_comp/urbansound8k_audio/03133_air_conditioner.wav,3133,165454-0-0-7.wav,165454,0,air_conditioner,9
/scratch/pdoshi/audio_comp/urbansound8k_audio/03134_air_conditioner.wav,3134,165454-0-0-8.wav,165454,0,air_conditioner,9
/scratch/pdoshi/audio_comp/urbansound8k_audio/03135_air_conditioner.wav,3135,165454-0-0-9.wav,165454,0,air_conditioner,9
/scratch/pdoshi/audio_comp/urbansound8k_audio/03136_children_playing.wav,3136,165529-2-0-18.wav,165529,2,children_playing,7
/scratch/pdoshi/audio_comp/urbansound8k_audio/03137_children_playing.wav,3137,165529-2-0-3.wav,165529,2,children_playing,7
/scratch/pdoshi/audio_comp/urbansound8k_audio/03138_children_playing.wav,3138,165529-2-0-6.wav,165529,2,children_playing,7
/scratch/pdoshi/audio_comp/urbansound8k_audio/03139_children_playing.wav,3139,165529-2-0-70.wav,165529,2,children_playing,7
/scratch/pdoshi/audio_comp/urbansound8k_audio/03140_children_playing.wav,3140,165529-2-0-73.wav,165529,2,children_playing,7
/scratch/pdoshi/audio_comp/urbansound8k_audio/03141_children_playing.wav,3141,165529-2-0-8.wav,165529,2,children_playing,7
/scratch/pdoshi/audio_comp/urbansound8k_audio/03142_children_playing.wav,3142,165529-2-0-90.wav,165529,2,children_playing,7
/scratch/pdoshi/audio_comp/urbansound8k_audio/03143_dog_bark.wav,3143,165567-3-0-0.wav,165567,3,dog_bark,9
/scratch/pdoshi/audio_comp/urbansound8k_audio/03144_dog_bark.wav,3144,165567-3-2-0.wav,165567,3,dog_bark,9
/scratch/pdoshi/audio_comp/urbansound8k_audio/03145_dog_bark.wav,3145,165567-3-3-0.wav,165567,3,dog_bark,9
/scratch/pdoshi/audio_comp/urbansound8k_audio/03146_dog_bark.wav,3146,165567-3-4-0.wav,165567,3,dog_bark,9
/scratch/pdoshi/audio_comp/urbansound8k_audio/03147_drilling.wav,3147,165640-4-0-0.wav,165640,4,drilling,10
/scratch/pdoshi/audio_comp/urbansound8k_audio/03148_drilling.wav,3148,165640-4-0-1.wav,165640,4,drilling,10
/scratch/pdoshi/audio_comp/urbansound8k_audio/03149_drilling.wav,3149,165640-4-0-2.wav,165640,4,drilling,10
/scratch/pdoshi/audio_comp/urbansound8k_audio/03150_drilling.wav,3150,165641-4-0-0.wav,165641,4,drilling,6
/scratch/pdoshi/audio_comp/urbansound8k_audio/03151_drilling.wav,3151,165641-4-0-1.wav,165641,4,drilling,6
/scratch/pdoshi/audio_comp/urbansound8k_audio/03152_drilling.wav,3152,165642-4-0-0.wav,165642,4,drilling,1
/scratch/pdoshi/audio_comp/urbansound8k_audio/03153_drilling.wav,3153,165643-4-0-0.wav,165643,4,drilling,2
/scratch/pdoshi/audio_comp/urbansound8k_audio/03154_drilling.wav,3154,165644-4-0-0.wav,165644,4,drilling,7
/scratch/pdoshi/audio_comp/urbansound8k_audio/03155_drilling.wav,3155,165644-4-0-1.wav,165644,4,drilling,7
/scratch/pdoshi/audio_comp/urbansound8k_audio/03156_drilling.wav,3156,165645-4-0-0.wav,165645,4,drilling,1
/scratch/pdoshi/audio_comp/urbansound8k_audio/03157_drilling.wav,3157,165645-4-1-0.wav,165645,4,drilling,1
/scratch/pdoshi/audio_comp/urbansound8k_audio/03158_drilling.wav,3158,165645-4-2-0.wav,165645,4,drilling,1
/scratch/pdoshi/audio_comp/urbansound8k_audio/03159_drilling.wav,3159,165645-4-3-0.wav,165645,4,drilling,1
/scratch/pdoshi/audio_comp/urbansound8k_audio/03160_drilling.wav,3160,165645-4-4-0.wav,165645,4,drilling,1
/scratch/pdoshi/audio_comp/urbansound8k_audio/03161_drilling.wav,3161,165645-4-5-0.wav,165645,4,drilling,1
/scratch/pdoshi/audio_comp/urbansound8k_audio/03162_jackhammer.wav,3162,165774-7-0-0.wav,165774,7,jackhammer,5
/scratch/pdoshi/audio_comp/urbansound8k_audio/03163_jackhammer.wav,3163,165774-7-1-0.wav,165774,7,jackhammer,5
/scratch/pdoshi/audio_comp/urbansound8k_audio/03164_jackhammer.wav,3164,165774-7-2-0.wav,165774,7,jackhammer,5
/scratch/pdoshi/audio_comp/urbansound8k_audio/03165_jackhammer.wav,3165,165774-7-3-0.wav,165774,7,jackhammer,5
/scratch/pdoshi/audio_comp/urbansound8k_audio/03166_jackhammer.wav,3166,165774-7-4-0.wav,165774,7,jackhammer,5
/scratch/pdoshi/audio_comp/urbansound8k_audio/03167_jackhammer.wav,3167,165774-7-5-0.wav,165774,7,jackhammer,5
/scratch/pdoshi/audio_comp/urbansound8k_audio/03168_jackhammer.wav,3168,165774-7-6-0.wav,165774,7,jackhammer,5
/scratch/pdoshi/audio_comp/urbansound8k_audio/03169_jackhammer.wav,3169,165774-7-7-0.wav,165774,7,jackhammer,5
/scratch/pdoshi/audio_comp/urbansound8k_audio/03170_jackhammer.wav,3170,165774-7-8-0.wav,165774,7,jackhammer,5
/scratch/pdoshi/audio_comp/urbansound8k_audio/03171_jackhammer.wav,3171,165775-7-0-0.wav,165775,7,jackhammer,2
/scratch/pdoshi/audio_comp/urbansound8k_audio/03172_jackhammer.wav,3172,165775-7-1-0.wav,165775,7,jackhammer,2
/scratch/pdoshi/audio_comp/urbansound8k_audio/03173_drilling.wav,3173,165785-4-0-0.wav,165785,4,drilling,4
/scratch/pdoshi/audio_comp/urbansound8k_audio/03174_drilling.wav,3174,165785-4-1-0.wav,165785,4,drilling,4
/scratch/pdoshi/audio_comp/urbansound8k_audio/03175_drilling.wav,3175,165785-4-2-0.wav,165785,4,drilling,4
/scratch/pdoshi/audio_comp/urbansound8k_audio/03176_drilling.wav,3176,165785-4-3-0.wav,165785,4,drilling,4
/scratch/pdoshi/audio_comp/urbansound8k_audio/03177_drilling.wav,3177,165785-4-4-0.wav,165785,4,drilling,4
/scratch/pdoshi/audio_comp/urbansound8k_audio/03178_drilling.wav,3178,165786-4-0-0.wav,165786,4,drilling,3
/scratch/pdoshi/audio_comp/urbansound8k_audio/03179_engine_idling.wav,3179,166101-5-0-0.wav,166101,5,engine_idling,3
/scratch/pdoshi/audio_comp/urbansound8k_audio/03180_engine_idling.wav,3180,166101-5-0-1.wav,166101,5,engine_idling,3
/scratch/pdoshi/audio_comp/urbansound8k_audio/03181_engine_idling.wav,3181,166101-5-0-2.wav,166101,5,engine_idling,3
/scratch/pdoshi/audio_comp/urbansound8k_audio/03182_engine_idling.wav,3182,166101-5-0-3.wav,166101,5,engine_idling,3
/scratch/pdoshi/audio_comp/urbansound8k_audio/03183_engine_idling.wav,3183,166101-5-1-0.wav,166101,5,engine_idling,3
/scratch/pdoshi/audio_comp/urbansound8k_audio/03184_engine_idling.wav,3184,166101-5-2-0.wav,166101,5,engine_idling,3
/scratch/pdoshi/audio_comp/urbansound8k_audio/03185_engine_idling.wav,3185,166101-5-2-1.wav,166101,5,engine_idling,3
/scratch/pdoshi/audio_comp/urbansound8k_audio/03186_engine_idling.wav,3186,166101-5-2-2.wav,166101,5,engine_idling,3
/scratch/pdoshi/audio_comp/urbansound8k_audio/03187_engine_idling.wav,3187,166101-5-2-3.wav,166101,5,engine_idling,3
/scratch/pdoshi/audio_comp/urbansound8k_audio/03188_engine_idling.wav,3188,166101-5-2-4.wav,166101,5,engine_idling,3
/scratch/pdoshi/audio_comp/urbansound8k_audio/03189_engine_idling.wav,3189,166101-5-3-0.wav,166101,5,engine_idling,3
/scratch/pdoshi/audio_comp/urbansound8k_audio/03190_dog_bark.wav,3190,166268-3-0-0.wav,166268,3,dog_bark,1
/scratch/pdoshi/audio_comp/urbansound8k_audio/03191_dog_bark.wav,3191,166268-3-1-0.wav,166268,3,dog_bark,1
/scratch/pdoshi/audio_comp/urbansound8k_audio/03192_dog_bark.wav,3192,166268-3-2-0.wav,166268,3,dog_bark,1
/scratch/pdoshi/audio_comp/urbansound8k_audio/03193_dog_bark.wav,3193,166421-3-0-29.wav,166421,3,dog_bark,2
/scratch/pdoshi/audio_comp/urbansound8k_audio/03194_dog_bark.wav,3194,166421-3-0-31.wav,166421,3,dog_bark,2
/scratch/pdoshi/audio_comp/urbansound8k_audio/03195_dog_bark.wav,3195,166421-3-0-5.wav,166421,3,dog_bark,2
/scratch/pdoshi/audio_comp/urbansound8k_audio/03196_dog_bark.wav,3196,166489-3-0-1.wav,166489,3,dog_bark,6
/scratch/pdoshi/audio_comp/urbansound8k_audio/03197_dog_bark.wav,3197,166489-3-0-2.wav,166489,3,dog_bark,6
/scratch/pdoshi/audio_comp/urbansound8k_audio/03198_dog_bark.wav,3198,166489-3-0-4.wav,166489,3,dog_bark,6
/scratch/pdoshi/audio_comp/urbansound8k_audio/03199_engine_idling.wav,3199,16692-5-0-0.wav,16692,5,engine_idling,4
/scratch/pdoshi/audio_comp/urbansound8k_audio/03200_engine_idling.wav,3200,16692-5-0-1.wav,16692,5,engine_idling,4
/scratch/pdoshi/audio_comp/urbansound8k_audio/03201_engine_idling.wav,3201,16692-5-0-10.wav,16692,5,engine_idling,4
/scratch/pdoshi/audio_comp/urbansound8k_audio/03202_engine_idling.wav,3202,16692-5-0-2.wav,16692,5,engine_idling,4
/scratch/pdoshi/audio_comp/urbansound8k_audio/03203_engine_idling.wav,3203,16692-5-0-3.wav,16692,5,engine_idling,4
/scratch/pdoshi/audio_comp/urbansound8k_audio/03204_engine_idling.wav,3204,16692-5-0-4.wav,16692,5,engine_idling,4
/scratch/pdoshi/audio_comp/urbansound8k_audio/03205_engine_idling.wav,3205,16692-5-0-5.wav,16692,5,engine_idling,4
/scratch/pdoshi/audio_comp/urbansound8k_audio/03206_engine_idling.wav,3206,16692-5-0-6.wav,16692,5,engine_idling,4
/scratch/pdoshi/audio_comp/urbansound8k_audio/03207_engine_idling.wav,3207,16692-5-0-7.wav,16692,5,engine_idling,4
/scratch/pdoshi/audio_comp/urbansound8k_audio/03208_engine_idling.wav,3208,16692-5-0-8.wav,16692,5,engine_idling,4
/scratch/pdoshi/audio_comp/urbansound8k_audio/03209_engine_idling.wav,3209,16692-5-0-9.wav,16692,5,engine_idling,4
/scratch/pdoshi/audio_comp/urbansound8k_audio/03210_drilling.wav,3210,166931-4-0-0.wav,166931,4,drilling,6
/scratch/pdoshi/audio_comp/urbansound8k_audio/03211_drilling.wav,3211,166931-4-0-1.wav,166931,4,drilling,6
/scratch/pdoshi/audio_comp/urbansound8k_audio/03212_drilling.wav,3212,166931-4-1-2.wav,166931,4,drilling,6
/scratch/pdoshi/audio_comp/urbansound8k_audio/03213_drilling.wav,3213,166931-4-1-4.wav,166931,4,drilling,6
/scratch/pdoshi/audio_comp/urbansound8k_audio/03214_drilling.wav,3214,166931-4-1-5.wav,166931,4,drilling,6
/scratch/pdoshi/audio_comp/urbansound8k_audio/03215_drilling.wav,3215,166931-4-1-6.wav,166931,4,drilling,6
/scratch/pdoshi/audio_comp/urbansound8k_audio/03216_drilling.wav,3216,166931-4-2-0.wav,166931,4,drilling,6
/scratch/pdoshi/audio_comp/urbansound8k_audio/03217_drilling.wav,3217,166931-4-2-12.wav,166931,4,drilling,6
/scratch/pdoshi/audio_comp/urbansound8k_audio/03218_drilling.wav,3218,166931-4-2-13.wav,166931,4,drilling,6
/scratch/pdoshi/audio_comp/urbansound8k_audio/03219_drilling.wav,3219,166931-4-2-3.wav,166931,4,drilling,6
/scratch/pdoshi/audio_comp/urbansound8k_audio/03220_drilling.wav,3220,166931-4-2-7.wav,166931,4,drilling,6
/scratch/pdoshi/audio_comp/urbansound8k_audio/03221_drilling.wav,3221,166931-4-2-8.wav,166931,4,drilling,6
/scratch/pdoshi/audio_comp/urbansound8k_audio/03222_drilling.wav,3222,166931-4-3-1.wav,166931,4,drilling,6
/scratch/pdoshi/audio_comp/urbansound8k_audio/03223_drilling.wav,3223,166931-4-3-2.wav,166931,4,drilling,6
/scratch/pdoshi/audio_comp/urbansound8k_audio/03224_drilling.wav,3224,166931-4-4-0.wav,166931,4,drilling,6
/scratch/pdoshi/audio_comp/urbansound8k_audio/03225_drilling.wav,3225,166931-4-4-2.wav,166931,4,drilling,6
/scratch/pdoshi/audio_comp/urbansound8k_audio/03226_drilling.wav,3226,166931-4-4-3.wav,166931,4,drilling,6
/scratch/pdoshi/audio_comp/urbansound8k_audio/03227_air_conditioner.wav,3227,166942-0-0-0.wav,166942,0,air_conditioner,4
/scratch/pdoshi/audio_comp/urbansound8k_audio/03228_air_conditioner.wav,3228,166942-0-0-1.wav,166942,0,air_conditioner,4
/scratch/pdoshi/audio_comp/urbansound8k_audio/03229_air_conditioner.wav,3229,166942-0-0-10.wav,166942,0,air_conditioner,4
/scratch/pdoshi/audio_comp/urbansound8k_audio/03230_air_conditioner.wav,3230,166942-0-0-11.wav,166942,0,air_conditioner,4
/scratch/pdoshi/audio_comp/urbansound8k_audio/03231_air_conditioner.wav,3231,166942-0-0-12.wav,166942,0,air_conditioner,4
/scratch/pdoshi/audio_comp/urbansound8k_audio/03232_air_conditioner.wav,3232,166942-0-0-13.wav,166942,0,air_conditioner,4
/scratch/pdoshi/audio_comp/urbansound8k_audio/03233_air_conditioner.wav,3233,166942-0-0-14.wav,166942,0,air_conditioner,4
/scratch/pdoshi/audio_comp/urbansound8k_audio/03234_air_conditioner.wav,3234,166942-0-0-15.wav,166942,0,air_conditioner,4
/scratch/pdoshi/audio_comp/urbansound8k_audio/03235_air_conditioner.wav,3235,166942-0-0-2.wav,166942,0,air_conditioner,4
/scratch/pdoshi/audio_comp/urbansound8k_audio/03236_air_conditioner.wav,3236,166942-0-0-3.wav,166942,0,air_conditioner,4
/scratch/pdoshi/audio_comp/urbansound8k_audio/03237_air_conditioner.wav,3237,166942-0-0-4.wav,166942,0,air_conditioner,4
/scratch/pdoshi/audio_comp/urbansound8k_audio/03238_air_conditioner.wav,3238,166942-0-0-5.wav,166942,0,air_conditioner,4
/scratch/pdoshi/audio_comp/urbansound8k_audio/03239_air_conditioner.wav,3239,166942-0-0-6.wav,166942,0,air_conditioner,4
/scratch/pdoshi/audio_comp/urbansound8k_audio/03240_air_conditioner.wav,3240,166942-0-0-7.wav,166942,0,air_conditioner,4
/scratch/pdoshi/audio_comp/urbansound8k_audio/03241_air_conditioner.wav,3241,166942-0-0-8.wav,166942,0,air_conditioner,4
/scratch/pdoshi/audio_comp/urbansound8k_audio/03242_air_conditioner.wav,3242,166942-0-0-9.wav,166942,0,air_conditioner,4
/scratch/pdoshi/audio_comp/urbansound8k_audio/03243_air_conditioner.wav,3243,167464-0-0-0.wav,167464,0,air_conditioner,10
/scratch/pdoshi/audio_comp/urbansound8k_audio/03244_air_conditioner.wav,3244,167464-0-0-1.wav,167464,0,air_conditioner,10
/scratch/pdoshi/audio_comp/urbansound8k_audio/03245_air_conditioner.wav,3245,167464-0-0-10.wav,167464,0,air_conditioner,10
/scratch/pdoshi/audio_comp/urbansound8k_audio/03246_air_conditioner.wav,3246,167464-0-0-11.wav,167464,0,air_conditioner,10
/scratch/pdoshi/audio_comp/urbansound8k_audio/03247_air_conditioner.wav,3247,167464-0-0-12.wav,167464,0,air_conditioner,10
/scratch/pdoshi/audio_comp/urbansound8k_audio/03248_air_conditioner.wav,3248,167464-0-0-13.wav,167464,0,air_conditioner,10
/scratch/pdoshi/audio_comp/urbansound8k_audio/03249_air_conditioner.wav,3249,167464-0-0-14.wav,167464,0,air_conditioner,10
/scratch/pdoshi/audio_comp/urbansound8k_audio/03250_air_conditioner.wav,3250,167464-0-0-15.wav,167464,0,air_conditioner,10
/scratch/pdoshi/audio_comp/urbansound8k_audio/03251_air_conditioner.wav,3251,167464-0-0-16.wav,167464,0,air_conditioner,10
/scratch/pdoshi/audio_comp/urbansound8k_audio/03252_air_conditioner.wav,3252,167464-0-0-17.wav,167464,0,air_conditioner,10
/scratch/pdoshi/audio_comp/urbansound8k_audio/03253_air_conditioner.wav,3253,167464-0-0-18.wav,167464,0,air_conditioner,10
/scratch/pdoshi/audio_comp/urbansound8k_audio/03254_air_conditioner.wav,3254,167464-0-0-19.wav,167464,0,air_conditioner,10
/scratch/pdoshi/audio_comp/urbansound8k_audio/03255_air_conditioner.wav,3255,167464-0-0-2.wav,167464,0,air_conditioner,10
/scratch/pdoshi/audio_comp/urbansound8k_audio/03256_air_conditioner.wav,3256,167464-0-0-20.wav,167464,0,air_conditioner,10
/scratch/pdoshi/audio_comp/urbansound8k_audio/03257_air_conditioner.wav,3257,167464-0-0-21.wav,167464,0,air_conditioner,10
/scratch/pdoshi/audio_comp/urbansound8k_audio/03258_air_conditioner.wav,3258,167464-0-0-22.wav,167464,0,air_conditioner,10
/scratch/pdoshi/audio_comp/urbansound8k_audio/03259_air_conditioner.wav,3259,167464-0-0-23.wav,167464,0,air_conditioner,10
/scratch/pdoshi/audio_comp/urbansound8k_audio/03260_air_conditioner.wav,3260,167464-0-0-24.wav,167464,0,air_conditioner,10
/scratch/pdoshi/audio_comp/urbansound8k_audio/03261_air_conditioner.wav,3261,167464-0-0-3.wav,167464,0,air_conditioner,10
/scratch/pdoshi/audio_comp/urbansound8k_audio/03262_air_conditioner.wav,3262,167464-0-0-4.wav,167464,0,air_conditioner,10
/scratch/pdoshi/audio_comp/urbansound8k_audio/03263_air_conditioner.wav,3263,167464-0-0-5.wav,167464,0,air_conditioner,10
/scratch/pdoshi/audio_comp/urbansound8k_audio/03264_air_conditioner.wav,3264,167464-0-0-6.wav,167464,0,air_conditioner,10
/scratch/pdoshi/audio_comp/urbansound8k_audio/03265_air_conditioner.wav,3265,167464-0-0-7.wav,167464,0,air_conditioner,10
/scratch/pdoshi/audio_comp/urbansound8k_audio/03266_air_conditioner.wav,3266,167464-0-0-8.wav,167464,0,air_conditioner,10
/scratch/pdoshi/audio_comp/urbansound8k_audio/03267_air_conditioner.wav,3267,167464-0-0-9.wav,167464,0,air_conditioner,10
/scratch/pdoshi/audio_comp/urbansound8k_audio/03268_drilling.wav,3268,167701-4-0-0.wav,167701,4,drilling,6
/scratch/pdoshi/audio_comp/urbansound8k_audio/03269_drilling.wav,3269,167701-4-1-0.wav,167701,4,drilling,6
/scratch/pdoshi/audio_comp/urbansound8k_audio/03270_drilling.wav,3270,167701-4-10-0.wav,167701,4,drilling,6
/scratch/pdoshi/audio_comp/urbansound8k_audio/03271_drilling.wav,3271,167701-4-11-0.wav,167701,4,drilling,6
/scratch/pdoshi/audio_comp/urbansound8k_audio/03272_drilling.wav,3272,167701-4-12-0.wav,167701,4,drilling,6
/scratch/pdoshi/audio_comp/urbansound8k_audio/03273_drilling.wav,3273,167701-4-2-0.wav,167701,4,drilling,6
/scratch/pdoshi/audio_comp/urbansound8k_audio/03274_drilling.wav,3274,167701-4-3-0.wav,167701,4,drilling,6
/scratch/pdoshi/audio_comp/urbansound8k_audio/03275_drilling.wav,3275,167701-4-4-0.wav,167701,4,drilling,6
/scratch/pdoshi/audio_comp/urbansound8k_audio/03276_drilling.wav,3276,167701-4-5-0.wav,167701,4,drilling,6
/scratch/pdoshi/audio_comp/urbansound8k_audio/03277_drilling.wav,3277,167701-4-6-0.wav,167701,4,drilling,6
/scratch/pdoshi/audio_comp/urbansound8k_audio/03278_drilling.wav,3278,167701-4-6-1.wav,167701,4,drilling,6
/scratch/pdoshi/audio_comp/urbansound8k_audio/03279_drilling.wav,3279,167701-4-6-2.wav,167701,4,drilling,6
/scratch/pdoshi/audio_comp/urbansound8k_audio/03280_drilling.wav,3280,167701-4-6-3.wav,167701,4,drilling,6
/scratch/pdoshi/audio_comp/urbansound8k_audio/03281_drilling.wav,3281,167701-4-6-4.wav,167701,4,drilling,6
/scratch/pdoshi/audio_comp/urbansound8k_audio/03282_drilling.wav,3282,167701-4-7-0.wav,167701,4,drilling,6
/scratch/pdoshi/audio_comp/urbansound8k_audio/03283_drilling.wav,3283,167701-4-9-0.wav,167701,4,drilling,6
/scratch/pdoshi/audio_comp/urbansound8k_audio/03284_drilling.wav,3284,167701-4-9-1.wav,167701,4,drilling,6
/scratch/pdoshi/audio_comp/urbansound8k_audio/03285_drilling.wav,3285,167702-4-0-0.wav,167702,4,drilling,8
/scratch/pdoshi/audio_comp/urbansound8k_audio/03286_drilling.wav,3286,167702-4-1-0.wav,167702,4,drilling,8
/scratch/pdoshi/audio_comp/urbansound8k_audio/03287_drilling.wav,3287,167702-4-2-0.wav,167702,4,drilling,8
/scratch/pdoshi/audio_comp/urbansound8k_audio/03288_drilling.wav,3288,167702-4-3-0.wav,167702,4,drilling,8
/scratch/pdoshi/audio_comp/urbansound8k_audio/03289_drilling.wav,3289,167702-4-4-0.wav,167702,4,drilling,8
/scratch/pdoshi/audio_comp/urbansound8k_audio/03290_drilling.wav,3290,167702-4-5-0.wav,167702,4,drilling,8
/scratch/pdoshi/audio_comp/urbansound8k_audio/03291_drilling.wav,3291,167702-4-6-0.wav,167702,4,drilling,8
/scratch/pdoshi/audio_comp/urbansound8k_audio/03292_drilling.wav,3292,167702-4-7-0.wav,167702,4,drilling,8
/scratch/pdoshi/audio_comp/urbansound8k_audio/03293_drilling.wav,3293,167702-4-7-1.wav,167702,4,drilling,8
/scratch/pdoshi/audio_comp/urbansound8k_audio/03294_drilling.wav,3294,167702-4-8-0.wav,167702,4,drilling,8
/scratch/pdoshi/audio_comp/urbansound8k_audio/03295_drilling.wav,3295,167702-4-9-0.wav,167702,4,drilling,8
/scratch/pdoshi/audio_comp/urbansound8k_audio/03296_siren.wav,3296,16772-8-0-0.wav,16772,8,siren,9
/scratch/pdoshi/audio_comp/urbansound8k_audio/03297_drilling.wav,3297,167750-4-0-0.wav,167750,4,drilling,10
/scratch/pdoshi/audio_comp/urbansound8k_audio/03298_drilling.wav,3298,167750-4-1-0.wav,167750,4,drilling,10
/scratch/pdoshi/audio_comp/urbansound8k_audio/03299_drilling.wav,3299,167750-4-2-0.wav,167750,4,drilling,10
/scratch/pdoshi/audio_comp/urbansound8k_audio/03300_drilling.wav,3300,167750-4-3-0.wav,167750,4,drilling,10
/scratch/pdoshi/audio_comp/urbansound8k_audio/03301_drilling.wav,3301,168037-4-0-0.wav,168037,4,drilling,8
/scratch/pdoshi/audio_comp/urbansound8k_audio/03302_drilling.wav,3302,168037-4-1-0.wav,168037,4,drilling,8
/scratch/pdoshi/audio_comp/urbansound8k_audio/03303_drilling.wav,3303,168037-4-10-0.wav,168037,4,drilling,8
/scratch/pdoshi/audio_comp/urbansound8k_audio/03304_drilling.wav,3304,168037-4-11-0.wav,168037,4,drilling,8
/scratch/pdoshi/audio_comp/urbansound8k_audio/03305_drilling.wav,3305,168037-4-12-0.wav,168037,4,drilling,8
/scratch/pdoshi/audio_comp/urbansound8k_audio/03306_drilling.wav,3306,168037-4-13-0.wav,168037,4,drilling,8
/scratch/pdoshi/audio_comp/urbansound8k_audio/03307_drilling.wav,3307,168037-4-2-0.wav,168037,4,drilling,8
/scratch/pdoshi/audio_comp/urbansound8k_audio/03308_drilling.wav,3308,168037-4-3-0.wav,168037,4,drilling,8
/scratch/pdoshi/audio_comp/urbansound8k_audio/03309_drilling.wav,3309,168037-4-4-0.wav,168037,4,drilling,8
/scratch/pdoshi/audio_comp/urbansound8k_audio/03310_drilling.wav,3310,168037-4-5-0.wav,168037,4,drilling,8
/scratch/pdoshi/audio_comp/urbansound8k_audio/03311_drilling.wav,3311,168037-4-6-0.wav,168037,4,drilling,8
/scratch/pdoshi/audio_comp/urbansound8k_audio/03312_drilling.wav,3312,168037-4-7-0.wav,168037,4,drilling,8
/scratch/pdoshi/audio_comp/urbansound8k_audio/03313_drilling.wav,3313,168037-4-8-0.wav,168037,4,drilling,8
/scratch/pdoshi/audio_comp/urbansound8k_audio/03314_drilling.wav,3314,168037-4-9-0.wav,168037,4,drilling,8
/scratch/pdoshi/audio_comp/urbansound8k_audio/03315_street_music.wav,3315,16860-9-0-26.wav,16860,9,street_music,8
/scratch/pdoshi/audio_comp/urbansound8k_audio/03316_street_music.wav,3316,16860-9-0-28.wav,16860,9,street_music,8
/scratch/pdoshi/audio_comp/urbansound8k_audio/03317_street_music.wav,3317,16860-9-0-30.wav,16860,9,street_music,8
/scratch/pdoshi/audio_comp/urbansound8k_audio/03318_street_music.wav,3318,16860-9-0-45.wav,16860,9,street_music,8
/scratch/pdoshi/audio_comp/urbansound8k_audio/03319_street_music.wav,3319,16860-9-0-50.wav,16860,9,street_music,8
/scratch/pdoshi/audio_comp/urbansound8k_audio/03320_street_music.wav,3320,16860-9-0-8.wav,16860,9,street_music,8
/scratch/pdoshi/audio_comp/urbansound8k_audio/03321_street_music.wav,3321,168713-9-0-32.wav,168713,9,street_music,2
/scratch/pdoshi/audio_comp/urbansound8k_audio/03322_street_music.wav,3322,168713-9-0-33.wav,168713,9,street_music,2
/scratch/pdoshi/audio_comp/urbansound8k_audio/03323_street_music.wav,3323,168713-9-0-38.wav,168713,9,street_music,2
/scratch/pdoshi/audio_comp/urbansound8k_audio/03324_street_music.wav,3324,168713-9-0-46.wav,168713,9,street_music,2
/scratch/pdoshi/audio_comp/urbansound8k_audio/03325_street_music.wav,3325,168713-9-0-62.wav,168713,9,street_music,2
/scratch/pdoshi/audio_comp/urbansound8k_audio/03326_street_music.wav,3326,168713-9-0-82.wav,168713,9,street_music,2
/scratch/pdoshi/audio_comp/urbansound8k_audio/03327_engine_idling.wav,3327,168846-5-0-0.wav,168846,5,engine_idling,7
/scratch/pdoshi/audio_comp/urbansound8k_audio/03328_engine_idling.wav,3328,168846-5-0-1.wav,168846,5,engine_idling,7
/scratch/pdoshi/audio_comp/urbansound8k_audio/03329_engine_idling.wav,3329,168846-5-0-2.wav,168846,5,engine_idling,7
/scratch/pdoshi/audio_comp/urbansound8k_audio/03330_engine_idling.wav,3330,168846-5-1-0.wav,168846,5,engine_idling,7
/scratch/pdoshi/audio_comp/urbansound8k_audio/03331_engine_idling.wav,3331,168846-5-1-1.wav,168846,5,engine_idling,7
/scratch/pdoshi/audio_comp/urbansound8k_audio/03332_engine_idling.wav,3332,168846-5-1-10.wav,168846,5,engine_idling,7
/scratch/pdoshi/audio_comp/urbansound8k_audio/03333_engine_idling.wav,3333,168846-5-1-11.wav,168846,5,engine_idling,7
/scratch/pdoshi/audio_comp/urbansound8k_audio/03334_engine_idling.wav,3334,168846-5-1-12.wav,168846,5,engine_idling,7
/scratch/pdoshi/audio_comp/urbansound8k_audio/03335_engine_idling.wav,3335,168846-5-1-13.wav,168846,5,engine_idling,7
/scratch/pdoshi/audio_comp/urbansound8k_audio/03336_engine_idling.wav,3336,168846-5-1-14.wav,168846,5,engine_idling,7
/scratch/pdoshi/audio_comp/urbansound8k_audio/03337_engine_idling.wav,3337,168846-5-1-2.wav,168846,5,engine_idling,7
/scratch/pdoshi/audio_comp/urbansound8k_audio/03338_engine_idling.wav,3338,168846-5-1-3.wav,168846,5,engine_idling,7
/scratch/pdoshi/audio_comp/urbansound8k_audio/03339_engine_idling.wav,3339,168846-5-1-4.wav,168846,5,engine_idling,7
/scratch/pdoshi/audio_comp/urbansound8k_audio/03340_engine_idling.wav,3340,168846-5-1-5.wav,168846,5,engine_idling,7
/scratch/pdoshi/audio_comp/urbansound8k_audio/03341_engine_idling.wav,3341,168846-5-1-6.wav,168846,5,engine_idling,7
/scratch/pdoshi/audio_comp/urbansound8k_audio/03342_engine_idling.wav,3342,168846-5-1-7.wav,168846,5,engine_idling,7
/scratch/pdoshi/audio_comp/urbansound8k_audio/03343_engine_idling.wav,3343,168846-5-1-8.wav,168846,5,engine_idling,7
/scratch/pdoshi/audio_comp/urbansound8k_audio/03344_engine_idling.wav,3344,168846-5-1-9.wav,168846,5,engine_idling,7
/scratch/pdoshi/audio_comp/urbansound8k_audio/03345_street_music.wav,3345,168906-9-0-114.wav,168906,9,street_music,9
/scratch/pdoshi/audio_comp/urbansound8k_audio/03346_street_music.wav,3346,168906-9-0-128.wav,168906,9,street_music,9
/scratch/pdoshi/audio_comp/urbansound8k_audio/03347_street_music.wav,3347,168906-9-0-28.wav,168906,9,street_music,9
/scratch/pdoshi/audio_comp/urbansound8k_audio/03348_street_music.wav,3348,168906-9-0-47.wav,168906,9,street_music,9
/scratch/pdoshi/audio_comp/urbansound8k_audio/03349_street_music.wav,3349,168906-9-0-73.wav,168906,9,street_music,9
/scratch/pdoshi/audio_comp/urbansound8k_audio/03350_street_music.wav,3350,168906-9-0-95.wav,168906,9,street_music,9
/scratch/pdoshi/audio_comp/urbansound8k_audio/03351_children_playing.wav,3351,169043-2-0-10.wav,169043,2,children_playing,8
/scratch/pdoshi/audio_comp/urbansound8k_audio/03352_children_playing.wav,3352,169043-2-0-13.wav,169043,2,children_playing,8
/scratch/pdoshi/audio_comp/urbansound8k_audio/03353_children_playing.wav,3353,169043-2-0-15.wav,169043,2,children_playing,8
/scratch/pdoshi/audio_comp/urbansound8k_audio/03354_children_playing.wav,3354,169043-2-0-21.wav,169043,2,children_playing,8
/scratch/pdoshi/audio_comp/urbansound8k_audio/03355_children_playing.wav,3355,169043-2-0-24.wav,169043,2,children_playing,8
/scratch/pdoshi/audio_comp/urbansound8k_audio/03356_children_playing.wav,3356,169043-2-0-28.wav,169043,2,children_playing,8
/scratch/pdoshi/audio_comp/urbansound8k_audio/03357_children_playing.wav,3357,169043-2-0-3.wav,169043,2,children_playing,8
/scratch/pdoshi/audio_comp/urbansound8k_audio/03358_children_playing.wav,3358,169044-2-0-10.wav,169044,2,children_playing,3
/scratch/pdoshi/audio_comp/urbansound8k_audio/03359_children_playing.wav,3359,169044-2-0-13.wav,169044,2,children_playing,3
/scratch/pdoshi/audio_comp/urbansound8k_audio/03360_children_playing.wav,3360,169044-2-0-18.wav,169044,2,children_playing,3
/scratch/pdoshi/audio_comp/urbansound8k_audio/03361_children_playing.wav,3361,169044-2-0-21.wav,169044,2,children_playing,3
/scratch/pdoshi/audio_comp/urbansound8k_audio/03362_children_playing.wav,3362,169044-2-0-25.wav,169044,2,children_playing,3
/scratch/pdoshi/audio_comp/urbansound8k_audio/03363_children_playing.wav,3363,169044-2-0-3.wav,169044,2,children_playing,3
/scratch/pdoshi/audio_comp/urbansound8k_audio/03364_children_playing.wav,3364,169044-2-0-5.wav,169044,2,children_playing,3
/scratch/pdoshi/audio_comp/urbansound8k_audio/03365_children_playing.wav,3365,169045-2-0-0.wav,169045,2,children_playing,6
/scratch/pdoshi/audio_comp/urbansound8k_audio/03366_children_playing.wav,3366,169045-2-0-1.wav,169045,2,children_playing,6
/scratch/pdoshi/audio_comp/urbansound8k_audio/03367_children_playing.wav,3367,169045-2-0-14.wav,169045,2,children_playing,6
/scratch/pdoshi/audio_comp/urbansound8k_audio/03368_children_playing.wav,3368,169045-2-0-16.wav,169045,2,children_playing,6
/scratch/pdoshi/audio_comp/urbansound8k_audio/03369_children_playing.wav,3369,169045-2-0-20.wav,169045,2,children_playing,6
/scratch/pdoshi/audio_comp/urbansound8k_audio/03370_children_playing.wav,3370,169045-2-0-3.wav,169045,2,children_playing,6
/scratch/pdoshi/audio_comp/urbansound8k_audio/03371_children_playing.wav,3371,169045-2-0-8.wav,169045,2,children_playing,6
/scratch/pdoshi/audio_comp/urbansound8k_audio/03372_jackhammer.wav,3372,169098-7-0-0.wav,169098,7,jackhammer,2
/scratch/pdoshi/audio_comp/urbansound8k_audio/03373_jackhammer.wav,3373,169098-7-0-1.wav,169098,7,jackhammer,2
/scratch/pdoshi/audio_comp/urbansound8k_audio/03374_jackhammer.wav,3374,169098-7-0-2.wav,169098,7,jackhammer,2
/scratch/pdoshi/audio_comp/urbansound8k_audio/03375_jackhammer.wav,3375,169098-7-0-3.wav,169098,7,jackhammer,2
/scratch/pdoshi/audio_comp/urbansound8k_audio/03376_jackhammer.wav,3376,169098-7-0-4.wav,169098,7,jackhammer,2
/scratch/pdoshi/audio_comp/urbansound8k_audio/03377_jackhammer.wav,3377,169098-7-0-5.wav,169098,7,jackhammer,2
/scratch/pdoshi/audio_comp/urbansound8k_audio/03378_jackhammer.wav,3378,169098-7-0-6.wav,169098,7,jackhammer,2
/scratch/pdoshi/audio_comp/urbansound8k_audio/03379_jackhammer.wav,3379,169098-7-0-7.wav,169098,7,jackhammer,2
/scratch/pdoshi/audio_comp/urbansound8k_audio/03380_jackhammer.wav,3380,169098-7-0-8.wav,169098,7,jackhammer,2
/scratch/pdoshi/audio_comp/urbansound8k_audio/03381_jackhammer.wav,3381,169098-7-0-9.wav,169098,7,jackhammer,2
/scratch/pdoshi/audio_comp/urbansound8k_audio/03382_jackhammer.wav,3382,169098-7-1-0.wav,169098,7,jackhammer,2
/scratch/pdoshi/audio_comp/urbansound8k_audio/03383_jackhammer.wav,3383,169098-7-2-0.wav,169098,7,jackhammer,2
/scratch/pdoshi/audio_comp/urbansound8k_audio/03384_jackhammer.wav,3384,169098-7-3-0.wav,169098,7,jackhammer,2
/scratch/pdoshi/audio_comp/urbansound8k_audio/03385_jackhammer.wav,3385,169098-7-3-1.wav,169098,7,jackhammer,2
/scratch/pdoshi/audio_comp/urbansound8k_audio/03386_jackhammer.wav,3386,169098-7-4-0.wav,169098,7,jackhammer,2
/scratch/pdoshi/audio_comp/urbansound8k_audio/03387_jackhammer.wav,3387,169098-7-4-1.wav,169098,7,jackhammer,2
/scratch/pdoshi/audio_comp/urbansound8k_audio/03388_jackhammer.wav,3388,169098-7-4-10.wav,169098,7,jackhammer,2
/scratch/pdoshi/audio_comp/urbansound8k_audio/03389_jackhammer.wav,3389,169098-7-4-11.wav,169098,7,jackhammer,2
/scratch/pdoshi/audio_comp/urbansound8k_audio/03390_jackhammer.wav,3390,169098-7-4-2.wav,169098,7,jackhammer,2
/scratch/pdoshi/audio_comp/urbansound8k_audio/03391_jackhammer.wav,3391,169098-7-4-3.wav,169098,7,jackhammer,2
/scratch/pdoshi/audio_comp/urbansound8k_audio/03392_jackhammer.wav,3392,169098-7-4-4.wav,169098,7,jackhammer,2
/scratch/pdoshi/audio_comp/urbansound8k_audio/03393_jackhammer.wav,3393,169098-7-4-5.wav,169098,7,jackhammer,2
/scratch/pdoshi/audio_comp/urbansound8k_audio/03394_jackhammer.wav,3394,169098-7-4-6.wav,169098,7,jackhammer,2
/scratch/pdoshi/audio_comp/urbansound8k_audio/03395_jackhammer.wav,3395,169098-7-4-7.wav,169098,7,jackhammer,2
/scratch/pdoshi/audio_comp/urbansound8k_audio/03396_jackhammer.wav,3396,169098-7-4-8.wav,169098,7,jackhammer,2
/scratch/pdoshi/audio_comp/urbansound8k_audio/03397_jackhammer.wav,3397,169098-7-4-9.wav,169098,7,jackhammer,2
/scratch/pdoshi/audio_comp/urbansound8k_audio/03398_gun_shot.wav,3398,169261-6-0-0.wav,169261,6,gun_shot,10
/scratch/pdoshi/audio_comp/urbansound8k_audio/03399_drilling.wav,3399,169466-4-0-12.wav,169466,4,drilling,4
/scratch/pdoshi/audio_comp/urbansound8k_audio/03400_drilling.wav,3400,169466-4-0-7.wav,169466,4,drilling,4
/scratch/pdoshi/audio_comp/urbansound8k_audio/03401_drilling.wav,3401,169466-4-0-8.wav,169466,4,drilling,4
/scratch/pdoshi/audio_comp/urbansound8k_audio/03402_drilling.wav,3402,169466-4-1-3.wav,169466,4,drilling,4
/scratch/pdoshi/audio_comp/urbansound8k_audio/03403_drilling.wav,3403,169466-4-1-5.wav,169466,4,drilling,4
/scratch/pdoshi/audio_comp/urbansound8k_audio/03404_drilling.wav,3404,169466-4-1-8.wav,169466,4,drilling,4
/scratch/pdoshi/audio_comp/urbansound8k_audio/03405_drilling.wav,3405,169466-4-2-17.wav,169466,4,drilling,4
/scratch/pdoshi/audio_comp/urbansound8k_audio/03406_drilling.wav,3406,169466-4-2-18.wav,169466,4,drilling,4
/scratch/pdoshi/audio_comp/urbansound8k_audio/03407_drilling.wav,3407,169466-4-2-2.wav,169466,4,drilling,4
/scratch/pdoshi/audio_comp/urbansound8k_audio/03408_drilling.wav,3408,169466-4-2-21.wav,169466,4,drilling,4
/scratch/pdoshi/audio_comp/urbansound8k_audio/03409_drilling.wav,3409,169466-4-2-4.wav,169466,4,drilling,4
/scratch/pdoshi/audio_comp/urbansound8k_audio/03410_drilling.wav,3410,169466-4-2-6.wav,169466,4,drilling,4
/scratch/pdoshi/audio_comp/urbansound8k_audio/03411_drilling.wav,3411,169466-4-2-8.wav,169466,4,drilling,4
/scratch/pdoshi/audio_comp/urbansound8k_audio/03412_drilling.wav,3412,169466-4-3-1.wav,169466,4,drilling,4
/scratch/pdoshi/audio_comp/urbansound8k_audio/03413_drilling.wav,3413,169466-4-3-10.wav,169466,4,drilling,4
/scratch/pdoshi/audio_comp/urbansound8k_audio/03414_drilling.wav,3414,169466-4-3-12.wav,169466,4,drilling,4
/scratch/pdoshi/audio_comp/urbansound8k_audio/03415_drilling.wav,3415,169466-4-3-14.wav,169466,4,drilling,4
/scratch/pdoshi/audio_comp/urbansound8k_audio/03416_drilling.wav,3416,169466-4-3-3.wav,169466,4,drilling,4
/scratch/pdoshi/audio_comp/urbansound8k_audio/03417_drilling.wav,3417,169466-4-3-7.wav,169466,4,drilling,4
/scratch/pdoshi/audio_comp/urbansound8k_audio/03418_drilling.wav,3418,169466-4-3-8.wav,169466,4,drilling,4
/scratch/pdoshi/audio_comp/urbansound8k_audio/03419_drilling.wav,3419,169466-4-3-9.wav,169466,4,drilling,4
/scratch/pdoshi/audio_comp/urbansound8k_audio/03420_dog_bark.wav,3420,170015-3-0-0.wav,170015,3,dog_bark,3
/scratch/pdoshi/audio_comp/urbansound8k_audio/03421_air_conditioner.wav,3421,170022-0-0-0.wav,170022,0,air_conditioner,8
/scratch/pdoshi/audio_comp/urbansound8k_audio/03422_air_conditioner.wav,3422,170022-0-0-1.wav,170022,0,air_conditioner,8
/scratch/pdoshi/audio_comp/urbansound8k_audio/03423_children_playing.wav,3423,17009-2-0-0.wav,17009,2,children_playing,8
/scratch/pdoshi/audio_comp/urbansound8k_audio/03424_children_playing.wav,3424,17009-2-0-1.wav,17009,2,children_playing,8
/scratch/pdoshi/audio_comp/urbansound8k_audio/03425_children_playing.wav,3425,17009-2-0-10.wav,17009,2,children_playing,8
/scratch/pdoshi/audio_comp/urbansound8k_audio/03426_children_playing.wav,3426,17009-2-0-3.wav,17009,2,children_playing,8
/scratch/pdoshi/audio_comp/urbansound8k_audio/03427_children_playing.wav,3427,17009-2-0-4.wav,17009,2,children_playing,8
/scratch/pdoshi/audio_comp/urbansound8k_audio/03428_children_playing.wav,3428,17009-2-0-6.wav,17009,2,children_playing,8
/scratch/pdoshi/audio_comp/urbansound8k_audio/03429_children_playing.wav,3429,17009-2-0-9.wav,17009,2,children_playing,8
/scratch/pdoshi/audio_comp/urbansound8k_audio/03430_car_horn.wav,3430,170243-1-0-0.wav,170243,1,car_horn,7
/scratch/pdoshi/audio_comp/urbansound8k_audio/03431_air_conditioner.wav,3431,170245-0-0-0.wav,170245,0,air_conditioner,5
/scratch/pdoshi/audio_comp/urbansound8k_audio/03432_children_playing.wav,3432,170564-2-0-0.wav,170564,2,children_playing,4
/scratch/pdoshi/audio_comp/urbansound8k_audio/03433_children_playing.wav,3433,170564-2-0-3.wav,170564,2,children_playing,4
/scratch/pdoshi/audio_comp/urbansound8k_audio/03434_children_playing.wav,3434,170564-2-1-22.wav,170564,2,children_playing,4
/scratch/pdoshi/audio_comp/urbansound8k_audio/03435_children_playing.wav,3435,170564-2-1-27.wav,170564,2,children_playing,4
/scratch/pdoshi/audio_comp/urbansound8k_audio/03436_children_playing.wav,3436,170564-2-1-31.wav,170564,2,children_playing,4
/scratch/pdoshi/audio_comp/urbansound8k_audio/03437_children_playing.wav,3437,170564-2-1-32.wav,170564,2,children_playing,4
/scratch/pdoshi/audio_comp/urbansound8k_audio/03438_children_playing.wav,3438,170564-2-1-34.wav,170564,2,children_playing,4
/scratch/pdoshi/audio_comp/urbansound8k_audio/03439_children_playing.wav,3439,170564-2-1-9.wav,170564,2,children_playing,4
/scratch/pdoshi/audio_comp/urbansound8k_audio/03440_car_horn.wav,3440,17074-1-0-0.wav,17074,1,car_horn,10
/scratch/pdoshi/audio_comp/urbansound8k_audio/03441_street_music.wav,3441,171165-9-0-103.wav,171165,9,street_music,7
/scratch/pdoshi/audio_comp/urbansound8k_audio/03442_street_music.wav,3442,171165-9-0-15.wav,171165,9,street_music,7
/scratch/pdoshi/audio_comp/urbansound8k_audio/03443_street_music.wav,3443,171165-9-0-19.wav,171165,9,street_music,7
/scratch/pdoshi/audio_comp/urbansound8k_audio/03444_street_music.wav,3444,171165-9-0-54.wav,171165,9,street_music,7
/scratch/pdoshi/audio_comp/urbansound8k_audio/03445_street_music.wav,3445,171165-9-0-70.wav,171165,9,street_music,7
/scratch/pdoshi/audio_comp/urbansound8k_audio/03446_street_music.wav,3446,171165-9-0-84.wav,171165,9,street_music,7
/scratch/pdoshi/audio_comp/urbansound8k_audio/03447_street_music.wav,3447,171184-9-0-17.wav,171184,9,street_music,7
/scratch/pdoshi/audio_comp/urbansound8k_audio/03448_street_music.wav,3448,171184-9-0-18.wav,171184,9,street_music,7
/scratch/pdoshi/audio_comp/urbansound8k_audio/03449_street_music.wav,3449,171184-9-0-19.wav,171184,9,street_music,7
/scratch/pdoshi/audio_comp/urbansound8k_audio/03450_street_music.wav,3450,171184-9-0-23.wav,171184,9,street_music,7
/scratch/pdoshi/audio_comp/urbansound8k_audio/03451_street_music.wav,3451,171184-9-0-6.wav,171184,9,street_music,7
/scratch/pdoshi/audio_comp/urbansound8k_audio/03452_street_music.wav,3452,171184-9-0-7.wav,171184,9,street_music,7
/scratch/pdoshi/audio_comp/urbansound8k_audio/03453_car_horn.wav,3453,17124-1-0-0.wav,17124,1,car_horn,10
/scratch/pdoshi/audio_comp/urbansound8k_audio/03454_street_music.wav,3454,171243-9-0-11.wav,171243,9,street_music,8
/scratch/pdoshi/audio_comp/urbansound8k_audio/03455_street_music.wav,3455,171243-9-0-123.wav,171243,9,street_music,8
/scratch/pdoshi/audio_comp/urbansound8k_audio/03456_street_music.wav,3456,171243-9-0-31.wav,171243,9,street_music,8
/scratch/pdoshi/audio_comp/urbansound8k_audio/03457_street_music.wav,3457,171243-9-0-49.wav,171243,9,street_music,8
/scratch/pdoshi/audio_comp/urbansound8k_audio/03458_street_music.wav,3458,171243-9-0-81.wav,171243,9,street_music,8
/scratch/pdoshi/audio_comp/urbansound8k_audio/03459_street_music.wav,3459,171243-9-0-85.wav,171243,9,street_music,8
/scratch/pdoshi/audio_comp/urbansound8k_audio/03460_street_music.wav,3460,171243-9-0-91.wav,171243,9,street_music,8
/scratch/pdoshi/audio_comp/urbansound8k_audio/03461_car_horn.wav,3461,171249-1-0-0.wav,171249,1,car_horn,4
/scratch/pdoshi/audio_comp/urbansound8k_audio/03462_car_horn.wav,3462,171249-1-1-0.wav,171249,1,car_horn,4
/scratch/pdoshi/audio_comp/urbansound8k_audio/03463_car_horn.wav,3463,171249-1-2-0.wav,171249,1,car_horn,4
/scratch/pdoshi/audio_comp/urbansound8k_audio/03464_jackhammer.wav,3464,171305-7-0-0.wav,171305,7,jackhammer,4
/scratch/pdoshi/audio_comp/urbansound8k_audio/03465_jackhammer.wav,3465,171305-7-1-0.wav,171305,7,jackhammer,4
/scratch/pdoshi/audio_comp/urbansound8k_audio/03466_jackhammer.wav,3466,171305-7-10-0.wav,171305,7,jackhammer,4
/scratch/pdoshi/audio_comp/urbansound8k_audio/03467_jackhammer.wav,3467,171305-7-11-0.wav,171305,7,jackhammer,4
/scratch/pdoshi/audio_comp/urbansound8k_audio/03468_jackhammer.wav,3468,171305-7-12-0.wav,171305,7,jackhammer,4
/scratch/pdoshi/audio_comp/urbansound8k_audio/03469_jackhammer.wav,3469,171305-7-13-0.wav,171305,7,jackhammer,4
/scratch/pdoshi/audio_comp/urbansound8k_audio/03470_jackhammer.wav,3470,171305-7-14-0.wav,171305,7,jackhammer,4
/scratch/pdoshi/audio_comp/urbansound8k_audio/03471_jackhammer.wav,3471,171305-7-15-0.wav,171305,7,jackhammer,4
/scratch/pdoshi/audio_comp/urbansound8k_audio/03472_jackhammer.wav,3472,171305-7-16-0.wav,171305,7,jackhammer,4
/scratch/pdoshi/audio_comp/urbansound8k_audio/03473_jackhammer.wav,3473,171305-7-17-0.wav,171305,7,jackhammer,4
/scratch/pdoshi/audio_comp/urbansound8k_audio/03474_jackhammer.wav,3474,171305-7-18-0.wav,171305,7,jackhammer,4
/scratch/pdoshi/audio_comp/urbansound8k_audio/03475_jackhammer.wav,3475,171305-7-19-0.wav,171305,7,jackhammer,4
/scratch/pdoshi/audio_comp/urbansound8k_audio/03476_jackhammer.wav,3476,171305-7-2-0.wav,171305,7,jackhammer,4
/scratch/pdoshi/audio_comp/urbansound8k_audio/03477_jackhammer.wav,3477,171305-7-20-0.wav,171305,7,jackhammer,4
/scratch/pdoshi/audio_comp/urbansound8k_audio/03478_jackhammer.wav,3478,171305-7-21-0.wav,171305,7,jackhammer,4
/scratch/pdoshi/audio_comp/urbansound8k_audio/03479_jackhammer.wav,3479,171305-7-22-0.wav,171305,7,jackhammer,4
/scratch/pdoshi/audio_comp/urbansound8k_audio/03480_jackhammer.wav,3480,171305-7-23-0.wav,171305,7,jackhammer,4
/scratch/pdoshi/audio_comp/urbansound8k_audio/03481_jackhammer.wav,3481,171305-7-24-0.wav,171305,7,jackhammer,4
/scratch/pdoshi/audio_comp/urbansound8k_audio/03482_jackhammer.wav,3482,171305-7-25-0.wav,171305,7,jackhammer,4
/scratch/pdoshi/audio_comp/urbansound8k_audio/03483_jackhammer.wav,3483,171305-7-26-0.wav,171305,7,jackhammer,4
/scratch/pdoshi/audio_comp/urbansound8k_audio/03484_jackhammer.wav,3484,171305-7-27-0.wav,171305,7,jackhammer,4
/scratch/pdoshi/audio_comp/urbansound8k_audio/03485_jackhammer.wav,3485,171305-7-28-0.wav,171305,7,jackhammer,4
/scratch/pdoshi/audio_comp/urbansound8k_audio/03486_jackhammer.wav,3486,171305-7-29-0.wav,171305,7,jackhammer,4
/scratch/pdoshi/audio_comp/urbansound8k_audio/03487_jackhammer.wav,3487,171305-7-3-0.wav,171305,7,jackhammer,4
/scratch/pdoshi/audio_comp/urbansound8k_audio/03488_jackhammer.wav,3488,171305-7-4-0.wav,171305,7,jackhammer,4
/scratch/pdoshi/audio_comp/urbansound8k_audio/03489_jackhammer.wav,3489,171305-7-5-0.wav,171305,7,jackhammer,4
/scratch/pdoshi/audio_comp/urbansound8k_audio/03490_jackhammer.wav,3490,171305-7-6-0.wav,171305,7,jackhammer,4
/scratch/pdoshi/audio_comp/urbansound8k_audio/03491_jackhammer.wav,3491,171305-7-7-0.wav,171305,7,jackhammer,4
/scratch/pdoshi/audio_comp/urbansound8k_audio/03492_jackhammer.wav,3492,171305-7-8-0.wav,171305,7,jackhammer,4
/scratch/pdoshi/audio_comp/urbansound8k_audio/03493_jackhammer.wav,3493,171305-7-8-1.wav,171305,7,jackhammer,4
/scratch/pdoshi/audio_comp/urbansound8k_audio/03494_jackhammer.wav,3494,171305-7-9-0.wav,171305,7,jackhammer,4
/scratch/pdoshi/audio_comp/urbansound8k_audio/03495_street_music.wav,3495,171388-9-0-202.wav,171388,9,street_music,5
/scratch/pdoshi/audio_comp/urbansound8k_audio/03496_street_music.wav,3496,171388-9-0-225.wav,171388,9,street_music,5
/scratch/pdoshi/audio_comp/urbansound8k_audio/03497_street_music.wav,3497,171388-9-0-246.wav,171388,9,street_music,5
/scratch/pdoshi/audio_comp/urbansound8k_audio/03498_street_music.wav,3498,171388-9-0-253.wav,171388,9,street_music,5
/scratch/pdoshi/audio_comp/urbansound8k_audio/03499_street_music.wav,3499,171388-9-0-43.wav,171388,9,street_music,5
/scratch/pdoshi/audio_comp/urbansound8k_audio/03500_street_music.wav,3500,171388-9-0-88.wav,171388,9,street_music,5
/scratch/pdoshi/audio_comp/urbansound8k_audio/03501_street_music.wav,3501,171406-9-0-124.wav,171406,9,street_music,9
/scratch/pdoshi/audio_comp/urbansound8k_audio/03502_street_music.wav,3502,171406-9-0-183.wav,171406,9,street_music,9
/scratch/pdoshi/audio_comp/urbansound8k_audio/03503_street_music.wav,3503,171406-9-0-23.wav,171406,9,street_music,9
/scratch/pdoshi/audio_comp/urbansound8k_audio/03504_street_music.wav,3504,171406-9-0-57.wav,171406,9,street_music,9
/scratch/pdoshi/audio_comp/urbansound8k_audio/03505_street_music.wav,3505,171406-9-0-7.wav,171406,9,street_music,9
/scratch/pdoshi/audio_comp/urbansound8k_audio/03506_street_music.wav,3506,171406-9-0-90.wav,171406,9,street_music,9
/scratch/pdoshi/audio_comp/urbansound8k_audio/03507_dog_bark.wav,3507,171464-3-0-0.wav,171464,3,dog_bark,8
/scratch/pdoshi/audio_comp/urbansound8k_audio/03508_dog_bark.wav,3508,171464-3-1-0.wav,171464,3,dog_bark,8
/scratch/pdoshi/audio_comp/urbansound8k_audio/03509_dog_bark.wav,3509,171464-3-2-0.wav,171464,3,dog_bark,8
/scratch/pdoshi/audio_comp/urbansound8k_audio/03510_street_music.wav,3510,171478-9-0-26.wav,171478,9,street_music,10
/scratch/pdoshi/audio_comp/urbansound8k_audio/03511_street_music.wav,3511,171478-9-0-28.wav,171478,9,street_music,10
/scratch/pdoshi/audio_comp/urbansound8k_audio/03512_street_music.wav,3512,171478-9-0-38.wav,171478,9,street_music,10
/scratch/pdoshi/audio_comp/urbansound8k_audio/03513_street_music.wav,3513,171478-9-0-4.wav,171478,9,street_music,10
/scratch/pdoshi/audio_comp/urbansound8k_audio/03514_street_music.wav,3514,171478-9-0-55.wav,171478,9,street_music,10
/scratch/pdoshi/audio_comp/urbansound8k_audio/03515_street_music.wav,3515,171478-9-0-57.wav,171478,9,street_music,10
/scratch/pdoshi/audio_comp/urbansound8k_audio/03516_street_music.wav,3516,171478-9-0-58.wav,171478,9,street_music,10
/scratch/pdoshi/audio_comp/urbansound8k_audio/03517_street_music.wav,3517,172314-9-0-22.wav,172314,9,street_music,1
/scratch/pdoshi/audio_comp/urbansound8k_audio/03518_street_music.wav,3518,172314-9-0-40.wav,172314,9,street_music,1
/scratch/pdoshi/audio_comp/urbansound8k_audio/03519_street_music.wav,3519,172314-9-0-51.wav,172314,9,street_music,1
/scratch/pdoshi/audio_comp/urbansound8k_audio/03520_street_music.wav,3520,172314-9-0-52.wav,172314,9,street_music,1
/scratch/pdoshi/audio_comp/urbansound8k_audio/03521_street_music.wav,3521,172314-9-0-72.wav,172314,9,street_music,1
/scratch/pdoshi/audio_comp/urbansound8k_audio/03522_street_music.wav,3522,172314-9-0-80.wav,172314,9,street_music,1
/scratch/pdoshi/audio_comp/urbansound8k_audio/03523_street_music.wav,3523,172315-9-0-105.wav,172315,9,street_music,3
/scratch/pdoshi/audio_comp/urbansound8k_audio/03524_street_music.wav,3524,172315-9-0-113.wav,172315,9,street_music,3
/scratch/pdoshi/audio_comp/urbansound8k_audio/03525_street_music.wav,3525,172315-9-0-203.wav,172315,9,street_music,3
/scratch/pdoshi/audio_comp/urbansound8k_audio/03526_street_music.wav,3526,172315-9-0-211.wav,172315,9,street_music,3
/scratch/pdoshi/audio_comp/urbansound8k_audio/03527_street_music.wav,3527,172315-9-0-212.wav,172315,9,street_music,3
/scratch/pdoshi/audio_comp/urbansound8k_audio/03528_street_music.wav,3528,172315-9-0-224.wav,172315,9,street_music,3
/scratch/pdoshi/audio_comp/urbansound8k_audio/03529_street_music.wav,3529,172338-9-0-1.wav,172338,9,street_music,4
/scratch/pdoshi/audio_comp/urbansound8k_audio/03530_street_music.wav,3530,172338-9-0-20.wav,172338,9,street_music,4
/scratch/pdoshi/audio_comp/urbansound8k_audio/03531_street_music.wav,3531,172338-9-0-21.wav,172338,9,street_music,4
/scratch/pdoshi/audio_comp/urbansound8k_audio/03532_street_music.wav,3532,172338-9-0-39.wav,172338,9,street_music,4
/scratch/pdoshi/audio_comp/urbansound8k_audio/03533_street_music.wav,3533,172338-9-0-6.wav,172338,9,street_music,4
/scratch/pdoshi/audio_comp/urbansound8k_audio/03534_street_music.wav,3534,172338-9-0-7.wav,172338,9,street_music,4
/scratch/pdoshi/audio_comp/urbansound8k_audio/03535_street_music.wav,3535,172460-9-0-100.wav,172460,9,street_music,5
/scratch/pdoshi/audio_comp/urbansound8k_audio/03536_street_music.wav,3536,172460-9-0-101.wav,172460,9,street_music,5
/scratch/pdoshi/audio_comp/urbansound8k_audio/03537_street_music.wav,3537,172460-9-0-24.wav,172460,9,street_music,5
/scratch/pdoshi/audio_comp/urbansound8k_audio/03538_street_music.wav,3538,172460-9-0-31.wav,172460,9,street_music,5
/scratch/pdoshi/audio_comp/urbansound8k_audio/03539_street_music.wav,3539,172460-9-0-91.wav,172460,9,street_music,5
/scratch/pdoshi/audio_comp/urbansound8k_audio/03540_street_music.wav,3540,172460-9-0-94.wav,172460,9,street_music,5
/scratch/pdoshi/audio_comp/urbansound8k_audio/03541_street_music.wav,3541,172519-9-0-10.wav,172519,9,street_music,10
/scratch/pdoshi/audio_comp/urbansound8k_audio/03542_street_music.wav,3542,172519-9-0-13.wav,172519,9,street_music,10
/scratch/pdoshi/audio_comp/urbansound8k_audio/03543_street_music.wav,3543,172519-9-0-49.wav,172519,9,street_music,10
/scratch/pdoshi/audio_comp/urbansound8k_audio/03544_street_music.wav,3544,172519-9-0-53.wav,172519,9,street_music,10
/scratch/pdoshi/audio_comp/urbansound8k_audio/03545_street_music.wav,3545,172519-9-0-67.wav,172519,9,street_music,10
/scratch/pdoshi/audio_comp/urbansound8k_audio/03546_street_music.wav,3546,172519-9-0-8.wav,172519,9,street_music,10
/scratch/pdoshi/audio_comp/urbansound8k_audio/03547_children_playing.wav,3547,172593-2-0-10.wav,172593,2,children_playing,2
/scratch/pdoshi/audio_comp/urbansound8k_audio/03548_children_playing.wav,3548,172593-2-0-13.wav,172593,2,children_playing,2
/scratch/pdoshi/audio_comp/urbansound8k_audio/03549_children_playing.wav,3549,172593-2-0-14.wav,172593,2,children_playing,2
/scratch/pdoshi/audio_comp/urbansound8k_audio/03550_children_playing.wav,3550,172593-2-0-18.wav,172593,2,children_playing,2
/scratch/pdoshi/audio_comp/urbansound8k_audio/03551_children_playing.wav,3551,172593-2-0-22.wav,172593,2,children_playing,2
/scratch/pdoshi/audio_comp/urbansound8k_audio/03552_children_playing.wav,3552,172593-2-0-27.wav,172593,2,children_playing,2
/scratch/pdoshi/audio_comp/urbansound8k_audio/03553_children_playing.wav,3553,172593-2-0-28.wav,172593,2,children_playing,2
/scratch/pdoshi/audio_comp/urbansound8k_audio/03554_children_playing.wav,3554,172593-2-0-29.wav,172593,2,children_playing,2
/scratch/pdoshi/audio_comp/urbansound8k_audio/03555_car_horn.wav,3555,17307-1-0-0.wav,17307,1,car_horn,2
/scratch/pdoshi/audio_comp/urbansound8k_audio/03556_street_music.wav,3556,173891-9-0-1.wav,173891,9,street_music,7
/scratch/pdoshi/audio_comp/urbansound8k_audio/03557_street_music.wav,3557,173891-9-0-10.wav,173891,9,street_music,7
/scratch/pdoshi/audio_comp/urbansound8k_audio/03558_street_music.wav,3558,173891-9-0-11.wav,173891,9,street_music,7
/scratch/pdoshi/audio_comp/urbansound8k_audio/03559_street_music.wav,3559,173891-9-0-17.wav,173891,9,street_music,7
/scratch/pdoshi/audio_comp/urbansound8k_audio/03560_street_music.wav,3560,173891-9-0-2.wav,173891,9,street_music,7
/scratch/pdoshi/audio_comp/urbansound8k_audio/03561_street_music.wav,3561,173891-9-0-7.wav,173891,9,street_music,7
/scratch/pdoshi/audio_comp/urbansound8k_audio/03562_dog_bark.wav,3562,173993-3-0-25.wav,173993,3,dog_bark,5
/scratch/pdoshi/audio_comp/urbansound8k_audio/03563_dog_bark.wav,3563,173993-3-0-39.wav,173993,3,dog_bark,5
/scratch/pdoshi/audio_comp/urbansound8k_audio/03564_dog_bark.wav,3564,173993-3-0-51.wav,173993,3,dog_bark,5
/scratch/pdoshi/audio_comp/urbansound8k_audio/03565_dog_bark.wav,3565,173993-3-0-52.wav,173993,3,dog_bark,5
/scratch/pdoshi/audio_comp/urbansound8k_audio/03566_dog_bark.wav,3566,173994-3-0-14.wav,173994,3,dog_bark,4
/scratch/pdoshi/audio_comp/urbansound8k_audio/03567_dog_bark.wav,3567,173994-3-0-3.wav,173994,3,dog_bark,4
/scratch/pdoshi/audio_comp/urbansound8k_audio/03568_dog_bark.wav,3568,173994-3-0-44.wav,173994,3,dog_bark,4
/scratch/pdoshi/audio_comp/urbansound8k_audio/03569_dog_bark.wav,3569,173994-3-0-45.wav,173994,3,dog_bark,4
/scratch/pdoshi/audio_comp/urbansound8k_audio/03570_dog_bark.wav,3570,173995-3-0-0.wav,173995,3,dog_bark,2
/scratch/pdoshi/audio_comp/urbansound8k_audio/03571_dog_bark.wav,3571,173995-3-0-11.wav,173995,3,dog_bark,2
/scratch/pdoshi/audio_comp/urbansound8k_audio/03572_dog_bark.wav,3572,173995-3-0-27.wav,173995,3,dog_bark,2
/scratch/pdoshi/audio_comp/urbansound8k_audio/03573_dog_bark.wav,3573,173995-3-0-3.wav,173995,3,dog_bark,2
/scratch/pdoshi/audio_comp/urbansound8k_audio/03574_dog_bark.wav,3574,174026-3-1-0.wav,174026,3,dog_bark,4
/scratch/pdoshi/audio_comp/urbansound8k_audio/03575_dog_bark.wav,3575,174026-3-1-1.wav,174026,3,dog_bark,4
/scratch/pdoshi/audio_comp/urbansound8k_audio/03576_dog_bark.wav,3576,174026-3-1-5.wav,174026,3,dog_bark,4
/scratch/pdoshi/audio_comp/urbansound8k_audio/03577_dog_bark.wav,3577,174026-3-2-2.wav,174026,3,dog_bark,4
/scratch/pdoshi/audio_comp/urbansound8k_audio/03578_children_playing.wav,3578,174032-2-0-1.wav,174032,2,children_playing,4
/scratch/pdoshi/audio_comp/urbansound8k_audio/03579_children_playing.wav,3579,174032-2-0-11.wav,174032,2,children_playing,4
/scratch/pdoshi/audio_comp/urbansound8k_audio/03580_children_playing.wav,3580,174032-2-0-17.wav,174032,2,children_playing,4
/scratch/pdoshi/audio_comp/urbansound8k_audio/03581_children_playing.wav,3581,174032-2-0-18.wav,174032,2,children_playing,4
/scratch/pdoshi/audio_comp/urbansound8k_audio/03582_children_playing.wav,3582,174032-2-0-22.wav,174032,2,children_playing,4
/scratch/pdoshi/audio_comp/urbansound8k_audio/03583_children_playing.wav,3583,174032-2-0-26.wav,174032,2,children_playing,4
/scratch/pdoshi/audio_comp/urbansound8k_audio/03584_children_playing.wav,3584,174032-2-0-4.wav,174032,2,children_playing,4
/scratch/pdoshi/audio_comp/urbansound8k_audio/03585_jackhammer.wav,3585,174276-7-0-0.wav,174276,7,jackhammer,1
/scratch/pdoshi/audio_comp/urbansound8k_audio/03586_jackhammer.wav,3586,174276-7-1-0.wav,174276,7,jackhammer,1
/scratch/pdoshi/audio_comp/urbansound8k_audio/03587_jackhammer.wav,3587,174276-7-2-0.wav,174276,7,jackhammer,1
/scratch/pdoshi/audio_comp/urbansound8k_audio/03588_jackhammer.wav,3588,174276-7-3-0.wav,174276,7,jackhammer,1
/scratch/pdoshi/audio_comp/urbansound8k_audio/03589_jackhammer.wav,3589,174276-7-4-0.wav,174276,7,jackhammer,1
/scratch/pdoshi/audio_comp/urbansound8k_audio/03590_jackhammer.wav,3590,174276-7-5-0.wav,174276,7,jackhammer,1
/scratch/pdoshi/audio_comp/urbansound8k_audio/03591_jackhammer.wav,3591,174276-7-6-0.wav,174276,7,jackhammer,1
/scratch/pdoshi/audio_comp/urbansound8k_audio/03592_gun_shot.wav,3592,174282-6-0-0.wav,174282,6,gun_shot,9
/scratch/pdoshi/audio_comp/urbansound8k_audio/03593_gun_shot.wav,3593,174282-6-1-0.wav,174282,6,gun_shot,9
/scratch/pdoshi/audio_comp/urbansound8k_audio/03594_gun_shot.wav,3594,174282-6-2-0.wav,174282,6,gun_shot,9
/scratch/pdoshi/audio_comp/urbansound8k_audio/03595_gun_shot.wav,3595,174284-6-0-0.wav,174284,6,gun_shot,7
/scratch/pdoshi/audio_comp/urbansound8k_audio/03596_gun_shot.wav,3596,174284-6-1-0.wav,174284,6,gun_shot,7
/scratch/pdoshi/audio_comp/urbansound8k_audio/03597_gun_shot.wav,3597,174284-6-2-0.wav,174284,6,gun_shot,7
/scratch/pdoshi/audio_comp/urbansound8k_audio/03598_gun_shot.wav,3598,174285-6-0-0.wav,174285,6,gun_shot,8
/scratch/pdoshi/audio_comp/urbansound8k_audio/03599_gun_shot.wav,3599,174285-6-1-0.wav,174285,6,gun_shot,8
/scratch/pdoshi/audio_comp/urbansound8k_audio/03600_gun_shot.wav,3600,174285-6-2-0.wav,174285,6,gun_shot,8
/scratch/pdoshi/audio_comp/urbansound8k_audio/03601_gun_shot.wav,3601,174287-6-0-0.wav,174287,6,gun_shot,9
/scratch/pdoshi/audio_comp/urbansound8k_audio/03602_gun_shot.wav,3602,174287-6-1-0.wav,174287,6,gun_shot,9
/scratch/pdoshi/audio_comp/urbansound8k_audio/03603_gun_shot.wav,3603,174287-6-2-0.wav,174287,6,gun_shot,9
/scratch/pdoshi/audio_comp/urbansound8k_audio/03604_gun_shot.wav,3604,174287-6-3-0.wav,174287,6,gun_shot,9
/scratch/pdoshi/audio_comp/urbansound8k_audio/03605_gun_shot.wav,3605,174289-6-0-0.wav,174289,6,gun_shot,10
/scratch/pdoshi/audio_comp/urbansound8k_audio/03606_gun_shot.wav,3606,174289-6-1-0.wav,174289,6,gun_shot,10
/scratch/pdoshi/audio_comp/urbansound8k_audio/03607_gun_shot.wav,3607,174289-6-2-0.wav,174289,6,gun_shot,10
/scratch/pdoshi/audio_comp/urbansound8k_audio/03608_gun_shot.wav,3608,174289-6-3-0.wav,174289,6,gun_shot,10
/scratch/pdoshi/audio_comp/urbansound8k_audio/03609_gun_shot.wav,3609,174290-6-0-0.wav,174290,6,gun_shot,1
/scratch/pdoshi/audio_comp/urbansound8k_audio/03610_gun_shot.wav,3610,174290-6-1-0.wav,174290,6,gun_shot,1
/scratch/pdoshi/audio_comp/urbansound8k_audio/03611_gun_shot.wav,3611,174290-6-2-0.wav,174290,6,gun_shot,1
/scratch/pdoshi/audio_comp/urbansound8k_audio/03612_gun_shot.wav,3612,174290-6-3-0.wav,174290,6,gun_shot,1
/scratch/pdoshi/audio_comp/urbansound8k_audio/03613_gun_shot.wav,3613,174292-6-0-0.wav,174292,6,gun_shot,10
/scratch/pdoshi/audio_comp/urbansound8k_audio/03614_gun_shot.wav,3614,174292-6-1-0.wav,174292,6,gun_shot,10
/scratch/pdoshi/audio_comp/urbansound8k_audio/03615_gun_shot.wav,3615,174292-6-2-0.wav,174292,6,gun_shot,10
/scratch/pdoshi/audio_comp/urbansound8k_audio/03616_gun_shot.wav,3616,174293-6-0-0.wav,174293,6,gun_shot,2
/scratch/pdoshi/audio_comp/urbansound8k_audio/03617_gun_shot.wav,3617,174293-6-1-0.wav,174293,6,gun_shot,2
/scratch/pdoshi/audio_comp/urbansound8k_audio/03618_gun_shot.wav,3618,174293-6-2-0.wav,174293,6,gun_shot,2
/scratch/pdoshi/audio_comp/urbansound8k_audio/03619_gun_shot.wav,3619,174294-6-0-0.wav,174294,6,gun_shot,1
/scratch/pdoshi/audio_comp/urbansound8k_audio/03620_gun_shot.wav,3620,174294-6-1-0.wav,174294,6,gun_shot,1
/scratch/pdoshi/audio_comp/urbansound8k_audio/03621_gun_shot.wav,3621,174294-6-2-0.wav,174294,6,gun_shot,1
/scratch/pdoshi/audio_comp/urbansound8k_audio/03622_children_playing.wav,3622,174786-2-0-18.wav,174786,2,children_playing,9
/scratch/pdoshi/audio_comp/urbansound8k_audio/03623_children_playing.wav,3623,174786-2-0-19.wav,174786,2,children_playing,9
/scratch/pdoshi/audio_comp/urbansound8k_audio/03624_children_playing.wav,3624,174786-2-0-27.wav,174786,2,children_playing,9
/scratch/pdoshi/audio_comp/urbansound8k_audio/03625_children_playing.wav,3625,174786-2-0-30.wav,174786,2,children_playing,9
/scratch/pdoshi/audio_comp/urbansound8k_audio/03626_children_playing.wav,3626,174786-2-0-39.wav,174786,2,children_playing,9
/scratch/pdoshi/audio_comp/urbansound8k_audio/03627_children_playing.wav,3627,174786-2-0-60.wav,174786,2,children_playing,9
/scratch/pdoshi/audio_comp/urbansound8k_audio/03628_children_playing.wav,3628,174786-2-0-75.wav,174786,2,children_playing,9
/scratch/pdoshi/audio_comp/urbansound8k_audio/03629_children_playing.wav,3629,174786-2-0-89.wav,174786,2,children_playing,9
/scratch/pdoshi/audio_comp/urbansound8k_audio/03630_children_playing.wav,3630,17480-2-0-11.wav,17480,2,children_playing,4
/scratch/pdoshi/audio_comp/urbansound8k_audio/03631_children_playing.wav,3631,17480-2-0-24.wav,17480,2,children_playing,4
/scratch/pdoshi/audio_comp/urbansound8k_audio/03632_children_playing.wav,3632,17480-2-0-25.wav,17480,2,children_playing,4
/scratch/pdoshi/audio_comp/urbansound8k_audio/03633_children_playing.wav,3633,17480-2-0-30.wav,17480,2,children_playing,4
/scratch/pdoshi/audio_comp/urbansound8k_audio/03634_children_playing.wav,3634,17480-2-0-35.wav,17480,2,children_playing,4
/scratch/pdoshi/audio_comp/urbansound8k_audio/03635_children_playing.wav,3635,17480-2-0-5.wav,17480,2,children_playing,4
/scratch/pdoshi/audio_comp/urbansound8k_audio/03636_children_playing.wav,3636,17480-2-0-6.wav,17480,2,children_playing,4
/scratch/pdoshi/audio_comp/urbansound8k_audio/03637_children_playing.wav,3637,17480-2-0-9.wav,17480,2,children_playing,4
/scratch/pdoshi/audio_comp/urbansound8k_audio/03638_car_horn.wav,3638,174840-1-0-0.wav,174840,1,car_horn,3
/scratch/pdoshi/audio_comp/urbansound8k_audio/03639_car_horn.wav,3639,174841-1-0-0.wav,174841,1,car_horn,4
/scratch/pdoshi/audio_comp/urbansound8k_audio/03640_dog_bark.wav,3640,17486-3-0-0.wav,17486,3,dog_bark,10
/scratch/pdoshi/audio_comp/urbansound8k_audio/03641_dog_bark.wav,3641,17486-3-1-0.wav,17486,3,dog_bark,10
/scratch/pdoshi/audio_comp/urbansound8k_audio/03642_dog_bark.wav,3642,17486-3-2-0.wav,17486,3,dog_bark,10
/scratch/pdoshi/audio_comp/urbansound8k_audio/03643_dog_bark.wav,3643,174873-3-5-1.wav,174873,3,dog_bark,8
/scratch/pdoshi/audio_comp/urbansound8k_audio/03644_dog_bark.wav,3644,174873-3-5-10.wav,174873,3,dog_bark,8
/scratch/pdoshi/audio_comp/urbansound8k_audio/03645_dog_bark.wav,3645,174873-3-5-12.wav,174873,3,dog_bark,8
/scratch/pdoshi/audio_comp/urbansound8k_audio/03646_dog_bark.wav,3646,174873-3-5-13.wav,174873,3,dog_bark,8
/scratch/pdoshi/audio_comp/urbansound8k_audio/03647_children_playing.wav,3647,174906-2-0-10.wav,174906,2,children_playing,2
/scratch/pdoshi/audio_comp/urbansound8k_audio/03648_children_playing.wav,3648,174906-2-0-11.wav,174906,2,children_playing,2
/scratch/pdoshi/audio_comp/urbansound8k_audio/03649_children_playing.wav,3649,174906-2-0-14.wav,174906,2,children_playing,2
/scratch/pdoshi/audio_comp/urbansound8k_audio/03650_children_playing.wav,3650,174906-2-0-18.wav,174906,2,children_playing,2
/scratch/pdoshi/audio_comp/urbansound8k_audio/03651_children_playing.wav,3651,174906-2-0-20.wav,174906,2,children_playing,2
/scratch/pdoshi/audio_comp/urbansound8k_audio/03652_children_playing.wav,3652,174906-2-0-21.wav,174906,2,children_playing,2
/scratch/pdoshi/audio_comp/urbansound8k_audio/03653_children_playing.wav,3653,174906-2-0-6.wav,174906,2,children_playing,2
/scratch/pdoshi/audio_comp/urbansound8k_audio/03654_children_playing.wav,3654,174906-2-0-8.wav,174906,2,children_playing,2
/scratch/pdoshi/audio_comp/urbansound8k_audio/03655_dog_bark.wav,3655,174994-3-0-0.wav,174994,3,dog_bark,2
/scratch/pdoshi/audio_comp/urbansound8k_audio/03656_dog_bark.wav,3656,174994-3-0-1.wav,174994,3,dog_bark,2
/scratch/pdoshi/audio_comp/urbansound8k_audio/03657_dog_bark.wav,3657,174994-3-0-2.wav,174994,3,dog_bark,2
/scratch/pdoshi/audio_comp/urbansound8k_audio/03658_dog_bark.wav,3658,174994-3-0-4.wav,174994,3,dog_bark,2
/scratch/pdoshi/audio_comp/urbansound8k_audio/03659_children_playing.wav,3659,175296-2-0-123.wav,175296,2,children_playing,7
/scratch/pdoshi/audio_comp/urbansound8k_audio/03660_children_playing.wav,3660,175296-2-0-128.wav,175296,2,children_playing,7
/scratch/pdoshi/audio_comp/urbansound8k_audio/03661_children_playing.wav,3661,175296-2-0-140.wav,175296,2,children_playing,7
/scratch/pdoshi/audio_comp/urbansound8k_audio/03662_children_playing.wav,3662,175296-2-0-212.wav,175296,2,children_playing,7
/scratch/pdoshi/audio_comp/urbansound8k_audio/03663_children_playing.wav,3663,175296-2-0-3.wav,175296,2,children_playing,7
/scratch/pdoshi/audio_comp/urbansound8k_audio/03664_children_playing.wav,3664,175296-2-0-54.wav,175296,2,children_playing,7
/scratch/pdoshi/audio_comp/urbansound8k_audio/03665_children_playing.wav,3665,175296-2-0-76.wav,175296,2,children_playing,7
/scratch/pdoshi/audio_comp/urbansound8k_audio/03666_children_playing.wav,3666,175296-2-0-86.wav,175296,2,children_playing,7
/scratch/pdoshi/audio_comp/urbansound8k_audio/03667_engine_idling.wav,3667,17578-5-0-0.wav,17578,5,engine_idling,5
/scratch/pdoshi/audio_comp/urbansound8k_audio/03668_engine_idling.wav,3668,17578-5-0-1.wav,17578,5,engine_idling,5
/scratch/pdoshi/audio_comp/urbansound8k_audio/03669_engine_idling.wav,3669,17578-5-0-10.wav,17578,5,engine_idling,5
/scratch/pdoshi/audio_comp/urbansound8k_audio/03670_engine_idling.wav,3670,17578-5-0-11.wav,17578,5,engine_idling,5
/scratch/pdoshi/audio_comp/urbansound8k_audio/03671_engine_idling.wav,3671,17578-5-0-12.wav,17578,5,engine_idling,5
/scratch/pdoshi/audio_comp/urbansound8k_audio/03672_engine_idling.wav,3672,17578-5-0-14.wav,17578,5,engine_idling,5
/scratch/pdoshi/audio_comp/urbansound8k_audio/03673_engine_idling.wav,3673,17578-5-0-15.wav,17578,5,engine_idling,5
/scratch/pdoshi/audio_comp/urbansound8k_audio/03674_engine_idling.wav,3674,17578-5-0-16.wav,17578,5,engine_idling,5
/scratch/pdoshi/audio_comp/urbansound8k_audio/03675_engine_idling.wav,3675,17578-5-0-18.wav,17578,5,engine_idling,5
/scratch/pdoshi/audio_comp/urbansound8k_audio/03676_engine_idling.wav,3676,17578-5-0-2.wav,17578,5,engine_idling,5
/scratch/pdoshi/audio_comp/urbansound8k_audio/03677_engine_idling.wav,3677,17578-5-0-21.wav,17578,5,engine_idling,5
/scratch/pdoshi/audio_comp/urbansound8k_audio/03678_engine_idling.wav,3678,17578-5-0-22.wav,17578,5,engine_idling,5
/scratch/pdoshi/audio_comp/urbansound8k_audio/03679_engine_idling.wav,3679,17578-5-0-23.wav,17578,5,engine_idling,5
/scratch/pdoshi/audio_comp/urbansound8k_audio/03680_engine_idling.wav,3680,17578-5-0-24.wav,17578,5,engine_idling,5
/scratch/pdoshi/audio_comp/urbansound8k_audio/03681_engine_idling.wav,3681,17578-5-0-25.wav,17578,5,engine_idling,5
/scratch/pdoshi/audio_comp/urbansound8k_audio/03682_engine_idling.wav,3682,17578-5-0-26.wav,17578,5,engine_idling,5
/scratch/pdoshi/audio_comp/urbansound8k_audio/03683_engine_idling.wav,3683,17578-5-0-27.wav,17578,5,engine_idling,5
/scratch/pdoshi/audio_comp/urbansound8k_audio/03684_engine_idling.wav,3684,17578-5-0-28.wav,17578,5,engine_idling,5
/scratch/pdoshi/audio_comp/urbansound8k_audio/03685_engine_idling.wav,3685,17578-5-0-29.wav,17578,5,engine_idling,5
/scratch/pdoshi/audio_comp/urbansound8k_audio/03686_engine_idling.wav,3686,17578-5-0-3.wav,17578,5,engine_idling,5
/scratch/pdoshi/audio_comp/urbansound8k_audio/03687_engine_idling.wav,3687,17578-5-0-30.wav,17578,5,engine_idling,5
/scratch/pdoshi/audio_comp/urbansound8k_audio/03688_engine_idling.wav,3688,17578-5-0-31.wav,17578,5,engine_idling,5
/scratch/pdoshi/audio_comp/urbansound8k_audio/03689_engine_idling.wav,3689,17578-5-0-32.wav,17578,5,engine_idling,5
/scratch/pdoshi/audio_comp/urbansound8k_audio/03690_engine_idling.wav,3690,17578-5-0-33.wav,17578,5,engine_idling,5
/scratch/pdoshi/audio_comp/urbansound8k_audio/03691_engine_idling.wav,3691,17578-5-0-34.wav,17578,5,engine_idling,5
/scratch/pdoshi/audio_comp/urbansound8k_audio/03692_engine_idling.wav,3692,17578-5-0-35.wav,17578,5,engine_idling,5
/scratch/pdoshi/audio_comp/urbansound8k_audio/03693_engine_idling.wav,3693,17578-5-0-4.wav,17578,5,engine_idling,5
/scratch/pdoshi/audio_comp/urbansound8k_audio/03694_engine_idling.wav,3694,17578-5-0-5.wav,17578,5,engine_idling,5
/scratch/pdoshi/audio_comp/urbansound8k_audio/03695_engine_idling.wav,3695,17578-5-0-6.wav,17578,5,engine_idling,5
/scratch/pdoshi/audio_comp/urbansound8k_audio/03696_engine_idling.wav,3696,17578-5-0-7.wav,17578,5,engine_idling,5
/scratch/pdoshi/audio_comp/urbansound8k_audio/03697_engine_idling.wav,3697,17578-5-0-8.wav,17578,5,engine_idling,5
/scratch/pdoshi/audio_comp/urbansound8k_audio/03698_engine_idling.wav,3698,17578-5-0-9.wav,17578,5,engine_idling,5
/scratch/pdoshi/audio_comp/urbansound8k_audio/03699_car_horn.wav,3699,175842-1-0-0.wav,175842,1,car_horn,10
/scratch/pdoshi/audio_comp/urbansound8k_audio/03700_car_horn.wav,3700,175843-1-0-0.wav,175843,1,car_horn,9
/scratch/pdoshi/audio_comp/urbansound8k_audio/03701_car_horn.wav,3701,175844-1-0-0.wav,175844,1,car_horn,2
/scratch/pdoshi/audio_comp/urbansound8k_audio/03702_car_horn.wav,3702,175845-1-0-0.wav,175845,1,car_horn,1
/scratch/pdoshi/audio_comp/urbansound8k_audio/03703_car_horn.wav,3703,175846-1-0-0.wav,175846,1,car_horn,4
/scratch/pdoshi/audio_comp/urbansound8k_audio/03704_car_horn.wav,3704,175847-1-0-0.wav,175847,1,car_horn,3
/scratch/pdoshi/audio_comp/urbansound8k_audio/03705_car_horn.wav,3705,175848-1-0-0.wav,175848,1,car_horn,6
/scratch/pdoshi/audio_comp/urbansound8k_audio/03706_car_horn.wav,3706,175849-1-0-0.wav,175849,1,car_horn,5
/scratch/pdoshi/audio_comp/urbansound8k_audio/03707_car_horn.wav,3707,175850-1-0-0.wav,175850,1,car_horn,10
/scratch/pdoshi/audio_comp/urbansound8k_audio/03708_car_horn.wav,3708,175851-1-0-0.wav,175851,1,car_horn,1
/scratch/pdoshi/audio_comp/urbansound8k_audio/03709_car_horn.wav,3709,175852-1-0-0.wav,175852,1,car_horn,8
/scratch/pdoshi/audio_comp/urbansound8k_audio/03710_car_horn.wav,3710,175853-1-0-0.wav,175853,1,car_horn,9
/scratch/pdoshi/audio_comp/urbansound8k_audio/03711_car_horn.wav,3711,175854-1-0-0.wav,175854,1,car_horn,3
/scratch/pdoshi/audio_comp/urbansound8k_audio/03712_car_horn.wav,3712,175855-1-0-0.wav,175855,1,car_horn,4
/scratch/pdoshi/audio_comp/urbansound8k_audio/03713_car_horn.wav,3713,175856-1-0-0.wav,175856,1,car_horn,8
/scratch/pdoshi/audio_comp/urbansound8k_audio/03714_car_horn.wav,3714,175856-1-1-0.wav,175856,1,car_horn,8
/scratch/pdoshi/audio_comp/urbansound8k_audio/03715_car_horn.wav,3715,175856-1-2-0.wav,175856,1,car_horn,8
/scratch/pdoshi/audio_comp/urbansound8k_audio/03716_children_playing.wav,3716,175904-2-0-11.wav,175904,2,children_playing,4
/scratch/pdoshi/audio_comp/urbansound8k_audio/03717_children_playing.wav,3717,175904-2-0-12.wav,175904,2,children_playing,4
/scratch/pdoshi/audio_comp/urbansound8k_audio/03718_children_playing.wav,3718,175904-2-0-124.wav,175904,2,children_playing,4
/scratch/pdoshi/audio_comp/urbansound8k_audio/03719_children_playing.wav,3719,175904-2-0-24.wav,175904,2,children_playing,4
/scratch/pdoshi/audio_comp/urbansound8k_audio/03720_children_playing.wav,3720,175904-2-0-41.wav,175904,2,children_playing,4
/scratch/pdoshi/audio_comp/urbansound8k_audio/03721_children_playing.wav,3721,175904-2-0-64.wav,175904,2,children_playing,4
/scratch/pdoshi/audio_comp/urbansound8k_audio/03722_children_playing.wav,3722,175904-2-0-76.wav,175904,2,children_playing,4
/scratch/pdoshi/audio_comp/urbansound8k_audio/03723_children_playing.wav,3723,175904-2-0-98.wav,175904,2,children_playing,4
/scratch/pdoshi/audio_comp/urbansound8k_audio/03724_dog_bark.wav,3724,175915-3-0-0.wav,175915,3,dog_bark,9
/scratch/pdoshi/audio_comp/urbansound8k_audio/03725_dog_bark.wav,3725,175915-3-0-1.wav,175915,3,dog_bark,9
/scratch/pdoshi/audio_comp/urbansound8k_audio/03726_dog_bark.wav,3726,175915-3-0-3.wav,175915,3,dog_bark,9
/scratch/pdoshi/audio_comp/urbansound8k_audio/03727_dog_bark.wav,3727,175915-3-1-8.wav,175915,3,dog_bark,9
/scratch/pdoshi/audio_comp/urbansound8k_audio/03728_dog_bark.wav,3728,175917-3-0-3.wav,175917,3,dog_bark,6
/scratch/pdoshi/audio_comp/urbansound8k_audio/03729_dog_bark.wav,3729,175917-3-1-1.wav,175917,3,dog_bark,6
/scratch/pdoshi/audio_comp/urbansound8k_audio/03730_dog_bark.wav,3730,175917-3-2-2.wav,175917,3,dog_bark,6
/scratch/pdoshi/audio_comp/urbansound8k_audio/03731_dog_bark.wav,3731,175917-3-4-1.wav,175917,3,dog_bark,6
/scratch/pdoshi/audio_comp/urbansound8k_audio/03732_engine_idling.wav,3732,17592-5-0-0.wav,17592,5,engine_idling,1
/scratch/pdoshi/audio_comp/urbansound8k_audio/03733_engine_idling.wav,3733,17592-5-1-0.wav,17592,5,engine_idling,1
/scratch/pdoshi/audio_comp/urbansound8k_audio/03734_engine_idling.wav,3734,17592-5-1-1.wav,17592,5,engine_idling,1
/scratch/pdoshi/audio_comp/urbansound8k_audio/03735_engine_idling.wav,3735,17592-5-1-2.wav,17592,5,engine_idling,1
/scratch/pdoshi/audio_comp/urbansound8k_audio/03736_engine_idling.wav,3736,17592-5-1-3.wav,17592,5,engine_idling,1
/scratch/pdoshi/audio_comp/urbansound8k_audio/03737_car_horn.wav,3737,176003-1-0-0.wav,176003,1,car_horn,4
/scratch/pdoshi/audio_comp/urbansound8k_audio/03738_dog_bark.wav,3738,17615-3-0-0.wav,17615,3,dog_bark,3
/scratch/pdoshi/audio_comp/urbansound8k_audio/03739_dog_bark.wav,3739,17615-3-0-3.wav,17615,3,dog_bark,3
/scratch/pdoshi/audio_comp/urbansound8k_audio/03740_dog_bark.wav,3740,17615-3-0-4.wav,17615,3,dog_bark,3
/scratch/pdoshi/audio_comp/urbansound8k_audio/03741_dog_bark.wav,3741,17615-3-0-6.wav,17615,3,dog_bark,3
/scratch/pdoshi/audio_comp/urbansound8k_audio/03742_dog_bark.wav,3742,176257-3-0-0.wav,176257,3,dog_bark,1
/scratch/pdoshi/audio_comp/urbansound8k_audio/03743_dog_bark.wav,3743,176258-3-1-12.wav,176258,3,dog_bark,1
/scratch/pdoshi/audio_comp/urbansound8k_audio/03744_dog_bark.wav,3744,176258-3-1-13.wav,176258,3,dog_bark,1
/scratch/pdoshi/audio_comp/urbansound8k_audio/03745_dog_bark.wav,3745,176258-3-1-18.wav,176258,3,dog_bark,1
/scratch/pdoshi/audio_comp/urbansound8k_audio/03746_dog_bark.wav,3746,176258-3-1-2.wav,176258,3,dog_bark,1
/scratch/pdoshi/audio_comp/urbansound8k_audio/03747_car_horn.wav,3747,176631-1-0-0.wav,176631,1,car_horn,3
/scratch/pdoshi/audio_comp/urbansound8k_audio/03748_car_horn.wav,3748,176634-1-0-0.wav,176634,1,car_horn,2
/scratch/pdoshi/audio_comp/urbansound8k_audio/03749_car_horn.wav,3749,176638-1-0-0.wav,176638,1,car_horn,1
/scratch/pdoshi/audio_comp/urbansound8k_audio/03750_car_horn.wav,3750,176638-1-1-0.wav,176638,1,car_horn,1
/scratch/pdoshi/audio_comp/urbansound8k_audio/03751_engine_idling.wav,3751,176638-5-0-0.wav,176638,5,engine_idling,4
/scratch/pdoshi/audio_comp/urbansound8k_audio/03752_engine_idling.wav,3752,176638-5-0-1.wav,176638,5,engine_idling,4
/scratch/pdoshi/audio_comp/urbansound8k_audio/03753_engine_idling.wav,3753,176638-5-0-2.wav,176638,5,engine_idling,4
/scratch/pdoshi/audio_comp/urbansound8k_audio/03754_children_playing.wav,3754,176714-2-0-18.wav,176714,2,children_playing,1
/scratch/pdoshi/audio_comp/urbansound8k_audio/03755_children_playing.wav,3755,176714-2-0-23.wav,176714,2,children_playing,1
/scratch/pdoshi/audio_comp/urbansound8k_audio/03756_children_playing.wav,3756,176714-2-0-26.wav,176714,2,children_playing,1
/scratch/pdoshi/audio_comp/urbansound8k_audio/03757_children_playing.wav,3757,176714-2-0-33.wav,176714,2,children_playing,1
/scratch/pdoshi/audio_comp/urbansound8k_audio/03758_children_playing.wav,3758,176714-2-0-40.wav,176714,2,children_playing,1
/scratch/pdoshi/audio_comp/urbansound8k_audio/03759_children_playing.wav,3759,176714-2-0-51.wav,176714,2,children_playing,1
/scratch/pdoshi/audio_comp/urbansound8k_audio/03760_children_playing.wav,3760,176714-2-0-55.wav,176714,2,children_playing,1
/scratch/pdoshi/audio_comp/urbansound8k_audio/03761_children_playing.wav,3761,176714-2-0-77.wav,176714,2,children_playing,1
/scratch/pdoshi/audio_comp/urbansound8k_audio/03762_dog_bark.wav,3762,176783-3-0-11.wav,176783,3,dog_bark,3
/scratch/pdoshi/audio_comp/urbansound8k_audio/03763_dog_bark.wav,3763,176783-3-0-3.wav,176783,3,dog_bark,3
/scratch/pdoshi/audio_comp/urbansound8k_audio/03764_dog_bark.wav,3764,176783-3-0-5.wav,176783,3,dog_bark,3
/scratch/pdoshi/audio_comp/urbansound8k_audio/03765_dog_bark.wav,3765,176783-3-1-0.wav,176783,3,dog_bark,3
/scratch/pdoshi/audio_comp/urbansound8k_audio/03766_engine_idling.wav,3766,176787-5-0-0.wav,176787,5,engine_idling,1
/scratch/pdoshi/audio_comp/urbansound8k_audio/03767_engine_idling.wav,3767,176787-5-0-1.wav,176787,5,engine_idling,1
/scratch/pdoshi/audio_comp/urbansound8k_audio/03768_engine_idling.wav,3768,176787-5-0-10.wav,176787,5,engine_idling,1
/scratch/pdoshi/audio_comp/urbansound8k_audio/03769_engine_idling.wav,3769,176787-5-0-11.wav,176787,5,engine_idling,1
/scratch/pdoshi/audio_comp/urbansound8k_audio/03770_engine_idling.wav,3770,176787-5-0-12.wav,176787,5,engine_idling,1
/scratch/pdoshi/audio_comp/urbansound8k_audio/03771_engine_idling.wav,3771,176787-5-0-13.wav,176787,5,engine_idling,1
/scratch/pdoshi/audio_comp/urbansound8k_audio/03772_engine_idling.wav,3772,176787-5-0-14.wav,176787,5,engine_idling,1
/scratch/pdoshi/audio_comp/urbansound8k_audio/03773_engine_idling.wav,3773,176787-5-0-15.wav,176787,5,engine_idling,1
/scratch/pdoshi/audio_comp/urbansound8k_audio/03774_engine_idling.wav,3774,176787-5-0-16.wav,176787,5,engine_idling,1
/scratch/pdoshi/audio_comp/urbansound8k_audio/03775_engine_idling.wav,3775,176787-5-0-17.wav,176787,5,engine_idling,1
/scratch/pdoshi/audio_comp/urbansound8k_audio/03776_engine_idling.wav,3776,176787-5-0-18.wav,176787,5,engine_idling,1
/scratch/pdoshi/audio_comp/urbansound8k_audio/03777_engine_idling.wav,3777,176787-5-0-19.wav,176787,5,engine_idling,1
/scratch/pdoshi/audio_comp/urbansound8k_audio/03778_engine_idling.wav,3778,176787-5-0-2.wav,176787,5,engine_idling,1
/scratch/pdoshi/audio_comp/urbansound8k_audio/03779_engine_idling.wav,3779,176787-5-0-20.wav,176787,5,engine_idling,1
/scratch/pdoshi/audio_comp/urbansound8k_audio/03780_engine_idling.wav,3780,176787-5-0-21.wav,176787,5,engine_idling,1
/scratch/pdoshi/audio_comp/urbansound8k_audio/03781_engine_idling.wav,3781,176787-5-0-22.wav,176787,5,engine_idling,1
/scratch/pdoshi/audio_comp/urbansound8k_audio/03782_engine_idling.wav,3782,176787-5-0-23.wav,176787,5,engine_idling,1
/scratch/pdoshi/audio_comp/urbansound8k_audio/03783_engine_idling.wav,3783,176787-5-0-24.wav,176787,5,engine_idling,1
/scratch/pdoshi/audio_comp/urbansound8k_audio/03784_engine_idling.wav,3784,176787-5-0-25.wav,176787,5,engine_idling,1
/scratch/pdoshi/audio_comp/urbansound8k_audio/03785_engine_idling.wav,3785,176787-5-0-26.wav,176787,5,engine_idling,1
/scratch/pdoshi/audio_comp/urbansound8k_audio/03786_engine_idling.wav,3786,176787-5-0-27.wav,176787,5,engine_idling,1
/scratch/pdoshi/audio_comp/urbansound8k_audio/03787_engine_idling.wav,3787,176787-5-0-28.wav,176787,5,engine_idling,1
/scratch/pdoshi/audio_comp/urbansound8k_audio/03788_engine_idling.wav,3788,176787-5-0-29.wav,176787,5,engine_idling,1
/scratch/pdoshi/audio_comp/urbansound8k_audio/03789_engine_idling.wav,3789,176787-5-0-3.wav,176787,5,engine_idling,1
/scratch/pdoshi/audio_comp/urbansound8k_audio/03790_engine_idling.wav,3790,176787-5-0-30.wav,176787,5,engine_idling,1
/scratch/pdoshi/audio_comp/urbansound8k_audio/03791_engine_idling.wav,3791,176787-5-0-4.wav,176787,5,engine_idling,1
/scratch/pdoshi/audio_comp/urbansound8k_audio/03792_engine_idling.wav,3792,176787-5-0-5.wav,176787,5,engine_idling,1
/scratch/pdoshi/audio_comp/urbansound8k_audio/03793_engine_idling.wav,3793,176787-5-0-6.wav,176787,5,engine_idling,1
/scratch/pdoshi/audio_comp/urbansound8k_audio/03794_engine_idling.wav,3794,176787-5-0-7.wav,176787,5,engine_idling,1
/scratch/pdoshi/audio_comp/urbansound8k_audio/03795_engine_idling.wav,3795,176787-5-0-8.wav,176787,5,engine_idling,1
/scratch/pdoshi/audio_comp/urbansound8k_audio/03796_engine_idling.wav,3796,176787-5-0-9.wav,176787,5,engine_idling,1
/scratch/pdoshi/audio_comp/urbansound8k_audio/03797_jackhammer.wav,3797,177537-7-0-0.wav,177537,7,jackhammer,7
/scratch/pdoshi/audio_comp/urbansound8k_audio/03798_jackhammer.wav,3798,177537-7-0-1.wav,177537,7,jackhammer,7
/scratch/pdoshi/audio_comp/urbansound8k_audio/03799_jackhammer.wav,3799,177537-7-0-10.wav,177537,7,jackhammer,7
/scratch/pdoshi/audio_comp/urbansound8k_audio/03800_jackhammer.wav,3800,177537-7-0-11.wav,177537,7,jackhammer,7
/scratch/pdoshi/audio_comp/urbansound8k_audio/03801_jackhammer.wav,3801,177537-7-0-12.wav,177537,7,jackhammer,7
/scratch/pdoshi/audio_comp/urbansound8k_audio/03802_jackhammer.wav,3802,177537-7-0-13.wav,177537,7,jackhammer,7
/scratch/pdoshi/audio_comp/urbansound8k_audio/03803_jackhammer.wav,3803,177537-7-0-14.wav,177537,7,jackhammer,7
/scratch/pdoshi/audio_comp/urbansound8k_audio/03804_jackhammer.wav,3804,177537-7-0-15.wav,177537,7,jackhammer,7
/scratch/pdoshi/audio_comp/urbansound8k_audio/03805_jackhammer.wav,3805,177537-7-0-16.wav,177537,7,jackhammer,7
/scratch/pdoshi/audio_comp/urbansound8k_audio/03806_jackhammer.wav,3806,177537-7-0-17.wav,177537,7,jackhammer,7
/scratch/pdoshi/audio_comp/urbansound8k_audio/03807_jackhammer.wav,3807,177537-7-0-18.wav,177537,7,jackhammer,7
/scratch/pdoshi/audio_comp/urbansound8k_audio/03808_jackhammer.wav,3808,177537-7-0-19.wav,177537,7,jackhammer,7
/scratch/pdoshi/audio_comp/urbansound8k_audio/03809_jackhammer.wav,3809,177537-7-0-2.wav,177537,7,jackhammer,7
/scratch/pdoshi/audio_comp/urbansound8k_audio/03810_jackhammer.wav,3810,177537-7-0-20.wav,177537,7,jackhammer,7
/scratch/pdoshi/audio_comp/urbansound8k_audio/03811_jackhammer.wav,3811,177537-7-0-21.wav,177537,7,jackhammer,7
/scratch/pdoshi/audio_comp/urbansound8k_audio/03812_jackhammer.wav,3812,177537-7-0-22.wav,177537,7,jackhammer,7
/scratch/pdoshi/audio_comp/urbansound8k_audio/03813_jackhammer.wav,3813,177537-7-0-23.wav,177537,7,jackhammer,7
/scratch/pdoshi/audio_comp/urbansound8k_audio/03814_jackhammer.wav,3814,177537-7-0-24.wav,177537,7,jackhammer,7
/scratch/pdoshi/audio_comp/urbansound8k_audio/03815_jackhammer.wav,3815,177537-7-0-25.wav,177537,7,jackhammer,7
/scratch/pdoshi/audio_comp/urbansound8k_audio/03816_jackhammer.wav,3816,177537-7-0-26.wav,177537,7,jackhammer,7
/scratch/pdoshi/audio_comp/urbansound8k_audio/03817_jackhammer.wav,3817,177537-7-0-27.wav,177537,7,jackhammer,7
/scratch/pdoshi/audio_comp/urbansound8k_audio/03818_jackhammer.wav,3818,177537-7-0-28.wav,177537,7,jackhammer,7
/scratch/pdoshi/audio_comp/urbansound8k_audio/03819_jackhammer.wav,3819,177537-7-0-29.wav,177537,7,jackhammer,7
/scratch/pdoshi/audio_comp/urbansound8k_audio/03820_jackhammer.wav,3820,177537-7-0-3.wav,177537,7,jackhammer,7
/scratch/pdoshi/audio_comp/urbansound8k_audio/03821_jackhammer.wav,3821,177537-7-0-30.wav,177537,7,jackhammer,7
/scratch/pdoshi/audio_comp/urbansound8k_audio/03822_jackhammer.wav,3822,177537-7-0-31.wav,177537,7,jackhammer,7
/scratch/pdoshi/audio_comp/urbansound8k_audio/03823_jackhammer.wav,3823,177537-7-0-4.wav,177537,7,jackhammer,7
/scratch/pdoshi/audio_comp/urbansound8k_audio/03824_jackhammer.wav,3824,177537-7-0-5.wav,177537,7,jackhammer,7
/scratch/pdoshi/audio_comp/urbansound8k_audio/03825_jackhammer.wav,3825,177537-7-0-6.wav,177537,7,jackhammer,7
/scratch/pdoshi/audio_comp/urbansound8k_audio/03826_jackhammer.wav,3826,177537-7-0-7.wav,177537,7,jackhammer,7
/scratch/pdoshi/audio_comp/urbansound8k_audio/03827_jackhammer.wav,3827,177537-7-0-8.wav,177537,7,jackhammer,7
/scratch/pdoshi/audio_comp/urbansound8k_audio/03828_jackhammer.wav,3828,177537-7-0-9.wav,177537,7,jackhammer,7
/scratch/pdoshi/audio_comp/urbansound8k_audio/03829_jackhammer.wav,3829,177537-7-1-0.wav,177537,7,jackhammer,7
/scratch/pdoshi/audio_comp/urbansound8k_audio/03830_jackhammer.wav,3830,177537-7-1-1.wav,177537,7,jackhammer,7
/scratch/pdoshi/audio_comp/urbansound8k_audio/03831_jackhammer.wav,3831,177537-7-1-10.wav,177537,7,jackhammer,7
/scratch/pdoshi/audio_comp/urbansound8k_audio/03832_jackhammer.wav,3832,177537-7-1-2.wav,177537,7,jackhammer,7
/scratch/pdoshi/audio_comp/urbansound8k_audio/03833_jackhammer.wav,3833,177537-7-1-3.wav,177537,7,jackhammer,7
/scratch/pdoshi/audio_comp/urbansound8k_audio/03834_jackhammer.wav,3834,177537-7-1-4.wav,177537,7,jackhammer,7
/scratch/pdoshi/audio_comp/urbansound8k_audio/03835_jackhammer.wav,3835,177537-7-1-5.wav,177537,7,jackhammer,7
/scratch/pdoshi/audio_comp/urbansound8k_audio/03836_jackhammer.wav,3836,177537-7-1-6.wav,177537,7,jackhammer,7
/scratch/pdoshi/audio_comp/urbansound8k_audio/03837_jackhammer.wav,3837,177537-7-1-7.wav,177537,7,jackhammer,7
/scratch/pdoshi/audio_comp/urbansound8k_audio/03838_jackhammer.wav,3838,177537-7-1-8.wav,177537,7,jackhammer,7
/scratch/pdoshi/audio_comp/urbansound8k_audio/03839_jackhammer.wav,3839,177537-7-1-9.wav,177537,7,jackhammer,7
/scratch/pdoshi/audio_comp/urbansound8k_audio/03840_jackhammer.wav,3840,177537-7-2-0.wav,177537,7,jackhammer,7
/scratch/pdoshi/audio_comp/urbansound8k_audio/03841_jackhammer.wav,3841,177537-7-2-1.wav,177537,7,jackhammer,7
/scratch/pdoshi/audio_comp/urbansound8k_audio/03842_engine_idling.wav,3842,177592-5-0-0.wav,177592,5,engine_idling,2
/scratch/pdoshi/audio_comp/urbansound8k_audio/03843_engine_idling.wav,3843,177592-5-0-1.wav,177592,5,engine_idling,2
/scratch/pdoshi/audio_comp/urbansound8k_audio/03844_engine_idling.wav,3844,177592-5-0-10.wav,177592,5,engine_idling,2
/scratch/pdoshi/audio_comp/urbansound8k_audio/03845_engine_idling.wav,3845,177592-5-0-2.wav,177592,5,engine_idling,2
/scratch/pdoshi/audio_comp/urbansound8k_audio/03846_engine_idling.wav,3846,177592-5-0-3.wav,177592,5,engine_idling,2
/scratch/pdoshi/audio_comp/urbansound8k_audio/03847_engine_idling.wav,3847,177592-5-0-4.wav,177592,5,engine_idling,2
/scratch/pdoshi/audio_comp/urbansound8k_audio/03848_engine_idling.wav,3848,177592-5-0-5.wav,177592,5,engine_idling,2
/scratch/pdoshi/audio_comp/urbansound8k_audio/03849_engine_idling.wav,3849,177592-5-0-6.wav,177592,5,engine_idling,2
/scratch/pdoshi/audio_comp/urbansound8k_audio/03850_engine_idling.wav,3850,177592-5-0-7.wav,177592,5,engine_idling,2
/scratch/pdoshi/audio_comp/urbansound8k_audio/03851_engine_idling.wav,3851,177592-5-0-8.wav,177592,5,engine_idling,2
/scratch/pdoshi/audio_comp/urbansound8k_audio/03852_engine_idling.wav,3852,177592-5-0-9.wav,177592,5,engine_idling,2
/scratch/pdoshi/audio_comp/urbansound8k_audio/03853_dog_bark.wav,3853,177620-3-0-20.wav,177620,3,dog_bark,9
/scratch/pdoshi/audio_comp/urbansound8k_audio/03854_dog_bark.wav,3854,177620-3-0-21.wav,177620,3,dog_bark,9
/scratch/pdoshi/audio_comp/urbansound8k_audio/03855_dog_bark.wav,3855,177620-3-0-25.wav,177620,3,dog_bark,9
/scratch/pdoshi/audio_comp/urbansound8k_audio/03856_dog_bark.wav,3856,177620-3-0-8.wav,177620,3,dog_bark,9
/scratch/pdoshi/audio_comp/urbansound8k_audio/03857_air_conditioner.wav,3857,177621-0-0-0.wav,177621,0,air_conditioner,1
/scratch/pdoshi/audio_comp/urbansound8k_audio/03858_air_conditioner.wav,3858,177621-0-0-100.wav,177621,0,air_conditioner,1
/scratch/pdoshi/audio_comp/urbansound8k_audio/03859_air_conditioner.wav,3859,177621-0-0-104.wav,177621,0,air_conditioner,1
/scratch/pdoshi/audio_comp/urbansound8k_audio/03860_air_conditioner.wav,3860,177621-0-0-105.wav,177621,0,air_conditioner,1
/scratch/pdoshi/audio_comp/urbansound8k_audio/03861_air_conditioner.wav,3861,177621-0-0-109.wav,177621,0,air_conditioner,1
/scratch/pdoshi/audio_comp/urbansound8k_audio/03862_air_conditioner.wav,3862,177621-0-0-117.wav,177621,0,air_conditioner,1
/scratch/pdoshi/audio_comp/urbansound8k_audio/03863_air_conditioner.wav,3863,177621-0-0-120.wav,177621,0,air_conditioner,1
/scratch/pdoshi/audio_comp/urbansound8k_audio/03864_air_conditioner.wav,3864,177621-0-0-126.wav,177621,0,air_conditioner,1
/scratch/pdoshi/audio_comp/urbansound8k_audio/03865_air_conditioner.wav,3865,177621-0-0-127.wav,177621,0,air_conditioner,1
/scratch/pdoshi/audio_comp/urbansound8k_audio/03866_air_conditioner.wav,3866,177621-0-0-128.wav,177621,0,air_conditioner,1
/scratch/pdoshi/audio_comp/urbansound8k_audio/03867_air_conditioner.wav,3867,177621-0-0-145.wav,177621,0,air_conditioner,1
/scratch/pdoshi/audio_comp/urbansound8k_audio/03868_air_conditioner.wav,3868,177621-0-0-147.wav,177621,0,air_conditioner,1
/scratch/pdoshi/audio_comp/urbansound8k_audio/03869_air_conditioner.wav,3869,177621-0-0-2.wav,177621,0,air_conditioner,1
/scratch/pdoshi/audio_comp/urbansound8k_audio/03870_air_conditioner.wav,3870,177621-0-0-27.wav,177621,0,air_conditioner,1
/scratch/pdoshi/audio_comp/urbansound8k_audio/03871_air_conditioner.wav,3871,177621-0-0-31.wav,177621,0,air_conditioner,1
/scratch/pdoshi/audio_comp/urbansound8k_audio/03872_air_conditioner.wav,3872,177621-0-0-35.wav,177621,0,air_conditioner,1
/scratch/pdoshi/audio_comp/urbansound8k_audio/03873_air_conditioner.wav,3873,177621-0-0-46.wav,177621,0,air_conditioner,1
/scratch/pdoshi/audio_comp/urbansound8k_audio/03874_air_conditioner.wav,3874,177621-0-0-47.wav,177621,0,air_conditioner,1
/scratch/pdoshi/audio_comp/urbansound8k_audio/03875_air_conditioner.wav,3875,177621-0-0-48.wav,177621,0,air_conditioner,1
/scratch/pdoshi/audio_comp/urbansound8k_audio/03876_air_conditioner.wav,3876,177621-0-0-54.wav,177621,0,air_conditioner,1
/scratch/pdoshi/audio_comp/urbansound8k_audio/03877_air_conditioner.wav,3877,177621-0-0-57.wav,177621,0,air_conditioner,1
/scratch/pdoshi/audio_comp/urbansound8k_audio/03878_air_conditioner.wav,3878,177621-0-0-80.wav,177621,0,air_conditioner,1
/scratch/pdoshi/audio_comp/urbansound8k_audio/03879_air_conditioner.wav,3879,177621-0-0-88.wav,177621,0,air_conditioner,1
/scratch/pdoshi/audio_comp/urbansound8k_audio/03880_air_conditioner.wav,3880,177621-0-0-91.wav,177621,0,air_conditioner,1
/scratch/pdoshi/audio_comp/urbansound8k_audio/03881_air_conditioner.wav,3881,177621-0-0-93.wav,177621,0,air_conditioner,1
/scratch/pdoshi/audio_comp/urbansound8k_audio/03882_air_conditioner.wav,3882,177726-0-0-1.wav,177726,0,air_conditioner,8
/scratch/pdoshi/audio_comp/urbansound8k_audio/03883_air_conditioner.wav,3883,177726-0-0-10.wav,177726,0,air_conditioner,8
/scratch/pdoshi/audio_comp/urbansound8k_audio/03884_air_conditioner.wav,3884,177726-0-0-11.wav,177726,0,air_conditioner,8
/scratch/pdoshi/audio_comp/urbansound8k_audio/03885_air_conditioner.wav,3885,177726-0-0-12.wav,177726,0,air_conditioner,8
/scratch/pdoshi/audio_comp/urbansound8k_audio/03886_air_conditioner.wav,3886,177726-0-0-13.wav,177726,0,air_conditioner,8
/scratch/pdoshi/audio_comp/urbansound8k_audio/03887_air_conditioner.wav,3887,177726-0-0-14.wav,177726,0,air_conditioner,8
/scratch/pdoshi/audio_comp/urbansound8k_audio/03888_air_conditioner.wav,3888,177726-0-0-15.wav,177726,0,air_conditioner,8
/scratch/pdoshi/audio_comp/urbansound8k_audio/03889_air_conditioner.wav,3889,177726-0-0-17.wav,177726,0,air_conditioner,8
/scratch/pdoshi/audio_comp/urbansound8k_audio/03890_air_conditioner.wav,3890,177726-0-0-18.wav,177726,0,air_conditioner,8
/scratch/pdoshi/audio_comp/urbansound8k_audio/03891_air_conditioner.wav,3891,177726-0-0-19.wav,177726,0,air_conditioner,8
/scratch/pdoshi/audio_comp/urbansound8k_audio/03892_air_conditioner.wav,3892,177726-0-0-2.wav,177726,0,air_conditioner,8
/scratch/pdoshi/audio_comp/urbansound8k_audio/03893_air_conditioner.wav,3893,177726-0-0-21.wav,177726,0,air_conditioner,8
/scratch/pdoshi/audio_comp/urbansound8k_audio/03894_air_conditioner.wav,3894,177726-0-0-22.wav,177726,0,air_conditioner,8
/scratch/pdoshi/audio_comp/urbansound8k_audio/03895_air_conditioner.wav,3895,177726-0-0-23.wav,177726,0,air_conditioner,8
/scratch/pdoshi/audio_comp/urbansound8k_audio/03896_air_conditioner.wav,3896,177726-0-0-25.wav,177726,0,air_conditioner,8
/scratch/pdoshi/audio_comp/urbansound8k_audio/03897_air_conditioner.wav,3897,177726-0-0-26.wav,177726,0,air_conditioner,8
/scratch/pdoshi/audio_comp/urbansound8k_audio/03898_air_conditioner.wav,3898,177726-0-0-27.wav,177726,0,air_conditioner,8
/scratch/pdoshi/audio_comp/urbansound8k_audio/03899_air_conditioner.wav,3899,177726-0-0-28.wav,177726,0,air_conditioner,8
/scratch/pdoshi/audio_comp/urbansound8k_audio/03900_air_conditioner.wav,3900,177726-0-0-29.wav,177726,0,air_conditioner,8
/scratch/pdoshi/audio_comp/urbansound8k_audio/03901_air_conditioner.wav,3901,177726-0-0-3.wav,177726,0,air_conditioner,8
/scratch/pdoshi/audio_comp/urbansound8k_audio/03902_air_conditioner.wav,3902,177726-0-0-30.wav,177726,0,air_conditioner,8
/scratch/pdoshi/audio_comp/urbansound8k_audio/03903_air_conditioner.wav,3903,177726-0-0-31.wav,177726,0,air_conditioner,8
/scratch/pdoshi/audio_comp/urbansound8k_audio/03904_air_conditioner.wav,3904,177726-0-0-32.wav,177726,0,air_conditioner,8
/scratch/pdoshi/audio_comp/urbansound8k_audio/03905_air_conditioner.wav,3905,177726-0-0-33.wav,177726,0,air_conditioner,8
/scratch/pdoshi/audio_comp/urbansound8k_audio/03906_air_conditioner.wav,3906,177726-0-0-34.wav,177726,0,air_conditioner,8
/scratch/pdoshi/audio_comp/urbansound8k_audio/03907_air_conditioner.wav,3907,177726-0-0-36.wav,177726,0,air_conditioner,8
/scratch/pdoshi/audio_comp/urbansound8k_audio/03908_air_conditioner.wav,3908,177726-0-0-37.wav,177726,0,air_conditioner,8
/scratch/pdoshi/audio_comp/urbansound8k_audio/03909_air_conditioner.wav,3909,177726-0-0-5.wav,177726,0,air_conditioner,8
/scratch/pdoshi/audio_comp/urbansound8k_audio/03910_air_conditioner.wav,3910,177726-0-0-6.wav,177726,0,air_conditioner,8
/scratch/pdoshi/audio_comp/urbansound8k_audio/03911_air_conditioner.wav,3911,177726-0-0-7.wav,177726,0,air_conditioner,8
/scratch/pdoshi/audio_comp/urbansound8k_audio/03912_air_conditioner.wav,3912,177726-0-0-8.wav,177726,0,air_conditioner,8
/scratch/pdoshi/audio_comp/urbansound8k_audio/03913_air_conditioner.wav,3913,177726-0-0-9.wav,177726,0,air_conditioner,8
/scratch/pdoshi/audio_comp/urbansound8k_audio/03914_air_conditioner.wav,3914,177729-0-0-1.wav,177729,0,air_conditioner,7
/scratch/pdoshi/audio_comp/urbansound8k_audio/03915_air_conditioner.wav,3915,177729-0-0-106.wav,177729,0,air_conditioner,7
/scratch/pdoshi/audio_comp/urbansound8k_audio/03916_air_conditioner.wav,3916,177729-0-0-108.wav,177729,0,air_conditioner,7
/scratch/pdoshi/audio_comp/urbansound8k_audio/03917_air_conditioner.wav,3917,177729-0-0-111.wav,177729,0,air_conditioner,7
/scratch/pdoshi/audio_comp/urbansound8k_audio/03918_air_conditioner.wav,3918,177729-0-0-120.wav,177729,0,air_conditioner,7
/scratch/pdoshi/audio_comp/urbansound8k_audio/03919_air_conditioner.wav,3919,177729-0-0-128.wav,177729,0,air_conditioner,7
/scratch/pdoshi/audio_comp/urbansound8k_audio/03920_air_conditioner.wav,3920,177729-0-0-20.wav,177729,0,air_conditioner,7
/scratch/pdoshi/audio_comp/urbansound8k_audio/03921_air_conditioner.wav,3921,177729-0-0-22.wav,177729,0,air_conditioner,7
/scratch/pdoshi/audio_comp/urbansound8k_audio/03922_air_conditioner.wav,3922,177729-0-0-27.wav,177729,0,air_conditioner,7
/scratch/pdoshi/audio_comp/urbansound8k_audio/03923_air_conditioner.wav,3923,177729-0-0-28.wav,177729,0,air_conditioner,7
/scratch/pdoshi/audio_comp/urbansound8k_audio/03924_air_conditioner.wav,3924,177729-0-0-3.wav,177729,0,air_conditioner,7
/scratch/pdoshi/audio_comp/urbansound8k_audio/03925_air_conditioner.wav,3925,177729-0-0-38.wav,177729,0,air_conditioner,7
/scratch/pdoshi/audio_comp/urbansound8k_audio/03926_air_conditioner.wav,3926,177729-0-0-40.wav,177729,0,air_conditioner,7
/scratch/pdoshi/audio_comp/urbansound8k_audio/03927_air_conditioner.wav,3927,177729-0-0-42.wav,177729,0,air_conditioner,7
/scratch/pdoshi/audio_comp/urbansound8k_audio/03928_air_conditioner.wav,3928,177729-0-0-50.wav,177729,0,air_conditioner,7
/scratch/pdoshi/audio_comp/urbansound8k_audio/03929_air_conditioner.wav,3929,177729-0-0-51.wav,177729,0,air_conditioner,7
/scratch/pdoshi/audio_comp/urbansound8k_audio/03930_air_conditioner.wav,3930,177729-0-0-53.wav,177729,0,air_conditioner,7
/scratch/pdoshi/audio_comp/urbansound8k_audio/03931_air_conditioner.wav,3931,177729-0-0-58.wav,177729,0,air_conditioner,7
/scratch/pdoshi/audio_comp/urbansound8k_audio/03932_air_conditioner.wav,3932,177729-0-0-63.wav,177729,0,air_conditioner,7
/scratch/pdoshi/audio_comp/urbansound8k_audio/03933_air_conditioner.wav,3933,177729-0-0-67.wav,177729,0,air_conditioner,7
/scratch/pdoshi/audio_comp/urbansound8k_audio/03934_air_conditioner.wav,3934,177729-0-0-68.wav,177729,0,air_conditioner,7
/scratch/pdoshi/audio_comp/urbansound8k_audio/03935_air_conditioner.wav,3935,177729-0-0-69.wav,177729,0,air_conditioner,7
/scratch/pdoshi/audio_comp/urbansound8k_audio/03936_air_conditioner.wav,3936,177729-0-0-73.wav,177729,0,air_conditioner,7
/scratch/pdoshi/audio_comp/urbansound8k_audio/03937_air_conditioner.wav,3937,177729-0-0-74.wav,177729,0,air_conditioner,7
/scratch/pdoshi/audio_comp/urbansound8k_audio/03938_air_conditioner.wav,3938,177729-0-0-80.wav,177729,0,air_conditioner,7
/scratch/pdoshi/audio_comp/urbansound8k_audio/03939_air_conditioner.wav,3939,177729-0-0-82.wav,177729,0,air_conditioner,7
/scratch/pdoshi/audio_comp/urbansound8k_audio/03940_air_conditioner.wav,3940,177729-0-0-83.wav,177729,0,air_conditioner,7
/scratch/pdoshi/audio_comp/urbansound8k_audio/03941_air_conditioner.wav,3941,177729-0-0-89.wav,177729,0,air_conditioner,7
/scratch/pdoshi/audio_comp/urbansound8k_audio/03942_air_conditioner.wav,3942,177729-0-0-91.wav,177729,0,air_conditioner,7
/scratch/pdoshi/audio_comp/urbansound8k_audio/03943_air_conditioner.wav,3943,177729-0-0-97.wav,177729,0,air_conditioner,7
/scratch/pdoshi/audio_comp/urbansound8k_audio/03944_air_conditioner.wav,3944,177729-0-0-98.wav,177729,0,air_conditioner,7
/scratch/pdoshi/audio_comp/urbansound8k_audio/03945_air_conditioner.wav,3945,177742-0-0-10.wav,177742,0,air_conditioner,3
/scratch/pdoshi/audio_comp/urbansound8k_audio/03946_air_conditioner.wav,3946,177742-0-0-102.wav,177742,0,air_conditioner,3
/scratch/pdoshi/audio_comp/urbansound8k_audio/03947_air_conditioner.wav,3947,177742-0-0-111.wav,177742,0,air_conditioner,3
/scratch/pdoshi/audio_comp/urbansound8k_audio/03948_air_conditioner.wav,3948,177742-0-0-149.wav,177742,0,air_conditioner,3
/scratch/pdoshi/audio_comp/urbansound8k_audio/03949_air_conditioner.wav,3949,177742-0-0-161.wav,177742,0,air_conditioner,3
/scratch/pdoshi/audio_comp/urbansound8k_audio/03950_air_conditioner.wav,3950,177742-0-0-164.wav,177742,0,air_conditioner,3
/scratch/pdoshi/audio_comp/urbansound8k_audio/03951_air_conditioner.wav,3951,177742-0-0-165.wav,177742,0,air_conditioner,3
/scratch/pdoshi/audio_comp/urbansound8k_audio/03952_air_conditioner.wav,3952,177742-0-0-17.wav,177742,0,air_conditioner,3
/scratch/pdoshi/audio_comp/urbansound8k_audio/03953_air_conditioner.wav,3953,177742-0-0-178.wav,177742,0,air_conditioner,3
/scratch/pdoshi/audio_comp/urbansound8k_audio/03954_air_conditioner.wav,3954,177742-0-0-196.wav,177742,0,air_conditioner,3
/scratch/pdoshi/audio_comp/urbansound8k_audio/03955_air_conditioner.wav,3955,177742-0-0-202.wav,177742,0,air_conditioner,3
/scratch/pdoshi/audio_comp/urbansound8k_audio/03956_air_conditioner.wav,3956,177742-0-0-203.wav,177742,0,air_conditioner,3
/scratch/pdoshi/audio_comp/urbansound8k_audio/03957_air_conditioner.wav,3957,177742-0-0-204.wav,177742,0,air_conditioner,3
/scratch/pdoshi/audio_comp/urbansound8k_audio/03958_air_conditioner.wav,3958,177742-0-0-205.wav,177742,0,air_conditioner,3
/scratch/pdoshi/audio_comp/urbansound8k_audio/03959_air_conditioner.wav,3959,177742-0-0-211.wav,177742,0,air_conditioner,3
/scratch/pdoshi/audio_comp/urbansound8k_audio/03960_air_conditioner.wav,3960,177742-0-0-214.wav,177742,0,air_conditioner,3
/scratch/pdoshi/audio_comp/urbansound8k_audio/03961_air_conditioner.wav,3961,177742-0-0-3.wav,177742,0,air_conditioner,3
/scratch/pdoshi/audio_comp/urbansound8k_audio/03962_air_conditioner.wav,3962,177742-0-0-36.wav,177742,0,air_conditioner,3
/scratch/pdoshi/audio_comp/urbansound8k_audio/03963_air_conditioner.wav,3963,177742-0-0-49.wav,177742,0,air_conditioner,3
/scratch/pdoshi/audio_comp/urbansound8k_audio/03964_air_conditioner.wav,3964,177742-0-0-58.wav,177742,0,air_conditioner,3
/scratch/pdoshi/audio_comp/urbansound8k_audio/03965_air_conditioner.wav,3965,177742-0-0-67.wav,177742,0,air_conditioner,3
/scratch/pdoshi/audio_comp/urbansound8k_audio/03966_air_conditioner.wav,3966,177742-0-0-73.wav,177742,0,air_conditioner,3
/scratch/pdoshi/audio_comp/urbansound8k_audio/03967_air_conditioner.wav,3967,177742-0-0-84.wav,177742,0,air_conditioner,3
/scratch/pdoshi/audio_comp/urbansound8k_audio/03968_air_conditioner.wav,3968,177742-0-0-99.wav,177742,0,air_conditioner,3
/scratch/pdoshi/audio_comp/urbansound8k_audio/03969_children_playing.wav,3969,177756-2-0-10.wav,177756,2,children_playing,4
/scratch/pdoshi/audio_comp/urbansound8k_audio/03970_children_playing.wav,3970,177756-2-0-12.wav,177756,2,children_playing,4
/scratch/pdoshi/audio_comp/urbansound8k_audio/03971_children_playing.wav,3971,177756-2-0-16.wav,177756,2,children_playing,4
/scratch/pdoshi/audio_comp/urbansound8k_audio/03972_children_playing.wav,3972,177756-2-0-17.wav,177756,2,children_playing,4
/scratch/pdoshi/audio_comp/urbansound8k_audio/03973_children_playing.wav,3973,177756-2-0-19.wav,177756,2,children_playing,4
/scratch/pdoshi/audio_comp/urbansound8k_audio/03974_children_playing.wav,3974,177756-2-0-4.wav,177756,2,children_playing,4
/scratch/pdoshi/audio_comp/urbansound8k_audio/03975_children_playing.wav,3975,177756-2-0-5.wav,177756,2,children_playing,4
/scratch/pdoshi/audio_comp/urbansound8k_audio/03976_children_playing.wav,3976,177756-2-0-7.wav,177756,2,children_playing,4
/scratch/pdoshi/audio_comp/urbansound8k_audio/03977_street_music.wav,3977,178099-9-0-0.wav,178099,9,street_music,5
/scratch/pdoshi/audio_comp/urbansound8k_audio/03978_street_music.wav,3978,178099-9-0-1.wav,178099,9,street_music,5
/scratch/pdoshi/audio_comp/urbansound8k_audio/03979_street_music.wav,3979,178099-9-0-10.wav,178099,9,street_music,5
/scratch/pdoshi/audio_comp/urbansound8k_audio/03980_street_music.wav,3980,178099-9-0-12.wav,178099,9,street_music,5
/scratch/pdoshi/audio_comp/urbansound8k_audio/03981_street_music.wav,3981,178099-9-0-6.wav,178099,9,street_music,5
/scratch/pdoshi/audio_comp/urbansound8k_audio/03982_street_music.wav,3982,178099-9-0-7.wav,178099,9,street_music,5
/scratch/pdoshi/audio_comp/urbansound8k_audio/03983_dog_bark.wav,3983,17810-3-0-0.wav,17810,3,dog_bark,8
/scratch/pdoshi/audio_comp/urbansound8k_audio/03984_dog_bark.wav,3984,17810-3-1-0.wav,17810,3,dog_bark,8
/scratch/pdoshi/audio_comp/urbansound8k_audio/03985_car_horn.wav,3985,178115-1-0-0.wav,178115,1,car_horn,7
/scratch/pdoshi/audio_comp/urbansound8k_audio/03986_dog_bark.wav,3986,178118-3-0-0.wav,178118,3,dog_bark,9
/scratch/pdoshi/audio_comp/urbansound8k_audio/03987_dog_bark.wav,3987,178118-3-1-0.wav,178118,3,dog_bark,9
/scratch/pdoshi/audio_comp/urbansound8k_audio/03988_dog_bark.wav,3988,178118-3-2-0.wav,178118,3,dog_bark,9
/scratch/pdoshi/audio_comp/urbansound8k_audio/03989_jackhammer.wav,3989,178260-7-0-0.wav,178260,7,jackhammer,5
/scratch/pdoshi/audio_comp/urbansound8k_audio/03990_jackhammer.wav,3990,178260-7-1-0.wav,178260,7,jackhammer,5
/scratch/pdoshi/audio_comp/urbansound8k_audio/03991_jackhammer.wav,3991,178260-7-1-1.wav,178260,7,jackhammer,5
/scratch/pdoshi/audio_comp/urbansound8k_audio/03992_jackhammer.wav,3992,178260-7-1-10.wav,178260,7,jackhammer,5
/scratch/pdoshi/audio_comp/urbansound8k_audio/03993_jackhammer.wav,3993,178260-7-1-2.wav,178260,7,jackhammer,5
/scratch/pdoshi/audio_comp/urbansound8k_audio/03994_jackhammer.wav,3994,178260-7-1-3.wav,178260,7,jackhammer,5
/scratch/pdoshi/audio_comp/urbansound8k_audio/03995_jackhammer.wav,3995,178260-7-1-4.wav,178260,7,jackhammer,5
/scratch/pdoshi/audio_comp/urbansound8k_audio/03996_jackhammer.wav,3996,178260-7-1-5.wav,178260,7,jackhammer,5
/scratch/pdoshi/audio_comp/urbansound8k_audio/03997_jackhammer.wav,3997,178260-7-1-6.wav,178260,7,jackhammer,5
/scratch/pdoshi/audio_comp/urbansound8k_audio/03998_jackhammer.wav,3998,178260-7-1-7.wav,178260,7,jackhammer,5
/scratch/pdoshi/audio_comp/urbansound8k_audio/03999_jackhammer.wav,3999,178260-7-1-8.wav,178260,7,jackhammer,5
/scratch/pdoshi/audio_comp/urbansound8k_audio/04000_jackhammer.wav,4000,178260-7-1-9.wav,178260,7,jackhammer,5
/scratch/pdoshi/audio_comp/urbansound8k_audio/04001_jackhammer.wav,4001,178260-7-2-0.wav,178260,7,jackhammer,5
/scratch/pdoshi/audio_comp/urbansound8k_audio/04002_jackhammer.wav,4002,178260-7-2-1.wav,178260,7,jackhammer,5
/scratch/pdoshi/audio_comp/urbansound8k_audio/04003_jackhammer.wav,4003,178260-7-2-2.wav,178260,7,jackhammer,5
/scratch/pdoshi/audio_comp/urbansound8k_audio/04004_jackhammer.wav,4004,178260-7-3-0.wav,178260,7,jackhammer,5
/scratch/pdoshi/audio_comp/urbansound8k_audio/04005_jackhammer.wav,4005,178260-7-3-1.wav,178260,7,jackhammer,5
/scratch/pdoshi/audio_comp/urbansound8k_audio/04006_jackhammer.wav,4006,178260-7-3-10.wav,178260,7,jackhammer,5
/scratch/pdoshi/audio_comp/urbansound8k_audio/04007_jackhammer.wav,4007,178260-7-3-11.wav,178260,7,jackhammer,5
/scratch/pdoshi/audio_comp/urbansound8k_audio/04008_jackhammer.wav,4008,178260-7-3-12.wav,178260,7,jackhammer,5
/scratch/pdoshi/audio_comp/urbansound8k_audio/04009_jackhammer.wav,4009,178260-7-3-2.wav,178260,7,jackhammer,5
/scratch/pdoshi/audio_comp/urbansound8k_audio/04010_jackhammer.wav,4010,178260-7-3-3.wav,178260,7,jackhammer,5
/scratch/pdoshi/audio_comp/urbansound8k_audio/04011_jackhammer.wav,4011,178260-7-3-4.wav,178260,7,jackhammer,5
/scratch/pdoshi/audio_comp/urbansound8k_audio/04012_jackhammer.wav,4012,178260-7-3-5.wav,178260,7,jackhammer,5
/scratch/pdoshi/audio_comp/urbansound8k_audio/04013_jackhammer.wav,4013,178260-7-3-6.wav,178260,7,jackhammer,5
/scratch/pdoshi/audio_comp/urbansound8k_audio/04014_jackhammer.wav,4014,178260-7-3-7.wav,178260,7,jackhammer,5
/scratch/pdoshi/audio_comp/urbansound8k_audio/04015_jackhammer.wav,4015,178260-7-3-8.wav,178260,7,jackhammer,5
/scratch/pdoshi/audio_comp/urbansound8k_audio/04016_jackhammer.wav,4016,178260-7-3-9.wav,178260,7,jackhammer,5
/scratch/pdoshi/audio_comp/urbansound8k_audio/04017_jackhammer.wav,4017,178260-7-4-0.wav,178260,7,jackhammer,5
/scratch/pdoshi/audio_comp/urbansound8k_audio/04018_jackhammer.wav,4018,178260-7-4-1.wav,178260,7,jackhammer,5
/scratch/pdoshi/audio_comp/urbansound8k_audio/04019_jackhammer.wav,4019,178260-7-5-0.wav,178260,7,jackhammer,5
/scratch/pdoshi/audio_comp/urbansound8k_audio/04020_jackhammer.wav,4020,178260-7-6-0.wav,178260,7,jackhammer,5
/scratch/pdoshi/audio_comp/urbansound8k_audio/04021_jackhammer.wav,4021,178260-7-7-0.wav,178260,7,jackhammer,5
/scratch/pdoshi/audio_comp/urbansound8k_audio/04022_jackhammer.wav,4022,178261-7-0-0.wav,178261,7,jackhammer,10
/scratch/pdoshi/audio_comp/urbansound8k_audio/04023_jackhammer.wav,4023,178261-7-1-0.wav,178261,7,jackhammer,10
/scratch/pdoshi/audio_comp/urbansound8k_audio/04024_jackhammer.wav,4024,178261-7-2-0.wav,178261,7,jackhammer,10
/scratch/pdoshi/audio_comp/urbansound8k_audio/04025_jackhammer.wav,4025,178261-7-3-0.wav,178261,7,jackhammer,10
/scratch/pdoshi/audio_comp/urbansound8k_audio/04026_jackhammer.wav,4026,178261-7-3-1.wav,178261,7,jackhammer,10
/scratch/pdoshi/audio_comp/urbansound8k_audio/04027_jackhammer.wav,4027,178261-7-3-2.wav,178261,7,jackhammer,10
/scratch/pdoshi/audio_comp/urbansound8k_audio/04028_jackhammer.wav,4028,178261-7-3-3.wav,178261,7,jackhammer,10
/scratch/pdoshi/audio_comp/urbansound8k_audio/04029_jackhammer.wav,4029,178261-7-3-4.wav,178261,7,jackhammer,10
/scratch/pdoshi/audio_comp/urbansound8k_audio/04030_jackhammer.wav,4030,178261-7-3-5.wav,178261,7,jackhammer,10
/scratch/pdoshi/audio_comp/urbansound8k_audio/04031_jackhammer.wav,4031,178261-7-3-6.wav,178261,7,jackhammer,10
/scratch/pdoshi/audio_comp/urbansound8k_audio/04032_car_horn.wav,4032,178402-1-0-0.wav,178402,1,car_horn,10
/scratch/pdoshi/audio_comp/urbansound8k_audio/04033_dog_bark.wav,4033,178497-3-0-1.wav,178497,3,dog_bark,5
/scratch/pdoshi/audio_comp/urbansound8k_audio/04034_dog_bark.wav,4034,178497-3-0-3.wav,178497,3,dog_bark,5
/scratch/pdoshi/audio_comp/urbansound8k_audio/04035_dog_bark.wav,4035,178497-3-0-4.wav,178497,3,dog_bark,5
/scratch/pdoshi/audio_comp/urbansound8k_audio/04036_dog_bark.wav,4036,178497-3-0-6.wav,178497,3,dog_bark,5
/scratch/pdoshi/audio_comp/urbansound8k_audio/04037_children_playing.wav,4037,178520-2-0-11.wav,178520,2,children_playing,2
/scratch/pdoshi/audio_comp/urbansound8k_audio/04038_children_playing.wav,4038,178520-2-0-23.wav,178520,2,children_playing,2
/scratch/pdoshi/audio_comp/urbansound8k_audio/04039_children_playing.wav,4039,178520-2-0-27.wav,178520,2,children_playing,2
/scratch/pdoshi/audio_comp/urbansound8k_audio/04040_children_playing.wav,4040,178520-2-0-28.wav,178520,2,children_playing,2
/scratch/pdoshi/audio_comp/urbansound8k_audio/04041_children_playing.wav,4041,178520-2-0-29.wav,178520,2,children_playing,2
/scratch/pdoshi/audio_comp/urbansound8k_audio/04042_children_playing.wav,4042,178520-2-0-38.wav,178520,2,children_playing,2
/scratch/pdoshi/audio_comp/urbansound8k_audio/04043_children_playing.wav,4043,178520-2-0-39.wav,178520,2,children_playing,2
/scratch/pdoshi/audio_comp/urbansound8k_audio/04044_children_playing.wav,4044,178520-2-0-42.wav,178520,2,children_playing,2
/scratch/pdoshi/audio_comp/urbansound8k_audio/04045_children_playing.wav,4045,178521-2-0-18.wav,178521,2,children_playing,2
/scratch/pdoshi/audio_comp/urbansound8k_audio/04046_children_playing.wav,4046,178521-2-0-2.wav,178521,2,children_playing,2
/scratch/pdoshi/audio_comp/urbansound8k_audio/04047_children_playing.wav,4047,178521-2-0-22.wav,178521,2,children_playing,2
/scratch/pdoshi/audio_comp/urbansound8k_audio/04048_children_playing.wav,4048,178521-2-0-69.wav,178521,2,children_playing,2
/scratch/pdoshi/audio_comp/urbansound8k_audio/04049_children_playing.wav,4049,178521-2-0-7.wav,178521,2,children_playing,2
/scratch/pdoshi/audio_comp/urbansound8k_audio/04050_children_playing.wav,4050,178521-2-0-70.wav,178521,2,children_playing,2
/scratch/pdoshi/audio_comp/urbansound8k_audio/04051_children_playing.wav,4051,178521-2-0-86.wav,178521,2,children_playing,2
/scratch/pdoshi/audio_comp/urbansound8k_audio/04052_children_playing.wav,4052,178521-2-0-93.wav,178521,2,children_playing,2
/scratch/pdoshi/audio_comp/urbansound8k_audio/04053_engine_idling.wav,4053,17853-5-0-0.wav,17853,5,engine_idling,3
/scratch/pdoshi/audio_comp/urbansound8k_audio/04054_engine_idling.wav,4054,17853-5-0-1.wav,17853,5,engine_idling,3
/scratch/pdoshi/audio_comp/urbansound8k_audio/04055_engine_idling.wav,4055,17853-5-0-10.wav,17853,5,engine_idling,3
/scratch/pdoshi/audio_comp/urbansound8k_audio/04056_engine_idling.wav,4056,17853-5-0-11.wav,17853,5,engine_idling,3
/scratch/pdoshi/audio_comp/urbansound8k_audio/04057_engine_idling.wav,4057,17853-5-0-12.wav,17853,5,engine_idling,3
/scratch/pdoshi/audio_comp/urbansound8k_audio/04058_engine_idling.wav,4058,17853-5-0-13.wav,17853,5,engine_idling,3
/scratch/pdoshi/audio_comp/urbansound8k_audio/04059_engine_idling.wav,4059,17853-5-0-14.wav,17853,5,engine_idling,3
/scratch/pdoshi/audio_comp/urbansound8k_audio/04060_engine_idling.wav,4060,17853-5-0-15.wav,17853,5,engine_idling,3
/scratch/pdoshi/audio_comp/urbansound8k_audio/04061_engine_idling.wav,4061,17853-5-0-2.wav,17853,5,engine_idling,3
/scratch/pdoshi/audio_comp/urbansound8k_audio/04062_engine_idling.wav,4062,17853-5-0-3.wav,17853,5,engine_idling,3
/scratch/pdoshi/audio_comp/urbansound8k_audio/04063_engine_idling.wav,4063,17853-5-0-4.wav,17853,5,engine_idling,3
/scratch/pdoshi/audio_comp/urbansound8k_audio/04064_engine_idling.wav,4064,17853-5-0-5.wav,17853,5,engine_idling,3
/scratch/pdoshi/audio_comp/urbansound8k_audio/04065_engine_idling.wav,4065,17853-5-0-6.wav,17853,5,engine_idling,3
/scratch/pdoshi/audio_comp/urbansound8k_audio/04066_engine_idling.wav,4066,17853-5-0-7.wav,17853,5,engine_idling,3
/scratch/pdoshi/audio_comp/urbansound8k_audio/04067_engine_idling.wav,4067,17853-5-0-8.wav,17853,5,engine_idling,3
/scratch/pdoshi/audio_comp/urbansound8k_audio/04068_engine_idling.wav,4068,17853-5-0-9.wav,17853,5,engine_idling,3
/scratch/pdoshi/audio_comp/urbansound8k_audio/04069_air_conditioner.wav,4069,178686-0-0-1.wav,178686,0,air_conditioner,5
/scratch/pdoshi/audio_comp/urbansound8k_audio/04070_air_conditioner.wav,4070,178686-0-0-11.wav,178686,0,air_conditioner,5
/scratch/pdoshi/audio_comp/urbansound8k_audio/04071_air_conditioner.wav,4071,178686-0-0-12.wav,178686,0,air_conditioner,5
/scratch/pdoshi/audio_comp/urbansound8k_audio/04072_air_conditioner.wav,4072,178686-0-0-14.wav,178686,0,air_conditioner,5
/scratch/pdoshi/audio_comp/urbansound8k_audio/04073_air_conditioner.wav,4073,178686-0-0-15.wav,178686,0,air_conditioner,5
/scratch/pdoshi/audio_comp/urbansound8k_audio/04074_air_conditioner.wav,4074,178686-0-0-16.wav,178686,0,air_conditioner,5
/scratch/pdoshi/audio_comp/urbansound8k_audio/04075_air_conditioner.wav,4075,178686-0-0-17.wav,178686,0,air_conditioner,5
/scratch/pdoshi/audio_comp/urbansound8k_audio/04076_air_conditioner.wav,4076,178686-0-0-18.wav,178686,0,air_conditioner,5
/scratch/pdoshi/audio_comp/urbansound8k_audio/04077_air_conditioner.wav,4077,178686-0-0-19.wav,178686,0,air_conditioner,5
/scratch/pdoshi/audio_comp/urbansound8k_audio/04078_air_conditioner.wav,4078,178686-0-0-2.wav,178686,0,air_conditioner,5
/scratch/pdoshi/audio_comp/urbansound8k_audio/04079_air_conditioner.wav,4079,178686-0-0-21.wav,178686,0,air_conditioner,5
/scratch/pdoshi/audio_comp/urbansound8k_audio/04080_air_conditioner.wav,4080,178686-0-0-23.wav,178686,0,air_conditioner,5
/scratch/pdoshi/audio_comp/urbansound8k_audio/04081_air_conditioner.wav,4081,178686-0-0-3.wav,178686,0,air_conditioner,5
/scratch/pdoshi/audio_comp/urbansound8k_audio/04082_air_conditioner.wav,4082,178686-0-0-31.wav,178686,0,air_conditioner,5
/scratch/pdoshi/audio_comp/urbansound8k_audio/04083_air_conditioner.wav,4083,178686-0-0-33.wav,178686,0,air_conditioner,5
/scratch/pdoshi/audio_comp/urbansound8k_audio/04084_air_conditioner.wav,4084,178686-0-0-34.wav,178686,0,air_conditioner,5
/scratch/pdoshi/audio_comp/urbansound8k_audio/04085_air_conditioner.wav,4085,178686-0-0-38.wav,178686,0,air_conditioner,5
/scratch/pdoshi/audio_comp/urbansound8k_audio/04086_air_conditioner.wav,4086,178686-0-0-39.wav,178686,0,air_conditioner,5
/scratch/pdoshi/audio_comp/urbansound8k_audio/04087_air_conditioner.wav,4087,178686-0-0-42.wav,178686,0,air_conditioner,5
/scratch/pdoshi/audio_comp/urbansound8k_audio/04088_air_conditioner.wav,4088,178686-0-0-43.wav,178686,0,air_conditioner,5
/scratch/pdoshi/audio_comp/urbansound8k_audio/04089_air_conditioner.wav,4089,178686-0-0-44.wav,178686,0,air_conditioner,5
/scratch/pdoshi/audio_comp/urbansound8k_audio/04090_air_conditioner.wav,4090,178686-0-0-45.wav,178686,0,air_conditioner,5
/scratch/pdoshi/audio_comp/urbansound8k_audio/04091_air_conditioner.wav,4091,178686-0-0-46.wav,178686,0,air_conditioner,5
/scratch/pdoshi/audio_comp/urbansound8k_audio/04092_air_conditioner.wav,4092,178686-0-0-53.wav,178686,0,air_conditioner,5
/scratch/pdoshi/audio_comp/urbansound8k_audio/04093_air_conditioner.wav,4093,178686-0-0-55.wav,178686,0,air_conditioner,5
/scratch/pdoshi/audio_comp/urbansound8k_audio/04094_air_conditioner.wav,4094,178686-0-0-57.wav,178686,0,air_conditioner,5
/scratch/pdoshi/audio_comp/urbansound8k_audio/04095_air_conditioner.wav,4095,178686-0-0-6.wav,178686,0,air_conditioner,5
/scratch/pdoshi/audio_comp/urbansound8k_audio/04096_air_conditioner.wav,4096,178686-0-0-60.wav,178686,0,air_conditioner,5
/scratch/pdoshi/audio_comp/urbansound8k_audio/04097_air_conditioner.wav,4097,178686-0-0-63.wav,178686,0,air_conditioner,5
/scratch/pdoshi/audio_comp/urbansound8k_audio/04098_air_conditioner.wav,4098,178686-0-0-64.wav,178686,0,air_conditioner,5
/scratch/pdoshi/audio_comp/urbansound8k_audio/04099_air_conditioner.wav,4099,178686-0-0-65.wav,178686,0,air_conditioner,5
/scratch/pdoshi/audio_comp/urbansound8k_audio/04100_air_conditioner.wav,4100,178686-0-0-66.wav,178686,0,air_conditioner,5
/scratch/pdoshi/audio_comp/urbansound8k_audio/04101_air_conditioner.wav,4101,178686-0-0-67.wav,178686,0,air_conditioner,5
/scratch/pdoshi/audio_comp/urbansound8k_audio/04102_air_conditioner.wav,4102,178686-0-0-68.wav,178686,0,air_conditioner,5
/scratch/pdoshi/audio_comp/urbansound8k_audio/04103_air_conditioner.wav,4103,178686-0-0-7.wav,178686,0,air_conditioner,5
/scratch/pdoshi/audio_comp/urbansound8k_audio/04104_air_conditioner.wav,4104,178686-0-0-72.wav,178686,0,air_conditioner,5
/scratch/pdoshi/audio_comp/urbansound8k_audio/04105_air_conditioner.wav,4105,178686-0-0-8.wav,178686,0,air_conditioner,5
/scratch/pdoshi/audio_comp/urbansound8k_audio/04106_air_conditioner.wav,4106,178686-0-0-9.wav,178686,0,air_conditioner,5
/scratch/pdoshi/audio_comp/urbansound8k_audio/04107_children_playing.wav,4107,178825-2-0-4.wav,178825,2,children_playing,5
/scratch/pdoshi/audio_comp/urbansound8k_audio/04108_children_playing.wav,4108,178825-2-0-53.wav,178825,2,children_playing,5
/scratch/pdoshi/audio_comp/urbansound8k_audio/04109_children_playing.wav,4109,178825-2-0-62.wav,178825,2,children_playing,5
/scratch/pdoshi/audio_comp/urbansound8k_audio/04110_children_playing.wav,4110,178825-2-0-70.wav,178825,2,children_playing,5
/scratch/pdoshi/audio_comp/urbansound8k_audio/04111_children_playing.wav,4111,178825-2-0-74.wav,178825,2,children_playing,5
/scratch/pdoshi/audio_comp/urbansound8k_audio/04112_children_playing.wav,4112,178825-2-0-9.wav,178825,2,children_playing,5
/scratch/pdoshi/audio_comp/urbansound8k_audio/04113_children_playing.wav,4113,178825-2-0-95.wav,178825,2,children_playing,5
/scratch/pdoshi/audio_comp/urbansound8k_audio/04114_children_playing.wav,4114,178826-2-0-10.wav,178826,2,children_playing,10
/scratch/pdoshi/audio_comp/urbansound8k_audio/04115_children_playing.wav,4115,178826-2-0-12.wav,178826,2,children_playing,10
/scratch/pdoshi/audio_comp/urbansound8k_audio/04116_children_playing.wav,4116,178826-2-0-14.wav,178826,2,children_playing,10
/scratch/pdoshi/audio_comp/urbansound8k_audio/04117_children_playing.wav,4117,178826-2-0-16.wav,178826,2,children_playing,10
/scratch/pdoshi/audio_comp/urbansound8k_audio/04118_children_playing.wav,4118,178826-2-0-17.wav,178826,2,children_playing,10
/scratch/pdoshi/audio_comp/urbansound8k_audio/04119_children_playing.wav,4119,178826-2-0-20.wav,178826,2,children_playing,10
/scratch/pdoshi/audio_comp/urbansound8k_audio/04120_children_playing.wav,4120,178826-2-0-28.wav,178826,2,children_playing,10
/scratch/pdoshi/audio_comp/urbansound8k_audio/04121_children_playing.wav,4121,178826-2-0-39.wav,178826,2,children_playing,10
/scratch/pdoshi/audio_comp/urbansound8k_audio/04122_street_music.wav,4122,179039-9-0-22.wav,179039,9,street_music,8
/scratch/pdoshi/audio_comp/urbansound8k_audio/04123_street_music.wav,4123,179039-9-0-23.wav,179039,9,street_music,8
/scratch/pdoshi/audio_comp/urbansound8k_audio/04124_street_music.wav,4124,179039-9-0-30.wav,179039,9,street_music,8
/scratch/pdoshi/audio_comp/urbansound8k_audio/04125_street_music.wav,4125,179039-9-0-38.wav,179039,9,street_music,8
/scratch/pdoshi/audio_comp/urbansound8k_audio/04126_street_music.wav,4126,179039-9-0-4.wav,179039,9,street_music,8
/scratch/pdoshi/audio_comp/urbansound8k_audio/04127_street_music.wav,4127,179039-9-0-40.wav,179039,9,street_music,8
/scratch/pdoshi/audio_comp/urbansound8k_audio/04128_dog_bark.wav,4128,179096-3-0-1.wav,179096,3,dog_bark,2
/scratch/pdoshi/audio_comp/urbansound8k_audio/04129_dog_bark.wav,4129,179096-3-0-10.wav,179096,3,dog_bark,2
/scratch/pdoshi/audio_comp/urbansound8k_audio/04130_dog_bark.wav,4130,179096-3-0-5.wav,179096,3,dog_bark,2
/scratch/pdoshi/audio_comp/urbansound8k_audio/04131_dog_bark.wav,4131,179096-3-0-9.wav,179096,3,dog_bark,2
/scratch/pdoshi/audio_comp/urbansound8k_audio/04132_drilling.wav,4132,17913-4-0-0.wav,17913,4,drilling,1
/scratch/pdoshi/audio_comp/urbansound8k_audio/04133_drilling.wav,4133,17913-4-0-1.wav,17913,4,drilling,1
/scratch/pdoshi/audio_comp/urbansound8k_audio/04134_drilling.wav,4134,17913-4-0-2.wav,17913,4,drilling,1
/scratch/pdoshi/audio_comp/urbansound8k_audio/04135_drilling.wav,4135,17913-4-1-0.wav,17913,4,drilling,1
/scratch/pdoshi/audio_comp/urbansound8k_audio/04136_drilling.wav,4136,17913-4-2-0.wav,17913,4,drilling,1
/scratch/pdoshi/audio_comp/urbansound8k_audio/04137_drilling.wav,4137,179212-4-0-0.wav,179212,4,drilling,4
/scratch/pdoshi/audio_comp/urbansound8k_audio/04138_dog_bark.wav,4138,179386-3-0-0.wav,179386,3,dog_bark,3
/scratch/pdoshi/audio_comp/urbansound8k_audio/04139_dog_bark.wav,4139,179386-3-0-1.wav,179386,3,dog_bark,3
/scratch/pdoshi/audio_comp/urbansound8k_audio/04140_dog_bark.wav,4140,179386-3-0-2.wav,179386,3,dog_bark,3
/scratch/pdoshi/audio_comp/urbansound8k_audio/04141_dog_bark.wav,4141,179386-3-0-3.wav,179386,3,dog_bark,3
/scratch/pdoshi/audio_comp/urbansound8k_audio/04142_drilling.wav,4142,179725-4-0-0.wav,179725,4,drilling,6
/scratch/pdoshi/audio_comp/urbansound8k_audio/04143_children_playing.wav,4143,17973-2-0-17.wav,17973,2,children_playing,3
/scratch/pdoshi/audio_comp/urbansound8k_audio/04144_children_playing.wav,4144,17973-2-0-21.wav,17973,2,children_playing,3
/scratch/pdoshi/audio_comp/urbansound8k_audio/04145_children_playing.wav,4145,17973-2-0-22.wav,17973,2,children_playing,3
/scratch/pdoshi/audio_comp/urbansound8k_audio/04146_children_playing.wav,4146,17973-2-0-29.wav,17973,2,children_playing,3
/scratch/pdoshi/audio_comp/urbansound8k_audio/04147_children_playing.wav,4147,17973-2-0-31.wav,17973,2,children_playing,3
/scratch/pdoshi/audio_comp/urbansound8k_audio/04148_children_playing.wav,4148,17973-2-0-32.wav,17973,2,children_playing,3
/scratch/pdoshi/audio_comp/urbansound8k_audio/04149_children_playing.wav,4149,17973-2-0-8.wav,17973,2,children_playing,3
/scratch/pdoshi/audio_comp/urbansound8k_audio/04150_children_playing.wav,4150,17973-2-0-9.wav,17973,2,children_playing,3
/scratch/pdoshi/audio_comp/urbansound8k_audio/04151_car_horn.wav,4151,179858-1-0-0.wav,179858,1,car_horn,1
/scratch/pdoshi/audio_comp/urbansound8k_audio/04152_car_horn.wav,4152,179860-1-0-0.wav,179860,1,car_horn,6
/scratch/pdoshi/audio_comp/urbansound8k_audio/04153_car_horn.wav,4153,179861-1-0-0.wav,179861,1,car_horn,5
/scratch/pdoshi/audio_comp/urbansound8k_audio/04154_car_horn.wav,4154,179862-1-0-0.wav,179862,1,car_horn,4
/scratch/pdoshi/audio_comp/urbansound8k_audio/04155_car_horn.wav,4155,179863-1-0-0.wav,179863,1,car_horn,3
/scratch/pdoshi/audio_comp/urbansound8k_audio/04156_car_horn.wav,4156,179864-1-0-0.wav,179864,1,car_horn,2
/scratch/pdoshi/audio_comp/urbansound8k_audio/04157_car_horn.wav,4157,179865-1-0-0.wav,179865,1,car_horn,3
/scratch/pdoshi/audio_comp/urbansound8k_audio/04158_car_horn.wav,4158,179866-1-0-0.wav,179866,1,car_horn,2
/scratch/pdoshi/audio_comp/urbansound8k_audio/04159_car_horn.wav,4159,179866-1-1-0.wav,179866,1,car_horn,2
/scratch/pdoshi/audio_comp/urbansound8k_audio/04160_car_horn.wav,4160,179867-1-0-0.wav,179867,1,car_horn,1
/scratch/pdoshi/audio_comp/urbansound8k_audio/04161_car_horn.wav,4161,179868-1-0-0.wav,179868,1,car_horn,10
/scratch/pdoshi/audio_comp/urbansound8k_audio/04162_drilling.wav,4162,180029-4-1-0.wav,180029,4,drilling,9
/scratch/pdoshi/audio_comp/urbansound8k_audio/04163_drilling.wav,4163,180029-4-10-0.wav,180029,4,drilling,9
/scratch/pdoshi/audio_comp/urbansound8k_audio/04164_drilling.wav,4164,180029-4-11-0.wav,180029,4,drilling,9
/scratch/pdoshi/audio_comp/urbansound8k_audio/04165_drilling.wav,4165,180029-4-12-0.wav,180029,4,drilling,9
/scratch/pdoshi/audio_comp/urbansound8k_audio/04166_drilling.wav,4166,180029-4-13-0.wav,180029,4,drilling,9
/scratch/pdoshi/audio_comp/urbansound8k_audio/04167_drilling.wav,4167,180029-4-14-0.wav,180029,4,drilling,9
/scratch/pdoshi/audio_comp/urbansound8k_audio/04168_drilling.wav,4168,180029-4-15-0.wav,180029,4,drilling,9
/scratch/pdoshi/audio_comp/urbansound8k_audio/04169_drilling.wav,4169,180029-4-16-0.wav,180029,4,drilling,9
/scratch/pdoshi/audio_comp/urbansound8k_audio/04170_drilling.wav,4170,180029-4-19-0.wav,180029,4,drilling,9
/scratch/pdoshi/audio_comp/urbansound8k_audio/04171_drilling.wav,4171,180029-4-2-0.wav,180029,4,drilling,9
/scratch/pdoshi/audio_comp/urbansound8k_audio/04172_drilling.wav,4172,180029-4-20-0.wav,180029,4,drilling,9
/scratch/pdoshi/audio_comp/urbansound8k_audio/04173_drilling.wav,4173,180029-4-4-0.wav,180029,4,drilling,9
/scratch/pdoshi/audio_comp/urbansound8k_audio/04174_drilling.wav,4174,180029-4-5-0.wav,180029,4,drilling,9
/scratch/pdoshi/audio_comp/urbansound8k_audio/04175_drilling.wav,4175,180029-4-6-0.wav,180029,4,drilling,9
/scratch/pdoshi/audio_comp/urbansound8k_audio/04176_drilling.wav,4176,180029-4-7-0.wav,180029,4,drilling,9
/scratch/pdoshi/audio_comp/urbansound8k_audio/04177_drilling.wav,4177,180029-4-8-0.wav,180029,4,drilling,9
/scratch/pdoshi/audio_comp/urbansound8k_audio/04178_drilling.wav,4178,180029-4-9-0.wav,180029,4,drilling,9
/scratch/pdoshi/audio_comp/urbansound8k_audio/04179_dog_bark.wav,4179,180052-3-0-0.wav,180052,3,dog_bark,5
/scratch/pdoshi/audio_comp/urbansound8k_audio/04180_dog_bark.wav,4180,180052-3-0-1.wav,180052,3,dog_bark,5
/scratch/pdoshi/audio_comp/urbansound8k_audio/04181_dog_bark.wav,4181,180052-3-0-3.wav,180052,3,dog_bark,5
/scratch/pdoshi/audio_comp/urbansound8k_audio/04182_dog_bark.wav,4182,180052-3-0-4.wav,180052,3,dog_bark,5
/scratch/pdoshi/audio_comp/urbansound8k_audio/04183_street_music.wav,4183,180057-9-0-11.wav,180057,9,street_music,3
/scratch/pdoshi/audio_comp/urbansound8k_audio/04184_street_music.wav,4184,180057-9-0-20.wav,180057,9,street_music,3
/scratch/pdoshi/audio_comp/urbansound8k_audio/04185_street_music.wav,4185,180057-9-0-34.wav,180057,9,street_music,3
/scratch/pdoshi/audio_comp/urbansound8k_audio/04186_street_music.wav,4186,180057-9-0-36.wav,180057,9,street_music,3
/scratch/pdoshi/audio_comp/urbansound8k_audio/04187_street_music.wav,4187,180057-9-0-5.wav,180057,9,street_music,3
/scratch/pdoshi/audio_comp/urbansound8k_audio/04188_street_music.wav,4188,180057-9-0-7.wav,180057,9,street_music,3
/scratch/pdoshi/audio_comp/urbansound8k_audio/04189_drilling.wav,4189,180125-4-0-16.wav,180125,4,drilling,5
/scratch/pdoshi/audio_comp/urbansound8k_audio/04190_drilling.wav,4190,180125-4-0-17.wav,180125,4,drilling,5
/scratch/pdoshi/audio_comp/urbansound8k_audio/04191_drilling.wav,4191,180125-4-1-3.wav,180125,4,drilling,5
/scratch/pdoshi/audio_comp/urbansound8k_audio/04192_drilling.wav,4192,180125-4-1-5.wav,180125,4,drilling,5
/scratch/pdoshi/audio_comp/urbansound8k_audio/04193_drilling.wav,4193,180125-4-1-7.wav,180125,4,drilling,5
/scratch/pdoshi/audio_comp/urbansound8k_audio/04194_drilling.wav,4194,180125-4-1-8.wav,180125,4,drilling,5
/scratch/pdoshi/audio_comp/urbansound8k_audio/04195_drilling.wav,4195,180125-4-2-1.wav,180125,4,drilling,5
/scratch/pdoshi/audio_comp/urbansound8k_audio/04196_drilling.wav,4196,180125-4-2-13.wav,180125,4,drilling,5
/scratch/pdoshi/audio_comp/urbansound8k_audio/04197_drilling.wav,4197,180125-4-2-14.wav,180125,4,drilling,5
/scratch/pdoshi/audio_comp/urbansound8k_audio/04198_drilling.wav,4198,180125-4-2-15.wav,180125,4,drilling,5
/scratch/pdoshi/audio_comp/urbansound8k_audio/04199_drilling.wav,4199,180125-4-2-17.wav,180125,4,drilling,5
/scratch/pdoshi/audio_comp/urbansound8k_audio/04200_drilling.wav,4200,180125-4-3-0.wav,180125,4,drilling,5
/scratch/pdoshi/audio_comp/urbansound8k_audio/04201_drilling.wav,4201,180125-4-3-1.wav,180125,4,drilling,5
/scratch/pdoshi/audio_comp/urbansound8k_audio/04202_drilling.wav,4202,180125-4-3-10.wav,180125,4,drilling,5
/scratch/pdoshi/audio_comp/urbansound8k_audio/04203_drilling.wav,4203,180125-4-3-2.wav,180125,4,drilling,5
/scratch/pdoshi/audio_comp/urbansound8k_audio/04204_drilling.wav,4204,180125-4-3-22.wav,180125,4,drilling,5
/scratch/pdoshi/audio_comp/urbansound8k_audio/04205_drilling.wav,4205,180125-4-3-24.wav,180125,4,drilling,5
/scratch/pdoshi/audio_comp/urbansound8k_audio/04206_drilling.wav,4206,180125-4-3-4.wav,180125,4,drilling,5
/scratch/pdoshi/audio_comp/urbansound8k_audio/04207_drilling.wav,4207,180126-4-0-0.wav,180126,4,drilling,2
/scratch/pdoshi/audio_comp/urbansound8k_audio/04208_drilling.wav,4208,180126-4-1-0.wav,180126,4,drilling,2
/scratch/pdoshi/audio_comp/urbansound8k_audio/04209_drilling.wav,4209,180126-4-1-1.wav,180126,4,drilling,2
/scratch/pdoshi/audio_comp/urbansound8k_audio/04210_drilling.wav,4210,180126-4-1-2.wav,180126,4,drilling,2
/scratch/pdoshi/audio_comp/urbansound8k_audio/04211_drilling.wav,4211,180126-4-2-0.wav,180126,4,drilling,2
/scratch/pdoshi/audio_comp/urbansound8k_audio/04212_drilling.wav,4212,180126-4-3-0.wav,180126,4,drilling,2
/scratch/pdoshi/audio_comp/urbansound8k_audio/04213_drilling.wav,4213,180126-4-4-0.wav,180126,4,drilling,2
/scratch/pdoshi/audio_comp/urbansound8k_audio/04214_drilling.wav,4214,180126-4-4-1.wav,180126,4,drilling,2
/scratch/pdoshi/audio_comp/urbansound8k_audio/04215_drilling.wav,4215,180126-4-4-2.wav,180126,4,drilling,2
/scratch/pdoshi/audio_comp/urbansound8k_audio/04216_drilling.wav,4216,180127-4-0-0.wav,180127,4,drilling,10
/scratch/pdoshi/audio_comp/urbansound8k_audio/04217_drilling.wav,4217,180127-4-0-1.wav,180127,4,drilling,10
/scratch/pdoshi/audio_comp/urbansound8k_audio/04218_drilling.wav,4218,180127-4-0-10.wav,180127,4,drilling,10
/scratch/pdoshi/audio_comp/urbansound8k_audio/04219_drilling.wav,4219,180127-4-0-11.wav,180127,4,drilling,10
/scratch/pdoshi/audio_comp/urbansound8k_audio/04220_drilling.wav,4220,180127-4-0-12.wav,180127,4,drilling,10
/scratch/pdoshi/audio_comp/urbansound8k_audio/04221_drilling.wav,4221,180127-4-0-13.wav,180127,4,drilling,10
/scratch/pdoshi/audio_comp/urbansound8k_audio/04222_drilling.wav,4222,180127-4-0-14.wav,180127,4,drilling,10
/scratch/pdoshi/audio_comp/urbansound8k_audio/04223_drilling.wav,4223,180127-4-0-15.wav,180127,4,drilling,10
/scratch/pdoshi/audio_comp/urbansound8k_audio/04224_drilling.wav,4224,180127-4-0-16.wav,180127,4,drilling,10
/scratch/pdoshi/audio_comp/urbansound8k_audio/04225_drilling.wav,4225,180127-4-0-17.wav,180127,4,drilling,10
/scratch/pdoshi/audio_comp/urbansound8k_audio/04226_drilling.wav,4226,180127-4-0-18.wav,180127,4,drilling,10
/scratch/pdoshi/audio_comp/urbansound8k_audio/04227_drilling.wav,4227,180127-4-0-19.wav,180127,4,drilling,10
/scratch/pdoshi/audio_comp/urbansound8k_audio/04228_drilling.wav,4228,180127-4-0-2.wav,180127,4,drilling,10
/scratch/pdoshi/audio_comp/urbansound8k_audio/04229_drilling.wav,4229,180127-4-0-20.wav,180127,4,drilling,10
/scratch/pdoshi/audio_comp/urbansound8k_audio/04230_drilling.wav,4230,180127-4-0-21.wav,180127,4,drilling,10
/scratch/pdoshi/audio_comp/urbansound8k_audio/04231_drilling.wav,4231,180127-4-0-3.wav,180127,4,drilling,10
/scratch/pdoshi/audio_comp/urbansound8k_audio/04232_drilling.wav,4232,180127-4-0-4.wav,180127,4,drilling,10
/scratch/pdoshi/audio_comp/urbansound8k_audio/04233_drilling.wav,4233,180127-4-0-5.wav,180127,4,drilling,10
/scratch/pdoshi/audio_comp/urbansound8k_audio/04234_drilling.wav,4234,180127-4-0-6.wav,180127,4,drilling,10
/scratch/pdoshi/audio_comp/urbansound8k_audio/04235_drilling.wav,4235,180127-4-0-7.wav,180127,4,drilling,10
/scratch/pdoshi/audio_comp/urbansound8k_audio/04236_drilling.wav,4236,180127-4-0-8.wav,180127,4,drilling,10
/scratch/pdoshi/audio_comp/urbansound8k_audio/04237_drilling.wav,4237,180127-4-0-9.wav,180127,4,drilling,10
/scratch/pdoshi/audio_comp/urbansound8k_audio/04238_drilling.wav,4238,180128-4-0-0.wav,180128,4,drilling,5
/scratch/pdoshi/audio_comp/urbansound8k_audio/04239_drilling.wav,4239,180128-4-11-0.wav,180128,4,drilling,5
/scratch/pdoshi/audio_comp/urbansound8k_audio/04240_drilling.wav,4240,180128-4-11-1.wav,180128,4,drilling,5
/scratch/pdoshi/audio_comp/urbansound8k_audio/04241_drilling.wav,4241,180128-4-12-0.wav,180128,4,drilling,5
/scratch/pdoshi/audio_comp/urbansound8k_audio/04242_drilling.wav,4242,180128-4-13-0.wav,180128,4,drilling,5
/scratch/pdoshi/audio_comp/urbansound8k_audio/04243_drilling.wav,4243,180128-4-14-0.wav,180128,4,drilling,5
/scratch/pdoshi/audio_comp/urbansound8k_audio/04244_drilling.wav,4244,180128-4-16-1.wav,180128,4,drilling,5
/scratch/pdoshi/audio_comp/urbansound8k_audio/04245_drilling.wav,4245,180128-4-17-0.wav,180128,4,drilling,5
/scratch/pdoshi/audio_comp/urbansound8k_audio/04246_drilling.wav,4246,180128-4-4-0.wav,180128,4,drilling,5
/scratch/pdoshi/audio_comp/urbansound8k_audio/04247_drilling.wav,4247,180128-4-5-0.wav,180128,4,drilling,5
/scratch/pdoshi/audio_comp/urbansound8k_audio/04248_drilling.wav,4248,180128-4-6-0.wav,180128,4,drilling,5
/scratch/pdoshi/audio_comp/urbansound8k_audio/04249_drilling.wav,4249,180128-4-6-1.wav,180128,4,drilling,5
/scratch/pdoshi/audio_comp/urbansound8k_audio/04250_drilling.wav,4250,180128-4-6-2.wav,180128,4,drilling,5
/scratch/pdoshi/audio_comp/urbansound8k_audio/04251_drilling.wav,4251,180128-4-7-0.wav,180128,4,drilling,5
/scratch/pdoshi/audio_comp/urbansound8k_audio/04252_drilling.wav,4252,180128-4-7-2.wav,180128,4,drilling,5
/scratch/pdoshi/audio_comp/urbansound8k_audio/04253_drilling.wav,4253,180128-4-7-3.wav,180128,4,drilling,5
/scratch/pdoshi/audio_comp/urbansound8k_audio/04254_drilling.wav,4254,180128-4-7-4.wav,180128,4,drilling,5
/scratch/pdoshi/audio_comp/urbansound8k_audio/04255_drilling.wav,4255,180128-4-7-5.wav,180128,4,drilling,5
/scratch/pdoshi/audio_comp/urbansound8k_audio/04256_drilling.wav,4256,180128-4-9-0.wav,180128,4,drilling,5
/scratch/pdoshi/audio_comp/urbansound8k_audio/04257_drilling.wav,4257,180132-4-0-0.wav,180132,4,drilling,8
/scratch/pdoshi/audio_comp/urbansound8k_audio/04258_drilling.wav,4258,180132-4-1-0.wav,180132,4,drilling,8
/scratch/pdoshi/audio_comp/urbansound8k_audio/04259_drilling.wav,4259,180132-4-2-0.wav,180132,4,drilling,8
/scratch/pdoshi/audio_comp/urbansound8k_audio/04260_drilling.wav,4260,180132-4-3-0.wav,180132,4,drilling,8
/scratch/pdoshi/audio_comp/urbansound8k_audio/04261_drilling.wav,4261,180134-4-1-3.wav,180134,4,drilling,8
/scratch/pdoshi/audio_comp/urbansound8k_audio/04262_drilling.wav,4262,180134-4-1-7.wav,180134,4,drilling,8
/scratch/pdoshi/audio_comp/urbansound8k_audio/04263_drilling.wav,4263,180134-4-1-8.wav,180134,4,drilling,8
/scratch/pdoshi/audio_comp/urbansound8k_audio/04264_drilling.wav,4264,180134-4-1-9.wav,180134,4,drilling,8
/scratch/pdoshi/audio_comp/urbansound8k_audio/04265_drilling.wav,4265,180134-4-2-0.wav,180134,4,drilling,8
/scratch/pdoshi/audio_comp/urbansound8k_audio/04266_drilling.wav,4266,180134-4-2-1.wav,180134,4,drilling,8
/scratch/pdoshi/audio_comp/urbansound8k_audio/04267_drilling.wav,4267,180134-4-2-11.wav,180134,4,drilling,8
/scratch/pdoshi/audio_comp/urbansound8k_audio/04268_drilling.wav,4268,180134-4-2-13.wav,180134,4,drilling,8
/scratch/pdoshi/audio_comp/urbansound8k_audio/04269_drilling.wav,4269,180134-4-2-15.wav,180134,4,drilling,8
/scratch/pdoshi/audio_comp/urbansound8k_audio/04270_drilling.wav,4270,180134-4-2-16.wav,180134,4,drilling,8
/scratch/pdoshi/audio_comp/urbansound8k_audio/04271_drilling.wav,4271,180134-4-2-17.wav,180134,4,drilling,8
/scratch/pdoshi/audio_comp/urbansound8k_audio/04272_drilling.wav,4272,180134-4-2-19.wav,180134,4,drilling,8
/scratch/pdoshi/audio_comp/urbansound8k_audio/04273_drilling.wav,4273,180134-4-2-3.wav,180134,4,drilling,8
/scratch/pdoshi/audio_comp/urbansound8k_audio/04274_drilling.wav,4274,180134-4-2-4.wav,180134,4,drilling,8
/scratch/pdoshi/audio_comp/urbansound8k_audio/04275_drilling.wav,4275,180134-4-2-5.wav,180134,4,drilling,8
/scratch/pdoshi/audio_comp/urbansound8k_audio/04276_drilling.wav,4276,180134-4-2-6.wav,180134,4,drilling,8
/scratch/pdoshi/audio_comp/urbansound8k_audio/04277_drilling.wav,4277,180134-4-2-9.wav,180134,4,drilling,8
/scratch/pdoshi/audio_comp/urbansound8k_audio/04278_car_horn.wav,4278,180156-1-0-0.wav,180156,1,car_horn,9
/scratch/pdoshi/audio_comp/urbansound8k_audio/04279_car_horn.wav,4279,180156-1-1-0.wav,180156,1,car_horn,9
/scratch/pdoshi/audio_comp/urbansound8k_audio/04280_car_horn.wav,4280,180156-1-10-0.wav,180156,1,car_horn,9
/scratch/pdoshi/audio_comp/urbansound8k_audio/04281_car_horn.wav,4281,180156-1-11-0.wav,180156,1,car_horn,9
/scratch/pdoshi/audio_comp/urbansound8k_audio/04282_car_horn.wav,4282,180156-1-12-0.wav,180156,1,car_horn,9
/scratch/pdoshi/audio_comp/urbansound8k_audio/04283_car_horn.wav,4283,180156-1-2-0.wav,180156,1,car_horn,9
/scratch/pdoshi/audio_comp/urbansound8k_audio/04284_car_horn.wav,4284,180156-1-3-0.wav,180156,1,car_horn,9
/scratch/pdoshi/audio_comp/urbansound8k_audio/04285_car_horn.wav,4285,180156-1-4-0.wav,180156,1,car_horn,9
/scratch/pdoshi/audio_comp/urbansound8k_audio/04286_car_horn.wav,4286,180156-1-5-0.wav,180156,1,car_horn,9
/scratch/pdoshi/audio_comp/urbansound8k_audio/04287_car_horn.wav,4287,180156-1-6-0.wav,180156,1,car_horn,9
/scratch/pdoshi/audio_comp/urbansound8k_audio/04288_car_horn.wav,4288,180156-1-7-0.wav,180156,1,car_horn,9
/scratch/pdoshi/audio_comp/urbansound8k_audio/04289_car_horn.wav,4289,180156-1-8-0.wav,180156,1,car_horn,9
/scratch/pdoshi/audio_comp/urbansound8k_audio/04290_car_horn.wav,4290,180156-1-9-0.wav,180156,1,car_horn,9
/scratch/pdoshi/audio_comp/urbansound8k_audio/04291_dog_bark.wav,4291,180256-3-0-0.wav,180256,3,dog_bark,1
/scratch/pdoshi/audio_comp/urbansound8k_audio/04292_dog_bark.wav,4292,180256-3-0-1.wav,180256,3,dog_bark,1
/scratch/pdoshi/audio_comp/urbansound8k_audio/04293_dog_bark.wav,4293,180256-3-0-2.wav,180256,3,dog_bark,1
/scratch/pdoshi/audio_comp/urbansound8k_audio/04294_dog_bark.wav,4294,180256-3-0-3.wav,180256,3,dog_bark,1
/scratch/pdoshi/audio_comp/urbansound8k_audio/04295_dog_bark.wav,4295,180257-3-0-1.wav,180257,3,dog_bark,7
/scratch/pdoshi/audio_comp/urbansound8k_audio/04296_dog_bark.wav,4296,180257-3-0-3.wav,180257,3,dog_bark,7
/scratch/pdoshi/audio_comp/urbansound8k_audio/04297_dog_bark.wav,4297,180257-3-0-4.wav,180257,3,dog_bark,7
/scratch/pdoshi/audio_comp/urbansound8k_audio/04298_dog_bark.wav,4298,180257-3-0-5.wav,180257,3,dog_bark,7
/scratch/pdoshi/audio_comp/urbansound8k_audio/04299_drilling.wav,4299,180937-4-0-11.wav,180937,4,drilling,9
/scratch/pdoshi/audio_comp/urbansound8k_audio/04300_drilling.wav,4300,180937-4-0-13.wav,180937,4,drilling,9
/scratch/pdoshi/audio_comp/urbansound8k_audio/04301_drilling.wav,4301,180937-4-0-14.wav,180937,4,drilling,9
/scratch/pdoshi/audio_comp/urbansound8k_audio/04302_drilling.wav,4302,180937-4-0-19.wav,180937,4,drilling,9
/scratch/pdoshi/audio_comp/urbansound8k_audio/04303_drilling.wav,4303,180937-4-0-20.wav,180937,4,drilling,9
/scratch/pdoshi/audio_comp/urbansound8k_audio/04304_drilling.wav,4304,180937-4-1-12.wav,180937,4,drilling,9
/scratch/pdoshi/audio_comp/urbansound8k_audio/04305_drilling.wav,4305,180937-4-1-20.wav,180937,4,drilling,9
/scratch/pdoshi/audio_comp/urbansound8k_audio/04306_drilling.wav,4306,180937-4-1-27.wav,180937,4,drilling,9
/scratch/pdoshi/audio_comp/urbansound8k_audio/04307_drilling.wav,4307,180937-4-1-30.wav,180937,4,drilling,9
/scratch/pdoshi/audio_comp/urbansound8k_audio/04308_drilling.wav,4308,180937-4-1-46.wav,180937,4,drilling,9
/scratch/pdoshi/audio_comp/urbansound8k_audio/04309_drilling.wav,4309,180937-4-1-47.wav,180937,4,drilling,9
/scratch/pdoshi/audio_comp/urbansound8k_audio/04310_drilling.wav,4310,180937-4-1-54.wav,180937,4,drilling,9
/scratch/pdoshi/audio_comp/urbansound8k_audio/04311_drilling.wav,4311,180937-4-2-1.wav,180937,4,drilling,9
/scratch/pdoshi/audio_comp/urbansound8k_audio/04312_drilling.wav,4312,180937-4-2-2.wav,180937,4,drilling,9
/scratch/pdoshi/audio_comp/urbansound8k_audio/04313_drilling.wav,4313,180937-4-3-12.wav,180937,4,drilling,9
/scratch/pdoshi/audio_comp/urbansound8k_audio/04314_drilling.wav,4314,180937-4-3-9.wav,180937,4,drilling,9
/scratch/pdoshi/audio_comp/urbansound8k_audio/04315_jackhammer.wav,4315,180937-7-0-0.wav,180937,7,jackhammer,1
/scratch/pdoshi/audio_comp/urbansound8k_audio/04316_jackhammer.wav,4316,180937-7-0-1.wav,180937,7,jackhammer,1
/scratch/pdoshi/audio_comp/urbansound8k_audio/04317_jackhammer.wav,4317,180937-7-0-2.wav,180937,7,jackhammer,1
/scratch/pdoshi/audio_comp/urbansound8k_audio/04318_jackhammer.wav,4318,180937-7-0-4.wav,180937,7,jackhammer,1
/scratch/pdoshi/audio_comp/urbansound8k_audio/04319_jackhammer.wav,4319,180937-7-0-5.wav,180937,7,jackhammer,1
/scratch/pdoshi/audio_comp/urbansound8k_audio/04320_jackhammer.wav,4320,180937-7-0-6.wav,180937,7,jackhammer,1
/scratch/pdoshi/audio_comp/urbansound8k_audio/04321_jackhammer.wav,4321,180937-7-1-0.wav,180937,7,jackhammer,1
/scratch/pdoshi/audio_comp/urbansound8k_audio/04322_jackhammer.wav,4322,180937-7-1-1.wav,180937,7,jackhammer,1
/scratch/pdoshi/audio_comp/urbansound8k_audio/04323_jackhammer.wav,4323,180937-7-1-10.wav,180937,7,jackhammer,1
/scratch/pdoshi/audio_comp/urbansound8k_audio/04324_jackhammer.wav,4324,180937-7-1-11.wav,180937,7,jackhammer,1
/scratch/pdoshi/audio_comp/urbansound8k_audio/04325_jackhammer.wav,4325,180937-7-1-12.wav,180937,7,jackhammer,1
/scratch/pdoshi/audio_comp/urbansound8k_audio/04326_jackhammer.wav,4326,180937-7-1-13.wav,180937,7,jackhammer,1
/scratch/pdoshi/audio_comp/urbansound8k_audio/04327_jackhammer.wav,4327,180937-7-1-14.wav,180937,7,jackhammer,1
/scratch/pdoshi/audio_comp/urbansound8k_audio/04328_jackhammer.wav,4328,180937-7-1-15.wav,180937,7,jackhammer,1
/scratch/pdoshi/audio_comp/urbansound8k_audio/04329_jackhammer.wav,4329,180937-7-1-2.wav,180937,7,jackhammer,1
/scratch/pdoshi/audio_comp/urbansound8k_audio/04330_jackhammer.wav,4330,180937-7-1-3.wav,180937,7,jackhammer,1
/scratch/pdoshi/audio_comp/urbansound8k_audio/04331_jackhammer.wav,4331,180937-7-1-4.wav,180937,7,jackhammer,1
/scratch/pdoshi/audio_comp/urbansound8k_audio/04332_jackhammer.wav,4332,180937-7-1-5.wav,180937,7,jackhammer,1
/scratch/pdoshi/audio_comp/urbansound8k_audio/04333_jackhammer.wav,4333,180937-7-1-6.wav,180937,7,jackhammer,1
/scratch/pdoshi/audio_comp/urbansound8k_audio/04334_jackhammer.wav,4334,180937-7-1-7.wav,180937,7,jackhammer,1
/scratch/pdoshi/audio_comp/urbansound8k_audio/04335_jackhammer.wav,4335,180937-7-1-8.wav,180937,7,jackhammer,1
/scratch/pdoshi/audio_comp/urbansound8k_audio/04336_jackhammer.wav,4336,180937-7-1-9.wav,180937,7,jackhammer,1
/scratch/pdoshi/audio_comp/urbansound8k_audio/04337_jackhammer.wav,4337,180937-7-2-0.wav,180937,7,jackhammer,1
/scratch/pdoshi/audio_comp/urbansound8k_audio/04338_jackhammer.wav,4338,180937-7-2-1.wav,180937,7,jackhammer,1
/scratch/pdoshi/audio_comp/urbansound8k_audio/04339_jackhammer.wav,4339,180937-7-2-10.wav,180937,7,jackhammer,1
/scratch/pdoshi/audio_comp/urbansound8k_audio/04340_jackhammer.wav,4340,180937-7-2-2.wav,180937,7,jackhammer,1
/scratch/pdoshi/audio_comp/urbansound8k_audio/04341_jackhammer.wav,4341,180937-7-2-3.wav,180937,7,jackhammer,1
/scratch/pdoshi/audio_comp/urbansound8k_audio/04342_jackhammer.wav,4342,180937-7-2-4.wav,180937,7,jackhammer,1
/scratch/pdoshi/audio_comp/urbansound8k_audio/04343_jackhammer.wav,4343,180937-7-2-5.wav,180937,7,jackhammer,1
/scratch/pdoshi/audio_comp/urbansound8k_audio/04344_jackhammer.wav,4344,180937-7-2-6.wav,180937,7,jackhammer,1
/scratch/pdoshi/audio_comp/urbansound8k_audio/04345_jackhammer.wav,4345,180937-7-2-7.wav,180937,7,jackhammer,1
/scratch/pdoshi/audio_comp/urbansound8k_audio/04346_jackhammer.wav,4346,180937-7-2-8.wav,180937,7,jackhammer,1
/scratch/pdoshi/audio_comp/urbansound8k_audio/04347_jackhammer.wav,4347,180937-7-2-9.wav,180937,7,jackhammer,1
/scratch/pdoshi/audio_comp/urbansound8k_audio/04348_jackhammer.wav,4348,180937-7-3-0.wav,180937,7,jackhammer,1
/scratch/pdoshi/audio_comp/urbansound8k_audio/04349_jackhammer.wav,4349,180937-7-3-1.wav,180937,7,jackhammer,1
/scratch/pdoshi/audio_comp/urbansound8k_audio/04350_jackhammer.wav,4350,180937-7-3-10.wav,180937,7,jackhammer,1
/scratch/pdoshi/audio_comp/urbansound8k_audio/04351_jackhammer.wav,4351,180937-7-3-11.wav,180937,7,jackhammer,1
/scratch/pdoshi/audio_comp/urbansound8k_audio/04352_jackhammer.wav,4352,180937-7-3-12.wav,180937,7,jackhammer,1
/scratch/pdoshi/audio_comp/urbansound8k_audio/04353_jackhammer.wav,4353,180937-7-3-13.wav,180937,7,jackhammer,1
/scratch/pdoshi/audio_comp/urbansound8k_audio/04354_jackhammer.wav,4354,180937-7-3-14.wav,180937,7,jackhammer,1
/scratch/pdoshi/audio_comp/urbansound8k_audio/04355_jackhammer.wav,4355,180937-7-3-15.wav,180937,7,jackhammer,1
/scratch/pdoshi/audio_comp/urbansound8k_audio/04356_jackhammer.wav,4356,180937-7-3-17.wav,180937,7,jackhammer,1
/scratch/pdoshi/audio_comp/urbansound8k_audio/04357_jackhammer.wav,4357,180937-7-3-18.wav,180937,7,jackhammer,1
/scratch/pdoshi/audio_comp/urbansound8k_audio/04358_jackhammer.wav,4358,180937-7-3-19.wav,180937,7,jackhammer,1
/scratch/pdoshi/audio_comp/urbansound8k_audio/04359_jackhammer.wav,4359,180937-7-3-2.wav,180937,7,jackhammer,1
/scratch/pdoshi/audio_comp/urbansound8k_audio/04360_jackhammer.wav,4360,180937-7-3-20.wav,180937,7,jackhammer,1
/scratch/pdoshi/audio_comp/urbansound8k_audio/04361_jackhammer.wav,4361,180937-7-3-21.wav,180937,7,jackhammer,1
/scratch/pdoshi/audio_comp/urbansound8k_audio/04362_jackhammer.wav,4362,180937-7-3-22.wav,180937,7,jackhammer,1
/scratch/pdoshi/audio_comp/urbansound8k_audio/04363_jackhammer.wav,4363,180937-7-3-23.wav,180937,7,jackhammer,1
/scratch/pdoshi/audio_comp/urbansound8k_audio/04364_jackhammer.wav,4364,180937-7-3-24.wav,180937,7,jackhammer,1
/scratch/pdoshi/audio_comp/urbansound8k_audio/04365_jackhammer.wav,4365,180937-7-3-26.wav,180937,7,jackhammer,1
/scratch/pdoshi/audio_comp/urbansound8k_audio/04366_jackhammer.wav,4366,180937-7-3-27.wav,180937,7,jackhammer,1
/scratch/pdoshi/audio_comp/urbansound8k_audio/04367_jackhammer.wav,4367,180937-7-3-28.wav,180937,7,jackhammer,1
/scratch/pdoshi/audio_comp/urbansound8k_audio/04368_jackhammer.wav,4368,180937-7-3-29.wav,180937,7,jackhammer,1
/scratch/pdoshi/audio_comp/urbansound8k_audio/04369_jackhammer.wav,4369,180937-7-3-3.wav,180937,7,jackhammer,1
/scratch/pdoshi/audio_comp/urbansound8k_audio/04370_jackhammer.wav,4370,180937-7-3-30.wav,180937,7,jackhammer,1
/scratch/pdoshi/audio_comp/urbansound8k_audio/04371_jackhammer.wav,4371,180937-7-3-31.wav,180937,7,jackhammer,1
/scratch/pdoshi/audio_comp/urbansound8k_audio/04372_jackhammer.wav,4372,180937-7-3-32.wav,180937,7,jackhammer,1
/scratch/pdoshi/audio_comp/urbansound8k_audio/04373_jackhammer.wav,4373,180937-7-3-33.wav,180937,7,jackhammer,1
/scratch/pdoshi/audio_comp/urbansound8k_audio/04374_jackhammer.wav,4374,180937-7-3-4.wav,180937,7,jackhammer,1
/scratch/pdoshi/audio_comp/urbansound8k_audio/04375_jackhammer.wav,4375,180937-7-3-5.wav,180937,7,jackhammer,1
/scratch/pdoshi/audio_comp/urbansound8k_audio/04376_jackhammer.wav,4376,180937-7-3-6.wav,180937,7,jackhammer,1
/scratch/pdoshi/audio_comp/urbansound8k_audio/04377_jackhammer.wav,4377,180937-7-3-7.wav,180937,7,jackhammer,1
/scratch/pdoshi/audio_comp/urbansound8k_audio/04378_jackhammer.wav,4378,180937-7-3-8.wav,180937,7,jackhammer,1
/scratch/pdoshi/audio_comp/urbansound8k_audio/04379_jackhammer.wav,4379,180937-7-3-9.wav,180937,7,jackhammer,1
/scratch/pdoshi/audio_comp/urbansound8k_audio/04380_jackhammer.wav,4380,180937-7-4-0.wav,180937,7,jackhammer,1
/scratch/pdoshi/audio_comp/urbansound8k_audio/04381_jackhammer.wav,4381,180937-7-4-10.wav,180937,7,jackhammer,1
/scratch/pdoshi/audio_comp/urbansound8k_audio/04382_jackhammer.wav,4382,180937-7-4-11.wav,180937,7,jackhammer,1
/scratch/pdoshi/audio_comp/urbansound8k_audio/04383_jackhammer.wav,4383,180937-7-4-12.wav,180937,7,jackhammer,1
/scratch/pdoshi/audio_comp/urbansound8k_audio/04384_jackhammer.wav,4384,180937-7-4-13.wav,180937,7,jackhammer,1
/scratch/pdoshi/audio_comp/urbansound8k_audio/04385_jackhammer.wav,4385,180937-7-4-14.wav,180937,7,jackhammer,1
/scratch/pdoshi/audio_comp/urbansound8k_audio/04386_jackhammer.wav,4386,180937-7-4-2.wav,180937,7,jackhammer,1
/scratch/pdoshi/audio_comp/urbansound8k_audio/04387_jackhammer.wav,4387,180937-7-4-3.wav,180937,7,jackhammer,1
/scratch/pdoshi/audio_comp/urbansound8k_audio/04388_jackhammer.wav,4388,180937-7-4-4.wav,180937,7,jackhammer,1
/scratch/pdoshi/audio_comp/urbansound8k_audio/04389_jackhammer.wav,4389,180937-7-4-5.wav,180937,7,jackhammer,1
/scratch/pdoshi/audio_comp/urbansound8k_audio/04390_jackhammer.wav,4390,180937-7-4-6.wav,180937,7,jackhammer,1
/scratch/pdoshi/audio_comp/urbansound8k_audio/04391_jackhammer.wav,4391,180937-7-4-7.wav,180937,7,jackhammer,1
/scratch/pdoshi/audio_comp/urbansound8k_audio/04392_jackhammer.wav,4392,180937-7-4-8.wav,180937,7,jackhammer,1
/scratch/pdoshi/audio_comp/urbansound8k_audio/04393_jackhammer.wav,4393,180937-7-4-9.wav,180937,7,jackhammer,1
/scratch/pdoshi/audio_comp/urbansound8k_audio/04394_gun_shot.wav,4394,180960-6-0-0.wav,180960,6,gun_shot,3
/scratch/pdoshi/audio_comp/urbansound8k_audio/04395_dog_bark.wav,4395,180977-3-1-0.wav,180977,3,dog_bark,4
/scratch/pdoshi/audio_comp/urbansound8k_audio/04396_dog_bark.wav,4396,180977-3-1-1.wav,180977,3,dog_bark,4
/scratch/pdoshi/audio_comp/urbansound8k_audio/04397_dog_bark.wav,4397,180977-3-1-5.wav,180977,3,dog_bark,4
/scratch/pdoshi/audio_comp/urbansound8k_audio/04398_street_music.wav,4398,181102-9-0-111.wav,181102,9,street_music,7
/scratch/pdoshi/audio_comp/urbansound8k_audio/04399_street_music.wav,4399,181102-9-0-117.wav,181102,9,street_music,7
/scratch/pdoshi/audio_comp/urbansound8k_audio/04400_street_music.wav,4400,181102-9-0-23.wav,181102,9,street_music,7
/scratch/pdoshi/audio_comp/urbansound8k_audio/04401_street_music.wav,4401,181102-9-0-26.wav,181102,9,street_music,7
/scratch/pdoshi/audio_comp/urbansound8k_audio/04402_street_music.wav,4402,181102-9-0-50.wav,181102,9,street_music,7
/scratch/pdoshi/audio_comp/urbansound8k_audio/04403_street_music.wav,4403,181102-9-0-97.wav,181102,9,street_music,7
/scratch/pdoshi/audio_comp/urbansound8k_audio/04404_drilling.wav,4404,181624-4-0-0.wav,181624,4,drilling,10
/scratch/pdoshi/audio_comp/urbansound8k_audio/04405_drilling.wav,4405,181624-4-1-0.wav,181624,4,drilling,10
/scratch/pdoshi/audio_comp/urbansound8k_audio/04406_drilling.wav,4406,181624-4-10-0.wav,181624,4,drilling,10
/scratch/pdoshi/audio_comp/urbansound8k_audio/04407_drilling.wav,4407,181624-4-2-0.wav,181624,4,drilling,10
/scratch/pdoshi/audio_comp/urbansound8k_audio/04408_drilling.wav,4408,181624-4-3-0.wav,181624,4,drilling,10
/scratch/pdoshi/audio_comp/urbansound8k_audio/04409_drilling.wav,4409,181624-4-4-0.wav,181624,4,drilling,10
/scratch/pdoshi/audio_comp/urbansound8k_audio/04410_drilling.wav,4410,181624-4-5-0.wav,181624,4,drilling,10
/scratch/pdoshi/audio_comp/urbansound8k_audio/04411_drilling.wav,4411,181624-4-6-0.wav,181624,4,drilling,10
/scratch/pdoshi/audio_comp/urbansound8k_audio/04412_drilling.wav,4412,181624-4-7-0.wav,181624,4,drilling,10
/scratch/pdoshi/audio_comp/urbansound8k_audio/04413_drilling.wav,4413,181624-4-8-0.wav,181624,4,drilling,10
/scratch/pdoshi/audio_comp/urbansound8k_audio/04414_drilling.wav,4414,181624-4-9-0.wav,181624,4,drilling,10
/scratch/pdoshi/audio_comp/urbansound8k_audio/04415_dog_bark.wav,4415,181725-3-0-16.wav,181725,3,dog_bark,5
/scratch/pdoshi/audio_comp/urbansound8k_audio/04416_dog_bark.wav,4416,181725-3-0-22.wav,181725,3,dog_bark,5
/scratch/pdoshi/audio_comp/urbansound8k_audio/04417_dog_bark.wav,4417,181725-3-0-37.wav,181725,3,dog_bark,5
/scratch/pdoshi/audio_comp/urbansound8k_audio/04418_street_music.wav,4418,182103-9-0-0.wav,182103,9,street_music,3
/scratch/pdoshi/audio_comp/urbansound8k_audio/04419_street_music.wav,4419,182103-9-0-22.wav,182103,9,street_music,3
/scratch/pdoshi/audio_comp/urbansound8k_audio/04420_street_music.wav,4420,182103-9-0-26.wav,182103,9,street_music,3
/scratch/pdoshi/audio_comp/urbansound8k_audio/04421_street_music.wav,4421,182103-9-0-47.wav,182103,9,street_music,3
/scratch/pdoshi/audio_comp/urbansound8k_audio/04422_street_music.wav,4422,182103-9-0-53.wav,182103,9,street_music,3
/scratch/pdoshi/audio_comp/urbansound8k_audio/04423_street_music.wav,4423,182103-9-0-8.wav,182103,9,street_music,3
/scratch/pdoshi/audio_comp/urbansound8k_audio/04424_car_horn.wav,4424,182474-1-0-0.wav,182474,1,car_horn,6
/scratch/pdoshi/audio_comp/urbansound8k_audio/04425_children_playing.wav,4425,182739-2-0-13.wav,182739,2,children_playing,2
/scratch/pdoshi/audio_comp/urbansound8k_audio/04426_children_playing.wav,4426,182739-2-0-17.wav,182739,2,children_playing,2
/scratch/pdoshi/audio_comp/urbansound8k_audio/04427_children_playing.wav,4427,182739-2-0-24.wav,182739,2,children_playing,2
/scratch/pdoshi/audio_comp/urbansound8k_audio/04428_children_playing.wav,4428,182739-2-0-35.wav,182739,2,children_playing,2
/scratch/pdoshi/audio_comp/urbansound8k_audio/04429_children_playing.wav,4429,182739-2-0-56.wav,182739,2,children_playing,2
/scratch/pdoshi/audio_comp/urbansound8k_audio/04430_children_playing.wav,4430,182739-2-0-62.wav,182739,2,children_playing,2
/scratch/pdoshi/audio_comp/urbansound8k_audio/04431_children_playing.wav,4431,182739-2-0-78.wav,182739,2,children_playing,2
/scratch/pdoshi/audio_comp/urbansound8k_audio/04432_children_playing.wav,4432,182739-2-0-85.wav,182739,2,children_playing,2
/scratch/pdoshi/audio_comp/urbansound8k_audio/04433_children_playing.wav,4433,182800-2-0-0.wav,182800,2,children_playing,1
/scratch/pdoshi/audio_comp/urbansound8k_audio/04434_children_playing.wav,4434,182800-2-1-0.wav,182800,2,children_playing,1
/scratch/pdoshi/audio_comp/urbansound8k_audio/04435_children_playing.wav,4435,182800-2-2-0.wav,182800,2,children_playing,1
/scratch/pdoshi/audio_comp/urbansound8k_audio/04436_children_playing.wav,4436,182800-2-2-1.wav,182800,2,children_playing,1
/scratch/pdoshi/audio_comp/urbansound8k_audio/04437_children_playing.wav,4437,182800-2-2-2.wav,182800,2,children_playing,1
/scratch/pdoshi/audio_comp/urbansound8k_audio/04438_children_playing.wav,4438,182800-2-2-3.wav,182800,2,children_playing,1
/scratch/pdoshi/audio_comp/urbansound8k_audio/04439_children_playing.wav,4439,182800-2-3-0.wav,182800,2,children_playing,1
/scratch/pdoshi/audio_comp/urbansound8k_audio/04440_children_playing.wav,4440,182800-2-3-1.wav,182800,2,children_playing,1
/scratch/pdoshi/audio_comp/urbansound8k_audio/04441_car_horn.wav,4441,183894-1-5-0.wav,183894,1,car_horn,7
/scratch/pdoshi/audio_comp/urbansound8k_audio/04442_car_horn.wav,4442,183894-1-6-0.wav,183894,1,car_horn,7
/scratch/pdoshi/audio_comp/urbansound8k_audio/04443_car_horn.wav,4443,183894-1-7-0.wav,183894,1,car_horn,7
/scratch/pdoshi/audio_comp/urbansound8k_audio/04444_car_horn.wav,4444,183894-1-8-0.wav,183894,1,car_horn,7
/scratch/pdoshi/audio_comp/urbansound8k_audio/04445_car_horn.wav,4445,183894-1-9-0.wav,183894,1,car_horn,7
/scratch/pdoshi/audio_comp/urbansound8k_audio/04446_dog_bark.wav,4446,183989-3-1-18.wav,183989,3,dog_bark,4
/scratch/pdoshi/audio_comp/urbansound8k_audio/04447_dog_bark.wav,4447,183989-3-1-21.wav,183989,3,dog_bark,4
/scratch/pdoshi/audio_comp/urbansound8k_audio/04448_dog_bark.wav,4448,183989-3-1-23.wav,183989,3,dog_bark,4
/scratch/pdoshi/audio_comp/urbansound8k_audio/04449_dog_bark.wav,4449,183989-3-1-25.wav,183989,3,dog_bark,4
/scratch/pdoshi/audio_comp/urbansound8k_audio/04450_dog_bark.wav,4450,183992-3-0-10.wav,183992,3,dog_bark,7
/scratch/pdoshi/audio_comp/urbansound8k_audio/04451_dog_bark.wav,4451,183992-3-0-3.wav,183992,3,dog_bark,7
/scratch/pdoshi/audio_comp/urbansound8k_audio/04452_dog_bark.wav,4452,183992-3-0-6.wav,183992,3,dog_bark,7
/scratch/pdoshi/audio_comp/urbansound8k_audio/04453_dog_bark.wav,4453,183992-3-0-9.wav,183992,3,dog_bark,7
/scratch/pdoshi/audio_comp/urbansound8k_audio/04454_car_horn.wav,4454,184355-1-0-0.wav,184355,1,car_horn,1
/scratch/pdoshi/audio_comp/urbansound8k_audio/04455_children_playing.wav,4455,184449-2-0-12.wav,184449,2,children_playing,9
/scratch/pdoshi/audio_comp/urbansound8k_audio/04456_children_playing.wav,4456,184449-2-0-13.wav,184449,2,children_playing,9
/scratch/pdoshi/audio_comp/urbansound8k_audio/04457_children_playing.wav,4457,184449-2-0-15.wav,184449,2,children_playing,9
/scratch/pdoshi/audio_comp/urbansound8k_audio/04458_children_playing.wav,4458,184449-2-0-16.wav,184449,2,children_playing,9
/scratch/pdoshi/audio_comp/urbansound8k_audio/04459_children_playing.wav,4459,184449-2-0-19.wav,184449,2,children_playing,9
/scratch/pdoshi/audio_comp/urbansound8k_audio/04460_children_playing.wav,4460,184449-2-0-24.wav,184449,2,children_playing,9
/scratch/pdoshi/audio_comp/urbansound8k_audio/04461_children_playing.wav,4461,184449-2-0-28.wav,184449,2,children_playing,9
/scratch/pdoshi/audio_comp/urbansound8k_audio/04462_children_playing.wav,4462,184449-2-0-33.wav,184449,2,children_playing,9
/scratch/pdoshi/audio_comp/urbansound8k_audio/04463_dog_bark.wav,4463,18453-3-0-0.wav,18453,3,dog_bark,2
/scratch/pdoshi/audio_comp/urbansound8k_audio/04464_dog_bark.wav,4464,184575-3-0-0.wav,184575,3,dog_bark,9
/scratch/pdoshi/audio_comp/urbansound8k_audio/04465_dog_bark.wav,4465,184575-3-0-1.wav,184575,3,dog_bark,9
/scratch/pdoshi/audio_comp/urbansound8k_audio/04466_dog_bark.wav,4466,184575-3-0-2.wav,184575,3,dog_bark,9
/scratch/pdoshi/audio_comp/urbansound8k_audio/04467_dog_bark.wav,4467,184575-3-0-3.wav,184575,3,dog_bark,9
/scratch/pdoshi/audio_comp/urbansound8k_audio/04468_siren.wav,4468,184623-8-0-0.wav,184623,8,siren,3
/scratch/pdoshi/audio_comp/urbansound8k_audio/04469_siren.wav,4469,184623-8-0-1.wav,184623,8,siren,3
/scratch/pdoshi/audio_comp/urbansound8k_audio/04470_siren.wav,4470,184623-8-0-2.wav,184623,8,siren,3
/scratch/pdoshi/audio_comp/urbansound8k_audio/04471_siren.wav,4471,184623-8-0-3.wav,184623,8,siren,3
/scratch/pdoshi/audio_comp/urbansound8k_audio/04472_siren.wav,4472,184623-8-1-0.wav,184623,8,siren,3
/scratch/pdoshi/audio_comp/urbansound8k_audio/04473_dog_bark.wav,4473,184725-3-0-1.wav,184725,3,dog_bark,3
/scratch/pdoshi/audio_comp/urbansound8k_audio/04474_dog_bark.wav,4474,184725-3-0-2.wav,184725,3,dog_bark,3
/scratch/pdoshi/audio_comp/urbansound8k_audio/04475_dog_bark.wav,4475,184725-3-0-4.wav,184725,3,dog_bark,3
/scratch/pdoshi/audio_comp/urbansound8k_audio/04476_dog_bark.wav,4476,184725-3-0-5.wav,184725,3,dog_bark,3
/scratch/pdoshi/audio_comp/urbansound8k_audio/04477_air_conditioner.wav,4477,184805-0-0-101.wav,184805,0,air_conditioner,6
/scratch/pdoshi/audio_comp/urbansound8k_audio/04478_air_conditioner.wav,4478,184805-0-0-103.wav,184805,0,air_conditioner,6
/scratch/pdoshi/audio_comp/urbansound8k_audio/04479_air_conditioner.wav,4479,184805-0-0-104.wav,184805,0,air_conditioner,6
/scratch/pdoshi/audio_comp/urbansound8k_audio/04480_air_conditioner.wav,4480,184805-0-0-112.wav,184805,0,air_conditioner,6
/scratch/pdoshi/audio_comp/urbansound8k_audio/04481_air_conditioner.wav,4481,184805-0-0-121.wav,184805,0,air_conditioner,6
/scratch/pdoshi/audio_comp/urbansound8k_audio/04482_air_conditioner.wav,4482,184805-0-0-13.wav,184805,0,air_conditioner,6
/scratch/pdoshi/audio_comp/urbansound8k_audio/04483_air_conditioner.wav,4483,184805-0-0-16.wav,184805,0,air_conditioner,6
/scratch/pdoshi/audio_comp/urbansound8k_audio/04484_air_conditioner.wav,4484,184805-0-0-2.wav,184805,0,air_conditioner,6
/scratch/pdoshi/audio_comp/urbansound8k_audio/04485_air_conditioner.wav,4485,184805-0-0-27.wav,184805,0,air_conditioner,6
/scratch/pdoshi/audio_comp/urbansound8k_audio/04486_air_conditioner.wav,4486,184805-0-0-32.wav,184805,0,air_conditioner,6
/scratch/pdoshi/audio_comp/urbansound8k_audio/04487_air_conditioner.wav,4487,184805-0-0-34.wav,184805,0,air_conditioner,6
/scratch/pdoshi/audio_comp/urbansound8k_audio/04488_air_conditioner.wav,4488,184805-0-0-4.wav,184805,0,air_conditioner,6
/scratch/pdoshi/audio_comp/urbansound8k_audio/04489_air_conditioner.wav,4489,184805-0-0-40.wav,184805,0,air_conditioner,6
/scratch/pdoshi/audio_comp/urbansound8k_audio/04490_air_conditioner.wav,4490,184805-0-0-45.wav,184805,0,air_conditioner,6
/scratch/pdoshi/audio_comp/urbansound8k_audio/04491_air_conditioner.wav,4491,184805-0-0-47.wav,184805,0,air_conditioner,6
/scratch/pdoshi/audio_comp/urbansound8k_audio/04492_air_conditioner.wav,4492,184805-0-0-48.wav,184805,0,air_conditioner,6
/scratch/pdoshi/audio_comp/urbansound8k_audio/04493_air_conditioner.wav,4493,184805-0-0-49.wav,184805,0,air_conditioner,6
/scratch/pdoshi/audio_comp/urbansound8k_audio/04494_air_conditioner.wav,4494,184805-0-0-5.wav,184805,0,air_conditioner,6
/scratch/pdoshi/audio_comp/urbansound8k_audio/04495_air_conditioner.wav,4495,184805-0-0-51.wav,184805,0,air_conditioner,6
/scratch/pdoshi/audio_comp/urbansound8k_audio/04496_air_conditioner.wav,4496,184805-0-0-54.wav,184805,0,air_conditioner,6
/scratch/pdoshi/audio_comp/urbansound8k_audio/04497_air_conditioner.wav,4497,184805-0-0-57.wav,184805,0,air_conditioner,6
/scratch/pdoshi/audio_comp/urbansound8k_audio/04498_air_conditioner.wav,4498,184805-0-0-58.wav,184805,0,air_conditioner,6
/scratch/pdoshi/audio_comp/urbansound8k_audio/04499_air_conditioner.wav,4499,184805-0-0-61.wav,184805,0,air_conditioner,6
/scratch/pdoshi/audio_comp/urbansound8k_audio/04500_air_conditioner.wav,4500,184805-0-0-63.wav,184805,0,air_conditioner,6
/scratch/pdoshi/audio_comp/urbansound8k_audio/04501_air_conditioner.wav,4501,184805-0-0-64.wav,184805,0,air_conditioner,6
/scratch/pdoshi/audio_comp/urbansound8k_audio/04502_air_conditioner.wav,4502,184805-0-0-74.wav,184805,0,air_conditioner,6
/scratch/pdoshi/audio_comp/urbansound8k_audio/04503_air_conditioner.wav,4503,184805-0-0-75.wav,184805,0,air_conditioner,6
/scratch/pdoshi/audio_comp/urbansound8k_audio/04504_air_conditioner.wav,4504,184805-0-0-77.wav,184805,0,air_conditioner,6
/scratch/pdoshi/audio_comp/urbansound8k_audio/04505_air_conditioner.wav,4505,184805-0-0-81.wav,184805,0,air_conditioner,6
/scratch/pdoshi/audio_comp/urbansound8k_audio/04506_air_conditioner.wav,4506,184805-0-0-82.wav,184805,0,air_conditioner,6
/scratch/pdoshi/audio_comp/urbansound8k_audio/04507_air_conditioner.wav,4507,184805-0-0-88.wav,184805,0,air_conditioner,6
/scratch/pdoshi/audio_comp/urbansound8k_audio/04508_air_conditioner.wav,4508,184805-0-0-90.wav,184805,0,air_conditioner,6
/scratch/pdoshi/audio_comp/urbansound8k_audio/04509_air_conditioner.wav,4509,184805-0-0-99.wav,184805,0,air_conditioner,6
/scratch/pdoshi/audio_comp/urbansound8k_audio/04510_street_music.wav,4510,185373-9-0-21.wav,185373,9,street_music,3
/scratch/pdoshi/audio_comp/urbansound8k_audio/04511_street_music.wav,4511,185373-9-0-6.wav,185373,9,street_music,3
/scratch/pdoshi/audio_comp/urbansound8k_audio/04512_street_music.wav,4512,185373-9-1-17.wav,185373,9,street_music,3
/scratch/pdoshi/audio_comp/urbansound8k_audio/04513_street_music.wav,4513,185373-9-1-46.wav,185373,9,street_music,3
/scratch/pdoshi/audio_comp/urbansound8k_audio/04514_street_music.wav,4514,185373-9-1-7.wav,185373,9,street_music,3
/scratch/pdoshi/audio_comp/urbansound8k_audio/04515_street_music.wav,4515,185373-9-1-70.wav,185373,9,street_music,3
/scratch/pdoshi/audio_comp/urbansound8k_audio/04516_street_music.wav,4516,185374-9-0-16.wav,185374,9,street_music,9
/scratch/pdoshi/audio_comp/urbansound8k_audio/04517_street_music.wav,4517,185374-9-0-18.wav,185374,9,street_music,9
/scratch/pdoshi/audio_comp/urbansound8k_audio/04518_street_music.wav,4518,185374-9-0-23.wav,185374,9,street_music,9
/scratch/pdoshi/audio_comp/urbansound8k_audio/04519_street_music.wav,4519,185374-9-0-30.wav,185374,9,street_music,9
/scratch/pdoshi/audio_comp/urbansound8k_audio/04520_street_music.wav,4520,185374-9-0-33.wav,185374,9,street_music,9
/scratch/pdoshi/audio_comp/urbansound8k_audio/04521_street_music.wav,4521,185374-9-0-35.wav,185374,9,street_music,9
/scratch/pdoshi/audio_comp/urbansound8k_audio/04522_street_music.wav,4522,185374-9-0-60.wav,185374,9,street_music,9
/scratch/pdoshi/audio_comp/urbansound8k_audio/04523_street_music.wav,4523,185375-9-0-23.wav,185375,9,street_music,3
/scratch/pdoshi/audio_comp/urbansound8k_audio/04524_street_music.wav,4524,185375-9-0-26.wav,185375,9,street_music,3
/scratch/pdoshi/audio_comp/urbansound8k_audio/04525_street_music.wav,4525,185375-9-0-33.wav,185375,9,street_music,3
/scratch/pdoshi/audio_comp/urbansound8k_audio/04526_street_music.wav,4526,185375-9-0-60.wav,185375,9,street_music,3
/scratch/pdoshi/audio_comp/urbansound8k_audio/04527_street_music.wav,4527,185375-9-0-61.wav,185375,9,street_music,3
/scratch/pdoshi/audio_comp/urbansound8k_audio/04528_street_music.wav,4528,185375-9-0-84.wav,185375,9,street_music,3
/scratch/pdoshi/audio_comp/urbansound8k_audio/04529_car_horn.wav,4529,185436-1-0-0.wav,185436,1,car_horn,5
/scratch/pdoshi/audio_comp/urbansound8k_audio/04530_car_horn.wav,4530,185436-1-1-0.wav,185436,1,car_horn,5
/scratch/pdoshi/audio_comp/urbansound8k_audio/04531_car_horn.wav,4531,185436-1-2-0.wav,185436,1,car_horn,5
/scratch/pdoshi/audio_comp/urbansound8k_audio/04532_car_horn.wav,4532,185436-1-3-0.wav,185436,1,car_horn,5
/scratch/pdoshi/audio_comp/urbansound8k_audio/04533_car_horn.wav,4533,185436-1-4-0.wav,185436,1,car_horn,5
/scratch/pdoshi/audio_comp/urbansound8k_audio/04534_car_horn.wav,4534,185436-1-5-0.wav,185436,1,car_horn,5
/scratch/pdoshi/audio_comp/urbansound8k_audio/04535_car_horn.wav,4535,185436-1-6-0.wav,185436,1,car_horn,5
/scratch/pdoshi/audio_comp/urbansound8k_audio/04536_car_horn.wav,4536,185436-1-7-0.wav,185436,1,car_horn,5
/scratch/pdoshi/audio_comp/urbansound8k_audio/04537_air_conditioner.wav,4537,185709-0-0-0.wav,185709,0,air_conditioner,4
/scratch/pdoshi/audio_comp/urbansound8k_audio/04538_air_conditioner.wav,4538,185709-0-0-1.wav,185709,0,air_conditioner,4
/scratch/pdoshi/audio_comp/urbansound8k_audio/04539_air_conditioner.wav,4539,185709-0-0-2.wav,185709,0,air_conditioner,4
/scratch/pdoshi/audio_comp/urbansound8k_audio/04540_air_conditioner.wav,4540,185709-0-0-3.wav,185709,0,air_conditioner,4
/scratch/pdoshi/audio_comp/urbansound8k_audio/04541_air_conditioner.wav,4541,185709-0-0-4.wav,185709,0,air_conditioner,4
/scratch/pdoshi/audio_comp/urbansound8k_audio/04542_air_conditioner.wav,4542,185709-0-0-5.wav,185709,0,air_conditioner,4
/scratch/pdoshi/audio_comp/urbansound8k_audio/04543_air_conditioner.wav,4543,185709-0-0-6.wav,185709,0,air_conditioner,4
/scratch/pdoshi/audio_comp/urbansound8k_audio/04544_air_conditioner.wav,4544,185709-0-0-7.wav,185709,0,air_conditioner,4
/scratch/pdoshi/audio_comp/urbansound8k_audio/04545_air_conditioner.wav,4545,185709-0-0-8.wav,185709,0,air_conditioner,4
/scratch/pdoshi/audio_comp/urbansound8k_audio/04546_drilling.wav,4546,185800-4-0-0.wav,185800,4,drilling,2
/scratch/pdoshi/audio_comp/urbansound8k_audio/04547_drilling.wav,4547,185800-4-0-1.wav,185800,4,drilling,2
/scratch/pdoshi/audio_comp/urbansound8k_audio/04548_drilling.wav,4548,185800-4-1-0.wav,185800,4,drilling,2
/scratch/pdoshi/audio_comp/urbansound8k_audio/04549_drilling.wav,4549,185800-4-2-0.wav,185800,4,drilling,2
/scratch/pdoshi/audio_comp/urbansound8k_audio/04550_drilling.wav,4550,185800-4-2-1.wav,185800,4,drilling,2
/scratch/pdoshi/audio_comp/urbansound8k_audio/04551_drilling.wav,4551,185800-4-2-2.wav,185800,4,drilling,2
/scratch/pdoshi/audio_comp/urbansound8k_audio/04552_drilling.wav,4552,185801-4-0-0.wav,185801,4,drilling,3
/scratch/pdoshi/audio_comp/urbansound8k_audio/04553_drilling.wav,4553,185801-4-0-1.wav,185801,4,drilling,3
/scratch/pdoshi/audio_comp/urbansound8k_audio/04554_drilling.wav,4554,185801-4-0-2.wav,185801,4,drilling,3
/scratch/pdoshi/audio_comp/urbansound8k_audio/04555_dog_bark.wav,4555,18581-3-0-0.wav,18581,3,dog_bark,2
/scratch/pdoshi/audio_comp/urbansound8k_audio/04556_dog_bark.wav,4556,18581-3-0-5.wav,18581,3,dog_bark,2
/scratch/pdoshi/audio_comp/urbansound8k_audio/04557_dog_bark.wav,4557,18581-3-1-1.wav,18581,3,dog_bark,2
/scratch/pdoshi/audio_comp/urbansound8k_audio/04558_dog_bark.wav,4558,18581-3-1-3.wav,18581,3,dog_bark,2
/scratch/pdoshi/audio_comp/urbansound8k_audio/04559_children_playing.wav,4559,185909-2-0-102.wav,185909,2,children_playing,4
/scratch/pdoshi/audio_comp/urbansound8k_audio/04560_children_playing.wav,4560,185909-2-0-116.wav,185909,2,children_playing,4
/scratch/pdoshi/audio_comp/urbansound8k_audio/04561_children_playing.wav,4561,185909-2-0-13.wav,185909,2,children_playing,4
/scratch/pdoshi/audio_comp/urbansound8k_audio/04562_children_playing.wav,4562,185909-2-0-17.wav,185909,2,children_playing,4
/scratch/pdoshi/audio_comp/urbansound8k_audio/04563_children_playing.wav,4563,185909-2-0-22.wav,185909,2,children_playing,4
/scratch/pdoshi/audio_comp/urbansound8k_audio/04564_children_playing.wav,4564,185909-2-0-34.wav,185909,2,children_playing,4
/scratch/pdoshi/audio_comp/urbansound8k_audio/04565_children_playing.wav,4565,185909-2-0-86.wav,185909,2,children_playing,4
/scratch/pdoshi/audio_comp/urbansound8k_audio/04566_children_playing.wav,4566,185909-2-0-87.wav,185909,2,children_playing,4
/scratch/pdoshi/audio_comp/urbansound8k_audio/04567_engine_idling.wav,4567,18592-5-0-0.wav,18592,5,engine_idling,9
/scratch/pdoshi/audio_comp/urbansound8k_audio/04568_engine_idling.wav,4568,18592-5-0-1.wav,18592,5,engine_idling,9
/scratch/pdoshi/audio_comp/urbansound8k_audio/04569_engine_idling.wav,4569,18592-5-0-2.wav,18592,5,engine_idling,9
/scratch/pdoshi/audio_comp/urbansound8k_audio/04570_engine_idling.wav,4570,18592-5-0-3.wav,18592,5,engine_idling,9
/scratch/pdoshi/audio_comp/urbansound8k_audio/04571_engine_idling.wav,4571,18592-5-0-4.wav,18592,5,engine_idling,9
/scratch/pdoshi/audio_comp/urbansound8k_audio/04572_car_horn.wav,4572,18594-1-0-0.wav,18594,1,car_horn,3
/scratch/pdoshi/audio_comp/urbansound8k_audio/04573_car_horn.wav,4573,18594-1-1-0.wav,18594,1,car_horn,3
/scratch/pdoshi/audio_comp/urbansound8k_audio/04574_car_horn.wav,4574,18594-1-2-0.wav,18594,1,car_horn,3
/scratch/pdoshi/audio_comp/urbansound8k_audio/04575_car_horn.wav,4575,18594-1-3-0.wav,18594,1,car_horn,3
/scratch/pdoshi/audio_comp/urbansound8k_audio/04576_car_horn.wav,4576,18594-1-4-0.wav,18594,1,car_horn,3
/scratch/pdoshi/audio_comp/urbansound8k_audio/04577_car_horn.wav,4577,18594-1-5-0.wav,18594,1,car_horn,3
/scratch/pdoshi/audio_comp/urbansound8k_audio/04578_car_horn.wav,4578,18594-1-6-0.wav,18594,1,car_horn,3
/scratch/pdoshi/audio_comp/urbansound8k_audio/04579_children_playing.wav,4579,186334-2-0-1.wav,186334,2,children_playing,3
/scratch/pdoshi/audio_comp/urbansound8k_audio/04580_children_playing.wav,4580,186334-2-0-11.wav,186334,2,children_playing,3
/scratch/pdoshi/audio_comp/urbansound8k_audio/04581_children_playing.wav,4581,186334-2-0-20.wav,186334,2,children_playing,3
/scratch/pdoshi/audio_comp/urbansound8k_audio/04582_children_playing.wav,4582,186334-2-0-33.wav,186334,2,children_playing,3
/scratch/pdoshi/audio_comp/urbansound8k_audio/04583_children_playing.wav,4583,186334-2-0-35.wav,186334,2,children_playing,3
/scratch/pdoshi/audio_comp/urbansound8k_audio/04584_children_playing.wav,4584,186334-2-0-36.wav,186334,2,children_playing,3
/scratch/pdoshi/audio_comp/urbansound8k_audio/04585_children_playing.wav,4585,186334-2-0-37.wav,186334,2,children_playing,3
/scratch/pdoshi/audio_comp/urbansound8k_audio/04586_children_playing.wav,4586,186334-2-0-44.wav,186334,2,children_playing,3
/scratch/pdoshi/audio_comp/urbansound8k_audio/04587_street_music.wav,4587,186336-9-0-0.wav,186336,9,street_music,3
/scratch/pdoshi/audio_comp/urbansound8k_audio/04588_street_music.wav,4588,186336-9-0-1.wav,186336,9,street_music,3
/scratch/pdoshi/audio_comp/urbansound8k_audio/04589_street_music.wav,4589,186336-9-0-2.wav,186336,9,street_music,3
/scratch/pdoshi/audio_comp/urbansound8k_audio/04590_street_music.wav,4590,186336-9-0-3.wav,186336,9,street_music,3
/scratch/pdoshi/audio_comp/urbansound8k_audio/04591_street_music.wav,4591,186336-9-0-4.wav,186336,9,street_music,3
/scratch/pdoshi/audio_comp/urbansound8k_audio/04592_street_music.wav,4592,186339-9-0-1.wav,186339,9,street_music,3
/scratch/pdoshi/audio_comp/urbansound8k_audio/04593_street_music.wav,4593,186339-9-0-12.wav,186339,9,street_music,3
/scratch/pdoshi/audio_comp/urbansound8k_audio/04594_street_music.wav,4594,186339-9-0-17.wav,186339,9,street_music,3
/scratch/pdoshi/audio_comp/urbansound8k_audio/04595_street_music.wav,4595,186339-9-0-18.wav,186339,9,street_music,3
/scratch/pdoshi/audio_comp/urbansound8k_audio/04596_street_music.wav,4596,186339-9-0-3.wav,186339,9,street_music,3
/scratch/pdoshi/audio_comp/urbansound8k_audio/04597_street_music.wav,4597,186339-9-0-7.wav,186339,9,street_music,3
/scratch/pdoshi/audio_comp/urbansound8k_audio/04598_engine_idling.wav,4598,186935-5-0-0.wav,186935,5,engine_idling,8
/scratch/pdoshi/audio_comp/urbansound8k_audio/04599_engine_idling.wav,4599,186935-5-0-1.wav,186935,5,engine_idling,8
/scratch/pdoshi/audio_comp/urbansound8k_audio/04600_engine_idling.wav,4600,186936-5-0-0.wav,186936,5,engine_idling,7
/scratch/pdoshi/audio_comp/urbansound8k_audio/04601_engine_idling.wav,4601,186936-5-0-1.wav,186936,5,engine_idling,7
/scratch/pdoshi/audio_comp/urbansound8k_audio/04602_engine_idling.wav,4602,186938-5-0-0.wav,186938,5,engine_idling,4
/scratch/pdoshi/audio_comp/urbansound8k_audio/04603_engine_idling.wav,4603,186940-5-0-0.wav,186940,5,engine_idling,8
/scratch/pdoshi/audio_comp/urbansound8k_audio/04604_engine_idling.wav,4604,187075-5-0-0.wav,187075,5,engine_idling,9
/scratch/pdoshi/audio_comp/urbansound8k_audio/04605_engine_idling.wav,4605,187075-5-0-1.wav,187075,5,engine_idling,9
/scratch/pdoshi/audio_comp/urbansound8k_audio/04606_engine_idling.wav,4606,187075-5-0-2.wav,187075,5,engine_idling,9
/scratch/pdoshi/audio_comp/urbansound8k_audio/04607_engine_idling.wav,4607,187075-5-0-3.wav,187075,5,engine_idling,9
/scratch/pdoshi/audio_comp/urbansound8k_audio/04608_engine_idling.wav,4608,187075-5-0-4.wav,187075,5,engine_idling,9
/scratch/pdoshi/audio_comp/urbansound8k_audio/04609_engine_idling.wav,4609,187075-5-0-5.wav,187075,5,engine_idling,9
/scratch/pdoshi/audio_comp/urbansound8k_audio/04610_engine_idling.wav,4610,187075-5-0-6.wav,187075,5,engine_idling,9
/scratch/pdoshi/audio_comp/urbansound8k_audio/04611_engine_idling.wav,4611,187075-5-0-7.wav,187075,5,engine_idling,9
/scratch/pdoshi/audio_comp/urbansound8k_audio/04612_engine_idling.wav,4612,187075-5-0-8.wav,187075,5,engine_idling,9
/scratch/pdoshi/audio_comp/urbansound8k_audio/04613_children_playing.wav,4613,187110-2-0-1.wav,187110,2,children_playing,10
/scratch/pdoshi/audio_comp/urbansound8k_audio/04614_children_playing.wav,4614,187110-2-0-10.wav,187110,2,children_playing,10
/scratch/pdoshi/audio_comp/urbansound8k_audio/04615_children_playing.wav,4615,187110-2-0-12.wav,187110,2,children_playing,10
/scratch/pdoshi/audio_comp/urbansound8k_audio/04616_children_playing.wav,4616,187110-2-0-27.wav,187110,2,children_playing,10
/scratch/pdoshi/audio_comp/urbansound8k_audio/04617_children_playing.wav,4617,187110-2-0-30.wav,187110,2,children_playing,10
/scratch/pdoshi/audio_comp/urbansound8k_audio/04618_children_playing.wav,4618,187110-2-0-34.wav,187110,2,children_playing,10
/scratch/pdoshi/audio_comp/urbansound8k_audio/04619_children_playing.wav,4619,187110-2-0-6.wav,187110,2,children_playing,10
/scratch/pdoshi/audio_comp/urbansound8k_audio/04620_children_playing.wav,4620,187110-2-0-8.wav,187110,2,children_playing,10
/scratch/pdoshi/audio_comp/urbansound8k_audio/04621_car_horn.wav,4621,187356-1-0-0.wav,187356,1,car_horn,4
/scratch/pdoshi/audio_comp/urbansound8k_audio/04622_car_horn.wav,4622,187356-1-1-0.wav,187356,1,car_horn,4
/scratch/pdoshi/audio_comp/urbansound8k_audio/04623_car_horn.wav,4623,187356-1-2-0.wav,187356,1,car_horn,4
/scratch/pdoshi/audio_comp/urbansound8k_audio/04624_car_horn.wav,4624,187356-1-3-0.wav,187356,1,car_horn,4
/scratch/pdoshi/audio_comp/urbansound8k_audio/04625_car_horn.wav,4625,187356-1-4-0.wav,187356,1,car_horn,4
/scratch/pdoshi/audio_comp/urbansound8k_audio/04626_car_horn.wav,4626,187356-1-5-0.wav,187356,1,car_horn,4
/scratch/pdoshi/audio_comp/urbansound8k_audio/04627_car_horn.wav,4627,187356-1-6-0.wav,187356,1,car_horn,4
/scratch/pdoshi/audio_comp/urbansound8k_audio/04628_drilling.wav,4628,187377-4-0-0.wav,187377,4,drilling,4
/scratch/pdoshi/audio_comp/urbansound8k_audio/04629_drilling.wav,4629,187377-4-0-1.wav,187377,4,drilling,4
/scratch/pdoshi/audio_comp/urbansound8k_audio/04630_dog_bark.wav,4630,187378-3-0-12.wav,187378,3,dog_bark,9
/scratch/pdoshi/audio_comp/urbansound8k_audio/04631_dog_bark.wav,4631,187378-3-0-19.wav,187378,3,dog_bark,9
/scratch/pdoshi/audio_comp/urbansound8k_audio/04632_dog_bark.wav,4632,187378-3-0-30.wav,187378,3,dog_bark,9
/scratch/pdoshi/audio_comp/urbansound8k_audio/04633_dog_bark.wav,4633,187378-3-0-7.wav,187378,3,dog_bark,9
/scratch/pdoshi/audio_comp/urbansound8k_audio/04634_drilling.wav,4634,187863-4-0-0.wav,187863,4,drilling,10
/scratch/pdoshi/audio_comp/urbansound8k_audio/04635_drilling.wav,4635,187863-4-0-1.wav,187863,4,drilling,10
/scratch/pdoshi/audio_comp/urbansound8k_audio/04636_drilling.wav,4636,187863-4-0-2.wav,187863,4,drilling,10
/scratch/pdoshi/audio_comp/urbansound8k_audio/04637_drilling.wav,4637,187863-4-0-3.wav,187863,4,drilling,10
/scratch/pdoshi/audio_comp/urbansound8k_audio/04638_drilling.wav,4638,187863-4-0-4.wav,187863,4,drilling,10
/scratch/pdoshi/audio_comp/urbansound8k_audio/04639_drilling.wav,4639,187863-4-0-5.wav,187863,4,drilling,10
/scratch/pdoshi/audio_comp/urbansound8k_audio/04640_jackhammer.wav,4640,187920-7-0-0.wav,187920,7,jackhammer,5
/scratch/pdoshi/audio_comp/urbansound8k_audio/04641_jackhammer.wav,4641,187920-7-1-0.wav,187920,7,jackhammer,5
/scratch/pdoshi/audio_comp/urbansound8k_audio/04642_jackhammer.wav,4642,187920-7-1-1.wav,187920,7,jackhammer,5
/scratch/pdoshi/audio_comp/urbansound8k_audio/04643_jackhammer.wav,4643,187920-7-1-2.wav,187920,7,jackhammer,5
/scratch/pdoshi/audio_comp/urbansound8k_audio/04644_jackhammer.wav,4644,187920-7-2-0.wav,187920,7,jackhammer,5
/scratch/pdoshi/audio_comp/urbansound8k_audio/04645_siren.wav,4645,188004-8-0-0.wav,188004,8,siren,6
/scratch/pdoshi/audio_comp/urbansound8k_audio/04646_siren.wav,4646,188004-8-0-1.wav,188004,8,siren,6
/scratch/pdoshi/audio_comp/urbansound8k_audio/04647_siren.wav,4647,188004-8-0-2.wav,188004,8,siren,6
/scratch/pdoshi/audio_comp/urbansound8k_audio/04648_children_playing.wav,4648,188497-2-0-0.wav,188497,2,children_playing,10
/scratch/pdoshi/audio_comp/urbansound8k_audio/04649_children_playing.wav,4649,188497-2-0-1.wav,188497,2,children_playing,10
/scratch/pdoshi/audio_comp/urbansound8k_audio/04650_children_playing.wav,4650,188497-2-0-11.wav,188497,2,children_playing,10
/scratch/pdoshi/audio_comp/urbansound8k_audio/04651_children_playing.wav,4651,188497-2-0-17.wav,188497,2,children_playing,10
/scratch/pdoshi/audio_comp/urbansound8k_audio/04652_children_playing.wav,4652,188497-2-0-19.wav,188497,2,children_playing,10
/scratch/pdoshi/audio_comp/urbansound8k_audio/04653_children_playing.wav,4653,188497-2-0-2.wav,188497,2,children_playing,10
/scratch/pdoshi/audio_comp/urbansound8k_audio/04654_children_playing.wav,4654,188497-2-0-23.wav,188497,2,children_playing,10
/scratch/pdoshi/audio_comp/urbansound8k_audio/04655_children_playing.wav,4655,188497-2-0-8.wav,188497,2,children_playing,10
/scratch/pdoshi/audio_comp/urbansound8k_audio/04656_jackhammer.wav,4656,188813-7-0-0.wav,188813,7,jackhammer,10
/scratch/pdoshi/audio_comp/urbansound8k_audio/04657_jackhammer.wav,4657,188813-7-1-0.wav,188813,7,jackhammer,10
/scratch/pdoshi/audio_comp/urbansound8k_audio/04658_jackhammer.wav,4658,188813-7-10-0.wav,188813,7,jackhammer,10
/scratch/pdoshi/audio_comp/urbansound8k_audio/04659_jackhammer.wav,4659,188813-7-10-1.wav,188813,7,jackhammer,10
/scratch/pdoshi/audio_comp/urbansound8k_audio/04660_jackhammer.wav,4660,188813-7-10-2.wav,188813,7,jackhammer,10
/scratch/pdoshi/audio_comp/urbansound8k_audio/04661_jackhammer.wav,4661,188813-7-10-3.wav,188813,7,jackhammer,10
/scratch/pdoshi/audio_comp/urbansound8k_audio/04662_jackhammer.wav,4662,188813-7-11-0.wav,188813,7,jackhammer,10
/scratch/pdoshi/audio_comp/urbansound8k_audio/04663_jackhammer.wav,4663,188813-7-11-1.wav,188813,7,jackhammer,10
/scratch/pdoshi/audio_comp/urbansound8k_audio/04664_jackhammer.wav,4664,188813-7-12-0.wav,188813,7,jackhammer,10
/scratch/pdoshi/audio_comp/urbansound8k_audio/04665_jackhammer.wav,4665,188813-7-13-0.wav,188813,7,jackhammer,10
/scratch/pdoshi/audio_comp/urbansound8k_audio/04666_jackhammer.wav,4666,188813-7-2-0.wav,188813,7,jackhammer,10
/scratch/pdoshi/audio_comp/urbansound8k_audio/04667_jackhammer.wav,4667,188813-7-3-0.wav,188813,7,jackhammer,10
/scratch/pdoshi/audio_comp/urbansound8k_audio/04668_jackhammer.wav,4668,188813-7-4-0.wav,188813,7,jackhammer,10
/scratch/pdoshi/audio_comp/urbansound8k_audio/04669_jackhammer.wav,4669,188813-7-5-0.wav,188813,7,jackhammer,10
/scratch/pdoshi/audio_comp/urbansound8k_audio/04670_jackhammer.wav,4670,188813-7-6-0.wav,188813,7,jackhammer,10
/scratch/pdoshi/audio_comp/urbansound8k_audio/04671_jackhammer.wav,4671,188813-7-7-0.wav,188813,7,jackhammer,10
/scratch/pdoshi/audio_comp/urbansound8k_audio/04672_jackhammer.wav,4672,188813-7-8-0.wav,188813,7,jackhammer,10
/scratch/pdoshi/audio_comp/urbansound8k_audio/04673_jackhammer.wav,4673,188813-7-9-0.wav,188813,7,jackhammer,10
/scratch/pdoshi/audio_comp/urbansound8k_audio/04674_jackhammer.wav,4674,188823-7-0-0.wav,188823,7,jackhammer,9
/scratch/pdoshi/audio_comp/urbansound8k_audio/04675_jackhammer.wav,4675,188823-7-0-1.wav,188823,7,jackhammer,9
/scratch/pdoshi/audio_comp/urbansound8k_audio/04676_jackhammer.wav,4676,188823-7-0-2.wav,188823,7,jackhammer,9
/scratch/pdoshi/audio_comp/urbansound8k_audio/04677_jackhammer.wav,4677,188823-7-0-3.wav,188823,7,jackhammer,9
/scratch/pdoshi/audio_comp/urbansound8k_audio/04678_jackhammer.wav,4678,188823-7-0-4.wav,188823,7,jackhammer,9
/scratch/pdoshi/audio_comp/urbansound8k_audio/04679_jackhammer.wav,4679,188823-7-1-0.wav,188823,7,jackhammer,9
/scratch/pdoshi/audio_comp/urbansound8k_audio/04680_jackhammer.wav,4680,188823-7-1-1.wav,188823,7,jackhammer,9
/scratch/pdoshi/audio_comp/urbansound8k_audio/04681_jackhammer.wav,4681,188823-7-1-2.wav,188823,7,jackhammer,9
/scratch/pdoshi/audio_comp/urbansound8k_audio/04682_jackhammer.wav,4682,188823-7-1-3.wav,188823,7,jackhammer,9
/scratch/pdoshi/audio_comp/urbansound8k_audio/04683_jackhammer.wav,4683,188823-7-2-0.wav,188823,7,jackhammer,9
/scratch/pdoshi/audio_comp/urbansound8k_audio/04684_jackhammer.wav,4684,188823-7-2-1.wav,188823,7,jackhammer,9
/scratch/pdoshi/audio_comp/urbansound8k_audio/04685_jackhammer.wav,4685,188823-7-2-2.wav,188823,7,jackhammer,9
/scratch/pdoshi/audio_comp/urbansound8k_audio/04686_jackhammer.wav,4686,188823-7-2-3.wav,188823,7,jackhammer,9
/scratch/pdoshi/audio_comp/urbansound8k_audio/04687_jackhammer.wav,4687,188823-7-3-0.wav,188823,7,jackhammer,9
/scratch/pdoshi/audio_comp/urbansound8k_audio/04688_jackhammer.wav,4688,188823-7-4-0.wav,188823,7,jackhammer,9
/scratch/pdoshi/audio_comp/urbansound8k_audio/04689_jackhammer.wav,4689,188823-7-5-0.wav,188823,7,jackhammer,9
/scratch/pdoshi/audio_comp/urbansound8k_audio/04690_jackhammer.wav,4690,188823-7-6-0.wav,188823,7,jackhammer,9
/scratch/pdoshi/audio_comp/urbansound8k_audio/04691_jackhammer.wav,4691,188824-7-0-0.wav,188824,7,jackhammer,3
/scratch/pdoshi/audio_comp/urbansound8k_audio/04692_jackhammer.wav,4692,188824-7-1-0.wav,188824,7,jackhammer,3
/scratch/pdoshi/audio_comp/urbansound8k_audio/04693_jackhammer.wav,4693,188824-7-10-0.wav,188824,7,jackhammer,3
/scratch/pdoshi/audio_comp/urbansound8k_audio/04694_jackhammer.wav,4694,188824-7-11-0.wav,188824,7,jackhammer,3
/scratch/pdoshi/audio_comp/urbansound8k_audio/04695_jackhammer.wav,4695,188824-7-12-0.wav,188824,7,jackhammer,3
/scratch/pdoshi/audio_comp/urbansound8k_audio/04696_jackhammer.wav,4696,188824-7-2-0.wav,188824,7,jackhammer,3
/scratch/pdoshi/audio_comp/urbansound8k_audio/04697_jackhammer.wav,4697,188824-7-3-0.wav,188824,7,jackhammer,3
/scratch/pdoshi/audio_comp/urbansound8k_audio/04698_jackhammer.wav,4698,188824-7-4-0.wav,188824,7,jackhammer,3
/scratch/pdoshi/audio_comp/urbansound8k_audio/04699_jackhammer.wav,4699,188824-7-5-0.wav,188824,7,jackhammer,3
/scratch/pdoshi/audio_comp/urbansound8k_audio/04700_jackhammer.wav,4700,188824-7-6-0.wav,188824,7,jackhammer,3
/scratch/pdoshi/audio_comp/urbansound8k_audio/04701_jackhammer.wav,4701,188824-7-7-0.wav,188824,7,jackhammer,3
/scratch/pdoshi/audio_comp/urbansound8k_audio/04702_jackhammer.wav,4702,188824-7-8-0.wav,188824,7,jackhammer,3
/scratch/pdoshi/audio_comp/urbansound8k_audio/04703_jackhammer.wav,4703,188824-7-9-0.wav,188824,7,jackhammer,3
/scratch/pdoshi/audio_comp/urbansound8k_audio/04704_air_conditioner.wav,4704,189023-0-0-0.wav,189023,0,air_conditioner,2
/scratch/pdoshi/audio_comp/urbansound8k_audio/04705_air_conditioner.wav,4705,189023-0-0-1.wav,189023,0,air_conditioner,2
/scratch/pdoshi/audio_comp/urbansound8k_audio/04706_air_conditioner.wav,4706,189023-0-0-10.wav,189023,0,air_conditioner,2
/scratch/pdoshi/audio_comp/urbansound8k_audio/04707_air_conditioner.wav,4707,189023-0-0-11.wav,189023,0,air_conditioner,2
/scratch/pdoshi/audio_comp/urbansound8k_audio/04708_air_conditioner.wav,4708,189023-0-0-12.wav,189023,0,air_conditioner,2
/scratch/pdoshi/audio_comp/urbansound8k_audio/04709_air_conditioner.wav,4709,189023-0-0-13.wav,189023,0,air_conditioner,2
/scratch/pdoshi/audio_comp/urbansound8k_audio/04710_air_conditioner.wav,4710,189023-0-0-2.wav,189023,0,air_conditioner,2
/scratch/pdoshi/audio_comp/urbansound8k_audio/04711_air_conditioner.wav,4711,189023-0-0-3.wav,189023,0,air_conditioner,2
/scratch/pdoshi/audio_comp/urbansound8k_audio/04712_air_conditioner.wav,4712,189023-0-0-4.wav,189023,0,air_conditioner,2
/scratch/pdoshi/audio_comp/urbansound8k_audio/04713_air_conditioner.wav,4713,189023-0-0-5.wav,189023,0,air_conditioner,2
/scratch/pdoshi/audio_comp/urbansound8k_audio/04714_air_conditioner.wav,4714,189023-0-0-6.wav,189023,0,air_conditioner,2
/scratch/pdoshi/audio_comp/urbansound8k_audio/04715_air_conditioner.wav,4715,189023-0-0-7.wav,189023,0,air_conditioner,2
/scratch/pdoshi/audio_comp/urbansound8k_audio/04716_air_conditioner.wav,4716,189023-0-0-8.wav,189023,0,air_conditioner,2
/scratch/pdoshi/audio_comp/urbansound8k_audio/04717_air_conditioner.wav,4717,189023-0-0-9.wav,189023,0,air_conditioner,2
/scratch/pdoshi/audio_comp/urbansound8k_audio/04718_car_horn.wav,4718,18933-1-0-0.wav,18933,1,car_horn,6
/scratch/pdoshi/audio_comp/urbansound8k_audio/04719_street_music.wav,4719,189825-9-0-0.wav,189825,9,street_music,8
/scratch/pdoshi/audio_comp/urbansound8k_audio/04720_street_music.wav,4720,189825-9-0-1.wav,189825,9,street_music,8
/scratch/pdoshi/audio_comp/urbansound8k_audio/04721_street_music.wav,4721,189825-9-0-2.wav,189825,9,street_music,8
/scratch/pdoshi/audio_comp/urbansound8k_audio/04722_street_music.wav,4722,189825-9-0-3.wav,189825,9,street_music,8
/scratch/pdoshi/audio_comp/urbansound8k_audio/04723_street_music.wav,4723,189825-9-0-5.wav,189825,9,street_music,8
/scratch/pdoshi/audio_comp/urbansound8k_audio/04724_street_music.wav,4724,189825-9-0-7.wav,189825,9,street_music,8
/scratch/pdoshi/audio_comp/urbansound8k_audio/04725_dog_bark.wav,4725,189846-3-0-0.wav,189846,3,dog_bark,8
/scratch/pdoshi/audio_comp/urbansound8k_audio/04726_dog_bark.wav,4726,189846-3-1-0.wav,189846,3,dog_bark,8
/scratch/pdoshi/audio_comp/urbansound8k_audio/04727_dog_bark.wav,4727,189846-3-3-0.wav,189846,3,dog_bark,8
/scratch/pdoshi/audio_comp/urbansound8k_audio/04728_dog_bark.wav,4728,189846-3-4-0.wav,189846,3,dog_bark,8
/scratch/pdoshi/audio_comp/urbansound8k_audio/04729_dog_bark.wav,4729,189895-3-0-0.wav,189895,3,dog_bark,5
/scratch/pdoshi/audio_comp/urbansound8k_audio/04730_air_conditioner.wav,4730,189981-0-0-0.wav,189981,0,air_conditioner,7
/scratch/pdoshi/audio_comp/urbansound8k_audio/04731_air_conditioner.wav,4731,189981-0-0-1.wav,189981,0,air_conditioner,7
/scratch/pdoshi/audio_comp/urbansound8k_audio/04732_air_conditioner.wav,4732,189981-0-0-10.wav,189981,0,air_conditioner,7
/scratch/pdoshi/audio_comp/urbansound8k_audio/04733_air_conditioner.wav,4733,189981-0-0-11.wav,189981,0,air_conditioner,7
/scratch/pdoshi/audio_comp/urbansound8k_audio/04734_air_conditioner.wav,4734,189981-0-0-12.wav,189981,0,air_conditioner,7
/scratch/pdoshi/audio_comp/urbansound8k_audio/04735_air_conditioner.wav,4735,189981-0-0-13.wav,189981,0,air_conditioner,7
/scratch/pdoshi/audio_comp/urbansound8k_audio/04736_air_conditioner.wav,4736,189981-0-0-14.wav,189981,0,air_conditioner,7
/scratch/pdoshi/audio_comp/urbansound8k_audio/04737_air_conditioner.wav,4737,189981-0-0-15.wav,189981,0,air_conditioner,7
/scratch/pdoshi/audio_comp/urbansound8k_audio/04738_air_conditioner.wav,4738,189981-0-0-16.wav,189981,0,air_conditioner,7
/scratch/pdoshi/audio_comp/urbansound8k_audio/04739_air_conditioner.wav,4739,189981-0-0-17.wav,189981,0,air_conditioner,7
/scratch/pdoshi/audio_comp/urbansound8k_audio/04740_air_conditioner.wav,4740,189981-0-0-2.wav,189981,0,air_conditioner,7
/scratch/pdoshi/audio_comp/urbansound8k_audio/04741_air_conditioner.wav,4741,189981-0-0-3.wav,189981,0,air_conditioner,7
/scratch/pdoshi/audio_comp/urbansound8k_audio/04742_air_conditioner.wav,4742,189981-0-0-4.wav,189981,0,air_conditioner,7
/scratch/pdoshi/audio_comp/urbansound8k_audio/04743_air_conditioner.wav,4743,189981-0-0-5.wav,189981,0,air_conditioner,7
/scratch/pdoshi/audio_comp/urbansound8k_audio/04744_air_conditioner.wav,4744,189981-0-0-6.wav,189981,0,air_conditioner,7
/scratch/pdoshi/audio_comp/urbansound8k_audio/04745_air_conditioner.wav,4745,189981-0-0-7.wav,189981,0,air_conditioner,7
/scratch/pdoshi/audio_comp/urbansound8k_audio/04746_air_conditioner.wav,4746,189981-0-0-8.wav,189981,0,air_conditioner,7
/scratch/pdoshi/audio_comp/urbansound8k_audio/04747_air_conditioner.wav,4747,189981-0-0-9.wav,189981,0,air_conditioner,7
/scratch/pdoshi/audio_comp/urbansound8k_audio/04748_air_conditioner.wav,4748,189982-0-0-11.wav,189982,0,air_conditioner,10
/scratch/pdoshi/audio_comp/urbansound8k_audio/04749_air_conditioner.wav,4749,189982-0-0-13.wav,189982,0,air_conditioner,10
/scratch/pdoshi/audio_comp/urbansound8k_audio/04750_air_conditioner.wav,4750,189982-0-0-16.wav,189982,0,air_conditioner,10
/scratch/pdoshi/audio_comp/urbansound8k_audio/04751_air_conditioner.wav,4751,189982-0-0-17.wav,189982,0,air_conditioner,10
/scratch/pdoshi/audio_comp/urbansound8k_audio/04752_air_conditioner.wav,4752,189982-0-0-18.wav,189982,0,air_conditioner,10
/scratch/pdoshi/audio_comp/urbansound8k_audio/04753_air_conditioner.wav,4753,189982-0-0-19.wav,189982,0,air_conditioner,10
/scratch/pdoshi/audio_comp/urbansound8k_audio/04754_air_conditioner.wav,4754,189982-0-0-2.wav,189982,0,air_conditioner,10
/scratch/pdoshi/audio_comp/urbansound8k_audio/04755_air_conditioner.wav,4755,189982-0-0-20.wav,189982,0,air_conditioner,10
/scratch/pdoshi/audio_comp/urbansound8k_audio/04756_air_conditioner.wav,4756,189982-0-0-23.wav,189982,0,air_conditioner,10
/scratch/pdoshi/audio_comp/urbansound8k_audio/04757_air_conditioner.wav,4757,189982-0-0-27.wav,189982,0,air_conditioner,10
/scratch/pdoshi/audio_comp/urbansound8k_audio/04758_air_conditioner.wav,4758,189982-0-0-28.wav,189982,0,air_conditioner,10
/scratch/pdoshi/audio_comp/urbansound8k_audio/04759_air_conditioner.wav,4759,189982-0-0-3.wav,189982,0,air_conditioner,10
/scratch/pdoshi/audio_comp/urbansound8k_audio/04760_air_conditioner.wav,4760,189982-0-0-30.wav,189982,0,air_conditioner,10
/scratch/pdoshi/audio_comp/urbansound8k_audio/04761_air_conditioner.wav,4761,189982-0-0-33.wav,189982,0,air_conditioner,10
/scratch/pdoshi/audio_comp/urbansound8k_audio/04762_air_conditioner.wav,4762,189982-0-0-35.wav,189982,0,air_conditioner,10
/scratch/pdoshi/audio_comp/urbansound8k_audio/04763_air_conditioner.wav,4763,189982-0-0-36.wav,189982,0,air_conditioner,10
/scratch/pdoshi/audio_comp/urbansound8k_audio/04764_air_conditioner.wav,4764,189982-0-0-38.wav,189982,0,air_conditioner,10
/scratch/pdoshi/audio_comp/urbansound8k_audio/04765_air_conditioner.wav,4765,189982-0-0-39.wav,189982,0,air_conditioner,10
/scratch/pdoshi/audio_comp/urbansound8k_audio/04766_air_conditioner.wav,4766,189982-0-0-4.wav,189982,0,air_conditioner,10
/scratch/pdoshi/audio_comp/urbansound8k_audio/04767_air_conditioner.wav,4767,189982-0-0-42.wav,189982,0,air_conditioner,10
/scratch/pdoshi/audio_comp/urbansound8k_audio/04768_air_conditioner.wav,4768,189982-0-0-43.wav,189982,0,air_conditioner,10
/scratch/pdoshi/audio_comp/urbansound8k_audio/04769_air_conditioner.wav,4769,189982-0-0-44.wav,189982,0,air_conditioner,10
/scratch/pdoshi/audio_comp/urbansound8k_audio/04770_air_conditioner.wav,4770,189982-0-0-45.wav,189982,0,air_conditioner,10
/scratch/pdoshi/audio_comp/urbansound8k_audio/04771_air_conditioner.wav,4771,189982-0-0-6.wav,189982,0,air_conditioner,10
/scratch/pdoshi/audio_comp/urbansound8k_audio/04772_air_conditioner.wav,4772,189982-0-0-7.wav,189982,0,air_conditioner,10
/scratch/pdoshi/audio_comp/urbansound8k_audio/04773_air_conditioner.wav,4773,189985-0-0-0.wav,189985,0,air_conditioner,10
/scratch/pdoshi/audio_comp/urbansound8k_audio/04774_air_conditioner.wav,4774,189985-0-0-1.wav,189985,0,air_conditioner,10
/scratch/pdoshi/audio_comp/urbansound8k_audio/04775_air_conditioner.wav,4775,189985-0-0-2.wav,189985,0,air_conditioner,10
/scratch/pdoshi/audio_comp/urbansound8k_audio/04776_air_conditioner.wav,4776,189985-0-0-3.wav,189985,0,air_conditioner,10
/scratch/pdoshi/audio_comp/urbansound8k_audio/04777_air_conditioner.wav,4777,189985-0-0-4.wav,189985,0,air_conditioner,10
/scratch/pdoshi/audio_comp/urbansound8k_audio/04778_air_conditioner.wav,4778,189985-0-0-5.wav,189985,0,air_conditioner,10
/scratch/pdoshi/audio_comp/urbansound8k_audio/04779_air_conditioner.wav,4779,189985-0-0-6.wav,189985,0,air_conditioner,10
/scratch/pdoshi/audio_comp/urbansound8k_audio/04780_air_conditioner.wav,4780,189986-0-0-0.wav,189986,0,air_conditioner,6
/scratch/pdoshi/audio_comp/urbansound8k_audio/04781_air_conditioner.wav,4781,189987-0-0-0.wav,189987,0,air_conditioner,7
/scratch/pdoshi/audio_comp/urbansound8k_audio/04782_air_conditioner.wav,4782,189987-0-0-1.wav,189987,0,air_conditioner,7
/scratch/pdoshi/audio_comp/urbansound8k_audio/04783_air_conditioner.wav,4783,189987-0-0-2.wav,189987,0,air_conditioner,7
/scratch/pdoshi/audio_comp/urbansound8k_audio/04784_air_conditioner.wav,4784,189987-0-0-3.wav,189987,0,air_conditioner,7
/scratch/pdoshi/audio_comp/urbansound8k_audio/04785_air_conditioner.wav,4785,189987-0-0-4.wav,189987,0,air_conditioner,7
/scratch/pdoshi/audio_comp/urbansound8k_audio/04786_air_conditioner.wav,4786,189988-0-0-0.wav,189988,0,air_conditioner,9
/scratch/pdoshi/audio_comp/urbansound8k_audio/04787_air_conditioner.wav,4787,189988-0-0-1.wav,189988,0,air_conditioner,9
/scratch/pdoshi/audio_comp/urbansound8k_audio/04788_air_conditioner.wav,4788,189988-0-0-2.wav,189988,0,air_conditioner,9
/scratch/pdoshi/audio_comp/urbansound8k_audio/04789_air_conditioner.wav,4789,189988-0-0-3.wav,189988,0,air_conditioner,9
/scratch/pdoshi/audio_comp/urbansound8k_audio/04790_air_conditioner.wav,4790,189988-0-0-4.wav,189988,0,air_conditioner,9
/scratch/pdoshi/audio_comp/urbansound8k_audio/04791_air_conditioner.wav,4791,189988-0-0-5.wav,189988,0,air_conditioner,9
/scratch/pdoshi/audio_comp/urbansound8k_audio/04792_air_conditioner.wav,4792,189989-0-0-0.wav,189989,0,air_conditioner,9
/scratch/pdoshi/audio_comp/urbansound8k_audio/04793_air_conditioner.wav,4793,189989-0-0-1.wav,189989,0,air_conditioner,9
/scratch/pdoshi/audio_comp/urbansound8k_audio/04794_air_conditioner.wav,4794,189989-0-0-2.wav,189989,0,air_conditioner,9
/scratch/pdoshi/audio_comp/urbansound8k_audio/04795_air_conditioner.wav,4795,189991-0-0-0.wav,189991,0,air_conditioner,2
/scratch/pdoshi/audio_comp/urbansound8k_audio/04796_air_conditioner.wav,4796,189991-0-0-1.wav,189991,0,air_conditioner,2
/scratch/pdoshi/audio_comp/urbansound8k_audio/04797_air_conditioner.wav,4797,189991-0-0-2.wav,189991,0,air_conditioner,2
/scratch/pdoshi/audio_comp/urbansound8k_audio/04798_air_conditioner.wav,4798,189991-0-0-3.wav,189991,0,air_conditioner,2
/scratch/pdoshi/audio_comp/urbansound8k_audio/04799_air_conditioner.wav,4799,189991-0-0-4.wav,189991,0,air_conditioner,2
/scratch/pdoshi/audio_comp/urbansound8k_audio/04800_air_conditioner.wav,4800,189991-0-0-5.wav,189991,0,air_conditioner,2
/scratch/pdoshi/audio_comp/urbansound8k_audio/04801_air_conditioner.wav,4801,189991-0-0-6.wav,189991,0,air_conditioner,2
/scratch/pdoshi/audio_comp/urbansound8k_audio/04802_air_conditioner.wav,4802,189991-0-0-7.wav,189991,0,air_conditioner,2
/scratch/pdoshi/audio_comp/urbansound8k_audio/04803_drilling.wav,4803,19007-4-0-0.wav,19007,4,drilling,5
/scratch/pdoshi/audio_comp/urbansound8k_audio/04804_car_horn.wav,4804,19026-1-0-0.wav,19026,1,car_horn,1
/scratch/pdoshi/audio_comp/urbansound8k_audio/04805_dog_bark.wav,4805,190680-3-1-0.wav,190680,3,dog_bark,6
/scratch/pdoshi/audio_comp/urbansound8k_audio/04806_dog_bark.wav,4806,190680-3-4-0.wav,190680,3,dog_bark,6
/scratch/pdoshi/audio_comp/urbansound8k_audio/04807_dog_bark.wav,4807,190680-3-6-0.wav,190680,3,dog_bark,6
/scratch/pdoshi/audio_comp/urbansound8k_audio/04808_children_playing.wav,4808,190893-2-0-10.wav,190893,2,children_playing,5
/scratch/pdoshi/audio_comp/urbansound8k_audio/04809_children_playing.wav,4809,190893-2-0-11.wav,190893,2,children_playing,5
/scratch/pdoshi/audio_comp/urbansound8k_audio/04810_children_playing.wav,4810,190893-2-0-12.wav,190893,2,children_playing,5
/scratch/pdoshi/audio_comp/urbansound8k_audio/04811_children_playing.wav,4811,190893-2-0-21.wav,190893,2,children_playing,5
/scratch/pdoshi/audio_comp/urbansound8k_audio/04812_children_playing.wav,4812,190893-2-0-23.wav,190893,2,children_playing,5
/scratch/pdoshi/audio_comp/urbansound8k_audio/04813_children_playing.wav,4813,190893-2-0-27.wav,190893,2,children_playing,5
/scratch/pdoshi/audio_comp/urbansound8k_audio/04814_children_playing.wav,4814,190893-2-0-28.wav,190893,2,children_playing,5
/scratch/pdoshi/audio_comp/urbansound8k_audio/04815_children_playing.wav,4815,190893-2-0-7.wav,190893,2,children_playing,5
/scratch/pdoshi/audio_comp/urbansound8k_audio/04816_children_playing.wav,4816,190894-2-0-0.wav,190894,2,children_playing,9
/scratch/pdoshi/audio_comp/urbansound8k_audio/04817_children_playing.wav,4817,190894-2-0-2.wav,190894,2,children_playing,9
/scratch/pdoshi/audio_comp/urbansound8k_audio/04818_children_playing.wav,4818,190894-2-0-3.wav,190894,2,children_playing,9
/scratch/pdoshi/audio_comp/urbansound8k_audio/04819_children_playing.wav,4819,190894-2-0-4.wav,190894,2,children_playing,9
/scratch/pdoshi/audio_comp/urbansound8k_audio/04820_children_playing.wav,4820,190894-2-0-5.wav,190894,2,children_playing,9
/scratch/pdoshi/audio_comp/urbansound8k_audio/04821_children_playing.wav,4821,190894-2-0-6.wav,190894,2,children_playing,9
/scratch/pdoshi/audio_comp/urbansound8k_audio/04822_children_playing.wav,4822,190894-2-0-7.wav,190894,2,children_playing,9
/scratch/pdoshi/audio_comp/urbansound8k_audio/04823_children_playing.wav,4823,190894-2-0-8.wav,190894,2,children_playing,9
/scratch/pdoshi/audio_comp/urbansound8k_audio/04824_dog_bark.wav,4824,190996-3-0-0.wav,190996,3,dog_bark,8
/scratch/pdoshi/audio_comp/urbansound8k_audio/04825_dog_bark.wav,4825,190996-3-0-1.wav,190996,3,dog_bark,8
/scratch/pdoshi/audio_comp/urbansound8k_audio/04826_dog_bark.wav,4826,190996-3-0-8.wav,190996,3,dog_bark,8
/scratch/pdoshi/audio_comp/urbansound8k_audio/04827_dog_bark.wav,4827,191382-3-0-0.wav,191382,3,dog_bark,5
/scratch/pdoshi/audio_comp/urbansound8k_audio/04828_dog_bark.wav,4828,191382-3-0-5.wav,191382,3,dog_bark,5
/scratch/pdoshi/audio_comp/urbansound8k_audio/04829_dog_bark.wav,4829,191382-3-1-0.wav,191382,3,dog_bark,5
/scratch/pdoshi/audio_comp/urbansound8k_audio/04830_dog_bark.wav,4830,191382-3-1-1.wav,191382,3,dog_bark,5
/scratch/pdoshi/audio_comp/urbansound8k_audio/04831_street_music.wav,4831,191431-9-0-26.wav,191431,9,street_music,1
/scratch/pdoshi/audio_comp/urbansound8k_audio/04832_street_music.wav,4832,191431-9-0-30.wav,191431,9,street_music,1
/scratch/pdoshi/audio_comp/urbansound8k_audio/04833_street_music.wav,4833,191431-9-0-61.wav,191431,9,street_music,1
/scratch/pdoshi/audio_comp/urbansound8k_audio/04834_street_music.wav,4834,191431-9-0-66.wav,191431,9,street_music,1
/scratch/pdoshi/audio_comp/urbansound8k_audio/04835_street_music.wav,4835,191431-9-0-73.wav,191431,9,street_music,1
/scratch/pdoshi/audio_comp/urbansound8k_audio/04836_street_music.wav,4836,191431-9-0-8.wav,191431,9,street_music,1
/scratch/pdoshi/audio_comp/urbansound8k_audio/04837_gun_shot.wav,4837,191449-6-0-0.wav,191449,6,gun_shot,5
/scratch/pdoshi/audio_comp/urbansound8k_audio/04838_dog_bark.wav,4838,191687-3-0-0.wav,191687,3,dog_bark,7
/scratch/pdoshi/audio_comp/urbansound8k_audio/04839_dog_bark.wav,4839,191687-3-0-11.wav,191687,3,dog_bark,7
/scratch/pdoshi/audio_comp/urbansound8k_audio/04840_dog_bark.wav,4840,191687-3-0-15.wav,191687,3,dog_bark,7
/scratch/pdoshi/audio_comp/urbansound8k_audio/04841_dog_bark.wav,4841,191687-3-0-5.wav,191687,3,dog_bark,7
/scratch/pdoshi/audio_comp/urbansound8k_audio/04842_children_playing.wav,4842,192123-2-0-0.wav,192123,2,children_playing,9
/scratch/pdoshi/audio_comp/urbansound8k_audio/04843_children_playing.wav,4843,192123-2-0-10.wav,192123,2,children_playing,9
/scratch/pdoshi/audio_comp/urbansound8k_audio/04844_children_playing.wav,4844,192123-2-0-11.wav,192123,2,children_playing,9
/scratch/pdoshi/audio_comp/urbansound8k_audio/04845_children_playing.wav,4845,192123-2-0-17.wav,192123,2,children_playing,9
/scratch/pdoshi/audio_comp/urbansound8k_audio/04846_children_playing.wav,4846,192123-2-0-18.wav,192123,2,children_playing,9
/scratch/pdoshi/audio_comp/urbansound8k_audio/04847_children_playing.wav,4847,192123-2-0-22.wav,192123,2,children_playing,9
/scratch/pdoshi/audio_comp/urbansound8k_audio/04848_children_playing.wav,4848,192123-2-0-23.wav,192123,2,children_playing,9
/scratch/pdoshi/audio_comp/urbansound8k_audio/04849_children_playing.wav,4849,192123-2-0-4.wav,192123,2,children_playing,9
/scratch/pdoshi/audio_comp/urbansound8k_audio/04850_children_playing.wav,4850,192124-2-0-0.wav,192124,2,children_playing,1
/scratch/pdoshi/audio_comp/urbansound8k_audio/04851_children_playing.wav,4851,192124-2-0-11.wav,192124,2,children_playing,1
/scratch/pdoshi/audio_comp/urbansound8k_audio/04852_children_playing.wav,4852,192124-2-0-12.wav,192124,2,children_playing,1
/scratch/pdoshi/audio_comp/urbansound8k_audio/04853_children_playing.wav,4853,192124-2-0-15.wav,192124,2,children_playing,1
/scratch/pdoshi/audio_comp/urbansound8k_audio/04854_children_playing.wav,4854,192124-2-0-3.wav,192124,2,children_playing,1
/scratch/pdoshi/audio_comp/urbansound8k_audio/04855_children_playing.wav,4855,192124-2-0-4.wav,192124,2,children_playing,1
/scratch/pdoshi/audio_comp/urbansound8k_audio/04856_children_playing.wav,4856,192124-2-0-5.wav,192124,2,children_playing,1
/scratch/pdoshi/audio_comp/urbansound8k_audio/04857_children_playing.wav,4857,192124-2-0-7.wav,192124,2,children_playing,1
/scratch/pdoshi/audio_comp/urbansound8k_audio/04858_dog_bark.wav,4858,19218-3-0-0.wav,19218,3,dog_bark,2
/scratch/pdoshi/audio_comp/urbansound8k_audio/04859_dog_bark.wav,4859,192236-3-0-2.wav,192236,3,dog_bark,7
/scratch/pdoshi/audio_comp/urbansound8k_audio/04860_dog_bark.wav,4860,192236-3-0-4.wav,192236,3,dog_bark,7
/scratch/pdoshi/audio_comp/urbansound8k_audio/04861_dog_bark.wav,4861,192236-3-0-6.wav,192236,3,dog_bark,7
/scratch/pdoshi/audio_comp/urbansound8k_audio/04862_dog_bark.wav,4862,192236-3-0-8.wav,192236,3,dog_bark,7
/scratch/pdoshi/audio_comp/urbansound8k_audio/04863_children_playing.wav,4863,192269-2-0-1.wav,192269,2,children_playing,2
/scratch/pdoshi/audio_comp/urbansound8k_audio/04864_children_playing.wav,4864,192269-2-0-11.wav,192269,2,children_playing,2
/scratch/pdoshi/audio_comp/urbansound8k_audio/04865_children_playing.wav,4865,192269-2-0-18.wav,192269,2,children_playing,2
/scratch/pdoshi/audio_comp/urbansound8k_audio/04866_children_playing.wav,4866,192269-2-0-24.wav,192269,2,children_playing,2
/scratch/pdoshi/audio_comp/urbansound8k_audio/04867_children_playing.wav,4867,192269-2-0-35.wav,192269,2,children_playing,2
/scratch/pdoshi/audio_comp/urbansound8k_audio/04868_children_playing.wav,4868,192269-2-0-37.wav,192269,2,children_playing,2
/scratch/pdoshi/audio_comp/urbansound8k_audio/04869_children_playing.wav,4869,192269-2-0-54.wav,192269,2,children_playing,2
/scratch/pdoshi/audio_comp/urbansound8k_audio/04870_children_playing.wav,4870,192269-2-0-56.wav,192269,2,children_playing,2
/scratch/pdoshi/audio_comp/urbansound8k_audio/04871_children_playing.wav,4871,192382-2-0-105.wav,192382,2,children_playing,4
/scratch/pdoshi/audio_comp/urbansound8k_audio/04872_children_playing.wav,4872,192382-2-0-12.wav,192382,2,children_playing,4
/scratch/pdoshi/audio_comp/urbansound8k_audio/04873_children_playing.wav,4873,192382-2-0-18.wav,192382,2,children_playing,4
/scratch/pdoshi/audio_comp/urbansound8k_audio/04874_children_playing.wav,4874,192382-2-0-36.wav,192382,2,children_playing,4
/scratch/pdoshi/audio_comp/urbansound8k_audio/04875_children_playing.wav,4875,192382-2-0-66.wav,192382,2,children_playing,4
/scratch/pdoshi/audio_comp/urbansound8k_audio/04876_children_playing.wav,4876,192382-2-0-67.wav,192382,2,children_playing,4
/scratch/pdoshi/audio_comp/urbansound8k_audio/04877_children_playing.wav,4877,192382-2-0-8.wav,192382,2,children_playing,4
/scratch/pdoshi/audio_comp/urbansound8k_audio/04878_children_playing.wav,4878,192382-2-0-9.wav,192382,2,children_playing,4
/scratch/pdoshi/audio_comp/urbansound8k_audio/04879_engine_idling.wav,4879,19338-5-0-0.wav,19338,5,engine_idling,3
/scratch/pdoshi/audio_comp/urbansound8k_audio/04880_engine_idling.wav,4880,19338-5-1-0.wav,19338,5,engine_idling,3
/scratch/pdoshi/audio_comp/urbansound8k_audio/04881_engine_idling.wav,4881,19338-5-2-0.wav,19338,5,engine_idling,3
/scratch/pdoshi/audio_comp/urbansound8k_audio/04882_engine_idling.wav,4882,19338-5-3-0.wav,19338,5,engine_idling,3
/scratch/pdoshi/audio_comp/urbansound8k_audio/04883_dog_bark.wav,4883,193394-3-0-10.wav,193394,3,dog_bark,1
/scratch/pdoshi/audio_comp/urbansound8k_audio/04884_dog_bark.wav,4884,193394-3-0-11.wav,193394,3,dog_bark,1
/scratch/pdoshi/audio_comp/urbansound8k_audio/04885_dog_bark.wav,4885,193394-3-0-4.wav,193394,3,dog_bark,1
/scratch/pdoshi/audio_comp/urbansound8k_audio/04886_dog_bark.wav,4886,193394-3-0-7.wav,193394,3,dog_bark,1
/scratch/pdoshi/audio_comp/urbansound8k_audio/04887_children_playing.wav,4887,193697-2-0-103.wav,193697,2,children_playing,6
/scratch/pdoshi/audio_comp/urbansound8k_audio/04888_children_playing.wav,4888,193697-2-0-107.wav,193697,2,children_playing,6
/scratch/pdoshi/audio_comp/urbansound8k_audio/04889_children_playing.wav,4889,193697-2-0-110.wav,193697,2,children_playing,6
/scratch/pdoshi/audio_comp/urbansound8k_audio/04890_children_playing.wav,4890,193697-2-0-135.wav,193697,2,children_playing,6
/scratch/pdoshi/audio_comp/urbansound8k_audio/04891_children_playing.wav,4891,193697-2-0-5.wav,193697,2,children_playing,6
/scratch/pdoshi/audio_comp/urbansound8k_audio/04892_children_playing.wav,4892,193697-2-0-90.wav,193697,2,children_playing,6
/scratch/pdoshi/audio_comp/urbansound8k_audio/04893_children_playing.wav,4893,193697-2-0-99.wav,193697,2,children_playing,6
/scratch/pdoshi/audio_comp/urbansound8k_audio/04894_children_playing.wav,4894,193698-2-0-112.wav,193698,2,children_playing,1
/scratch/pdoshi/audio_comp/urbansound8k_audio/04895_children_playing.wav,4895,193698-2-0-113.wav,193698,2,children_playing,1
/scratch/pdoshi/audio_comp/urbansound8k_audio/04896_children_playing.wav,4896,193698-2-0-114.wav,193698,2,children_playing,1
/scratch/pdoshi/audio_comp/urbansound8k_audio/04897_children_playing.wav,4897,193698-2-0-140.wav,193698,2,children_playing,1
/scratch/pdoshi/audio_comp/urbansound8k_audio/04898_children_playing.wav,4898,193698-2-0-42.wav,193698,2,children_playing,1
/scratch/pdoshi/audio_comp/urbansound8k_audio/04899_children_playing.wav,4899,193698-2-0-58.wav,193698,2,children_playing,1
/scratch/pdoshi/audio_comp/urbansound8k_audio/04900_children_playing.wav,4900,193698-2-0-64.wav,193698,2,children_playing,1
/scratch/pdoshi/audio_comp/urbansound8k_audio/04901_children_playing.wav,4901,193698-2-0-89.wav,193698,2,children_playing,1
/scratch/pdoshi/audio_comp/urbansound8k_audio/04902_children_playing.wav,4902,193699-2-0-109.wav,193699,2,children_playing,8
/scratch/pdoshi/audio_comp/urbansound8k_audio/04903_children_playing.wav,4903,193699-2-0-3.wav,193699,2,children_playing,8
/scratch/pdoshi/audio_comp/urbansound8k_audio/04904_children_playing.wav,4904,193699-2-0-32.wav,193699,2,children_playing,8
/scratch/pdoshi/audio_comp/urbansound8k_audio/04905_children_playing.wav,4905,193699-2-0-33.wav,193699,2,children_playing,8
/scratch/pdoshi/audio_comp/urbansound8k_audio/04906_children_playing.wav,4906,193699-2-0-46.wav,193699,2,children_playing,8
/scratch/pdoshi/audio_comp/urbansound8k_audio/04907_children_playing.wav,4907,193699-2-0-54.wav,193699,2,children_playing,8
/scratch/pdoshi/audio_comp/urbansound8k_audio/04908_children_playing.wav,4908,193699-2-0-62.wav,193699,2,children_playing,8
/scratch/pdoshi/audio_comp/urbansound8k_audio/04909_children_playing.wav,4909,193699-2-0-69.wav,193699,2,children_playing,8
/scratch/pdoshi/audio_comp/urbansound8k_audio/04910_street_music.wav,4910,194310-9-0-15.wav,194310,9,street_music,9
/scratch/pdoshi/audio_comp/urbansound8k_audio/04911_street_music.wav,4911,194310-9-0-3.wav,194310,9,street_music,9
/scratch/pdoshi/audio_comp/urbansound8k_audio/04912_street_music.wav,4912,194310-9-0-35.wav,194310,9,street_music,9
/scratch/pdoshi/audio_comp/urbansound8k_audio/04913_street_music.wav,4913,194310-9-0-7.wav,194310,9,street_music,9
/scratch/pdoshi/audio_comp/urbansound8k_audio/04914_street_music.wav,4914,194310-9-0-73.wav,194310,9,street_music,9
/scratch/pdoshi/audio_comp/urbansound8k_audio/04915_street_music.wav,4915,194310-9-0-8.wav,194310,9,street_music,9
/scratch/pdoshi/audio_comp/urbansound8k_audio/04916_street_music.wav,4916,194321-9-0-100.wav,194321,9,street_music,6
/scratch/pdoshi/audio_comp/urbansound8k_audio/04917_street_music.wav,4917,194321-9-0-126.wav,194321,9,street_music,6
/scratch/pdoshi/audio_comp/urbansound8k_audio/04918_street_music.wav,4918,194321-9-0-150.wav,194321,9,street_music,6
/scratch/pdoshi/audio_comp/urbansound8k_audio/04919_street_music.wav,4919,194321-9-0-241.wav,194321,9,street_music,6
/scratch/pdoshi/audio_comp/urbansound8k_audio/04920_street_music.wav,4920,194321-9-0-6.wav,194321,9,street_music,6
/scratch/pdoshi/audio_comp/urbansound8k_audio/04921_street_music.wav,4921,194321-9-0-61.wav,194321,9,street_music,6
/scratch/pdoshi/audio_comp/urbansound8k_audio/04922_street_music.wav,4922,194458-9-0-2.wav,194458,9,street_music,4
/scratch/pdoshi/audio_comp/urbansound8k_audio/04923_street_music.wav,4923,194458-9-0-34.wav,194458,9,street_music,4
/scratch/pdoshi/audio_comp/urbansound8k_audio/04924_street_music.wav,4924,194458-9-1-122.wav,194458,9,street_music,4
/scratch/pdoshi/audio_comp/urbansound8k_audio/04925_street_music.wav,4925,194458-9-1-75.wav,194458,9,street_music,4
/scratch/pdoshi/audio_comp/urbansound8k_audio/04926_street_music.wav,4926,194458-9-1-91.wav,194458,9,street_music,4
/scratch/pdoshi/audio_comp/urbansound8k_audio/04927_street_music.wav,4927,194732-9-0-126.wav,194732,9,street_music,1
/scratch/pdoshi/audio_comp/urbansound8k_audio/04928_street_music.wav,4928,194732-9-0-163.wav,194732,9,street_music,1
/scratch/pdoshi/audio_comp/urbansound8k_audio/04929_street_music.wav,4929,194732-9-0-171.wav,194732,9,street_music,1
/scratch/pdoshi/audio_comp/urbansound8k_audio/04930_street_music.wav,4930,194732-9-0-175.wav,194732,9,street_music,1
/scratch/pdoshi/audio_comp/urbansound8k_audio/04931_street_music.wav,4931,194732-9-0-191.wav,194732,9,street_music,1
/scratch/pdoshi/audio_comp/urbansound8k_audio/04932_street_music.wav,4932,194732-9-0-41.wav,194732,9,street_music,1
/scratch/pdoshi/audio_comp/urbansound8k_audio/04933_street_music.wav,4933,194732-9-0-95.wav,194732,9,street_music,1
/scratch/pdoshi/audio_comp/urbansound8k_audio/04934_street_music.wav,4934,194733-9-0-1.wav,194733,9,street_music,8
/scratch/pdoshi/audio_comp/urbansound8k_audio/04935_street_music.wav,4935,194733-9-0-10.wav,194733,9,street_music,8
/scratch/pdoshi/audio_comp/urbansound8k_audio/04936_street_music.wav,4936,194733-9-0-11.wav,194733,9,street_music,8
/scratch/pdoshi/audio_comp/urbansound8k_audio/04937_street_music.wav,4937,194733-9-0-12.wav,194733,9,street_music,8
/scratch/pdoshi/audio_comp/urbansound8k_audio/04938_street_music.wav,4938,194733-9-0-14.wav,194733,9,street_music,8
/scratch/pdoshi/audio_comp/urbansound8k_audio/04939_street_music.wav,4939,194733-9-0-16.wav,194733,9,street_music,8
/scratch/pdoshi/audio_comp/urbansound8k_audio/04940_street_music.wav,4940,194733-9-0-7.wav,194733,9,street_music,8
/scratch/pdoshi/audio_comp/urbansound8k_audio/04941_dog_bark.wav,4941,194753-3-0-0.wav,194753,3,dog_bark,6
/scratch/pdoshi/audio_comp/urbansound8k_audio/04942_dog_bark.wav,4942,194753-3-1-0.wav,194753,3,dog_bark,6
/scratch/pdoshi/audio_comp/urbansound8k_audio/04943_dog_bark.wav,4943,194753-3-2-0.wav,194753,3,dog_bark,6
/scratch/pdoshi/audio_comp/urbansound8k_audio/04944_dog_bark.wav,4944,194753-3-3-0.wav,194753,3,dog_bark,6
/scratch/pdoshi/audio_comp/urbansound8k_audio/04945_dog_bark.wav,4945,194754-3-0-0.wav,194754,3,dog_bark,7
/scratch/pdoshi/audio_comp/urbansound8k_audio/04946_dog_bark.wav,4946,194754-3-0-1.wav,194754,3,dog_bark,7
/scratch/pdoshi/audio_comp/urbansound8k_audio/04947_dog_bark.wav,4947,194754-3-0-2.wav,194754,3,dog_bark,7
/scratch/pdoshi/audio_comp/urbansound8k_audio/04948_street_music.wav,4948,194841-9-0-130.wav,194841,9,street_music,2
/scratch/pdoshi/audio_comp/urbansound8k_audio/04949_street_music.wav,4949,194841-9-0-144.wav,194841,9,street_music,2
/scratch/pdoshi/audio_comp/urbansound8k_audio/04950_street_music.wav,4950,194841-9-0-164.wav,194841,9,street_music,2
/scratch/pdoshi/audio_comp/urbansound8k_audio/04951_street_music.wav,4951,194841-9-0-178.wav,194841,9,street_music,2
/scratch/pdoshi/audio_comp/urbansound8k_audio/04952_street_music.wav,4952,194841-9-0-222.wav,194841,9,street_music,2
/scratch/pdoshi/audio_comp/urbansound8k_audio/04953_street_music.wav,4953,194841-9-0-48.wav,194841,9,street_music,2
/scratch/pdoshi/audio_comp/urbansound8k_audio/04954_street_music.wav,4954,194910-9-0-108.wav,194910,9,street_music,5
/scratch/pdoshi/audio_comp/urbansound8k_audio/04955_street_music.wav,4955,194910-9-0-26.wav,194910,9,street_music,5
/scratch/pdoshi/audio_comp/urbansound8k_audio/04956_street_music.wav,4956,194910-9-0-5.wav,194910,9,street_music,5
/scratch/pdoshi/audio_comp/urbansound8k_audio/04957_street_music.wav,4957,194910-9-0-63.wav,194910,9,street_music,5
/scratch/pdoshi/audio_comp/urbansound8k_audio/04958_street_music.wav,4958,194910-9-0-65.wav,194910,9,street_music,5
/scratch/pdoshi/audio_comp/urbansound8k_audio/04959_dog_bark.wav,4959,19496-3-0-0.wav,19496,3,dog_bark,3
/scratch/pdoshi/audio_comp/urbansound8k_audio/04960_dog_bark.wav,4960,19496-3-1-0.wav,19496,3,dog_bark,3
/scratch/pdoshi/audio_comp/urbansound8k_audio/04961_dog_bark.wav,4961,19496-3-1-1.wav,19496,3,dog_bark,3
/scratch/pdoshi/audio_comp/urbansound8k_audio/04962_engine_idling.wav,4962,194962-5-0-0.wav,194962,5,engine_idling,7
/scratch/pdoshi/audio_comp/urbansound8k_audio/04963_engine_idling.wav,4963,194962-5-0-1.wav,194962,5,engine_idling,7
/scratch/pdoshi/audio_comp/urbansound8k_audio/04964_engine_idling.wav,4964,194962-5-0-2.wav,194962,5,engine_idling,7
/scratch/pdoshi/audio_comp/urbansound8k_audio/04965_dog_bark.wav,4965,19503-3-0-0.wav,19503,3,dog_bark,5
/scratch/pdoshi/audio_comp/urbansound8k_audio/04966_dog_bark.wav,4966,19503-3-1-0.wav,19503,3,dog_bark,5
/scratch/pdoshi/audio_comp/urbansound8k_audio/04967_dog_bark.wav,4967,19503-3-2-0.wav,19503,3,dog_bark,5
/scratch/pdoshi/audio_comp/urbansound8k_audio/04968_drilling.wav,4968,195063-4-0-0.wav,195063,4,drilling,10
/scratch/pdoshi/audio_comp/urbansound8k_audio/04969_drilling.wav,4969,195063-4-1-0.wav,195063,4,drilling,10
/scratch/pdoshi/audio_comp/urbansound8k_audio/04970_engine_idling.wav,4970,195451-5-0-0.wav,195451,5,engine_idling,3
/scratch/pdoshi/audio_comp/urbansound8k_audio/04971_engine_idling.wav,4971,195451-5-0-1.wav,195451,5,engine_idling,3
/scratch/pdoshi/audio_comp/urbansound8k_audio/04972_engine_idling.wav,4972,195451-5-0-10.wav,195451,5,engine_idling,3
/scratch/pdoshi/audio_comp/urbansound8k_audio/04973_engine_idling.wav,4973,195451-5-0-11.wav,195451,5,engine_idling,3
/scratch/pdoshi/audio_comp/urbansound8k_audio/04974_engine_idling.wav,4974,195451-5-0-12.wav,195451,5,engine_idling,3
/scratch/pdoshi/audio_comp/urbansound8k_audio/04975_engine_idling.wav,4975,195451-5-0-13.wav,195451,5,engine_idling,3
/scratch/pdoshi/audio_comp/urbansound8k_audio/04976_engine_idling.wav,4976,195451-5-0-14.wav,195451,5,engine_idling,3
/scratch/pdoshi/audio_comp/urbansound8k_audio/04977_engine_idling.wav,4977,195451-5-0-15.wav,195451,5,engine_idling,3
/scratch/pdoshi/audio_comp/urbansound8k_audio/04978_engine_idling.wav,4978,195451-5-0-16.wav,195451,5,engine_idling,3
/scratch/pdoshi/audio_comp/urbansound8k_audio/04979_engine_idling.wav,4979,195451-5-0-17.wav,195451,5,engine_idling,3
/scratch/pdoshi/audio_comp/urbansound8k_audio/04980_engine_idling.wav,4980,195451-5-0-18.wav,195451,5,engine_idling,3
/scratch/pdoshi/audio_comp/urbansound8k_audio/04981_engine_idling.wav,4981,195451-5-0-19.wav,195451,5,engine_idling,3
/scratch/pdoshi/audio_comp/urbansound8k_audio/04982_engine_idling.wav,4982,195451-5-0-2.wav,195451,5,engine_idling,3
/scratch/pdoshi/audio_comp/urbansound8k_audio/04983_engine_idling.wav,4983,195451-5-0-20.wav,195451,5,engine_idling,3
/scratch/pdoshi/audio_comp/urbansound8k_audio/04984_engine_idling.wav,4984,195451-5-0-21.wav,195451,5,engine_idling,3
/scratch/pdoshi/audio_comp/urbansound8k_audio/04985_engine_idling.wav,4985,195451-5-0-3.wav,195451,5,engine_idling,3
/scratch/pdoshi/audio_comp/urbansound8k_audio/04986_engine_idling.wav,4986,195451-5-0-4.wav,195451,5,engine_idling,3
/scratch/pdoshi/audio_comp/urbansound8k_audio/04987_engine_idling.wav,4987,195451-5-0-5.wav,195451,5,engine_idling,3
/scratch/pdoshi/audio_comp/urbansound8k_audio/04988_engine_idling.wav,4988,195451-5-0-6.wav,195451,5,engine_idling,3
/scratch/pdoshi/audio_comp/urbansound8k_audio/04989_engine_idling.wav,4989,195451-5-0-7.wav,195451,5,engine_idling,3
/scratch/pdoshi/audio_comp/urbansound8k_audio/04990_engine_idling.wav,4990,195451-5-0-8.wav,195451,5,engine_idling,3
/scratch/pdoshi/audio_comp/urbansound8k_audio/04991_engine_idling.wav,4991,195451-5-0-9.wav,195451,5,engine_idling,3
/scratch/pdoshi/audio_comp/urbansound8k_audio/04992_air_conditioner.wav,4992,195969-0-0-1.wav,195969,0,air_conditioner,4
/scratch/pdoshi/audio_comp/urbansound8k_audio/04993_air_conditioner.wav,4993,195969-0-0-10.wav,195969,0,air_conditioner,4
/scratch/pdoshi/audio_comp/urbansound8k_audio/04994_air_conditioner.wav,4994,195969-0-0-12.wav,195969,0,air_conditioner,4
/scratch/pdoshi/audio_comp/urbansound8k_audio/04995_air_conditioner.wav,4995,195969-0-0-13.wav,195969,0,air_conditioner,4
/scratch/pdoshi/audio_comp/urbansound8k_audio/04996_air_conditioner.wav,4996,195969-0-0-14.wav,195969,0,air_conditioner,4
/scratch/pdoshi/audio_comp/urbansound8k_audio/04997_air_conditioner.wav,4997,195969-0-0-15.wav,195969,0,air_conditioner,4
/scratch/pdoshi/audio_comp/urbansound8k_audio/04998_air_conditioner.wav,4998,195969-0-0-17.wav,195969,0,air_conditioner,4
/scratch/pdoshi/audio_comp/urbansound8k_audio/04999_air_conditioner.wav,4999,195969-0-0-18.wav,195969,0,air_conditioner,4
/scratch/pdoshi/audio_comp/urbansound8k_audio/05000_air_conditioner.wav,5000,195969-0-0-19.wav,195969,0,air_conditioner,4
/scratch/pdoshi/audio_comp/urbansound8k_audio/05001_air_conditioner.wav,5001,195969-0-0-2.wav,195969,0,air_conditioner,4
/scratch/pdoshi/audio_comp/urbansound8k_audio/05002_air_conditioner.wav,5002,195969-0-0-20.wav,195969,0,air_conditioner,4
/scratch/pdoshi/audio_comp/urbansound8k_audio/05003_air_conditioner.wav,5003,195969-0-0-21.wav,195969,0,air_conditioner,4
/scratch/pdoshi/audio_comp/urbansound8k_audio/05004_air_conditioner.wav,5004,195969-0-0-22.wav,195969,0,air_conditioner,4
/scratch/pdoshi/audio_comp/urbansound8k_audio/05005_air_conditioner.wav,5005,195969-0-0-24.wav,195969,0,air_conditioner,4
/scratch/pdoshi/audio_comp/urbansound8k_audio/05006_air_conditioner.wav,5006,195969-0-0-25.wav,195969,0,air_conditioner,4
/scratch/pdoshi/audio_comp/urbansound8k_audio/05007_air_conditioner.wav,5007,195969-0-0-26.wav,195969,0,air_conditioner,4
/scratch/pdoshi/audio_comp/urbansound8k_audio/05008_air_conditioner.wav,5008,195969-0-0-28.wav,195969,0,air_conditioner,4
/scratch/pdoshi/audio_comp/urbansound8k_audio/05009_air_conditioner.wav,5009,195969-0-0-4.wav,195969,0,air_conditioner,4
/scratch/pdoshi/audio_comp/urbansound8k_audio/05010_air_conditioner.wav,5010,195969-0-0-5.wav,195969,0,air_conditioner,4
/scratch/pdoshi/audio_comp/urbansound8k_audio/05011_air_conditioner.wav,5011,195969-0-0-6.wav,195969,0,air_conditioner,4
/scratch/pdoshi/audio_comp/urbansound8k_audio/05012_air_conditioner.wav,5012,195969-0-0-7.wav,195969,0,air_conditioner,4
/scratch/pdoshi/audio_comp/urbansound8k_audio/05013_air_conditioner.wav,5013,195969-0-0-8.wav,195969,0,air_conditioner,4
/scratch/pdoshi/audio_comp/urbansound8k_audio/05014_air_conditioner.wav,5014,195969-0-0-9.wav,195969,0,air_conditioner,4
/scratch/pdoshi/audio_comp/urbansound8k_audio/05015_children_playing.wav,5015,196057-2-0-0.wav,196057,2,children_playing,8
/scratch/pdoshi/audio_comp/urbansound8k_audio/05016_children_playing.wav,5016,196058-2-0-0.wav,196058,2,children_playing,9
/scratch/pdoshi/audio_comp/urbansound8k_audio/05017_children_playing.wav,5017,196059-2-0-0.wav,196059,2,children_playing,7
/scratch/pdoshi/audio_comp/urbansound8k_audio/05018_children_playing.wav,5018,196059-2-0-1.wav,196059,2,children_playing,7
/scratch/pdoshi/audio_comp/urbansound8k_audio/05019_children_playing.wav,5019,196060-2-0-0.wav,196060,2,children_playing,3
/scratch/pdoshi/audio_comp/urbansound8k_audio/05020_children_playing.wav,5020,196061-2-0-0.wav,196061,2,children_playing,4
/scratch/pdoshi/audio_comp/urbansound8k_audio/05021_children_playing.wav,5021,196062-2-0-0.wav,196062,2,children_playing,5
/scratch/pdoshi/audio_comp/urbansound8k_audio/05022_children_playing.wav,5022,196063-2-0-0.wav,196063,2,children_playing,2
/scratch/pdoshi/audio_comp/urbansound8k_audio/05023_children_playing.wav,5023,196063-2-0-1.wav,196063,2,children_playing,2
/scratch/pdoshi/audio_comp/urbansound8k_audio/05024_children_playing.wav,5024,196063-2-0-2.wav,196063,2,children_playing,2
/scratch/pdoshi/audio_comp/urbansound8k_audio/05025_children_playing.wav,5025,196064-2-0-0.wav,196064,2,children_playing,7
/scratch/pdoshi/audio_comp/urbansound8k_audio/05026_children_playing.wav,5026,196065-2-0-0.wav,196065,2,children_playing,1
/scratch/pdoshi/audio_comp/urbansound8k_audio/05027_children_playing.wav,5027,196066-2-0-0.wav,196066,2,children_playing,9
/scratch/pdoshi/audio_comp/urbansound8k_audio/05028_children_playing.wav,5028,196066-2-0-1.wav,196066,2,children_playing,9
/scratch/pdoshi/audio_comp/urbansound8k_audio/05029_children_playing.wav,5029,196067-2-0-0.wav,196067,2,children_playing,2
/scratch/pdoshi/audio_comp/urbansound8k_audio/05030_children_playing.wav,5030,196068-2-0-0.wav,196068,2,children_playing,8
/scratch/pdoshi/audio_comp/urbansound8k_audio/05031_children_playing.wav,5031,196068-2-0-1.wav,196068,2,children_playing,8
/scratch/pdoshi/audio_comp/urbansound8k_audio/05032_children_playing.wav,5032,196069-2-0-0.wav,196069,2,children_playing,10
/scratch/pdoshi/audio_comp/urbansound8k_audio/05033_children_playing.wav,5033,196070-2-0-0.wav,196070,2,children_playing,7
/scratch/pdoshi/audio_comp/urbansound8k_audio/05034_children_playing.wav,5034,196070-2-0-1.wav,196070,2,children_playing,7
/scratch/pdoshi/audio_comp/urbansound8k_audio/05035_children_playing.wav,5035,196070-2-0-2.wav,196070,2,children_playing,7
/scratch/pdoshi/audio_comp/urbansound8k_audio/05036_children_playing.wav,5036,196070-2-0-3.wav,196070,2,children_playing,7
/scratch/pdoshi/audio_comp/urbansound8k_audio/05037_children_playing.wav,5037,196070-2-0-4.wav,196070,2,children_playing,7
/scratch/pdoshi/audio_comp/urbansound8k_audio/05038_children_playing.wav,5038,196070-2-0-5.wav,196070,2,children_playing,7
/scratch/pdoshi/audio_comp/urbansound8k_audio/05039_children_playing.wav,5039,196071-2-0-0.wav,196071,2,children_playing,5
/scratch/pdoshi/audio_comp/urbansound8k_audio/05040_children_playing.wav,5040,196072-2-0-0.wav,196072,2,children_playing,4
/scratch/pdoshi/audio_comp/urbansound8k_audio/05041_children_playing.wav,5041,196073-2-0-0.wav,196073,2,children_playing,3
/scratch/pdoshi/audio_comp/urbansound8k_audio/05042_children_playing.wav,5042,196074-2-0-0.wav,196074,2,children_playing,8
/scratch/pdoshi/audio_comp/urbansound8k_audio/05043_children_playing.wav,5043,196075-2-0-0.wav,196075,2,children_playing,7
/scratch/pdoshi/audio_comp/urbansound8k_audio/05044_children_playing.wav,5044,196076-2-0-0.wav,196076,2,children_playing,6
/scratch/pdoshi/audio_comp/urbansound8k_audio/05045_children_playing.wav,5045,196077-2-0-0.wav,196077,2,children_playing,6
/scratch/pdoshi/audio_comp/urbansound8k_audio/05046_children_playing.wav,5046,196077-2-0-1.wav,196077,2,children_playing,6
/scratch/pdoshi/audio_comp/urbansound8k_audio/05047_children_playing.wav,5047,196078-2-0-0.wav,196078,2,children_playing,2
/scratch/pdoshi/audio_comp/urbansound8k_audio/05048_children_playing.wav,5048,196079-2-0-0.wav,196079,2,children_playing,1
/scratch/pdoshi/audio_comp/urbansound8k_audio/05049_children_playing.wav,5049,196080-2-0-0.wav,196080,2,children_playing,4
/scratch/pdoshi/audio_comp/urbansound8k_audio/05050_children_playing.wav,5050,196081-2-0-0.wav,196081,2,children_playing,5
/scratch/pdoshi/audio_comp/urbansound8k_audio/05051_children_playing.wav,5051,196082-2-0-0.wav,196082,2,children_playing,2
/scratch/pdoshi/audio_comp/urbansound8k_audio/05052_children_playing.wav,5052,196083-2-0-0.wav,196083,2,children_playing,3
/scratch/pdoshi/audio_comp/urbansound8k_audio/05053_children_playing.wav,5053,196084-2-0-0.wav,196084,2,children_playing,10
/scratch/pdoshi/audio_comp/urbansound8k_audio/05054_children_playing.wav,5054,196084-2-0-1.wav,196084,2,children_playing,10
/scratch/pdoshi/audio_comp/urbansound8k_audio/05055_children_playing.wav,5055,196084-2-0-2.wav,196084,2,children_playing,10
/scratch/pdoshi/audio_comp/urbansound8k_audio/05056_children_playing.wav,5056,196085-2-0-0.wav,196085,2,children_playing,5
/scratch/pdoshi/audio_comp/urbansound8k_audio/05057_children_playing.wav,5057,196085-2-0-1.wav,196085,2,children_playing,5
/scratch/pdoshi/audio_comp/urbansound8k_audio/05058_children_playing.wav,5058,196085-2-0-2.wav,196085,2,children_playing,5
/scratch/pdoshi/audio_comp/urbansound8k_audio/05059_children_playing.wav,5059,196085-2-0-3.wav,196085,2,children_playing,5
/scratch/pdoshi/audio_comp/urbansound8k_audio/05060_children_playing.wav,5060,196085-2-0-4.wav,196085,2,children_playing,5
/scratch/pdoshi/audio_comp/urbansound8k_audio/05061_children_playing.wav,5061,196086-2-0-0.wav,196086,2,children_playing,10
/scratch/pdoshi/audio_comp/urbansound8k_audio/05062_children_playing.wav,5062,196087-2-0-0.wav,196087,2,children_playing,1
/scratch/pdoshi/audio_comp/urbansound8k_audio/05063_children_playing.wav,5063,196088-2-0-0.wav,196088,2,children_playing,6
/scratch/pdoshi/audio_comp/urbansound8k_audio/05064_dog_bark.wav,5064,196127-3-0-0.wav,196127,3,dog_bark,10
/scratch/pdoshi/audio_comp/urbansound8k_audio/05065_dog_bark.wav,5065,196127-3-0-1.wav,196127,3,dog_bark,10
/scratch/pdoshi/audio_comp/urbansound8k_audio/05066_dog_bark.wav,5066,196127-3-0-3.wav,196127,3,dog_bark,10
/scratch/pdoshi/audio_comp/urbansound8k_audio/05067_dog_bark.wav,5067,196127-3-0-4.wav,196127,3,dog_bark,10
/scratch/pdoshi/audio_comp/urbansound8k_audio/05068_street_music.wav,5068,196384-9-0-11.wav,196384,9,street_music,2
/scratch/pdoshi/audio_comp/urbansound8k_audio/05069_street_music.wav,5069,196384-9-0-15.wav,196384,9,street_music,2
/scratch/pdoshi/audio_comp/urbansound8k_audio/05070_street_music.wav,5070,196384-9-0-16.wav,196384,9,street_music,2
/scratch/pdoshi/audio_comp/urbansound8k_audio/05071_street_music.wav,5071,196384-9-0-18.wav,196384,9,street_music,2
/scratch/pdoshi/audio_comp/urbansound8k_audio/05072_street_music.wav,5072,196384-9-0-2.wav,196384,9,street_music,2
/scratch/pdoshi/audio_comp/urbansound8k_audio/05073_street_music.wav,5073,196384-9-0-27.wav,196384,9,street_music,2
/scratch/pdoshi/audio_comp/urbansound8k_audio/05074_gun_shot.wav,5074,196400-6-0-0.wav,196400,6,gun_shot,1
/scratch/pdoshi/audio_comp/urbansound8k_audio/05075_dog_bark.wav,5075,196561-3-0-16.wav,196561,3,dog_bark,8
/scratch/pdoshi/audio_comp/urbansound8k_audio/05076_dog_bark.wav,5076,196561-3-0-29.wav,196561,3,dog_bark,8
/scratch/pdoshi/audio_comp/urbansound8k_audio/05077_dog_bark.wav,5077,196561-3-0-44.wav,196561,3,dog_bark,8
/scratch/pdoshi/audio_comp/urbansound8k_audio/05078_dog_bark.wav,5078,196561-3-0-9.wav,196561,3,dog_bark,8
/scratch/pdoshi/audio_comp/urbansound8k_audio/05079_dog_bark.wav,5079,197073-3-0-0.wav,197073,3,dog_bark,1
/scratch/pdoshi/audio_comp/urbansound8k_audio/05080_dog_bark.wav,5080,197073-3-3-0.wav,197073,3,dog_bark,1
/scratch/pdoshi/audio_comp/urbansound8k_audio/05081_dog_bark.wav,5081,197073-3-4-3.wav,197073,3,dog_bark,1
/scratch/pdoshi/audio_comp/urbansound8k_audio/05082_dog_bark.wav,5082,197073-3-7-0.wav,197073,3,dog_bark,1
/scratch/pdoshi/audio_comp/urbansound8k_audio/05083_dog_bark.wav,5083,197074-3-0-4.wav,197074,3,dog_bark,3
/scratch/pdoshi/audio_comp/urbansound8k_audio/05084_dog_bark.wav,5084,197074-3-0-5.wav,197074,3,dog_bark,3
/scratch/pdoshi/audio_comp/urbansound8k_audio/05085_dog_bark.wav,5085,197074-3-0-6.wav,197074,3,dog_bark,3
/scratch/pdoshi/audio_comp/urbansound8k_audio/05086_dog_bark.wav,5086,197075-3-1-1.wav,197075,3,dog_bark,6
/scratch/pdoshi/audio_comp/urbansound8k_audio/05087_dog_bark.wav,5087,197075-3-4-1.wav,197075,3,dog_bark,6
/scratch/pdoshi/audio_comp/urbansound8k_audio/05088_dog_bark.wav,5088,197075-3-6-0.wav,197075,3,dog_bark,6
/scratch/pdoshi/audio_comp/urbansound8k_audio/05089_dog_bark.wav,5089,197075-3-7-5.wav,197075,3,dog_bark,6
/scratch/pdoshi/audio_comp/urbansound8k_audio/05090_dog_bark.wav,5090,197080-3-0-1.wav,197080,3,dog_bark,7
/scratch/pdoshi/audio_comp/urbansound8k_audio/05091_dog_bark.wav,5091,197080-3-0-6.wav,197080,3,dog_bark,7
/scratch/pdoshi/audio_comp/urbansound8k_audio/05092_dog_bark.wav,5092,197080-3-0-7.wav,197080,3,dog_bark,7
/scratch/pdoshi/audio_comp/urbansound8k_audio/05093_dog_bark.wav,5093,197080-3-1-0.wav,197080,3,dog_bark,7
/scratch/pdoshi/audio_comp/urbansound8k_audio/05094_dog_bark.wav,5094,197243-3-0-0.wav,197243,3,dog_bark,5
/scratch/pdoshi/audio_comp/urbansound8k_audio/05095_dog_bark.wav,5095,197243-3-1-0.wav,197243,3,dog_bark,5
/scratch/pdoshi/audio_comp/urbansound8k_audio/05096_gun_shot.wav,5096,197318-6-0-0.wav,197318,6,gun_shot,1
/scratch/pdoshi/audio_comp/urbansound8k_audio/05097_gun_shot.wav,5097,197318-6-1-0.wav,197318,6,gun_shot,1
/scratch/pdoshi/audio_comp/urbansound8k_audio/05098_gun_shot.wav,5098,197318-6-10-0.wav,197318,6,gun_shot,1
/scratch/pdoshi/audio_comp/urbansound8k_audio/05099_gun_shot.wav,5099,197318-6-11-0.wav,197318,6,gun_shot,1
/scratch/pdoshi/audio_comp/urbansound8k_audio/05100_gun_shot.wav,5100,197318-6-12-0.wav,197318,6,gun_shot,1
/scratch/pdoshi/audio_comp/urbansound8k_audio/05101_gun_shot.wav,5101,197318-6-2-0.wav,197318,6,gun_shot,1
/scratch/pdoshi/audio_comp/urbansound8k_audio/05102_gun_shot.wav,5102,197318-6-3-0.wav,197318,6,gun_shot,1
/scratch/pdoshi/audio_comp/urbansound8k_audio/05103_gun_shot.wav,5103,197318-6-4-0.wav,197318,6,gun_shot,1
/scratch/pdoshi/audio_comp/urbansound8k_audio/05104_gun_shot.wav,5104,197318-6-5-0.wav,197318,6,gun_shot,1
/scratch/pdoshi/audio_comp/urbansound8k_audio/05105_gun_shot.wav,5105,197318-6-6-0.wav,197318,6,gun_shot,1
/scratch/pdoshi/audio_comp/urbansound8k_audio/05106_gun_shot.wav,5106,197318-6-7-0.wav,197318,6,gun_shot,1
/scratch/pdoshi/audio_comp/urbansound8k_audio/05107_gun_shot.wav,5107,197318-6-8-0.wav,197318,6,gun_shot,1
/scratch/pdoshi/audio_comp/urbansound8k_audio/05108_gun_shot.wav,5108,197318-6-9-0.wav,197318,6,gun_shot,1
/scratch/pdoshi/audio_comp/urbansound8k_audio/05109_gun_shot.wav,5109,197320-6-0-0.wav,197320,6,gun_shot,2
/scratch/pdoshi/audio_comp/urbansound8k_audio/05110_gun_shot.wav,5110,197320-6-1-0.wav,197320,6,gun_shot,2
/scratch/pdoshi/audio_comp/urbansound8k_audio/05111_gun_shot.wav,5111,197320-6-10-0.wav,197320,6,gun_shot,2
/scratch/pdoshi/audio_comp/urbansound8k_audio/05112_gun_shot.wav,5112,197320-6-11-0.wav,197320,6,gun_shot,2
/scratch/pdoshi/audio_comp/urbansound8k_audio/05113_gun_shot.wav,5113,197320-6-12-0.wav,197320,6,gun_shot,2
/scratch/pdoshi/audio_comp/urbansound8k_audio/05114_gun_shot.wav,5114,197320-6-2-0.wav,197320,6,gun_shot,2
/scratch/pdoshi/audio_comp/urbansound8k_audio/05115_gun_shot.wav,5115,197320-6-3-0.wav,197320,6,gun_shot,2
/scratch/pdoshi/audio_comp/urbansound8k_audio/05116_gun_shot.wav,5116,197320-6-4-0.wav,197320,6,gun_shot,2
/scratch/pdoshi/audio_comp/urbansound8k_audio/05117_gun_shot.wav,5117,197320-6-5-0.wav,197320,6,gun_shot,2
/scratch/pdoshi/audio_comp/urbansound8k_audio/05118_gun_shot.wav,5118,197320-6-6-0.wav,197320,6,gun_shot,2
/scratch/pdoshi/audio_comp/urbansound8k_audio/05119_gun_shot.wav,5119,197320-6-7-0.wav,197320,6,gun_shot,2
/scratch/pdoshi/audio_comp/urbansound8k_audio/05120_gun_shot.wav,5120,197320-6-8-0.wav,197320,6,gun_shot,2
/scratch/pdoshi/audio_comp/urbansound8k_audio/05121_gun_shot.wav,5121,197320-6-9-0.wav,197320,6,gun_shot,2
/scratch/pdoshi/audio_comp/urbansound8k_audio/05122_children_playing.wav,5122,197554-2-0-23.wav,197554,2,children_playing,10
/scratch/pdoshi/audio_comp/urbansound8k_audio/05123_children_playing.wav,5123,197554-2-0-26.wav,197554,2,children_playing,10
/scratch/pdoshi/audio_comp/urbansound8k_audio/05124_children_playing.wav,5124,197554-2-0-28.wav,197554,2,children_playing,10
/scratch/pdoshi/audio_comp/urbansound8k_audio/05125_children_playing.wav,5125,197554-2-0-3.wav,197554,2,children_playing,10
/scratch/pdoshi/audio_comp/urbansound8k_audio/05126_children_playing.wav,5126,197554-2-0-60.wav,197554,2,children_playing,10
/scratch/pdoshi/audio_comp/urbansound8k_audio/05127_children_playing.wav,5127,197554-2-0-69.wav,197554,2,children_playing,10
/scratch/pdoshi/audio_comp/urbansound8k_audio/05128_children_playing.wav,5128,197554-2-0-74.wav,197554,2,children_playing,10
/scratch/pdoshi/audio_comp/urbansound8k_audio/05129_children_playing.wav,5129,197554-2-0-82.wav,197554,2,children_playing,10
/scratch/pdoshi/audio_comp/urbansound8k_audio/05130_dog_bark.wav,5130,199261-3-0-0.wav,199261,3,dog_bark,10
/scratch/pdoshi/audio_comp/urbansound8k_audio/05131_dog_bark.wav,5131,199261-3-0-1.wav,199261,3,dog_bark,10
/scratch/pdoshi/audio_comp/urbansound8k_audio/05132_dog_bark.wav,5132,199261-3-0-2.wav,199261,3,dog_bark,10
/scratch/pdoshi/audio_comp/urbansound8k_audio/05133_dog_bark.wav,5133,199261-3-0-4.wav,199261,3,dog_bark,10
/scratch/pdoshi/audio_comp/urbansound8k_audio/05134_car_horn.wav,5134,199769-1-0-0.wav,199769,1,car_horn,3
/scratch/pdoshi/audio_comp/urbansound8k_audio/05135_car_horn.wav,5135,199769-1-0-1.wav,199769,1,car_horn,3
/scratch/pdoshi/audio_comp/urbansound8k_audio/05136_car_horn.wav,5136,199769-1-0-10.wav,199769,1,car_horn,3
/scratch/pdoshi/audio_comp/urbansound8k_audio/05137_car_horn.wav,5137,199769-1-0-11.wav,199769,1,car_horn,3
/scratch/pdoshi/audio_comp/urbansound8k_audio/05138_car_horn.wav,5138,199769-1-0-12.wav,199769,1,car_horn,3
/scratch/pdoshi/audio_comp/urbansound8k_audio/05139_car_horn.wav,5139,199769-1-0-13.wav,199769,1,car_horn,3
/scratch/pdoshi/audio_comp/urbansound8k_audio/05140_car_horn.wav,5140,199769-1-0-14.wav,199769,1,car_horn,3
/scratch/pdoshi/audio_comp/urbansound8k_audio/05141_car_horn.wav,5141,199769-1-0-15.wav,199769,1,car_horn,3
/scratch/pdoshi/audio_comp/urbansound8k_audio/05142_car_horn.wav,5142,199769-1-0-16.wav,199769,1,car_horn,3
/scratch/pdoshi/audio_comp/urbansound8k_audio/05143_car_horn.wav,5143,199769-1-0-17.wav,199769,1,car_horn,3
/scratch/pdoshi/audio_comp/urbansound8k_audio/05144_car_horn.wav,5144,199769-1-0-18.wav,199769,1,car_horn,3
/scratch/pdoshi/audio_comp/urbansound8k_audio/05145_car_horn.wav,5145,199769-1-0-2.wav,199769,1,car_horn,3
/scratch/pdoshi/audio_comp/urbansound8k_audio/05146_car_horn.wav,5146,199769-1-0-3.wav,199769,1,car_horn,3
/scratch/pdoshi/audio_comp/urbansound8k_audio/05147_car_horn.wav,5147,199769-1-0-4.wav,199769,1,car_horn,3
/scratch/pdoshi/audio_comp/urbansound8k_audio/05148_car_horn.wav,5148,199769-1-0-5.wav,199769,1,car_horn,3
/scratch/pdoshi/audio_comp/urbansound8k_audio/05149_car_horn.wav,5149,199769-1-0-6.wav,199769,1,car_horn,3
/scratch/pdoshi/audio_comp/urbansound8k_audio/05150_car_horn.wav,5150,199769-1-0-7.wav,199769,1,car_horn,3
/scratch/pdoshi/audio_comp/urbansound8k_audio/05151_car_horn.wav,5151,199769-1-0-8.wav,199769,1,car_horn,3
/scratch/pdoshi/audio_comp/urbansound8k_audio/05152_car_horn.wav,5152,199769-1-0-9.wav,199769,1,car_horn,3
/scratch/pdoshi/audio_comp/urbansound8k_audio/05153_drilling.wav,5153,199929-4-0-0.wav,199929,4,drilling,4
/scratch/pdoshi/audio_comp/urbansound8k_audio/05154_drilling.wav,5154,199929-4-1-0.wav,199929,4,drilling,4
/scratch/pdoshi/audio_comp/urbansound8k_audio/05155_drilling.wav,5155,199929-4-2-0.wav,199929,4,drilling,4
/scratch/pdoshi/audio_comp/urbansound8k_audio/05156_dog_bark.wav,5156,20015-3-0-12.wav,20015,3,dog_bark,5
/scratch/pdoshi/audio_comp/urbansound8k_audio/05157_dog_bark.wav,5157,20015-3-0-14.wav,20015,3,dog_bark,5
/scratch/pdoshi/audio_comp/urbansound8k_audio/05158_dog_bark.wav,5158,20015-3-0-19.wav,20015,3,dog_bark,5
/scratch/pdoshi/audio_comp/urbansound8k_audio/05159_dog_bark.wav,5159,20015-3-0-4.wav,20015,3,dog_bark,5
/scratch/pdoshi/audio_comp/urbansound8k_audio/05160_dog_bark.wav,5160,200161-3-6-0.wav,200161,3,dog_bark,3
/scratch/pdoshi/audio_comp/urbansound8k_audio/05161_dog_bark.wav,5161,200161-3-6-3.wav,200161,3,dog_bark,3
/scratch/pdoshi/audio_comp/urbansound8k_audio/05162_dog_bark.wav,5162,200161-3-6-4.wav,200161,3,dog_bark,3
/scratch/pdoshi/audio_comp/urbansound8k_audio/05163_dog_bark.wav,5163,200161-3-7-0.wav,200161,3,dog_bark,3
/scratch/pdoshi/audio_comp/urbansound8k_audio/05164_gun_shot.wav,5164,200460-6-0-0.wav,200460,6,gun_shot,10
/scratch/pdoshi/audio_comp/urbansound8k_audio/05165_gun_shot.wav,5165,200460-6-1-0.wav,200460,6,gun_shot,10
/scratch/pdoshi/audio_comp/urbansound8k_audio/05166_gun_shot.wav,5166,200460-6-2-0.wav,200460,6,gun_shot,10
/scratch/pdoshi/audio_comp/urbansound8k_audio/05167_gun_shot.wav,5167,200460-6-3-0.wav,200460,6,gun_shot,10
/scratch/pdoshi/audio_comp/urbansound8k_audio/05168_gun_shot.wav,5168,200460-6-4-0.wav,200460,6,gun_shot,10
/scratch/pdoshi/audio_comp/urbansound8k_audio/05169_gun_shot.wav,5169,200460-6-5-0.wav,200460,6,gun_shot,10
/scratch/pdoshi/audio_comp/urbansound8k_audio/05170_engine_idling.wav,5170,200786-5-0-0.wav,200786,5,engine_idling,10
/scratch/pdoshi/audio_comp/urbansound8k_audio/05171_engine_idling.wav,5171,200786-5-1-0.wav,200786,5,engine_idling,10
/scratch/pdoshi/audio_comp/urbansound8k_audio/05172_engine_idling.wav,5172,200786-5-1-1.wav,200786,5,engine_idling,10
/scratch/pdoshi/audio_comp/urbansound8k_audio/05173_engine_idling.wav,5173,200786-5-1-2.wav,200786,5,engine_idling,10
/scratch/pdoshi/audio_comp/urbansound8k_audio/05174_engine_idling.wav,5174,200786-5-1-3.wav,200786,5,engine_idling,10
/scratch/pdoshi/audio_comp/urbansound8k_audio/05175_engine_idling.wav,5175,200786-5-1-4.wav,200786,5,engine_idling,10
/scratch/pdoshi/audio_comp/urbansound8k_audio/05176_engine_idling.wav,5176,200786-5-1-5.wav,200786,5,engine_idling,10
/scratch/pdoshi/audio_comp/urbansound8k_audio/05177_dog_bark.wav,5177,201207-3-0-0.wav,201207,3,dog_bark,4
/scratch/pdoshi/audio_comp/urbansound8k_audio/05178_dog_bark.wav,5178,201207-3-13-0.wav,201207,3,dog_bark,4
/scratch/pdoshi/audio_comp/urbansound8k_audio/05179_dog_bark.wav,5179,201207-3-21-0.wav,201207,3,dog_bark,4
/scratch/pdoshi/audio_comp/urbansound8k_audio/05180_dog_bark.wav,5180,201207-3-29-0.wav,201207,3,dog_bark,4
/scratch/pdoshi/audio_comp/urbansound8k_audio/05181_engine_idling.wav,5181,201652-5-0-0.wav,201652,5,engine_idling,2
/scratch/pdoshi/audio_comp/urbansound8k_audio/05182_engine_idling.wav,5182,201652-5-0-1.wav,201652,5,engine_idling,2
/scratch/pdoshi/audio_comp/urbansound8k_audio/05183_engine_idling.wav,5183,201652-5-0-2.wav,201652,5,engine_idling,2
/scratch/pdoshi/audio_comp/urbansound8k_audio/05184_engine_idling.wav,5184,201652-5-0-3.wav,201652,5,engine_idling,2
/scratch/pdoshi/audio_comp/urbansound8k_audio/05185_engine_idling.wav,5185,201652-5-1-0.wav,201652,5,engine_idling,2
/scratch/pdoshi/audio_comp/urbansound8k_audio/05186_engine_idling.wav,5186,201652-5-2-0.wav,201652,5,engine_idling,2
/scratch/pdoshi/audio_comp/urbansound8k_audio/05187_engine_idling.wav,5187,201652-5-2-1.wav,201652,5,engine_idling,2
/scratch/pdoshi/audio_comp/urbansound8k_audio/05188_engine_idling.wav,5188,201652-5-2-2.wav,201652,5,engine_idling,2
/scratch/pdoshi/audio_comp/urbansound8k_audio/05189_engine_idling.wav,5189,201652-5-2-3.wav,201652,5,engine_idling,2
/scratch/pdoshi/audio_comp/urbansound8k_audio/05190_engine_idling.wav,5190,201652-5-2-4.wav,201652,5,engine_idling,2
/scratch/pdoshi/audio_comp/urbansound8k_audio/05191_engine_idling.wav,5191,201652-5-2-5.wav,201652,5,engine_idling,2
/scratch/pdoshi/audio_comp/urbansound8k_audio/05192_engine_idling.wav,5192,201652-5-3-0.wav,201652,5,engine_idling,2
/scratch/pdoshi/audio_comp/urbansound8k_audio/05193_engine_idling.wav,5193,201652-5-3-1.wav,201652,5,engine_idling,2
/scratch/pdoshi/audio_comp/urbansound8k_audio/05194_engine_idling.wav,5194,201652-5-3-2.wav,201652,5,engine_idling,2
/scratch/pdoshi/audio_comp/urbansound8k_audio/05195_engine_idling.wav,5195,201652-5-3-3.wav,201652,5,engine_idling,2
/scratch/pdoshi/audio_comp/urbansound8k_audio/05196_engine_idling.wav,5196,201652-5-3-4.wav,201652,5,engine_idling,2
/scratch/pdoshi/audio_comp/urbansound8k_audio/05197_engine_idling.wav,5197,201652-5-4-0.wav,201652,5,engine_idling,2
/scratch/pdoshi/audio_comp/urbansound8k_audio/05198_engine_idling.wav,5198,201652-5-4-1.wav,201652,5,engine_idling,2
/scratch/pdoshi/audio_comp/urbansound8k_audio/05199_engine_idling.wav,5199,201652-5-4-2.wav,201652,5,engine_idling,2
/scratch/pdoshi/audio_comp/urbansound8k_audio/05200_engine_idling.wav,5200,201652-5-4-3.wav,201652,5,engine_idling,2
/scratch/pdoshi/audio_comp/urbansound8k_audio/05201_engine_idling.wav,5201,201652-5-4-4.wav,201652,5,engine_idling,2
/scratch/pdoshi/audio_comp/urbansound8k_audio/05202_engine_idling.wav,5202,201652-5-4-5.wav,201652,5,engine_idling,2
/scratch/pdoshi/audio_comp/urbansound8k_audio/05203_engine_idling.wav,5203,201652-5-4-6.wav,201652,5,engine_idling,2
/scratch/pdoshi/audio_comp/urbansound8k_audio/05204_engine_idling.wav,5204,201652-5-4-7.wav,201652,5,engine_idling,2
/scratch/pdoshi/audio_comp/urbansound8k_audio/05205_engine_idling.wav,5205,201652-5-4-8.wav,201652,5,engine_idling,2
/scratch/pdoshi/audio_comp/urbansound8k_audio/05206_engine_idling.wav,5206,201652-5-4-9.wav,201652,5,engine_idling,2
/scratch/pdoshi/audio_comp/urbansound8k_audio/05207_engine_idling.wav,5207,201652-5-5-0.wav,201652,5,engine_idling,2
/scratch/pdoshi/audio_comp/urbansound8k_audio/05208_engine_idling.wav,5208,201652-5-5-1.wav,201652,5,engine_idling,2
/scratch/pdoshi/audio_comp/urbansound8k_audio/05209_engine_idling.wav,5209,201652-5-5-2.wav,201652,5,engine_idling,2
/scratch/pdoshi/audio_comp/urbansound8k_audio/05210_engine_idling.wav,5210,201652-5-5-3.wav,201652,5,engine_idling,2
/scratch/pdoshi/audio_comp/urbansound8k_audio/05211_engine_idling.wav,5211,201652-5-5-4.wav,201652,5,engine_idling,2
/scratch/pdoshi/audio_comp/urbansound8k_audio/05212_engine_idling.wav,5212,201652-5-5-5.wav,201652,5,engine_idling,2
/scratch/pdoshi/audio_comp/urbansound8k_audio/05213_engine_idling.wav,5213,201988-5-0-0.wav,201988,5,engine_idling,7
/scratch/pdoshi/audio_comp/urbansound8k_audio/05214_engine_idling.wav,5214,201988-5-0-1.wav,201988,5,engine_idling,7
/scratch/pdoshi/audio_comp/urbansound8k_audio/05215_engine_idling.wav,5215,201988-5-0-10.wav,201988,5,engine_idling,7
/scratch/pdoshi/audio_comp/urbansound8k_audio/05216_engine_idling.wav,5216,201988-5-0-11.wav,201988,5,engine_idling,7
/scratch/pdoshi/audio_comp/urbansound8k_audio/05217_engine_idling.wav,5217,201988-5-0-12.wav,201988,5,engine_idling,7
/scratch/pdoshi/audio_comp/urbansound8k_audio/05218_engine_idling.wav,5218,201988-5-0-13.wav,201988,5,engine_idling,7
/scratch/pdoshi/audio_comp/urbansound8k_audio/05219_engine_idling.wav,5219,201988-5-0-14.wav,201988,5,engine_idling,7
/scratch/pdoshi/audio_comp/urbansound8k_audio/05220_engine_idling.wav,5220,201988-5-0-15.wav,201988,5,engine_idling,7
/scratch/pdoshi/audio_comp/urbansound8k_audio/05221_engine_idling.wav,5221,201988-5-0-16.wav,201988,5,engine_idling,7
/scratch/pdoshi/audio_comp/urbansound8k_audio/05222_engine_idling.wav,5222,201988-5-0-17.wav,201988,5,engine_idling,7
/scratch/pdoshi/audio_comp/urbansound8k_audio/05223_engine_idling.wav,5223,201988-5-0-18.wav,201988,5,engine_idling,7
/scratch/pdoshi/audio_comp/urbansound8k_audio/05224_engine_idling.wav,5224,201988-5-0-19.wav,201988,5,engine_idling,7
/scratch/pdoshi/audio_comp/urbansound8k_audio/05225_engine_idling.wav,5225,201988-5-0-2.wav,201988,5,engine_idling,7
/scratch/pdoshi/audio_comp/urbansound8k_audio/05226_engine_idling.wav,5226,201988-5-0-20.wav,201988,5,engine_idling,7
/scratch/pdoshi/audio_comp/urbansound8k_audio/05227_engine_idling.wav,5227,201988-5-0-21.wav,201988,5,engine_idling,7
/scratch/pdoshi/audio_comp/urbansound8k_audio/05228_engine_idling.wav,5228,201988-5-0-22.wav,201988,5,engine_idling,7
/scratch/pdoshi/audio_comp/urbansound8k_audio/05229_engine_idling.wav,5229,201988-5-0-3.wav,201988,5,engine_idling,7
/scratch/pdoshi/audio_comp/urbansound8k_audio/05230_engine_idling.wav,5230,201988-5-0-4.wav,201988,5,engine_idling,7
/scratch/pdoshi/audio_comp/urbansound8k_audio/05231_engine_idling.wav,5231,201988-5-0-5.wav,201988,5,engine_idling,7
/scratch/pdoshi/audio_comp/urbansound8k_audio/05232_engine_idling.wav,5232,201988-5-0-6.wav,201988,5,engine_idling,7
/scratch/pdoshi/audio_comp/urbansound8k_audio/05233_engine_idling.wav,5233,201988-5-0-7.wav,201988,5,engine_idling,7
/scratch/pdoshi/audio_comp/urbansound8k_audio/05234_engine_idling.wav,5234,201988-5-0-8.wav,201988,5,engine_idling,7
/scratch/pdoshi/audio_comp/urbansound8k_audio/05235_engine_idling.wav,5235,201988-5-0-9.wav,201988,5,engine_idling,7
/scratch/pdoshi/audio_comp/urbansound8k_audio/05236_engine_idling.wav,5236,201988-5-1-0.wav,201988,5,engine_idling,7
/scratch/pdoshi/audio_comp/urbansound8k_audio/05237_street_music.wav,5237,202334-9-0-105.wav,202334,9,street_music,10
/scratch/pdoshi/audio_comp/urbansound8k_audio/05238_street_music.wav,5238,202334-9-0-106.wav,202334,9,street_music,10
/scratch/pdoshi/audio_comp/urbansound8k_audio/05239_street_music.wav,5239,202334-9-0-137.wav,202334,9,street_music,10
/scratch/pdoshi/audio_comp/urbansound8k_audio/05240_street_music.wav,5240,202334-9-0-202.wav,202334,9,street_music,10
/scratch/pdoshi/audio_comp/urbansound8k_audio/05241_street_music.wav,5241,202334-9-0-63.wav,202334,9,street_music,10
/scratch/pdoshi/audio_comp/urbansound8k_audio/05242_street_music.wav,5242,202334-9-0-88.wav,202334,9,street_music,10
/scratch/pdoshi/audio_comp/urbansound8k_audio/05243_air_conditioner.wav,5243,202516-0-0-0.wav,202516,0,air_conditioner,7
/scratch/pdoshi/audio_comp/urbansound8k_audio/05244_air_conditioner.wav,5244,202516-0-0-1.wav,202516,0,air_conditioner,7
/scratch/pdoshi/audio_comp/urbansound8k_audio/05245_air_conditioner.wav,5245,202516-0-0-10.wav,202516,0,air_conditioner,7
/scratch/pdoshi/audio_comp/urbansound8k_audio/05246_air_conditioner.wav,5246,202516-0-0-11.wav,202516,0,air_conditioner,7
/scratch/pdoshi/audio_comp/urbansound8k_audio/05247_air_conditioner.wav,5247,202516-0-0-2.wav,202516,0,air_conditioner,7
/scratch/pdoshi/audio_comp/urbansound8k_audio/05248_air_conditioner.wav,5248,202516-0-0-3.wav,202516,0,air_conditioner,7
/scratch/pdoshi/audio_comp/urbansound8k_audio/05249_air_conditioner.wav,5249,202516-0-0-4.wav,202516,0,air_conditioner,7
/scratch/pdoshi/audio_comp/urbansound8k_audio/05250_air_conditioner.wav,5250,202516-0-0-5.wav,202516,0,air_conditioner,7
/scratch/pdoshi/audio_comp/urbansound8k_audio/05251_air_conditioner.wav,5251,202516-0-0-6.wav,202516,0,air_conditioner,7
/scratch/pdoshi/audio_comp/urbansound8k_audio/05252_air_conditioner.wav,5252,202516-0-0-7.wav,202516,0,air_conditioner,7
/scratch/pdoshi/audio_comp/urbansound8k_audio/05253_air_conditioner.wav,5253,202516-0-0-8.wav,202516,0,air_conditioner,7
/scratch/pdoshi/audio_comp/urbansound8k_audio/05254_air_conditioner.wav,5254,202516-0-0-9.wav,202516,0,air_conditioner,7
/scratch/pdoshi/audio_comp/urbansound8k_audio/05255_air_conditioner.wav,5255,202517-0-0-0.wav,202517,0,air_conditioner,4
/scratch/pdoshi/audio_comp/urbansound8k_audio/05256_dog_bark.wav,5256,20285-3-0-0.wav,20285,3,dog_bark,5
/scratch/pdoshi/audio_comp/urbansound8k_audio/05257_dog_bark.wav,5257,20285-3-1-0.wav,20285,3,dog_bark,5
/scratch/pdoshi/audio_comp/urbansound8k_audio/05258_dog_bark.wav,5258,20285-3-1-1.wav,20285,3,dog_bark,5
/scratch/pdoshi/audio_comp/urbansound8k_audio/05259_dog_bark.wav,5259,20285-3-2-0.wav,20285,3,dog_bark,5
/scratch/pdoshi/audio_comp/urbansound8k_audio/05260_dog_bark.wav,5260,203128-3-1-0.wav,203128,3,dog_bark,2
/scratch/pdoshi/audio_comp/urbansound8k_audio/05261_dog_bark.wav,5261,203128-3-3-0.wav,203128,3,dog_bark,2
/scratch/pdoshi/audio_comp/urbansound8k_audio/05262_dog_bark.wav,5262,203128-3-6-0.wav,203128,3,dog_bark,2
/scratch/pdoshi/audio_comp/urbansound8k_audio/05263_dog_bark.wav,5263,203128-3-9-0.wav,203128,3,dog_bark,2
/scratch/pdoshi/audio_comp/urbansound8k_audio/05264_dog_bark.wav,5264,203355-3-0-0.wav,203355,3,dog_bark,6
/scratch/pdoshi/audio_comp/urbansound8k_audio/05265_dog_bark.wav,5265,203355-3-1-0.wav,203355,3,dog_bark,6
/scratch/pdoshi/audio_comp/urbansound8k_audio/05266_dog_bark.wav,5266,203356-3-0-0.wav,203356,3,dog_bark,1
/scratch/pdoshi/audio_comp/urbansound8k_audio/05267_dog_bark.wav,5267,203356-3-0-1.wav,203356,3,dog_bark,1
/scratch/pdoshi/audio_comp/urbansound8k_audio/05268_dog_bark.wav,5268,203356-3-0-2.wav,203356,3,dog_bark,1
/scratch/pdoshi/audio_comp/urbansound8k_audio/05269_dog_bark.wav,5269,203356-3-0-3.wav,203356,3,dog_bark,1
/scratch/pdoshi/audio_comp/urbansound8k_audio/05270_street_music.wav,5270,203424-9-0-15.wav,203424,9,street_music,10
/scratch/pdoshi/audio_comp/urbansound8k_audio/05271_street_music.wav,5271,203424-9-0-18.wav,203424,9,street_music,10
/scratch/pdoshi/audio_comp/urbansound8k_audio/05272_street_music.wav,5272,203424-9-0-26.wav,203424,9,street_music,10
/scratch/pdoshi/audio_comp/urbansound8k_audio/05273_street_music.wav,5273,203424-9-0-34.wav,203424,9,street_music,10
/scratch/pdoshi/audio_comp/urbansound8k_audio/05274_street_music.wav,5274,203424-9-0-4.wav,203424,9,street_music,10
/scratch/pdoshi/audio_comp/urbansound8k_audio/05275_street_music.wav,5275,203424-9-0-46.wav,203424,9,street_music,10
/scratch/pdoshi/audio_comp/urbansound8k_audio/05276_dog_bark.wav,5276,203440-3-0-0.wav,203440,3,dog_bark,1
/scratch/pdoshi/audio_comp/urbansound8k_audio/05277_dog_bark.wav,5277,203440-3-0-1.wav,203440,3,dog_bark,1
/scratch/pdoshi/audio_comp/urbansound8k_audio/05278_dog_bark.wav,5278,203440-3-0-5.wav,203440,3,dog_bark,1
/scratch/pdoshi/audio_comp/urbansound8k_audio/05279_dog_bark.wav,5279,203440-3-0-6.wav,203440,3,dog_bark,1
/scratch/pdoshi/audio_comp/urbansound8k_audio/05280_dog_bark.wav,5280,203516-3-0-0.wav,203516,3,dog_bark,5
/scratch/pdoshi/audio_comp/urbansound8k_audio/05281_street_music.wav,5281,203654-9-0-15.wav,203654,9,street_music,5
/scratch/pdoshi/audio_comp/urbansound8k_audio/05282_street_music.wav,5282,203654-9-0-28.wav,203654,9,street_music,5
/scratch/pdoshi/audio_comp/urbansound8k_audio/05283_street_music.wav,5283,203654-9-0-39.wav,203654,9,street_music,5
/scratch/pdoshi/audio_comp/urbansound8k_audio/05284_street_music.wav,5284,203654-9-0-42.wav,203654,9,street_music,5
/scratch/pdoshi/audio_comp/urbansound8k_audio/05285_street_music.wav,5285,203654-9-0-60.wav,203654,9,street_music,5
/scratch/pdoshi/audio_comp/urbansound8k_audio/05286_street_music.wav,5286,203654-9-0-8.wav,203654,9,street_music,5
/scratch/pdoshi/audio_comp/urbansound8k_audio/05287_siren.wav,5287,203913-8-0-0.wav,203913,8,siren,5
/scratch/pdoshi/audio_comp/urbansound8k_audio/05288_siren.wav,5288,203913-8-0-1.wav,203913,8,siren,5
/scratch/pdoshi/audio_comp/urbansound8k_audio/05289_siren.wav,5289,203913-8-0-10.wav,203913,8,siren,5
/scratch/pdoshi/audio_comp/urbansound8k_audio/05290_siren.wav,5290,203913-8-0-11.wav,203913,8,siren,5
/scratch/pdoshi/audio_comp/urbansound8k_audio/05291_siren.wav,5291,203913-8-0-12.wav,203913,8,siren,5
/scratch/pdoshi/audio_comp/urbansound8k_audio/05292_siren.wav,5292,203913-8-0-2.wav,203913,8,siren,5
/scratch/pdoshi/audio_comp/urbansound8k_audio/05293_siren.wav,5293,203913-8-0-3.wav,203913,8,siren,5
/scratch/pdoshi/audio_comp/urbansound8k_audio/05294_siren.wav,5294,203913-8-0-4.wav,203913,8,siren,5
/scratch/pdoshi/audio_comp/urbansound8k_audio/05295_siren.wav,5295,203913-8-0-5.wav,203913,8,siren,5
/scratch/pdoshi/audio_comp/urbansound8k_audio/05296_siren.wav,5296,203913-8-0-6.wav,203913,8,siren,5
/scratch/pdoshi/audio_comp/urbansound8k_audio/05297_siren.wav,5297,203913-8-0-7.wav,203913,8,siren,5
/scratch/pdoshi/audio_comp/urbansound8k_audio/05298_siren.wav,5298,203913-8-0-8.wav,203913,8,siren,5
/scratch/pdoshi/audio_comp/urbansound8k_audio/05299_siren.wav,5299,203913-8-0-9.wav,203913,8,siren,5
/scratch/pdoshi/audio_comp/urbansound8k_audio/05300_siren.wav,5300,203913-8-1-0.wav,203913,8,siren,5
/scratch/pdoshi/audio_comp/urbansound8k_audio/05301_siren.wav,5301,203913-8-1-1.wav,203913,8,siren,5
/scratch/pdoshi/audio_comp/urbansound8k_audio/05302_siren.wav,5302,203913-8-1-2.wav,203913,8,siren,5
/scratch/pdoshi/audio_comp/urbansound8k_audio/05303_siren.wav,5303,203913-8-1-3.wav,203913,8,siren,5
/scratch/pdoshi/audio_comp/urbansound8k_audio/05304_siren.wav,5304,203913-8-1-4.wav,203913,8,siren,5
/scratch/pdoshi/audio_comp/urbansound8k_audio/05305_siren.wav,5305,203913-8-1-5.wav,203913,8,siren,5
/scratch/pdoshi/audio_comp/urbansound8k_audio/05306_jackhammer.wav,5306,203929-7-1-0.wav,203929,7,jackhammer,2
/scratch/pdoshi/audio_comp/urbansound8k_audio/05307_jackhammer.wav,5307,203929-7-1-1.wav,203929,7,jackhammer,2
/scratch/pdoshi/audio_comp/urbansound8k_audio/05308_jackhammer.wav,5308,203929-7-1-2.wav,203929,7,jackhammer,2
/scratch/pdoshi/audio_comp/urbansound8k_audio/05309_jackhammer.wav,5309,203929-7-1-3.wav,203929,7,jackhammer,2
/scratch/pdoshi/audio_comp/urbansound8k_audio/05310_jackhammer.wav,5310,203929-7-1-6.wav,203929,7,jackhammer,2
/scratch/pdoshi/audio_comp/urbansound8k_audio/05311_jackhammer.wav,5311,203929-7-1-7.wav,203929,7,jackhammer,2
/scratch/pdoshi/audio_comp/urbansound8k_audio/05312_jackhammer.wav,5312,203929-7-1-8.wav,203929,7,jackhammer,2
/scratch/pdoshi/audio_comp/urbansound8k_audio/05313_jackhammer.wav,5313,203929-7-10-0.wav,203929,7,jackhammer,2
/scratch/pdoshi/audio_comp/urbansound8k_audio/05314_jackhammer.wav,5314,203929-7-10-1.wav,203929,7,jackhammer,2
/scratch/pdoshi/audio_comp/urbansound8k_audio/05315_jackhammer.wav,5315,203929-7-10-2.wav,203929,7,jackhammer,2
/scratch/pdoshi/audio_comp/urbansound8k_audio/05316_jackhammer.wav,5316,203929-7-2-0.wav,203929,7,jackhammer,2
/scratch/pdoshi/audio_comp/urbansound8k_audio/05317_jackhammer.wav,5317,203929-7-2-11.wav,203929,7,jackhammer,2
/scratch/pdoshi/audio_comp/urbansound8k_audio/05318_jackhammer.wav,5318,203929-7-2-2.wav,203929,7,jackhammer,2
/scratch/pdoshi/audio_comp/urbansound8k_audio/05319_jackhammer.wav,5319,203929-7-2-3.wav,203929,7,jackhammer,2
/scratch/pdoshi/audio_comp/urbansound8k_audio/05320_jackhammer.wav,5320,203929-7-2-5.wav,203929,7,jackhammer,2
/scratch/pdoshi/audio_comp/urbansound8k_audio/05321_jackhammer.wav,5321,203929-7-2-6.wav,203929,7,jackhammer,2
/scratch/pdoshi/audio_comp/urbansound8k_audio/05322_jackhammer.wav,5322,203929-7-2-8.wav,203929,7,jackhammer,2
/scratch/pdoshi/audio_comp/urbansound8k_audio/05323_jackhammer.wav,5323,203929-7-2-9.wav,203929,7,jackhammer,2
/scratch/pdoshi/audio_comp/urbansound8k_audio/05324_jackhammer.wav,5324,203929-7-3-1.wav,203929,7,jackhammer,2
/scratch/pdoshi/audio_comp/urbansound8k_audio/05325_jackhammer.wav,5325,203929-7-3-10.wav,203929,7,jackhammer,2
/scratch/pdoshi/audio_comp/urbansound8k_audio/05326_jackhammer.wav,5326,203929-7-3-2.wav,203929,7,jackhammer,2
/scratch/pdoshi/audio_comp/urbansound8k_audio/05327_jackhammer.wav,5327,203929-7-3-3.wav,203929,7,jackhammer,2
/scratch/pdoshi/audio_comp/urbansound8k_audio/05328_jackhammer.wav,5328,203929-7-3-5.wav,203929,7,jackhammer,2
/scratch/pdoshi/audio_comp/urbansound8k_audio/05329_jackhammer.wav,5329,203929-7-3-9.wav,203929,7,jackhammer,2
/scratch/pdoshi/audio_comp/urbansound8k_audio/05330_jackhammer.wav,5330,203929-7-4-0.wav,203929,7,jackhammer,2
/scratch/pdoshi/audio_comp/urbansound8k_audio/05331_jackhammer.wav,5331,203929-7-4-1.wav,203929,7,jackhammer,2
/scratch/pdoshi/audio_comp/urbansound8k_audio/05332_jackhammer.wav,5332,203929-7-4-10.wav,203929,7,jackhammer,2
/scratch/pdoshi/audio_comp/urbansound8k_audio/05333_jackhammer.wav,5333,203929-7-4-11.wav,203929,7,jackhammer,2
/scratch/pdoshi/audio_comp/urbansound8k_audio/05334_jackhammer.wav,5334,203929-7-4-12.wav,203929,7,jackhammer,2
/scratch/pdoshi/audio_comp/urbansound8k_audio/05335_jackhammer.wav,5335,203929-7-4-2.wav,203929,7,jackhammer,2
/scratch/pdoshi/audio_comp/urbansound8k_audio/05336_jackhammer.wav,5336,203929-7-4-4.wav,203929,7,jackhammer,2
/scratch/pdoshi/audio_comp/urbansound8k_audio/05337_jackhammer.wav,5337,203929-7-4-6.wav,203929,7,jackhammer,2
/scratch/pdoshi/audio_comp/urbansound8k_audio/05338_jackhammer.wav,5338,203929-7-4-7.wav,203929,7,jackhammer,2
/scratch/pdoshi/audio_comp/urbansound8k_audio/05339_jackhammer.wav,5339,203929-7-4-8.wav,203929,7,jackhammer,2
/scratch/pdoshi/audio_comp/urbansound8k_audio/05340_jackhammer.wav,5340,203929-7-5-0.wav,203929,7,jackhammer,2
/scratch/pdoshi/audio_comp/urbansound8k_audio/05341_jackhammer.wav,5341,203929-7-5-1.wav,203929,7,jackhammer,2
/scratch/pdoshi/audio_comp/urbansound8k_audio/05342_jackhammer.wav,5342,203929-7-5-10.wav,203929,7,jackhammer,2
/scratch/pdoshi/audio_comp/urbansound8k_audio/05343_jackhammer.wav,5343,203929-7-5-11.wav,203929,7,jackhammer,2
/scratch/pdoshi/audio_comp/urbansound8k_audio/05344_jackhammer.wav,5344,203929-7-5-6.wav,203929,7,jackhammer,2
/scratch/pdoshi/audio_comp/urbansound8k_audio/05345_jackhammer.wav,5345,203929-7-5-7.wav,203929,7,jackhammer,2
/scratch/pdoshi/audio_comp/urbansound8k_audio/05346_jackhammer.wav,5346,203929-7-6-1.wav,203929,7,jackhammer,2
/scratch/pdoshi/audio_comp/urbansound8k_audio/05347_jackhammer.wav,5347,203929-7-6-10.wav,203929,7,jackhammer,2
/scratch/pdoshi/audio_comp/urbansound8k_audio/05348_jackhammer.wav,5348,203929-7-6-11.wav,203929,7,jackhammer,2
/scratch/pdoshi/audio_comp/urbansound8k_audio/05349_jackhammer.wav,5349,203929-7-6-2.wav,203929,7,jackhammer,2
/scratch/pdoshi/audio_comp/urbansound8k_audio/05350_jackhammer.wav,5350,203929-7-6-3.wav,203929,7,jackhammer,2
/scratch/pdoshi/audio_comp/urbansound8k_audio/05351_jackhammer.wav,5351,203929-7-6-8.wav,203929,7,jackhammer,2
/scratch/pdoshi/audio_comp/urbansound8k_audio/05352_jackhammer.wav,5352,203929-7-6-9.wav,203929,7,jackhammer,2
/scratch/pdoshi/audio_comp/urbansound8k_audio/05353_jackhammer.wav,5353,203929-7-7-0.wav,203929,7,jackhammer,2
/scratch/pdoshi/audio_comp/urbansound8k_audio/05354_jackhammer.wav,5354,203929-7-7-10.wav,203929,7,jackhammer,2
/scratch/pdoshi/audio_comp/urbansound8k_audio/05355_jackhammer.wav,5355,203929-7-7-12.wav,203929,7,jackhammer,2
/scratch/pdoshi/audio_comp/urbansound8k_audio/05356_jackhammer.wav,5356,203929-7-7-13.wav,203929,7,jackhammer,2
/scratch/pdoshi/audio_comp/urbansound8k_audio/05357_jackhammer.wav,5357,203929-7-7-14.wav,203929,7,jackhammer,2
/scratch/pdoshi/audio_comp/urbansound8k_audio/05358_jackhammer.wav,5358,203929-7-7-15.wav,203929,7,jackhammer,2
/scratch/pdoshi/audio_comp/urbansound8k_audio/05359_jackhammer.wav,5359,203929-7-7-16.wav,203929,7,jackhammer,2
/scratch/pdoshi/audio_comp/urbansound8k_audio/05360_jackhammer.wav,5360,203929-7-7-2.wav,203929,7,jackhammer,2
/scratch/pdoshi/audio_comp/urbansound8k_audio/05361_jackhammer.wav,5361,203929-7-7-3.wav,203929,7,jackhammer,2
/scratch/pdoshi/audio_comp/urbansound8k_audio/05362_jackhammer.wav,5362,203929-7-7-4.wav,203929,7,jackhammer,2
/scratch/pdoshi/audio_comp/urbansound8k_audio/05363_jackhammer.wav,5363,203929-7-7-9.wav,203929,7,jackhammer,2
/scratch/pdoshi/audio_comp/urbansound8k_audio/05364_jackhammer.wav,5364,203929-7-8-0.wav,203929,7,jackhammer,2
/scratch/pdoshi/audio_comp/urbansound8k_audio/05365_jackhammer.wav,5365,203929-7-9-0.wav,203929,7,jackhammer,2
/scratch/pdoshi/audio_comp/urbansound8k_audio/05366_jackhammer.wav,5366,203929-7-9-11.wav,203929,7,jackhammer,2
/scratch/pdoshi/audio_comp/urbansound8k_audio/05367_jackhammer.wav,5367,203929-7-9-12.wav,203929,7,jackhammer,2
/scratch/pdoshi/audio_comp/urbansound8k_audio/05368_jackhammer.wav,5368,203929-7-9-15.wav,203929,7,jackhammer,2
/scratch/pdoshi/audio_comp/urbansound8k_audio/05369_jackhammer.wav,5369,203929-7-9-17.wav,203929,7,jackhammer,2
/scratch/pdoshi/audio_comp/urbansound8k_audio/05370_jackhammer.wav,5370,203929-7-9-18.wav,203929,7,jackhammer,2
/scratch/pdoshi/audio_comp/urbansound8k_audio/05371_jackhammer.wav,5371,203929-7-9-19.wav,203929,7,jackhammer,2
/scratch/pdoshi/audio_comp/urbansound8k_audio/05372_jackhammer.wav,5372,203929-7-9-20.wav,203929,7,jackhammer,2
/scratch/pdoshi/audio_comp/urbansound8k_audio/05373_jackhammer.wav,5373,203929-7-9-24.wav,203929,7,jackhammer,2
/scratch/pdoshi/audio_comp/urbansound8k_audio/05374_jackhammer.wav,5374,203929-7-9-4.wav,203929,7,jackhammer,2
/scratch/pdoshi/audio_comp/urbansound8k_audio/05375_jackhammer.wav,5375,203929-7-9-6.wav,203929,7,jackhammer,2
/scratch/pdoshi/audio_comp/urbansound8k_audio/05376_jackhammer.wav,5376,203929-7-9-8.wav,203929,7,jackhammer,2
/scratch/pdoshi/audio_comp/urbansound8k_audio/05377_jackhammer.wav,5377,203929-7-9-9.wav,203929,7,jackhammer,2
/scratch/pdoshi/audio_comp/urbansound8k_audio/05378_car_horn.wav,5378,203956-1-0-0.wav,203956,1,car_horn,4
/scratch/pdoshi/audio_comp/urbansound8k_audio/05379_engine_idling.wav,5379,203962-5-0-0.wav,203962,5,engine_idling,5
/scratch/pdoshi/audio_comp/urbansound8k_audio/05380_engine_idling.wav,5380,203962-5-0-1.wav,203962,5,engine_idling,5
/scratch/pdoshi/audio_comp/urbansound8k_audio/05381_children_playing.wav,5381,204067-2-0-1.wav,204067,2,children_playing,9
/scratch/pdoshi/audio_comp/urbansound8k_audio/05382_children_playing.wav,5382,204067-2-0-20.wav,204067,2,children_playing,9
/scratch/pdoshi/audio_comp/urbansound8k_audio/05383_children_playing.wav,5383,204067-2-0-29.wav,204067,2,children_playing,9
/scratch/pdoshi/audio_comp/urbansound8k_audio/05384_children_playing.wav,5384,204067-2-0-3.wav,204067,2,children_playing,9
/scratch/pdoshi/audio_comp/urbansound8k_audio/05385_children_playing.wav,5385,204067-2-0-30.wav,204067,2,children_playing,9
/scratch/pdoshi/audio_comp/urbansound8k_audio/05386_children_playing.wav,5386,204067-2-0-32.wav,204067,2,children_playing,9
/scratch/pdoshi/audio_comp/urbansound8k_audio/05387_children_playing.wav,5387,204067-2-0-35.wav,204067,2,children_playing,9
/scratch/pdoshi/audio_comp/urbansound8k_audio/05388_children_playing.wav,5388,204067-2-0-39.wav,204067,2,children_playing,9
/scratch/pdoshi/audio_comp/urbansound8k_audio/05389_air_conditioner.wav,5389,204240-0-0-0.wav,204240,0,air_conditioner,6
/scratch/pdoshi/audio_comp/urbansound8k_audio/05390_air_conditioner.wav,5390,204240-0-0-1.wav,204240,0,air_conditioner,6
/scratch/pdoshi/audio_comp/urbansound8k_audio/05391_air_conditioner.wav,5391,204240-0-0-10.wav,204240,0,air_conditioner,6
/scratch/pdoshi/audio_comp/urbansound8k_audio/05392_air_conditioner.wav,5392,204240-0-0-11.wav,204240,0,air_conditioner,6
/scratch/pdoshi/audio_comp/urbansound8k_audio/05393_air_conditioner.wav,5393,204240-0-0-12.wav,204240,0,air_conditioner,6
/scratch/pdoshi/audio_comp/urbansound8k_audio/05394_air_conditioner.wav,5394,204240-0-0-13.wav,204240,0,air_conditioner,6
/scratch/pdoshi/audio_comp/urbansound8k_audio/05395_air_conditioner.wav,5395,204240-0-0-14.wav,204240,0,air_conditioner,6
/scratch/pdoshi/audio_comp/urbansound8k_audio/05396_air_conditioner.wav,5396,204240-0-0-15.wav,204240,0,air_conditioner,6
/scratch/pdoshi/audio_comp/urbansound8k_audio/05397_air_conditioner.wav,5397,204240-0-0-16.wav,204240,0,air_conditioner,6
/scratch/pdoshi/audio_comp/urbansound8k_audio/05398_air_conditioner.wav,5398,204240-0-0-17.wav,204240,0,air_conditioner,6
/scratch/pdoshi/audio_comp/urbansound8k_audio/05399_air_conditioner.wav,5399,204240-0-0-18.wav,204240,0,air_conditioner,6
/scratch/pdoshi/audio_comp/urbansound8k_audio/05400_air_conditioner.wav,5400,204240-0-0-19.wav,204240,0,air_conditioner,6
/scratch/pdoshi/audio_comp/urbansound8k_audio/05401_air_conditioner.wav,5401,204240-0-0-2.wav,204240,0,air_conditioner,6
/scratch/pdoshi/audio_comp/urbansound8k_audio/05402_air_conditioner.wav,5402,204240-0-0-20.wav,204240,0,air_conditioner,6
/scratch/pdoshi/audio_comp/urbansound8k_audio/05403_air_conditioner.wav,5403,204240-0-0-21.wav,204240,0,air_conditioner,6
/scratch/pdoshi/audio_comp/urbansound8k_audio/05404_air_conditioner.wav,5404,204240-0-0-22.wav,204240,0,air_conditioner,6
/scratch/pdoshi/audio_comp/urbansound8k_audio/05405_air_conditioner.wav,5405,204240-0-0-23.wav,204240,0,air_conditioner,6
/scratch/pdoshi/audio_comp/urbansound8k_audio/05406_air_conditioner.wav,5406,204240-0-0-25.wav,204240,0,air_conditioner,6
/scratch/pdoshi/audio_comp/urbansound8k_audio/05407_air_conditioner.wav,5407,204240-0-0-26.wav,204240,0,air_conditioner,6
/scratch/pdoshi/audio_comp/urbansound8k_audio/05408_air_conditioner.wav,5408,204240-0-0-27.wav,204240,0,air_conditioner,6
/scratch/pdoshi/audio_comp/urbansound8k_audio/05409_air_conditioner.wav,5409,204240-0-0-28.wav,204240,0,air_conditioner,6
/scratch/pdoshi/audio_comp/urbansound8k_audio/05410_air_conditioner.wav,5410,204240-0-0-29.wav,204240,0,air_conditioner,6
/scratch/pdoshi/audio_comp/urbansound8k_audio/05411_air_conditioner.wav,5411,204240-0-0-3.wav,204240,0,air_conditioner,6
/scratch/pdoshi/audio_comp/urbansound8k_audio/05412_air_conditioner.wav,5412,204240-0-0-30.wav,204240,0,air_conditioner,6
/scratch/pdoshi/audio_comp/urbansound8k_audio/05413_air_conditioner.wav,5413,204240-0-0-31.wav,204240,0,air_conditioner,6
/scratch/pdoshi/audio_comp/urbansound8k_audio/05414_air_conditioner.wav,5414,204240-0-0-32.wav,204240,0,air_conditioner,6
/scratch/pdoshi/audio_comp/urbansound8k_audio/05415_air_conditioner.wav,5415,204240-0-0-33.wav,204240,0,air_conditioner,6
/scratch/pdoshi/audio_comp/urbansound8k_audio/05416_air_conditioner.wav,5416,204240-0-0-34.wav,204240,0,air_conditioner,6
/scratch/pdoshi/audio_comp/urbansound8k_audio/05417_air_conditioner.wav,5417,204240-0-0-35.wav,204240,0,air_conditioner,6
/scratch/pdoshi/audio_comp/urbansound8k_audio/05418_air_conditioner.wav,5418,204240-0-0-5.wav,204240,0,air_conditioner,6
/scratch/pdoshi/audio_comp/urbansound8k_audio/05419_air_conditioner.wav,5419,204240-0-0-6.wav,204240,0,air_conditioner,6
/scratch/pdoshi/audio_comp/urbansound8k_audio/05420_air_conditioner.wav,5420,204240-0-0-7.wav,204240,0,air_conditioner,6
/scratch/pdoshi/audio_comp/urbansound8k_audio/05421_air_conditioner.wav,5421,204240-0-0-8.wav,204240,0,air_conditioner,6
/scratch/pdoshi/audio_comp/urbansound8k_audio/05422_air_conditioner.wav,5422,204240-0-0-9.wav,204240,0,air_conditioner,6
/scratch/pdoshi/audio_comp/urbansound8k_audio/05423_children_playing.wav,5423,204408-2-0-19.wav,204408,2,children_playing,5
/scratch/pdoshi/audio_comp/urbansound8k_audio/05424_children_playing.wav,5424,204408-2-0-2.wav,204408,2,children_playing,5
/scratch/pdoshi/audio_comp/urbansound8k_audio/05425_children_playing.wav,5425,204408-2-0-21.wav,204408,2,children_playing,5
/scratch/pdoshi/audio_comp/urbansound8k_audio/05426_children_playing.wav,5426,204408-2-0-36.wav,204408,2,children_playing,5
/scratch/pdoshi/audio_comp/urbansound8k_audio/05427_children_playing.wav,5427,204408-2-0-54.wav,204408,2,children_playing,5
/scratch/pdoshi/audio_comp/urbansound8k_audio/05428_children_playing.wav,5428,204408-2-0-8.wav,204408,2,children_playing,5
/scratch/pdoshi/audio_comp/urbansound8k_audio/05429_children_playing.wav,5429,204408-2-0-83.wav,204408,2,children_playing,5
/scratch/pdoshi/audio_comp/urbansound8k_audio/05430_children_playing.wav,5430,204408-2-0-9.wav,204408,2,children_playing,5
/scratch/pdoshi/audio_comp/urbansound8k_audio/05431_children_playing.wav,5431,204526-2-0-121.wav,204526,2,children_playing,8
/scratch/pdoshi/audio_comp/urbansound8k_audio/05432_children_playing.wav,5432,204526-2-0-134.wav,204526,2,children_playing,8
/scratch/pdoshi/audio_comp/urbansound8k_audio/05433_children_playing.wav,5433,204526-2-0-153.wav,204526,2,children_playing,8
/scratch/pdoshi/audio_comp/urbansound8k_audio/05434_children_playing.wav,5434,204526-2-0-160.wav,204526,2,children_playing,8
/scratch/pdoshi/audio_comp/urbansound8k_audio/05435_children_playing.wav,5435,204526-2-0-166.wav,204526,2,children_playing,8
/scratch/pdoshi/audio_comp/urbansound8k_audio/05436_children_playing.wav,5436,204526-2-0-193.wav,204526,2,children_playing,8
/scratch/pdoshi/audio_comp/urbansound8k_audio/05437_children_playing.wav,5437,204526-2-0-71.wav,204526,2,children_playing,8
/scratch/pdoshi/audio_comp/urbansound8k_audio/05438_car_horn.wav,5438,204765-1-0-0.wav,204765,1,car_horn,4
/scratch/pdoshi/audio_comp/urbansound8k_audio/05439_dog_bark.wav,5439,204773-3-7-1.wav,204773,3,dog_bark,2
/scratch/pdoshi/audio_comp/urbansound8k_audio/05440_dog_bark.wav,5440,204773-3-8-0.wav,204773,3,dog_bark,2
/scratch/pdoshi/audio_comp/urbansound8k_audio/05441_dog_bark.wav,5441,204773-3-9-0.wav,204773,3,dog_bark,2
/scratch/pdoshi/audio_comp/urbansound8k_audio/05442_dog_bark.wav,5442,204773-3-9-1.wav,204773,3,dog_bark,2
/scratch/pdoshi/audio_comp/urbansound8k_audio/05443_dog_bark.wav,5443,204919-3-0-0.wav,204919,3,dog_bark,6
/scratch/pdoshi/audio_comp/urbansound8k_audio/05444_dog_bark.wav,5444,204919-3-1-0.wav,204919,3,dog_bark,6
/scratch/pdoshi/audio_comp/urbansound8k_audio/05445_dog_bark.wav,5445,204919-3-3-0.wav,204919,3,dog_bark,6
/scratch/pdoshi/audio_comp/urbansound8k_audio/05446_dog_bark.wav,5446,204919-3-4-0.wav,204919,3,dog_bark,6
/scratch/pdoshi/audio_comp/urbansound8k_audio/05447_gun_shot.wav,5447,205013-6-0-0.wav,205013,6,gun_shot,10
/scratch/pdoshi/audio_comp/urbansound8k_audio/05448_drilling.wav,5448,205610-4-0-0.wav,205610,4,drilling,8
/scratch/pdoshi/audio_comp/urbansound8k_audio/05449_drilling.wav,5449,205610-4-0-1.wav,205610,4,drilling,8
/scratch/pdoshi/audio_comp/urbansound8k_audio/05450_drilling.wav,5450,205610-4-0-2.wav,205610,4,drilling,8
/scratch/pdoshi/audio_comp/urbansound8k_audio/05451_drilling.wav,5451,205610-4-0-3.wav,205610,4,drilling,8
/scratch/pdoshi/audio_comp/urbansound8k_audio/05452_drilling.wav,5452,205610-4-0-4.wav,205610,4,drilling,8
/scratch/pdoshi/audio_comp/urbansound8k_audio/05453_drilling.wav,5453,205610-4-0-5.wav,205610,4,drilling,8
/scratch/pdoshi/audio_comp/urbansound8k_audio/05454_dog_bark.wav,5454,20571-3-0-0.wav,20571,3,dog_bark,10
/scratch/pdoshi/audio_comp/urbansound8k_audio/05455_dog_bark.wav,5455,20571-3-1-0.wav,20571,3,dog_bark,10
/scratch/pdoshi/audio_comp/urbansound8k_audio/05456_drilling.wav,5456,205874-4-0-0.wav,205874,4,drilling,5
/scratch/pdoshi/audio_comp/urbansound8k_audio/05457_drilling.wav,5457,205874-4-1-0.wav,205874,4,drilling,5
/scratch/pdoshi/audio_comp/urbansound8k_audio/05458_drilling.wav,5458,205874-4-10-0.wav,205874,4,drilling,5
/scratch/pdoshi/audio_comp/urbansound8k_audio/05459_drilling.wav,5459,205874-4-11-0.wav,205874,4,drilling,5
/scratch/pdoshi/audio_comp/urbansound8k_audio/05460_drilling.wav,5460,205874-4-2-0.wav,205874,4,drilling,5
/scratch/pdoshi/audio_comp/urbansound8k_audio/05461_drilling.wav,5461,205874-4-3-0.wav,205874,4,drilling,5
/scratch/pdoshi/audio_comp/urbansound8k_audio/05462_drilling.wav,5462,205874-4-4-0.wav,205874,4,drilling,5
/scratch/pdoshi/audio_comp/urbansound8k_audio/05463_drilling.wav,5463,205874-4-5-0.wav,205874,4,drilling,5
/scratch/pdoshi/audio_comp/urbansound8k_audio/05464_drilling.wav,5464,205874-4-6-0.wav,205874,4,drilling,5
/scratch/pdoshi/audio_comp/urbansound8k_audio/05465_drilling.wav,5465,205874-4-7-0.wav,205874,4,drilling,5
/scratch/pdoshi/audio_comp/urbansound8k_audio/05466_drilling.wav,5466,205874-4-8-0.wav,205874,4,drilling,5
/scratch/pdoshi/audio_comp/urbansound8k_audio/05467_drilling.wav,5467,205874-4-9-0.wav,205874,4,drilling,5
/scratch/pdoshi/audio_comp/urbansound8k_audio/05468_drilling.wav,5468,205878-4-0-0.wav,205878,4,drilling,5
/scratch/pdoshi/audio_comp/urbansound8k_audio/05469_children_playing.wav,5469,206037-2-0-11.wav,206037,2,children_playing,4
/scratch/pdoshi/audio_comp/urbansound8k_audio/05470_children_playing.wav,5470,206037-2-0-21.wav,206037,2,children_playing,4
/scratch/pdoshi/audio_comp/urbansound8k_audio/05471_children_playing.wav,5471,206037-2-0-22.wav,206037,2,children_playing,4
/scratch/pdoshi/audio_comp/urbansound8k_audio/05472_children_playing.wav,5472,206037-2-0-25.wav,206037,2,children_playing,4
/scratch/pdoshi/audio_comp/urbansound8k_audio/05473_children_playing.wav,5473,206037-2-0-3.wav,206037,2,children_playing,4
/scratch/pdoshi/audio_comp/urbansound8k_audio/05474_children_playing.wav,5474,206037-2-0-38.wav,206037,2,children_playing,4
/scratch/pdoshi/audio_comp/urbansound8k_audio/05475_children_playing.wav,5475,206037-2-0-4.wav,206037,2,children_playing,4
/scratch/pdoshi/audio_comp/urbansound8k_audio/05476_children_playing.wav,5476,206037-2-0-40.wav,206037,2,children_playing,4
/scratch/pdoshi/audio_comp/urbansound8k_audio/05477_children_playing.wav,5477,20688-2-0-0.wav,20688,2,children_playing,4
/scratch/pdoshi/audio_comp/urbansound8k_audio/05478_children_playing.wav,5478,20688-2-0-1.wav,20688,2,children_playing,4
/scratch/pdoshi/audio_comp/urbansound8k_audio/05479_children_playing.wav,5479,20688-2-0-2.wav,20688,2,children_playing,4
/scratch/pdoshi/audio_comp/urbansound8k_audio/05480_children_playing.wav,5480,20688-2-0-3.wav,20688,2,children_playing,4
/scratch/pdoshi/audio_comp/urbansound8k_audio/05481_children_playing.wav,5481,20688-2-0-4.wav,20688,2,children_playing,4
/scratch/pdoshi/audio_comp/urbansound8k_audio/05482_dog_bark.wav,5482,207124-3-0-0.wav,207124,3,dog_bark,3
/scratch/pdoshi/audio_comp/urbansound8k_audio/05483_dog_bark.wav,5483,207124-3-1-0.wav,207124,3,dog_bark,3
/scratch/pdoshi/audio_comp/urbansound8k_audio/05484_dog_bark.wav,5484,207124-3-2-0.wav,207124,3,dog_bark,3
/scratch/pdoshi/audio_comp/urbansound8k_audio/05485_children_playing.wav,5485,207211-2-0-100.wav,207211,2,children_playing,9
/scratch/pdoshi/audio_comp/urbansound8k_audio/05486_children_playing.wav,5486,207211-2-0-11.wav,207211,2,children_playing,9
/scratch/pdoshi/audio_comp/urbansound8k_audio/05487_children_playing.wav,5487,207211-2-0-141.wav,207211,2,children_playing,9
/scratch/pdoshi/audio_comp/urbansound8k_audio/05488_children_playing.wav,5488,207211-2-0-58.wav,207211,2,children_playing,9
/scratch/pdoshi/audio_comp/urbansound8k_audio/05489_children_playing.wav,5489,207211-2-0-72.wav,207211,2,children_playing,9
/scratch/pdoshi/audio_comp/urbansound8k_audio/05490_children_playing.wav,5490,207211-2-0-82.wav,207211,2,children_playing,9
/scratch/pdoshi/audio_comp/urbansound8k_audio/05491_children_playing.wav,5491,207211-2-0-88.wav,207211,2,children_playing,9
/scratch/pdoshi/audio_comp/urbansound8k_audio/05492_children_playing.wav,5492,207211-2-0-89.wav,207211,2,children_playing,9
/scratch/pdoshi/audio_comp/urbansound8k_audio/05493_children_playing.wav,5493,207213-2-0-109.wav,207213,2,children_playing,10
/scratch/pdoshi/audio_comp/urbansound8k_audio/05494_children_playing.wav,5494,207213-2-0-130.wav,207213,2,children_playing,10
/scratch/pdoshi/audio_comp/urbansound8k_audio/05495_children_playing.wav,5495,207213-2-0-134.wav,207213,2,children_playing,10
/scratch/pdoshi/audio_comp/urbansound8k_audio/05496_children_playing.wav,5496,207213-2-0-41.wav,207213,2,children_playing,10
/scratch/pdoshi/audio_comp/urbansound8k_audio/05497_children_playing.wav,5497,207213-2-0-52.wav,207213,2,children_playing,10
/scratch/pdoshi/audio_comp/urbansound8k_audio/05498_children_playing.wav,5498,207213-2-0-73.wav,207213,2,children_playing,10
/scratch/pdoshi/audio_comp/urbansound8k_audio/05499_children_playing.wav,5499,207213-2-0-81.wav,207213,2,children_playing,10
/scratch/pdoshi/audio_comp/urbansound8k_audio/05500_children_playing.wav,5500,207213-2-0-85.wav,207213,2,children_playing,10
/scratch/pdoshi/audio_comp/urbansound8k_audio/05501_children_playing.wav,5501,207214-2-0-126.wav,207214,2,children_playing,8
/scratch/pdoshi/audio_comp/urbansound8k_audio/05502_children_playing.wav,5502,207214-2-0-26.wav,207214,2,children_playing,8
/scratch/pdoshi/audio_comp/urbansound8k_audio/05503_children_playing.wav,5503,207214-2-0-3.wav,207214,2,children_playing,8
/scratch/pdoshi/audio_comp/urbansound8k_audio/05504_children_playing.wav,5504,207214-2-0-31.wav,207214,2,children_playing,8
/scratch/pdoshi/audio_comp/urbansound8k_audio/05505_children_playing.wav,5505,207214-2-0-54.wav,207214,2,children_playing,8
/scratch/pdoshi/audio_comp/urbansound8k_audio/05506_children_playing.wav,5506,207214-2-0-62.wav,207214,2,children_playing,8
/scratch/pdoshi/audio_comp/urbansound8k_audio/05507_children_playing.wav,5507,207214-2-0-63.wav,207214,2,children_playing,8
/scratch/pdoshi/audio_comp/urbansound8k_audio/05508_children_playing.wav,5508,207214-2-0-68.wav,207214,2,children_playing,8
/scratch/pdoshi/audio_comp/urbansound8k_audio/05509_children_playing.wav,5509,207216-2-0-112.wav,207216,2,children_playing,7
/scratch/pdoshi/audio_comp/urbansound8k_audio/05510_children_playing.wav,5510,207216-2-0-119.wav,207216,2,children_playing,7
/scratch/pdoshi/audio_comp/urbansound8k_audio/05511_children_playing.wav,5511,207216-2-0-128.wav,207216,2,children_playing,7
/scratch/pdoshi/audio_comp/urbansound8k_audio/05512_children_playing.wav,5512,207216-2-0-130.wav,207216,2,children_playing,7
/scratch/pdoshi/audio_comp/urbansound8k_audio/05513_children_playing.wav,5513,207216-2-0-137.wav,207216,2,children_playing,7
/scratch/pdoshi/audio_comp/urbansound8k_audio/05514_children_playing.wav,5514,207216-2-0-22.wav,207216,2,children_playing,7
/scratch/pdoshi/audio_comp/urbansound8k_audio/05515_children_playing.wav,5515,207216-2-0-43.wav,207216,2,children_playing,7
/scratch/pdoshi/audio_comp/urbansound8k_audio/05516_children_playing.wav,5516,207216-2-0-66.wav,207216,2,children_playing,7
/scratch/pdoshi/audio_comp/urbansound8k_audio/05517_dog_bark.wav,5517,207369-3-0-0.wav,207369,3,dog_bark,8
/scratch/pdoshi/audio_comp/urbansound8k_audio/05518_dog_bark.wav,5518,207962-3-0-0.wav,207962,3,dog_bark,7
/scratch/pdoshi/audio_comp/urbansound8k_audio/05519_dog_bark.wav,5519,207962-3-1-0.wav,207962,3,dog_bark,7
/scratch/pdoshi/audio_comp/urbansound8k_audio/05520_dog_bark.wav,5520,207962-3-2-0.wav,207962,3,dog_bark,7
/scratch/pdoshi/audio_comp/urbansound8k_audio/05521_dog_bark.wav,5521,208030-3-0-0.wav,208030,3,dog_bark,6
/scratch/pdoshi/audio_comp/urbansound8k_audio/05522_dog_bark.wav,5522,208030-3-1-0.wav,208030,3,dog_bark,6
/scratch/pdoshi/audio_comp/urbansound8k_audio/05523_dog_bark.wav,5523,208030-3-2-0.wav,208030,3,dog_bark,6
/scratch/pdoshi/audio_comp/urbansound8k_audio/05524_dog_bark.wav,5524,208030-3-4-0.wav,208030,3,dog_bark,6
/scratch/pdoshi/audio_comp/urbansound8k_audio/05525_dog_bark.wav,5525,20841-3-2-0.wav,20841,3,dog_bark,3
/scratch/pdoshi/audio_comp/urbansound8k_audio/05526_dog_bark.wav,5526,20841-3-3-0.wav,20841,3,dog_bark,3
/scratch/pdoshi/audio_comp/urbansound8k_audio/05527_dog_bark.wav,5527,20841-3-4-0.wav,20841,3,dog_bark,3
/scratch/pdoshi/audio_comp/urbansound8k_audio/05528_dog_bark.wav,5528,20841-3-6-0.wav,20841,3,dog_bark,3
/scratch/pdoshi/audio_comp/urbansound8k_audio/05529_siren.wav,5529,208652-8-0-0.wav,208652,8,siren,10
/scratch/pdoshi/audio_comp/urbansound8k_audio/05530_siren.wav,5530,208652-8-2-0.wav,208652,8,siren,10
/scratch/pdoshi/audio_comp/urbansound8k_audio/05531_siren.wav,5531,208652-8-4-0.wav,208652,8,siren,10
/scratch/pdoshi/audio_comp/urbansound8k_audio/05532_siren.wav,5532,208652-8-6-0.wav,208652,8,siren,10
/scratch/pdoshi/audio_comp/urbansound8k_audio/05533_dog_bark.wav,5533,209672-3-0-0.wav,209672,3,dog_bark,10
/scratch/pdoshi/audio_comp/urbansound8k_audio/05534_dog_bark.wav,5534,209672-3-3-0.wav,209672,3,dog_bark,10
/scratch/pdoshi/audio_comp/urbansound8k_audio/05535_dog_bark.wav,5535,209672-3-6-0.wav,209672,3,dog_bark,10
/scratch/pdoshi/audio_comp/urbansound8k_audio/05536_dog_bark.wav,5536,209672-3-8-0.wav,209672,3,dog_bark,10
/scratch/pdoshi/audio_comp/urbansound8k_audio/05537_engine_idling.wav,5537,209864-5-0-0.wav,209864,5,engine_idling,4
/scratch/pdoshi/audio_comp/urbansound8k_audio/05538_engine_idling.wav,5538,209864-5-0-1.wav,209864,5,engine_idling,4
/scratch/pdoshi/audio_comp/urbansound8k_audio/05539_engine_idling.wav,5539,209864-5-0-2.wav,209864,5,engine_idling,4
/scratch/pdoshi/audio_comp/urbansound8k_audio/05540_engine_idling.wav,5540,209864-5-0-3.wav,209864,5,engine_idling,4
/scratch/pdoshi/audio_comp/urbansound8k_audio/05541_engine_idling.wav,5541,209992-5-0-0.wav,209992,5,engine_idling,7
/scratch/pdoshi/audio_comp/urbansound8k_audio/05542_engine_idling.wav,5542,209992-5-1-4.wav,209992,5,engine_idling,7
/scratch/pdoshi/audio_comp/urbansound8k_audio/05543_engine_idling.wav,5543,209992-5-1-7.wav,209992,5,engine_idling,7
/scratch/pdoshi/audio_comp/urbansound8k_audio/05544_engine_idling.wav,5544,209992-5-2-100.wav,209992,5,engine_idling,7
/scratch/pdoshi/audio_comp/urbansound8k_audio/05545_engine_idling.wav,5545,209992-5-2-114.wav,209992,5,engine_idling,7
/scratch/pdoshi/audio_comp/urbansound8k_audio/05546_engine_idling.wav,5546,209992-5-2-115.wav,209992,5,engine_idling,7
/scratch/pdoshi/audio_comp/urbansound8k_audio/05547_engine_idling.wav,5547,209992-5-2-116.wav,209992,5,engine_idling,7
/scratch/pdoshi/audio_comp/urbansound8k_audio/05548_engine_idling.wav,5548,209992-5-2-131.wav,209992,5,engine_idling,7
/scratch/pdoshi/audio_comp/urbansound8k_audio/05549_engine_idling.wav,5549,209992-5-2-137.wav,209992,5,engine_idling,7
/scratch/pdoshi/audio_comp/urbansound8k_audio/05550_engine_idling.wav,5550,209992-5-2-138.wav,209992,5,engine_idling,7
/scratch/pdoshi/audio_comp/urbansound8k_audio/05551_engine_idling.wav,5551,209992-5-2-26.wav,209992,5,engine_idling,7
/scratch/pdoshi/audio_comp/urbansound8k_audio/05552_engine_idling.wav,5552,209992-5-2-42.wav,209992,5,engine_idling,7
/scratch/pdoshi/audio_comp/urbansound8k_audio/05553_engine_idling.wav,5553,209992-5-2-43.wav,209992,5,engine_idling,7
/scratch/pdoshi/audio_comp/urbansound8k_audio/05554_engine_idling.wav,5554,209992-5-2-77.wav,209992,5,engine_idling,7
/scratch/pdoshi/audio_comp/urbansound8k_audio/05555_engine_idling.wav,5555,209992-5-2-79.wav,209992,5,engine_idling,7
/scratch/pdoshi/audio_comp/urbansound8k_audio/05556_engine_idling.wav,5556,209992-5-2-8.wav,209992,5,engine_idling,7
/scratch/pdoshi/audio_comp/urbansound8k_audio/05557_engine_idling.wav,5557,209992-5-2-81.wav,209992,5,engine_idling,7
/scratch/pdoshi/audio_comp/urbansound8k_audio/05558_engine_idling.wav,5558,209992-5-2-82.wav,209992,5,engine_idling,7
/scratch/pdoshi/audio_comp/urbansound8k_audio/05559_engine_idling.wav,5559,209992-5-2-87.wav,209992,5,engine_idling,7
/scratch/pdoshi/audio_comp/urbansound8k_audio/05560_engine_idling.wav,5560,209992-5-2-91.wav,209992,5,engine_idling,7
/scratch/pdoshi/audio_comp/urbansound8k_audio/05561_engine_idling.wav,5561,209992-5-3-22.wav,209992,5,engine_idling,7
/scratch/pdoshi/audio_comp/urbansound8k_audio/05562_engine_idling.wav,5562,209992-5-3-5.wav,209992,5,engine_idling,7
/scratch/pdoshi/audio_comp/urbansound8k_audio/05563_engine_idling.wav,5563,209992-5-3-6.wav,209992,5,engine_idling,7
/scratch/pdoshi/audio_comp/urbansound8k_audio/05564_engine_idling.wav,5564,209992-5-4-1.wav,209992,5,engine_idling,7
/scratch/pdoshi/audio_comp/urbansound8k_audio/05565_engine_idling.wav,5565,209992-5-4-15.wav,209992,5,engine_idling,7
/scratch/pdoshi/audio_comp/urbansound8k_audio/05566_engine_idling.wav,5566,209992-5-4-17.wav,209992,5,engine_idling,7
/scratch/pdoshi/audio_comp/urbansound8k_audio/05567_engine_idling.wav,5567,209992-5-4-3.wav,209992,5,engine_idling,7
/scratch/pdoshi/audio_comp/urbansound8k_audio/05568_engine_idling.wav,5568,21187-5-0-0.wav,21187,5,engine_idling,5
/scratch/pdoshi/audio_comp/urbansound8k_audio/05569_street_music.wav,5569,21683-9-0-15.wav,21683,9,street_music,7
/scratch/pdoshi/audio_comp/urbansound8k_audio/05570_street_music.wav,5570,21683-9-0-18.wav,21683,9,street_music,7
/scratch/pdoshi/audio_comp/urbansound8k_audio/05571_street_music.wav,5571,21683-9-0-3.wav,21683,9,street_music,7
/scratch/pdoshi/audio_comp/urbansound8k_audio/05572_street_music.wav,5572,21683-9-0-30.wav,21683,9,street_music,7
/scratch/pdoshi/audio_comp/urbansound8k_audio/05573_street_music.wav,5573,21683-9-0-34.wav,21683,9,street_music,7
/scratch/pdoshi/audio_comp/urbansound8k_audio/05574_street_music.wav,5574,21683-9-0-39.wav,21683,9,street_music,7
/scratch/pdoshi/audio_comp/urbansound8k_audio/05575_street_music.wav,5575,21683-9-0-45.wav,21683,9,street_music,7
/scratch/pdoshi/audio_comp/urbansound8k_audio/05576_street_music.wav,5576,21684-9-0-12.wav,21684,9,street_music,1
/scratch/pdoshi/audio_comp/urbansound8k_audio/05577_street_music.wav,5577,21684-9-0-25.wav,21684,9,street_music,1
/scratch/pdoshi/audio_comp/urbansound8k_audio/05578_street_music.wav,5578,21684-9-0-30.wav,21684,9,street_music,1
/scratch/pdoshi/audio_comp/urbansound8k_audio/05579_street_music.wav,5579,21684-9-0-39.wav,21684,9,street_music,1
/scratch/pdoshi/audio_comp/urbansound8k_audio/05580_street_music.wav,5580,21684-9-0-5.wav,21684,9,street_music,1
/scratch/pdoshi/audio_comp/urbansound8k_audio/05581_street_music.wav,5581,21684-9-0-50.wav,21684,9,street_music,1
/scratch/pdoshi/audio_comp/urbansound8k_audio/05582_street_music.wav,5582,21684-9-0-7.wav,21684,9,street_music,1
/scratch/pdoshi/audio_comp/urbansound8k_audio/05583_dog_bark.wav,5583,22347-3-0-0.wav,22347,3,dog_bark,2
/scratch/pdoshi/audio_comp/urbansound8k_audio/05584_dog_bark.wav,5584,22347-3-1-1.wav,22347,3,dog_bark,2
/scratch/pdoshi/audio_comp/urbansound8k_audio/05585_dog_bark.wav,5585,22347-3-1-2.wav,22347,3,dog_bark,2
/scratch/pdoshi/audio_comp/urbansound8k_audio/05586_dog_bark.wav,5586,22347-3-3-0.wav,22347,3,dog_bark,2
/scratch/pdoshi/audio_comp/urbansound8k_audio/05587_siren.wav,5587,22601-8-0-0.wav,22601,8,siren,3
/scratch/pdoshi/audio_comp/urbansound8k_audio/05588_siren.wav,5588,22601-8-0-1.wav,22601,8,siren,3
/scratch/pdoshi/audio_comp/urbansound8k_audio/05589_siren.wav,5589,22601-8-0-10.wav,22601,8,siren,3
/scratch/pdoshi/audio_comp/urbansound8k_audio/05590_siren.wav,5590,22601-8-0-11.wav,22601,8,siren,3
/scratch/pdoshi/audio_comp/urbansound8k_audio/05591_siren.wav,5591,22601-8-0-12.wav,22601,8,siren,3
/scratch/pdoshi/audio_comp/urbansound8k_audio/05592_siren.wav,5592,22601-8-0-13.wav,22601,8,siren,3
/scratch/pdoshi/audio_comp/urbansound8k_audio/05593_siren.wav,5593,22601-8-0-14.wav,22601,8,siren,3
/scratch/pdoshi/audio_comp/urbansound8k_audio/05594_siren.wav,5594,22601-8-0-15.wav,22601,8,siren,3
/scratch/pdoshi/audio_comp/urbansound8k_audio/05595_siren.wav,5595,22601-8-0-16.wav,22601,8,siren,3
/scratch/pdoshi/audio_comp/urbansound8k_audio/05596_siren.wav,5596,22601-8-0-17.wav,22601,8,siren,3
/scratch/pdoshi/audio_comp/urbansound8k_audio/05597_siren.wav,5597,22601-8-0-18.wav,22601,8,siren,3
/scratch/pdoshi/audio_comp/urbansound8k_audio/05598_siren.wav,5598,22601-8-0-19.wav,22601,8,siren,3
/scratch/pdoshi/audio_comp/urbansound8k_audio/05599_siren.wav,5599,22601-8-0-2.wav,22601,8,siren,3
/scratch/pdoshi/audio_comp/urbansound8k_audio/05600_siren.wav,5600,22601-8-0-20.wav,22601,8,siren,3
/scratch/pdoshi/audio_comp/urbansound8k_audio/05601_siren.wav,5601,22601-8-0-21.wav,22601,8,siren,3
/scratch/pdoshi/audio_comp/urbansound8k_audio/05602_siren.wav,5602,22601-8-0-22.wav,22601,8,siren,3
/scratch/pdoshi/audio_comp/urbansound8k_audio/05603_siren.wav,5603,22601-8-0-23.wav,22601,8,siren,3
/scratch/pdoshi/audio_comp/urbansound8k_audio/05604_siren.wav,5604,22601-8-0-24.wav,22601,8,siren,3
/scratch/pdoshi/audio_comp/urbansound8k_audio/05605_siren.wav,5605,22601-8-0-25.wav,22601,8,siren,3
/scratch/pdoshi/audio_comp/urbansound8k_audio/05606_siren.wav,5606,22601-8-0-26.wav,22601,8,siren,3
/scratch/pdoshi/audio_comp/urbansound8k_audio/05607_siren.wav,5607,22601-8-0-27.wav,22601,8,siren,3
/scratch/pdoshi/audio_comp/urbansound8k_audio/05608_siren.wav,5608,22601-8-0-28.wav,22601,8,siren,3
/scratch/pdoshi/audio_comp/urbansound8k_audio/05609_siren.wav,5609,22601-8-0-29.wav,22601,8,siren,3
/scratch/pdoshi/audio_comp/urbansound8k_audio/05610_siren.wav,5610,22601-8-0-3.wav,22601,8,siren,3
/scratch/pdoshi/audio_comp/urbansound8k_audio/05611_siren.wav,5611,22601-8-0-30.wav,22601,8,siren,3
/scratch/pdoshi/audio_comp/urbansound8k_audio/05612_siren.wav,5612,22601-8-0-31.wav,22601,8,siren,3
/scratch/pdoshi/audio_comp/urbansound8k_audio/05613_siren.wav,5613,22601-8-0-32.wav,22601,8,siren,3
/scratch/pdoshi/audio_comp/urbansound8k_audio/05614_siren.wav,5614,22601-8-0-33.wav,22601,8,siren,3
/scratch/pdoshi/audio_comp/urbansound8k_audio/05615_siren.wav,5615,22601-8-0-34.wav,22601,8,siren,3
/scratch/pdoshi/audio_comp/urbansound8k_audio/05616_siren.wav,5616,22601-8-0-35.wav,22601,8,siren,3
/scratch/pdoshi/audio_comp/urbansound8k_audio/05617_siren.wav,5617,22601-8-0-36.wav,22601,8,siren,3
/scratch/pdoshi/audio_comp/urbansound8k_audio/05618_siren.wav,5618,22601-8-0-37.wav,22601,8,siren,3
/scratch/pdoshi/audio_comp/urbansound8k_audio/05619_siren.wav,5619,22601-8-0-38.wav,22601,8,siren,3
/scratch/pdoshi/audio_comp/urbansound8k_audio/05620_siren.wav,5620,22601-8-0-39.wav,22601,8,siren,3
/scratch/pdoshi/audio_comp/urbansound8k_audio/05621_siren.wav,5621,22601-8-0-4.wav,22601,8,siren,3
/scratch/pdoshi/audio_comp/urbansound8k_audio/05622_siren.wav,5622,22601-8-0-40.wav,22601,8,siren,3
/scratch/pdoshi/audio_comp/urbansound8k_audio/05623_siren.wav,5623,22601-8-0-41.wav,22601,8,siren,3
/scratch/pdoshi/audio_comp/urbansound8k_audio/05624_siren.wav,5624,22601-8-0-42.wav,22601,8,siren,3
/scratch/pdoshi/audio_comp/urbansound8k_audio/05625_siren.wav,5625,22601-8-0-43.wav,22601,8,siren,3
/scratch/pdoshi/audio_comp/urbansound8k_audio/05626_siren.wav,5626,22601-8-0-44.wav,22601,8,siren,3
/scratch/pdoshi/audio_comp/urbansound8k_audio/05627_siren.wav,5627,22601-8-0-45.wav,22601,8,siren,3
/scratch/pdoshi/audio_comp/urbansound8k_audio/05628_siren.wav,5628,22601-8-0-46.wav,22601,8,siren,3
/scratch/pdoshi/audio_comp/urbansound8k_audio/05629_siren.wav,5629,22601-8-0-47.wav,22601,8,siren,3
/scratch/pdoshi/audio_comp/urbansound8k_audio/05630_siren.wav,5630,22601-8-0-48.wav,22601,8,siren,3
/scratch/pdoshi/audio_comp/urbansound8k_audio/05631_siren.wav,5631,22601-8-0-49.wav,22601,8,siren,3
/scratch/pdoshi/audio_comp/urbansound8k_audio/05632_siren.wav,5632,22601-8-0-5.wav,22601,8,siren,3
/scratch/pdoshi/audio_comp/urbansound8k_audio/05633_siren.wav,5633,22601-8-0-50.wav,22601,8,siren,3
/scratch/pdoshi/audio_comp/urbansound8k_audio/05634_siren.wav,5634,22601-8-0-51.wav,22601,8,siren,3
/scratch/pdoshi/audio_comp/urbansound8k_audio/05635_siren.wav,5635,22601-8-0-52.wav,22601,8,siren,3
/scratch/pdoshi/audio_comp/urbansound8k_audio/05636_siren.wav,5636,22601-8-0-53.wav,22601,8,siren,3
/scratch/pdoshi/audio_comp/urbansound8k_audio/05637_siren.wav,5637,22601-8-0-54.wav,22601,8,siren,3
/scratch/pdoshi/audio_comp/urbansound8k_audio/05638_siren.wav,5638,22601-8-0-6.wav,22601,8,siren,3
/scratch/pdoshi/audio_comp/urbansound8k_audio/05639_siren.wav,5639,22601-8-0-7.wav,22601,8,siren,3
/scratch/pdoshi/audio_comp/urbansound8k_audio/05640_siren.wav,5640,22601-8-0-8.wav,22601,8,siren,3
/scratch/pdoshi/audio_comp/urbansound8k_audio/05641_siren.wav,5641,22601-8-0-9.wav,22601,8,siren,3
/scratch/pdoshi/audio_comp/urbansound8k_audio/05642_engine_idling.wav,5642,22882-5-0-0.wav,22882,5,engine_idling,9
/scratch/pdoshi/audio_comp/urbansound8k_audio/05643_engine_idling.wav,5643,22882-5-0-1.wav,22882,5,engine_idling,9
/scratch/pdoshi/audio_comp/urbansound8k_audio/05644_jackhammer.wav,5644,22883-7-1-0.wav,22883,7,jackhammer,4
/scratch/pdoshi/audio_comp/urbansound8k_audio/05645_jackhammer.wav,5645,22883-7-10-0.wav,22883,7,jackhammer,4
/scratch/pdoshi/audio_comp/urbansound8k_audio/05646_jackhammer.wav,5646,22883-7-100-0.wav,22883,7,jackhammer,4
/scratch/pdoshi/audio_comp/urbansound8k_audio/05647_jackhammer.wav,5647,22883-7-11-0.wav,22883,7,jackhammer,4
/scratch/pdoshi/audio_comp/urbansound8k_audio/05648_jackhammer.wav,5648,22883-7-110-1.wav,22883,7,jackhammer,4
/scratch/pdoshi/audio_comp/urbansound8k_audio/05649_jackhammer.wav,5649,22883-7-17-2.wav,22883,7,jackhammer,4
/scratch/pdoshi/audio_comp/urbansound8k_audio/05650_jackhammer.wav,5650,22883-7-17-4.wav,22883,7,jackhammer,4
/scratch/pdoshi/audio_comp/urbansound8k_audio/05651_jackhammer.wav,5651,22883-7-17-5.wav,22883,7,jackhammer,4
/scratch/pdoshi/audio_comp/urbansound8k_audio/05652_jackhammer.wav,5652,22883-7-18-0.wav,22883,7,jackhammer,4
/scratch/pdoshi/audio_comp/urbansound8k_audio/05653_jackhammer.wav,5653,22883-7-19-0.wav,22883,7,jackhammer,4
/scratch/pdoshi/audio_comp/urbansound8k_audio/05654_jackhammer.wav,5654,22883-7-21-0.wav,22883,7,jackhammer,4
/scratch/pdoshi/audio_comp/urbansound8k_audio/05655_jackhammer.wav,5655,22883-7-23-0.wav,22883,7,jackhammer,4
/scratch/pdoshi/audio_comp/urbansound8k_audio/05656_jackhammer.wav,5656,22883-7-24-0.wav,22883,7,jackhammer,4
/scratch/pdoshi/audio_comp/urbansound8k_audio/05657_jackhammer.wav,5657,22883-7-27-0.wav,22883,7,jackhammer,4
/scratch/pdoshi/audio_comp/urbansound8k_audio/05658_jackhammer.wav,5658,22883-7-28-0.wav,22883,7,jackhammer,4
/scratch/pdoshi/audio_comp/urbansound8k_audio/05659_jackhammer.wav,5659,22883-7-29-2.wav,22883,7,jackhammer,4
/scratch/pdoshi/audio_comp/urbansound8k_audio/05660_jackhammer.wav,5660,22883-7-3-0.wav,22883,7,jackhammer,4
/scratch/pdoshi/audio_comp/urbansound8k_audio/05661_jackhammer.wav,5661,22883-7-33-0.wav,22883,7,jackhammer,4
/scratch/pdoshi/audio_comp/urbansound8k_audio/05662_jackhammer.wav,5662,22883-7-34-0.wav,22883,7,jackhammer,4
/scratch/pdoshi/audio_comp/urbansound8k_audio/05663_jackhammer.wav,5663,22883-7-35-2.wav,22883,7,jackhammer,4
/scratch/pdoshi/audio_comp/urbansound8k_audio/05664_jackhammer.wav,5664,22883-7-35-3.wav,22883,7,jackhammer,4
/scratch/pdoshi/audio_comp/urbansound8k_audio/05665_jackhammer.wav,5665,22883-7-36-0.wav,22883,7,jackhammer,4
/scratch/pdoshi/audio_comp/urbansound8k_audio/05666_jackhammer.wav,5666,22883-7-36-1.wav,22883,7,jackhammer,4
/scratch/pdoshi/audio_comp/urbansound8k_audio/05667_jackhammer.wav,5667,22883-7-36-2.wav,22883,7,jackhammer,4
/scratch/pdoshi/audio_comp/urbansound8k_audio/05668_jackhammer.wav,5668,22883-7-37-0.wav,22883,7,jackhammer,4
/scratch/pdoshi/audio_comp/urbansound8k_audio/05669_jackhammer.wav,5669,22883-7-39-0.wav,22883,7,jackhammer,4
/scratch/pdoshi/audio_comp/urbansound8k_audio/05670_jackhammer.wav,5670,22883-7-39-1.wav,22883,7,jackhammer,4
/scratch/pdoshi/audio_comp/urbansound8k_audio/05671_jackhammer.wav,5671,22883-7-40-0.wav,22883,7,jackhammer,4
/scratch/pdoshi/audio_comp/urbansound8k_audio/05672_jackhammer.wav,5672,22883-7-43-2.wav,22883,7,jackhammer,4
/scratch/pdoshi/audio_comp/urbansound8k_audio/05673_jackhammer.wav,5673,22883-7-44-0.wav,22883,7,jackhammer,4
/scratch/pdoshi/audio_comp/urbansound8k_audio/05674_jackhammer.wav,5674,22883-7-47-2.wav,22883,7,jackhammer,4
/scratch/pdoshi/audio_comp/urbansound8k_audio/05675_jackhammer.wav,5675,22883-7-48-0.wav,22883,7,jackhammer,4
/scratch/pdoshi/audio_comp/urbansound8k_audio/05676_jackhammer.wav,5676,22883-7-49-1.wav,22883,7,jackhammer,4
/scratch/pdoshi/audio_comp/urbansound8k_audio/05677_jackhammer.wav,5677,22883-7-49-3.wav,22883,7,jackhammer,4
/scratch/pdoshi/audio_comp/urbansound8k_audio/05678_jackhammer.wav,5678,22883-7-51-0.wav,22883,7,jackhammer,4
/scratch/pdoshi/audio_comp/urbansound8k_audio/05679_jackhammer.wav,5679,22883-7-53-0.wav,22883,7,jackhammer,4
/scratch/pdoshi/audio_comp/urbansound8k_audio/05680_jackhammer.wav,5680,22883-7-54-0.wav,22883,7,jackhammer,4
/scratch/pdoshi/audio_comp/urbansound8k_audio/05681_jackhammer.wav,5681,22883-7-58-0.wav,22883,7,jackhammer,4
/scratch/pdoshi/audio_comp/urbansound8k_audio/05682_jackhammer.wav,5682,22883-7-61-0.wav,22883,7,jackhammer,4
/scratch/pdoshi/audio_comp/urbansound8k_audio/05683_jackhammer.wav,5683,22883-7-61-1.wav,22883,7,jackhammer,4
/scratch/pdoshi/audio_comp/urbansound8k_audio/05684_jackhammer.wav,5684,22883-7-62-0.wav,22883,7,jackhammer,4
/scratch/pdoshi/audio_comp/urbansound8k_audio/05685_jackhammer.wav,5685,22883-7-63-0.wav,22883,7,jackhammer,4
/scratch/pdoshi/audio_comp/urbansound8k_audio/05686_jackhammer.wav,5686,22883-7-64-0.wav,22883,7,jackhammer,4
/scratch/pdoshi/audio_comp/urbansound8k_audio/05687_jackhammer.wav,5687,22883-7-67-0.wav,22883,7,jackhammer,4
/scratch/pdoshi/audio_comp/urbansound8k_audio/05688_jackhammer.wav,5688,22883-7-69-0.wav,22883,7,jackhammer,4
/scratch/pdoshi/audio_comp/urbansound8k_audio/05689_jackhammer.wav,5689,22883-7-7-0.wav,22883,7,jackhammer,4
/scratch/pdoshi/audio_comp/urbansound8k_audio/05690_jackhammer.wav,5690,22883-7-71-0.wav,22883,7,jackhammer,4
/scratch/pdoshi/audio_comp/urbansound8k_audio/05691_jackhammer.wav,5691,22883-7-72-0.wav,22883,7,jackhammer,4
/scratch/pdoshi/audio_comp/urbansound8k_audio/05692_jackhammer.wav,5692,22883-7-74-0.wav,22883,7,jackhammer,4
/scratch/pdoshi/audio_comp/urbansound8k_audio/05693_jackhammer.wav,5693,22883-7-77-0.wav,22883,7,jackhammer,4
/scratch/pdoshi/audio_comp/urbansound8k_audio/05694_jackhammer.wav,5694,22883-7-78-2.wav,22883,7,jackhammer,4
/scratch/pdoshi/audio_comp/urbansound8k_audio/05695_jackhammer.wav,5695,22883-7-81-0.wav,22883,7,jackhammer,4
/scratch/pdoshi/audio_comp/urbansound8k_audio/05696_jackhammer.wav,5696,22883-7-83-0.wav,22883,7,jackhammer,4
/scratch/pdoshi/audio_comp/urbansound8k_audio/05697_jackhammer.wav,5697,22883-7-86-0.wav,22883,7,jackhammer,4
/scratch/pdoshi/audio_comp/urbansound8k_audio/05698_jackhammer.wav,5698,22883-7-87-0.wav,22883,7,jackhammer,4
/scratch/pdoshi/audio_comp/urbansound8k_audio/05699_jackhammer.wav,5699,22883-7-9-0.wav,22883,7,jackhammer,4
/scratch/pdoshi/audio_comp/urbansound8k_audio/05700_jackhammer.wav,5700,22883-7-91-0.wav,22883,7,jackhammer,4
/scratch/pdoshi/audio_comp/urbansound8k_audio/05701_jackhammer.wav,5701,22883-7-92-0.wav,22883,7,jackhammer,4
/scratch/pdoshi/audio_comp/urbansound8k_audio/05702_jackhammer.wav,5702,22883-7-93-0.wav,22883,7,jackhammer,4
/scratch/pdoshi/audio_comp/urbansound8k_audio/05703_jackhammer.wav,5703,22883-7-98-1.wav,22883,7,jackhammer,4
/scratch/pdoshi/audio_comp/urbansound8k_audio/05704_jackhammer.wav,5704,22883-7-99-2.wav,22883,7,jackhammer,4
/scratch/pdoshi/audio_comp/urbansound8k_audio/05705_jackhammer.wav,5705,22883-7-99-3.wav,22883,7,jackhammer,4
/scratch/pdoshi/audio_comp/urbansound8k_audio/05706_engine_idling.wav,5706,22885-5-0-0.wav,22885,5,engine_idling,9
/scratch/pdoshi/audio_comp/urbansound8k_audio/05707_drilling.wav,5707,22962-4-0-0.wav,22962,4,drilling,1
/scratch/pdoshi/audio_comp/urbansound8k_audio/05708_drilling.wav,5708,22962-4-0-1.wav,22962,4,drilling,1
/scratch/pdoshi/audio_comp/urbansound8k_audio/05709_drilling.wav,5709,22962-4-0-2.wav,22962,4,drilling,1
/scratch/pdoshi/audio_comp/urbansound8k_audio/05710_dog_bark.wav,5710,22973-3-0-0.wav,22973,3,dog_bark,10
/scratch/pdoshi/audio_comp/urbansound8k_audio/05711_dog_bark.wav,5711,22973-3-0-1.wav,22973,3,dog_bark,10
/scratch/pdoshi/audio_comp/urbansound8k_audio/05712_dog_bark.wav,5712,22973-3-0-2.wav,22973,3,dog_bark,10
/scratch/pdoshi/audio_comp/urbansound8k_audio/05713_dog_bark.wav,5713,23131-3-0-0.wav,23131,3,dog_bark,2
/scratch/pdoshi/audio_comp/urbansound8k_audio/05714_dog_bark.wav,5714,23131-3-2-0.wav,23131,3,dog_bark,2
/scratch/pdoshi/audio_comp/urbansound8k_audio/05715_dog_bark.wav,5715,23131-3-4-0.wav,23131,3,dog_bark,2
/scratch/pdoshi/audio_comp/urbansound8k_audio/05716_dog_bark.wav,5716,23131-3-5-0.wav,23131,3,dog_bark,2
/scratch/pdoshi/audio_comp/urbansound8k_audio/05717_gun_shot.wav,5717,23161-6-0-0.wav,23161,6,gun_shot,4
/scratch/pdoshi/audio_comp/urbansound8k_audio/05718_gun_shot.wav,5718,23161-6-1-0.wav,23161,6,gun_shot,4
/scratch/pdoshi/audio_comp/urbansound8k_audio/05719_engine_idling.wav,5719,23218-5-0-0.wav,23218,5,engine_idling,10
/scratch/pdoshi/audio_comp/urbansound8k_audio/05720_engine_idling.wav,5720,23219-5-0-0.wav,23219,5,engine_idling,5
/scratch/pdoshi/audio_comp/urbansound8k_audio/05721_engine_idling.wav,5721,23219-5-0-1.wav,23219,5,engine_idling,5
/scratch/pdoshi/audio_comp/urbansound8k_audio/05722_engine_idling.wav,5722,23219-5-0-10.wav,23219,5,engine_idling,5
/scratch/pdoshi/audio_comp/urbansound8k_audio/05723_engine_idling.wav,5723,23219-5-0-11.wav,23219,5,engine_idling,5
/scratch/pdoshi/audio_comp/urbansound8k_audio/05724_engine_idling.wav,5724,23219-5-0-12.wav,23219,5,engine_idling,5
/scratch/pdoshi/audio_comp/urbansound8k_audio/05725_engine_idling.wav,5725,23219-5-0-13.wav,23219,5,engine_idling,5
/scratch/pdoshi/audio_comp/urbansound8k_audio/05726_engine_idling.wav,5726,23219-5-0-2.wav,23219,5,engine_idling,5
/scratch/pdoshi/audio_comp/urbansound8k_audio/05727_engine_idling.wav,5727,23219-5-0-3.wav,23219,5,engine_idling,5
/scratch/pdoshi/audio_comp/urbansound8k_audio/05728_engine_idling.wav,5728,23219-5-0-4.wav,23219,5,engine_idling,5
/scratch/pdoshi/audio_comp/urbansound8k_audio/05729_engine_idling.wav,5729,23219-5-0-5.wav,23219,5,engine_idling,5
/scratch/pdoshi/audio_comp/urbansound8k_audio/05730_engine_idling.wav,5730,23219-5-0-6.wav,23219,5,engine_idling,5
/scratch/pdoshi/audio_comp/urbansound8k_audio/05731_engine_idling.wav,5731,23219-5-0-7.wav,23219,5,engine_idling,5
/scratch/pdoshi/audio_comp/urbansound8k_audio/05732_engine_idling.wav,5732,23219-5-0-8.wav,23219,5,engine_idling,5
/scratch/pdoshi/audio_comp/urbansound8k_audio/05733_engine_idling.wav,5733,23219-5-0-9.wav,23219,5,engine_idling,5
/scratch/pdoshi/audio_comp/urbansound8k_audio/05734_engine_idling.wav,5734,23219-5-1-0.wav,23219,5,engine_idling,5
/scratch/pdoshi/audio_comp/urbansound8k_audio/05735_engine_idling.wav,5735,23219-5-1-1.wav,23219,5,engine_idling,5
/scratch/pdoshi/audio_comp/urbansound8k_audio/05736_engine_idling.wav,5736,23219-5-1-2.wav,23219,5,engine_idling,5
/scratch/pdoshi/audio_comp/urbansound8k_audio/05737_car_horn.wav,5737,24074-1-0-0.wav,24074,1,car_horn,1
/scratch/pdoshi/audio_comp/urbansound8k_audio/05738_car_horn.wav,5738,24074-1-0-1.wav,24074,1,car_horn,1
/scratch/pdoshi/audio_comp/urbansound8k_audio/05739_car_horn.wav,5739,24074-1-0-10.wav,24074,1,car_horn,1
/scratch/pdoshi/audio_comp/urbansound8k_audio/05740_car_horn.wav,5740,24074-1-0-11.wav,24074,1,car_horn,1
/scratch/pdoshi/audio_comp/urbansound8k_audio/05741_car_horn.wav,5741,24074-1-0-12.wav,24074,1,car_horn,1
/scratch/pdoshi/audio_comp/urbansound8k_audio/05742_car_horn.wav,5742,24074-1-0-13.wav,24074,1,car_horn,1
/scratch/pdoshi/audio_comp/urbansound8k_audio/05743_car_horn.wav,5743,24074-1-0-2.wav,24074,1,car_horn,1
/scratch/pdoshi/audio_comp/urbansound8k_audio/05744_car_horn.wav,5744,24074-1-0-3.wav,24074,1,car_horn,1
/scratch/pdoshi/audio_comp/urbansound8k_audio/05745_car_horn.wav,5745,24074-1-0-4.wav,24074,1,car_horn,1
/scratch/pdoshi/audio_comp/urbansound8k_audio/05746_car_horn.wav,5746,24074-1-0-5.wav,24074,1,car_horn,1
/scratch/pdoshi/audio_comp/urbansound8k_audio/05747_car_horn.wav,5747,24074-1-0-6.wav,24074,1,car_horn,1
/scratch/pdoshi/audio_comp/urbansound8k_audio/05748_car_horn.wav,5748,24074-1-0-7.wav,24074,1,car_horn,1
/scratch/pdoshi/audio_comp/urbansound8k_audio/05749_car_horn.wav,5749,24074-1-0-8.wav,24074,1,car_horn,1
/scratch/pdoshi/audio_comp/urbansound8k_audio/05750_car_horn.wav,5750,24074-1-0-9.wav,24074,1,car_horn,1
/scratch/pdoshi/audio_comp/urbansound8k_audio/05751_car_horn.wav,5751,24076-1-0-0.wav,24076,1,car_horn,10
/scratch/pdoshi/audio_comp/urbansound8k_audio/05752_car_horn.wav,5752,24076-1-1-0.wav,24076,1,car_horn,10
/scratch/pdoshi/audio_comp/urbansound8k_audio/05753_siren.wav,5753,24347-8-0-0.wav,24347,8,siren,4
/scratch/pdoshi/audio_comp/urbansound8k_audio/05754_siren.wav,5754,24347-8-0-1.wav,24347,8,siren,4
/scratch/pdoshi/audio_comp/urbansound8k_audio/05755_siren.wav,5755,24347-8-0-10.wav,24347,8,siren,4
/scratch/pdoshi/audio_comp/urbansound8k_audio/05756_siren.wav,5756,24347-8-0-11.wav,24347,8,siren,4
/scratch/pdoshi/audio_comp/urbansound8k_audio/05757_siren.wav,5757,24347-8-0-12.wav,24347,8,siren,4
/scratch/pdoshi/audio_comp/urbansound8k_audio/05758_siren.wav,5758,24347-8-0-13.wav,24347,8,siren,4
/scratch/pdoshi/audio_comp/urbansound8k_audio/05759_siren.wav,5759,24347-8-0-14.wav,24347,8,siren,4
/scratch/pdoshi/audio_comp/urbansound8k_audio/05760_siren.wav,5760,24347-8-0-15.wav,24347,8,siren,4
/scratch/pdoshi/audio_comp/urbansound8k_audio/05761_siren.wav,5761,24347-8-0-16.wav,24347,8,siren,4
/scratch/pdoshi/audio_comp/urbansound8k_audio/05762_siren.wav,5762,24347-8-0-17.wav,24347,8,siren,4
/scratch/pdoshi/audio_comp/urbansound8k_audio/05763_siren.wav,5763,24347-8-0-18.wav,24347,8,siren,4
/scratch/pdoshi/audio_comp/urbansound8k_audio/05764_siren.wav,5764,24347-8-0-19.wav,24347,8,siren,4
/scratch/pdoshi/audio_comp/urbansound8k_audio/05765_siren.wav,5765,24347-8-0-2.wav,24347,8,siren,4
/scratch/pdoshi/audio_comp/urbansound8k_audio/05766_siren.wav,5766,24347-8-0-20.wav,24347,8,siren,4
/scratch/pdoshi/audio_comp/urbansound8k_audio/05767_siren.wav,5767,24347-8-0-21.wav,24347,8,siren,4
/scratch/pdoshi/audio_comp/urbansound8k_audio/05768_siren.wav,5768,24347-8-0-22.wav,24347,8,siren,4
/scratch/pdoshi/audio_comp/urbansound8k_audio/05769_siren.wav,5769,24347-8-0-23.wav,24347,8,siren,4
/scratch/pdoshi/audio_comp/urbansound8k_audio/05770_siren.wav,5770,24347-8-0-24.wav,24347,8,siren,4
/scratch/pdoshi/audio_comp/urbansound8k_audio/05771_siren.wav,5771,24347-8-0-25.wav,24347,8,siren,4
/scratch/pdoshi/audio_comp/urbansound8k_audio/05772_siren.wav,5772,24347-8-0-26.wav,24347,8,siren,4
/scratch/pdoshi/audio_comp/urbansound8k_audio/05773_siren.wav,5773,24347-8-0-27.wav,24347,8,siren,4
/scratch/pdoshi/audio_comp/urbansound8k_audio/05774_siren.wav,5774,24347-8-0-28.wav,24347,8,siren,4
/scratch/pdoshi/audio_comp/urbansound8k_audio/05775_siren.wav,5775,24347-8-0-29.wav,24347,8,siren,4
/scratch/pdoshi/audio_comp/urbansound8k_audio/05776_siren.wav,5776,24347-8-0-3.wav,24347,8,siren,4
/scratch/pdoshi/audio_comp/urbansound8k_audio/05777_siren.wav,5777,24347-8-0-30.wav,24347,8,siren,4
/scratch/pdoshi/audio_comp/urbansound8k_audio/05778_siren.wav,5778,24347-8-0-31.wav,24347,8,siren,4
/scratch/pdoshi/audio_comp/urbansound8k_audio/05779_siren.wav,5779,24347-8-0-32.wav,24347,8,siren,4
/scratch/pdoshi/audio_comp/urbansound8k_audio/05780_siren.wav,5780,24347-8-0-33.wav,24347,8,siren,4
/scratch/pdoshi/audio_comp/urbansound8k_audio/05781_siren.wav,5781,24347-8-0-34.wav,24347,8,siren,4
/scratch/pdoshi/audio_comp/urbansound8k_audio/05782_siren.wav,5782,24347-8-0-35.wav,24347,8,siren,4
/scratch/pdoshi/audio_comp/urbansound8k_audio/05783_siren.wav,5783,24347-8-0-36.wav,24347,8,siren,4
/scratch/pdoshi/audio_comp/urbansound8k_audio/05784_siren.wav,5784,24347-8-0-37.wav,24347,8,siren,4
/scratch/pdoshi/audio_comp/urbansound8k_audio/05785_siren.wav,5785,24347-8-0-38.wav,24347,8,siren,4
/scratch/pdoshi/audio_comp/urbansound8k_audio/05786_siren.wav,5786,24347-8-0-39.wav,24347,8,siren,4
/scratch/pdoshi/audio_comp/urbansound8k_audio/05787_siren.wav,5787,24347-8-0-4.wav,24347,8,siren,4
/scratch/pdoshi/audio_comp/urbansound8k_audio/05788_siren.wav,5788,24347-8-0-40.wav,24347,8,siren,4
/scratch/pdoshi/audio_comp/urbansound8k_audio/05789_siren.wav,5789,24347-8-0-41.wav,24347,8,siren,4
/scratch/pdoshi/audio_comp/urbansound8k_audio/05790_siren.wav,5790,24347-8-0-42.wav,24347,8,siren,4
/scratch/pdoshi/audio_comp/urbansound8k_audio/05791_siren.wav,5791,24347-8-0-43.wav,24347,8,siren,4
/scratch/pdoshi/audio_comp/urbansound8k_audio/05792_siren.wav,5792,24347-8-0-44.wav,24347,8,siren,4
/scratch/pdoshi/audio_comp/urbansound8k_audio/05793_siren.wav,5793,24347-8-0-45.wav,24347,8,siren,4
/scratch/pdoshi/audio_comp/urbansound8k_audio/05794_siren.wav,5794,24347-8-0-46.wav,24347,8,siren,4
/scratch/pdoshi/audio_comp/urbansound8k_audio/05795_siren.wav,5795,24347-8-0-47.wav,24347,8,siren,4
/scratch/pdoshi/audio_comp/urbansound8k_audio/05796_siren.wav,5796,24347-8-0-48.wav,24347,8,siren,4
/scratch/pdoshi/audio_comp/urbansound8k_audio/05797_siren.wav,5797,24347-8-0-49.wav,24347,8,siren,4
/scratch/pdoshi/audio_comp/urbansound8k_audio/05798_siren.wav,5798,24347-8-0-5.wav,24347,8,siren,4
/scratch/pdoshi/audio_comp/urbansound8k_audio/05799_siren.wav,5799,24347-8-0-50.wav,24347,8,siren,4
/scratch/pdoshi/audio_comp/urbansound8k_audio/05800_siren.wav,5800,24347-8-0-51.wav,24347,8,siren,4
/scratch/pdoshi/audio_comp/urbansound8k_audio/05801_siren.wav,5801,24347-8-0-52.wav,24347,8,siren,4
/scratch/pdoshi/audio_comp/urbansound8k_audio/05802_siren.wav,5802,24347-8-0-53.wav,24347,8,siren,4
/scratch/pdoshi/audio_comp/urbansound8k_audio/05803_siren.wav,5803,24347-8-0-54.wav,24347,8,siren,4
/scratch/pdoshi/audio_comp/urbansound8k_audio/05804_siren.wav,5804,24347-8-0-55.wav,24347,8,siren,4
/scratch/pdoshi/audio_comp/urbansound8k_audio/05805_siren.wav,5805,24347-8-0-56.wav,24347,8,siren,4
/scratch/pdoshi/audio_comp/urbansound8k_audio/05806_siren.wav,5806,24347-8-0-57.wav,24347,8,siren,4
/scratch/pdoshi/audio_comp/urbansound8k_audio/05807_siren.wav,5807,24347-8-0-58.wav,24347,8,siren,4
/scratch/pdoshi/audio_comp/urbansound8k_audio/05808_siren.wav,5808,24347-8-0-59.wav,24347,8,siren,4
/scratch/pdoshi/audio_comp/urbansound8k_audio/05809_siren.wav,5809,24347-8-0-6.wav,24347,8,siren,4
/scratch/pdoshi/audio_comp/urbansound8k_audio/05810_siren.wav,5810,24347-8-0-60.wav,24347,8,siren,4
/scratch/pdoshi/audio_comp/urbansound8k_audio/05811_siren.wav,5811,24347-8-0-61.wav,24347,8,siren,4
/scratch/pdoshi/audio_comp/urbansound8k_audio/05812_siren.wav,5812,24347-8-0-62.wav,24347,8,siren,4
/scratch/pdoshi/audio_comp/urbansound8k_audio/05813_siren.wav,5813,24347-8-0-63.wav,24347,8,siren,4
/scratch/pdoshi/audio_comp/urbansound8k_audio/05814_siren.wav,5814,24347-8-0-64.wav,24347,8,siren,4
/scratch/pdoshi/audio_comp/urbansound8k_audio/05815_siren.wav,5815,24347-8-0-65.wav,24347,8,siren,4
/scratch/pdoshi/audio_comp/urbansound8k_audio/05816_siren.wav,5816,24347-8-0-66.wav,24347,8,siren,4
/scratch/pdoshi/audio_comp/urbansound8k_audio/05817_siren.wav,5817,24347-8-0-67.wav,24347,8,siren,4
/scratch/pdoshi/audio_comp/urbansound8k_audio/05818_siren.wav,5818,24347-8-0-68.wav,24347,8,siren,4
/scratch/pdoshi/audio_comp/urbansound8k_audio/05819_siren.wav,5819,24347-8-0-69.wav,24347,8,siren,4
/scratch/pdoshi/audio_comp/urbansound8k_audio/05820_siren.wav,5820,24347-8-0-7.wav,24347,8,siren,4
/scratch/pdoshi/audio_comp/urbansound8k_audio/05821_siren.wav,5821,24347-8-0-70.wav,24347,8,siren,4
/scratch/pdoshi/audio_comp/urbansound8k_audio/05822_siren.wav,5822,24347-8-0-71.wav,24347,8,siren,4
/scratch/pdoshi/audio_comp/urbansound8k_audio/05823_siren.wav,5823,24347-8-0-72.wav,24347,8,siren,4
/scratch/pdoshi/audio_comp/urbansound8k_audio/05824_siren.wav,5824,24347-8-0-73.wav,24347,8,siren,4
/scratch/pdoshi/audio_comp/urbansound8k_audio/05825_siren.wav,5825,24347-8-0-74.wav,24347,8,siren,4
/scratch/pdoshi/audio_comp/urbansound8k_audio/05826_siren.wav,5826,24347-8-0-75.wav,24347,8,siren,4
/scratch/pdoshi/audio_comp/urbansound8k_audio/05827_siren.wav,5827,24347-8-0-76.wav,24347,8,siren,4
/scratch/pdoshi/audio_comp/urbansound8k_audio/05828_siren.wav,5828,24347-8-0-77.wav,24347,8,siren,4
/scratch/pdoshi/audio_comp/urbansound8k_audio/05829_siren.wav,5829,24347-8-0-78.wav,24347,8,siren,4
/scratch/pdoshi/audio_comp/urbansound8k_audio/05830_siren.wav,5830,24347-8-0-79.wav,24347,8,siren,4
/scratch/pdoshi/audio_comp/urbansound8k_audio/05831_siren.wav,5831,24347-8-0-8.wav,24347,8,siren,4
/scratch/pdoshi/audio_comp/urbansound8k_audio/05832_siren.wav,5832,24347-8-0-80.wav,24347,8,siren,4
/scratch/pdoshi/audio_comp/urbansound8k_audio/05833_siren.wav,5833,24347-8-0-81.wav,24347,8,siren,4
/scratch/pdoshi/audio_comp/urbansound8k_audio/05834_siren.wav,5834,24347-8-0-82.wav,24347,8,siren,4
/scratch/pdoshi/audio_comp/urbansound8k_audio/05835_siren.wav,5835,24347-8-0-83.wav,24347,8,siren,4
/scratch/pdoshi/audio_comp/urbansound8k_audio/05836_siren.wav,5836,24347-8-0-84.wav,24347,8,siren,4
/scratch/pdoshi/audio_comp/urbansound8k_audio/05837_siren.wav,5837,24347-8-0-85.wav,24347,8,siren,4
/scratch/pdoshi/audio_comp/urbansound8k_audio/05838_siren.wav,5838,24347-8-0-86.wav,24347,8,siren,4
/scratch/pdoshi/audio_comp/urbansound8k_audio/05839_siren.wav,5839,24347-8-0-87.wav,24347,8,siren,4
/scratch/pdoshi/audio_comp/urbansound8k_audio/05840_siren.wav,5840,24347-8-0-88.wav,24347,8,siren,4
/scratch/pdoshi/audio_comp/urbansound8k_audio/05841_siren.wav,5841,24347-8-0-89.wav,24347,8,siren,4
/scratch/pdoshi/audio_comp/urbansound8k_audio/05842_siren.wav,5842,24347-8-0-9.wav,24347,8,siren,4
/scratch/pdoshi/audio_comp/urbansound8k_audio/05843_siren.wav,5843,24347-8-0-90.wav,24347,8,siren,4
/scratch/pdoshi/audio_comp/urbansound8k_audio/05844_siren.wav,5844,24347-8-0-91.wav,24347,8,siren,4
/scratch/pdoshi/audio_comp/urbansound8k_audio/05845_siren.wav,5845,24347-8-0-92.wav,24347,8,siren,4
/scratch/pdoshi/audio_comp/urbansound8k_audio/05846_siren.wav,5846,24347-8-0-93.wav,24347,8,siren,4
/scratch/pdoshi/audio_comp/urbansound8k_audio/05847_siren.wav,5847,24347-8-0-94.wav,24347,8,siren,4
/scratch/pdoshi/audio_comp/urbansound8k_audio/05848_siren.wav,5848,24347-8-0-95.wav,24347,8,siren,4
/scratch/pdoshi/audio_comp/urbansound8k_audio/05849_siren.wav,5849,24347-8-0-96.wav,24347,8,siren,4
/scratch/pdoshi/audio_comp/urbansound8k_audio/05850_siren.wav,5850,24347-8-0-97.wav,24347,8,siren,4
/scratch/pdoshi/audio_comp/urbansound8k_audio/05851_siren.wav,5851,24347-8-0-98.wav,24347,8,siren,4
/scratch/pdoshi/audio_comp/urbansound8k_audio/05852_siren.wav,5852,24347-8-0-99.wav,24347,8,siren,4
/scratch/pdoshi/audio_comp/urbansound8k_audio/05853_drilling.wav,5853,24364-4-0-0.wav,24364,4,drilling,6
/scratch/pdoshi/audio_comp/urbansound8k_audio/05854_drilling.wav,5854,24364-4-0-1.wav,24364,4,drilling,6
/scratch/pdoshi/audio_comp/urbansound8k_audio/05855_drilling.wav,5855,24364-4-0-10.wav,24364,4,drilling,6
/scratch/pdoshi/audio_comp/urbansound8k_audio/05856_drilling.wav,5856,24364-4-0-11.wav,24364,4,drilling,6
/scratch/pdoshi/audio_comp/urbansound8k_audio/05857_drilling.wav,5857,24364-4-0-12.wav,24364,4,drilling,6
/scratch/pdoshi/audio_comp/urbansound8k_audio/05858_drilling.wav,5858,24364-4-0-2.wav,24364,4,drilling,6
/scratch/pdoshi/audio_comp/urbansound8k_audio/05859_drilling.wav,5859,24364-4-0-3.wav,24364,4,drilling,6
/scratch/pdoshi/audio_comp/urbansound8k_audio/05860_drilling.wav,5860,24364-4-0-4.wav,24364,4,drilling,6
/scratch/pdoshi/audio_comp/urbansound8k_audio/05861_drilling.wav,5861,24364-4-0-5.wav,24364,4,drilling,6
/scratch/pdoshi/audio_comp/urbansound8k_audio/05862_drilling.wav,5862,24364-4-0-6.wav,24364,4,drilling,6
/scratch/pdoshi/audio_comp/urbansound8k_audio/05863_drilling.wav,5863,24364-4-0-7.wav,24364,4,drilling,6
/scratch/pdoshi/audio_comp/urbansound8k_audio/05864_drilling.wav,5864,24364-4-0-8.wav,24364,4,drilling,6
/scratch/pdoshi/audio_comp/urbansound8k_audio/05865_drilling.wav,5865,24364-4-0-9.wav,24364,4,drilling,6
/scratch/pdoshi/audio_comp/urbansound8k_audio/05866_gun_shot.wav,5866,24631-6-0-0.wav,24631,6,gun_shot,7
/scratch/pdoshi/audio_comp/urbansound8k_audio/05867_gun_shot.wav,5867,24632-6-0-0.wav,24632,6,gun_shot,4
/scratch/pdoshi/audio_comp/urbansound8k_audio/05868_gun_shot.wav,5868,24632-6-1-0.wav,24632,6,gun_shot,4
/scratch/pdoshi/audio_comp/urbansound8k_audio/05869_gun_shot.wav,5869,24652-6-0-0.wav,24652,6,gun_shot,4
/scratch/pdoshi/audio_comp/urbansound8k_audio/05870_jackhammer.wav,5870,24728-7-0-0.wav,24728,7,jackhammer,8
/scratch/pdoshi/audio_comp/urbansound8k_audio/05871_jackhammer.wav,5871,24728-7-1-0.wav,24728,7,jackhammer,8
/scratch/pdoshi/audio_comp/urbansound8k_audio/05872_jackhammer.wav,5872,24728-7-2-0.wav,24728,7,jackhammer,8
/scratch/pdoshi/audio_comp/urbansound8k_audio/05873_jackhammer.wav,5873,24728-7-3-0.wav,24728,7,jackhammer,8
/scratch/pdoshi/audio_comp/urbansound8k_audio/05874_jackhammer.wav,5874,24728-7-4-0.wav,24728,7,jackhammer,8
/scratch/pdoshi/audio_comp/urbansound8k_audio/05875_jackhammer.wav,5875,24728-7-5-0.wav,24728,7,jackhammer,8
/scratch/pdoshi/audio_comp/urbansound8k_audio/05876_dog_bark.wav,5876,24965-3-0-0.wav,24965,3,dog_bark,7
/scratch/pdoshi/audio_comp/urbansound8k_audio/05877_dog_bark.wav,5877,24965-3-1-0.wav,24965,3,dog_bark,7
/scratch/pdoshi/audio_comp/urbansound8k_audio/05878_dog_bark.wav,5878,24965-3-2-0.wav,24965,3,dog_bark,7
/scratch/pdoshi/audio_comp/urbansound8k_audio/05879_dog_bark.wav,5879,24965-3-3-0.wav,24965,3,dog_bark,7
/scratch/pdoshi/audio_comp/urbansound8k_audio/05880_gun_shot.wav,5880,25037-6-0-0.wav,25037,6,gun_shot,10
/scratch/pdoshi/audio_comp/urbansound8k_audio/05881_gun_shot.wav,5881,25037-6-1-0.wav,25037,6,gun_shot,10
/scratch/pdoshi/audio_comp/urbansound8k_audio/05882_gun_shot.wav,5882,25038-6-0-0.wav,25038,6,gun_shot,9
/scratch/pdoshi/audio_comp/urbansound8k_audio/05883_gun_shot.wav,5883,25038-6-1-0.wav,25038,6,gun_shot,9
/scratch/pdoshi/audio_comp/urbansound8k_audio/05884_gun_shot.wav,5884,25039-6-0-0.wav,25039,6,gun_shot,8
/scratch/pdoshi/audio_comp/urbansound8k_audio/05885_gun_shot.wav,5885,25039-6-1-0.wav,25039,6,gun_shot,8
/scratch/pdoshi/audio_comp/urbansound8k_audio/05886_siren.wav,5886,26173-8-0-0.wav,26173,8,siren,10
/scratch/pdoshi/audio_comp/urbansound8k_audio/05887_car_horn.wav,5887,26176-1-0-0.wav,26176,1,car_horn,8
/scratch/pdoshi/audio_comp/urbansound8k_audio/05888_car_horn.wav,5888,26177-1-0-0.wav,26177,1,car_horn,5
/scratch/pdoshi/audio_comp/urbansound8k_audio/05889_car_horn.wav,5889,26177-1-1-0.wav,26177,1,car_horn,5
/scratch/pdoshi/audio_comp/urbansound8k_audio/05890_car_horn.wav,5890,26177-1-2-0.wav,26177,1,car_horn,5
/scratch/pdoshi/audio_comp/urbansound8k_audio/05891_engine_idling.wav,5891,26184-5-0-0.wav,26184,5,engine_idling,5
/scratch/pdoshi/audio_comp/urbansound8k_audio/05892_engine_idling.wav,5892,26184-5-1-0.wav,26184,5,engine_idling,5
/scratch/pdoshi/audio_comp/urbansound8k_audio/05893_engine_idling.wav,5893,26184-5-2-0.wav,26184,5,engine_idling,5
/scratch/pdoshi/audio_comp/urbansound8k_audio/05894_engine_idling.wav,5894,26184-5-3-0.wav,26184,5,engine_idling,5
/scratch/pdoshi/audio_comp/urbansound8k_audio/05895_engine_idling.wav,5895,26184-5-4-0.wav,26184,5,engine_idling,5
/scratch/pdoshi/audio_comp/urbansound8k_audio/05896_engine_idling.wav,5896,26184-5-4-1.wav,26184,5,engine_idling,5
/scratch/pdoshi/audio_comp/urbansound8k_audio/05897_engine_idling.wav,5897,26184-5-4-2.wav,26184,5,engine_idling,5
/scratch/pdoshi/audio_comp/urbansound8k_audio/05898_engine_idling.wav,5898,26184-5-4-3.wav,26184,5,engine_idling,5
/scratch/pdoshi/audio_comp/urbansound8k_audio/05899_car_horn.wav,5899,26185-1-0-0.wav,26185,1,car_horn,9
/scratch/pdoshi/audio_comp/urbansound8k_audio/05900_car_horn.wav,5900,26185-1-1-0.wav,26185,1,car_horn,9
/scratch/pdoshi/audio_comp/urbansound8k_audio/05901_car_horn.wav,5901,26186-1-0-0.wav,26186,1,car_horn,9
/scratch/pdoshi/audio_comp/urbansound8k_audio/05902_dog_bark.wav,5902,26255-3-0-0.wav,26255,3,dog_bark,10
/scratch/pdoshi/audio_comp/urbansound8k_audio/05903_dog_bark.wav,5903,26255-3-13-1.wav,26255,3,dog_bark,10
/scratch/pdoshi/audio_comp/urbansound8k_audio/05904_dog_bark.wav,5904,26255-3-6-0.wav,26255,3,dog_bark,10
/scratch/pdoshi/audio_comp/urbansound8k_audio/05905_dog_bark.wav,5905,26255-3-8-0.wav,26255,3,dog_bark,10
/scratch/pdoshi/audio_comp/urbansound8k_audio/05906_dog_bark.wav,5906,26256-3-4-0.wav,26256,3,dog_bark,4
/scratch/pdoshi/audio_comp/urbansound8k_audio/05907_dog_bark.wav,5907,26256-3-5-22.wav,26256,3,dog_bark,4
/scratch/pdoshi/audio_comp/urbansound8k_audio/05908_dog_bark.wav,5908,26256-3-6-6.wav,26256,3,dog_bark,4
/scratch/pdoshi/audio_comp/urbansound8k_audio/05909_dog_bark.wav,5909,26256-3-7-36.wav,26256,3,dog_bark,4
/scratch/pdoshi/audio_comp/urbansound8k_audio/05910_street_music.wav,5910,26270-9-0-19.wav,26270,9,street_music,1
/scratch/pdoshi/audio_comp/urbansound8k_audio/05911_street_music.wav,5911,26270-9-0-23.wav,26270,9,street_music,1
/scratch/pdoshi/audio_comp/urbansound8k_audio/05912_street_music.wav,5912,26270-9-0-3.wav,26270,9,street_music,1
/scratch/pdoshi/audio_comp/urbansound8k_audio/05913_street_music.wav,5913,26270-9-0-30.wav,26270,9,street_music,1
/scratch/pdoshi/audio_comp/urbansound8k_audio/05914_street_music.wav,5914,26270-9-0-32.wav,26270,9,street_music,1
/scratch/pdoshi/audio_comp/urbansound8k_audio/05915_street_music.wav,5915,26270-9-0-35.wav,26270,9,street_music,1
/scratch/pdoshi/audio_comp/urbansound8k_audio/05916_drilling.wav,5916,26344-4-0-0.wav,26344,4,drilling,10
/scratch/pdoshi/audio_comp/urbansound8k_audio/05917_drilling.wav,5917,26344-4-1-0.wav,26344,4,drilling,10
/scratch/pdoshi/audio_comp/urbansound8k_audio/05918_car_horn.wav,5918,27068-1-0-0.wav,27068,1,car_horn,9
/scratch/pdoshi/audio_comp/urbansound8k_audio/05919_children_playing.wav,5919,27070-2-0-0.wav,27070,2,children_playing,10
/scratch/pdoshi/audio_comp/urbansound8k_audio/05920_children_playing.wav,5920,27070-2-0-2.wav,27070,2,children_playing,10
/scratch/pdoshi/audio_comp/urbansound8k_audio/05921_children_playing.wav,5921,27070-2-0-3.wav,27070,2,children_playing,10
/scratch/pdoshi/audio_comp/urbansound8k_audio/05922_children_playing.wav,5922,27070-2-0-4.wav,27070,2,children_playing,10
/scratch/pdoshi/audio_comp/urbansound8k_audio/05923_children_playing.wav,5923,27070-2-0-5.wav,27070,2,children_playing,10
/scratch/pdoshi/audio_comp/urbansound8k_audio/05924_children_playing.wav,5924,27070-2-0-7.wav,27070,2,children_playing,10
/scratch/pdoshi/audio_comp/urbansound8k_audio/05925_children_playing.wav,5925,27070-2-0-8.wav,27070,2,children_playing,10
/scratch/pdoshi/audio_comp/urbansound8k_audio/05926_dog_bark.wav,5926,27216-3-0-18.wav,27216,3,dog_bark,7
/scratch/pdoshi/audio_comp/urbansound8k_audio/05927_dog_bark.wav,5927,27216-3-0-21.wav,27216,3,dog_bark,7
/scratch/pdoshi/audio_comp/urbansound8k_audio/05928_dog_bark.wav,5928,27216-3-0-24.wav,27216,3,dog_bark,7
/scratch/pdoshi/audio_comp/urbansound8k_audio/05929_dog_bark.wav,5929,27216-3-0-9.wav,27216,3,dog_bark,7
/scratch/pdoshi/audio_comp/urbansound8k_audio/05930_dog_bark.wav,5930,27217-3-0-13.wav,27217,3,dog_bark,7
/scratch/pdoshi/audio_comp/urbansound8k_audio/05931_dog_bark.wav,5931,27217-3-0-22.wav,27217,3,dog_bark,7
/scratch/pdoshi/audio_comp/urbansound8k_audio/05932_dog_bark.wav,5932,27217-3-0-6.wav,27217,3,dog_bark,7
/scratch/pdoshi/audio_comp/urbansound8k_audio/05933_dog_bark.wav,5933,27349-3-0-2.wav,27349,3,dog_bark,2
/scratch/pdoshi/audio_comp/urbansound8k_audio/05934_dog_bark.wav,5934,27349-3-0-6.wav,27349,3,dog_bark,2
/scratch/pdoshi/audio_comp/urbansound8k_audio/05935_dog_bark.wav,5935,27349-3-1-2.wav,27349,3,dog_bark,2
/scratch/pdoshi/audio_comp/urbansound8k_audio/05936_dog_bark.wav,5936,27349-3-2-1.wav,27349,3,dog_bark,2
/scratch/pdoshi/audio_comp/urbansound8k_audio/05937_dog_bark.wav,5937,28284-3-0-0.wav,28284,3,dog_bark,6
/scratch/pdoshi/audio_comp/urbansound8k_audio/05938_dog_bark.wav,5938,28284-3-0-1.wav,28284,3,dog_bark,6
/scratch/pdoshi/audio_comp/urbansound8k_audio/05939_dog_bark.wav,5939,28284-3-1-0.wav,28284,3,dog_bark,6
/scratch/pdoshi/audio_comp/urbansound8k_audio/05940_street_music.wav,5940,28385-9-0-32.wav,28385,9,street_music,7
/scratch/pdoshi/audio_comp/urbansound8k_audio/05941_street_music.wav,5941,28385-9-0-33.wav,28385,9,street_music,7
/scratch/pdoshi/audio_comp/urbansound8k_audio/05942_street_music.wav,5942,28385-9-0-44.wav,28385,9,street_music,7
/scratch/pdoshi/audio_comp/urbansound8k_audio/05943_street_music.wav,5943,28385-9-0-46.wav,28385,9,street_music,7
/scratch/pdoshi/audio_comp/urbansound8k_audio/05944_street_music.wav,5944,28385-9-0-57.wav,28385,9,street_music,7
/scratch/pdoshi/audio_comp/urbansound8k_audio/05945_street_music.wav,5945,28385-9-0-65.wav,28385,9,street_music,7
/scratch/pdoshi/audio_comp/urbansound8k_audio/05946_street_music.wav,5946,28385-9-0-9.wav,28385,9,street_music,7
/scratch/pdoshi/audio_comp/urbansound8k_audio/05947_siren.wav,5947,28426-8-0-0.wav,28426,8,siren,5
/scratch/pdoshi/audio_comp/urbansound8k_audio/05948_siren.wav,5948,28426-8-1-0.wav,28426,8,siren,5
/scratch/pdoshi/audio_comp/urbansound8k_audio/05949_siren.wav,5949,28426-8-2-0.wav,28426,8,siren,5
/scratch/pdoshi/audio_comp/urbansound8k_audio/05950_car_horn.wav,5950,28808-1-0-0.wav,28808,1,car_horn,10
/scratch/pdoshi/audio_comp/urbansound8k_audio/05951_car_horn.wav,5951,28808-1-0-1.wav,28808,1,car_horn,10
/scratch/pdoshi/audio_comp/urbansound8k_audio/05952_car_horn.wav,5952,28808-1-0-10.wav,28808,1,car_horn,10
/scratch/pdoshi/audio_comp/urbansound8k_audio/05953_car_horn.wav,5953,28808-1-0-11.wav,28808,1,car_horn,10
/scratch/pdoshi/audio_comp/urbansound8k_audio/05954_car_horn.wav,5954,28808-1-0-2.wav,28808,1,car_horn,10
/scratch/pdoshi/audio_comp/urbansound8k_audio/05955_car_horn.wav,5955,28808-1-0-3.wav,28808,1,car_horn,10
/scratch/pdoshi/audio_comp/urbansound8k_audio/05956_car_horn.wav,5956,28808-1-0-4.wav,28808,1,car_horn,10
/scratch/pdoshi/audio_comp/urbansound8k_audio/05957_car_horn.wav,5957,28808-1-0-5.wav,28808,1,car_horn,10
/scratch/pdoshi/audio_comp/urbansound8k_audio/05958_car_horn.wav,5958,28808-1-0-6.wav,28808,1,car_horn,10
/scratch/pdoshi/audio_comp/urbansound8k_audio/05959_car_horn.wav,5959,28808-1-0-7.wav,28808,1,car_horn,10
/scratch/pdoshi/audio_comp/urbansound8k_audio/05960_car_horn.wav,5960,28808-1-0-8.wav,28808,1,car_horn,10
/scratch/pdoshi/audio_comp/urbansound8k_audio/05961_car_horn.wav,5961,28808-1-0-9.wav,28808,1,car_horn,10
/scratch/pdoshi/audio_comp/urbansound8k_audio/05962_car_horn.wav,5962,28808-1-1-0.wav,28808,1,car_horn,10
/scratch/pdoshi/audio_comp/urbansound8k_audio/05963_car_horn.wav,5963,28808-1-1-1.wav,28808,1,car_horn,10
/scratch/pdoshi/audio_comp/urbansound8k_audio/05964_car_horn.wav,5964,2937-1-0-0.wav,2937,1,car_horn,10
/scratch/pdoshi/audio_comp/urbansound8k_audio/05965_drilling.wav,5965,29721-4-0-0.wav,29721,4,drilling,3
/scratch/pdoshi/audio_comp/urbansound8k_audio/05966_drilling.wav,5966,29721-4-0-1.wav,29721,4,drilling,3
/scratch/pdoshi/audio_comp/urbansound8k_audio/05967_drilling.wav,5967,29721-4-0-10.wav,29721,4,drilling,3
/scratch/pdoshi/audio_comp/urbansound8k_audio/05968_drilling.wav,5968,29721-4-0-11.wav,29721,4,drilling,3
/scratch/pdoshi/audio_comp/urbansound8k_audio/05969_drilling.wav,5969,29721-4-0-12.wav,29721,4,drilling,3
/scratch/pdoshi/audio_comp/urbansound8k_audio/05970_drilling.wav,5970,29721-4-0-13.wav,29721,4,drilling,3
/scratch/pdoshi/audio_comp/urbansound8k_audio/05971_drilling.wav,5971,29721-4-0-14.wav,29721,4,drilling,3
/scratch/pdoshi/audio_comp/urbansound8k_audio/05972_drilling.wav,5972,29721-4-0-2.wav,29721,4,drilling,3
/scratch/pdoshi/audio_comp/urbansound8k_audio/05973_drilling.wav,5973,29721-4-0-3.wav,29721,4,drilling,3
/scratch/pdoshi/audio_comp/urbansound8k_audio/05974_drilling.wav,5974,29721-4-0-4.wav,29721,4,drilling,3
/scratch/pdoshi/audio_comp/urbansound8k_audio/05975_drilling.wav,5975,29721-4-0-5.wav,29721,4,drilling,3
/scratch/pdoshi/audio_comp/urbansound8k_audio/05976_drilling.wav,5976,29721-4-0-6.wav,29721,4,drilling,3
/scratch/pdoshi/audio_comp/urbansound8k_audio/05977_drilling.wav,5977,29721-4-0-7.wav,29721,4,drilling,3
/scratch/pdoshi/audio_comp/urbansound8k_audio/05978_drilling.wav,5978,29721-4-0-8.wav,29721,4,drilling,3
/scratch/pdoshi/audio_comp/urbansound8k_audio/05979_drilling.wav,5979,29721-4-0-9.wav,29721,4,drilling,3
/scratch/pdoshi/audio_comp/urbansound8k_audio/05980_drilling.wav,5980,29722-4-0-0.wav,29722,4,drilling,4
/scratch/pdoshi/audio_comp/urbansound8k_audio/05981_drilling.wav,5981,29722-4-0-1.wav,29722,4,drilling,4
/scratch/pdoshi/audio_comp/urbansound8k_audio/05982_drilling.wav,5982,29722-4-0-2.wav,29722,4,drilling,4
/scratch/pdoshi/audio_comp/urbansound8k_audio/05983_drilling.wav,5983,29722-4-0-3.wav,29722,4,drilling,4
/scratch/pdoshi/audio_comp/urbansound8k_audio/05984_drilling.wav,5984,29722-4-0-4.wav,29722,4,drilling,4
/scratch/pdoshi/audio_comp/urbansound8k_audio/05985_drilling.wav,5985,29722-4-0-5.wav,29722,4,drilling,4
/scratch/pdoshi/audio_comp/urbansound8k_audio/05986_drilling.wav,5986,29722-4-0-6.wav,29722,4,drilling,4
/scratch/pdoshi/audio_comp/urbansound8k_audio/05987_car_horn.wav,5987,29932-1-0-0.wav,29932,1,car_horn,6
/scratch/pdoshi/audio_comp/urbansound8k_audio/05988_car_horn.wav,5988,29932-1-1-0.wav,29932,1,car_horn,6
/scratch/pdoshi/audio_comp/urbansound8k_audio/05989_dog_bark.wav,5989,29936-3-0-0.wav,29936,3,dog_bark,8
/scratch/pdoshi/audio_comp/urbansound8k_audio/05990_dog_bark.wav,5990,29936-3-1-0.wav,29936,3,dog_bark,8
/scratch/pdoshi/audio_comp/urbansound8k_audio/05991_dog_bark.wav,5991,29936-3-2-0.wav,29936,3,dog_bark,8
/scratch/pdoshi/audio_comp/urbansound8k_audio/05992_dog_bark.wav,5992,29936-3-3-0.wav,29936,3,dog_bark,8
/scratch/pdoshi/audio_comp/urbansound8k_audio/05993_dog_bark.wav,5993,29937-3-0-14.wav,29937,3,dog_bark,5
/scratch/pdoshi/audio_comp/urbansound8k_audio/05994_dog_bark.wav,5994,29937-3-0-4.wav,29937,3,dog_bark,5
/scratch/pdoshi/audio_comp/urbansound8k_audio/05995_dog_bark.wav,5995,29937-3-0-6.wav,29937,3,dog_bark,5
/scratch/pdoshi/audio_comp/urbansound8k_audio/05996_dog_bark.wav,5996,29937-3-0-8.wav,29937,3,dog_bark,5
/scratch/pdoshi/audio_comp/urbansound8k_audio/05997_air_conditioner.wav,5997,30204-0-0-0.wav,30204,0,air_conditioner,3
/scratch/pdoshi/audio_comp/urbansound8k_audio/05998_air_conditioner.wav,5998,30204-0-0-1.wav,30204,0,air_conditioner,3
/scratch/pdoshi/audio_comp/urbansound8k_audio/05999_air_conditioner.wav,5999,30204-0-0-10.wav,30204,0,air_conditioner,3
/scratch/pdoshi/audio_comp/urbansound8k_audio/06000_air_conditioner.wav,6000,30204-0-0-11.wav,30204,0,air_conditioner,3
/scratch/pdoshi/audio_comp/urbansound8k_audio/06001_air_conditioner.wav,6001,30204-0-0-12.wav,30204,0,air_conditioner,3
/scratch/pdoshi/audio_comp/urbansound8k_audio/06002_air_conditioner.wav,6002,30204-0-0-13.wav,30204,0,air_conditioner,3
/scratch/pdoshi/audio_comp/urbansound8k_audio/06003_air_conditioner.wav,6003,30204-0-0-2.wav,30204,0,air_conditioner,3
/scratch/pdoshi/audio_comp/urbansound8k_audio/06004_air_conditioner.wav,6004,30204-0-0-3.wav,30204,0,air_conditioner,3
/scratch/pdoshi/audio_comp/urbansound8k_audio/06005_air_conditioner.wav,6005,30204-0-0-4.wav,30204,0,air_conditioner,3
/scratch/pdoshi/audio_comp/urbansound8k_audio/06006_air_conditioner.wav,6006,30204-0-0-5.wav,30204,0,air_conditioner,3
/scratch/pdoshi/audio_comp/urbansound8k_audio/06007_air_conditioner.wav,6007,30204-0-0-6.wav,30204,0,air_conditioner,3
/scratch/pdoshi/audio_comp/urbansound8k_audio/06008_air_conditioner.wav,6008,30204-0-0-7.wav,30204,0,air_conditioner,3
/scratch/pdoshi/audio_comp/urbansound8k_audio/06009_air_conditioner.wav,6009,30204-0-0-8.wav,30204,0,air_conditioner,3
/scratch/pdoshi/audio_comp/urbansound8k_audio/06010_air_conditioner.wav,6010,30204-0-0-9.wav,30204,0,air_conditioner,3
/scratch/pdoshi/audio_comp/urbansound8k_audio/06011_jackhammer.wav,6011,30206-7-0-0.wav,30206,7,jackhammer,6
/scratch/pdoshi/audio_comp/urbansound8k_audio/06012_jackhammer.wav,6012,30206-7-0-1.wav,30206,7,jackhammer,6
/scratch/pdoshi/audio_comp/urbansound8k_audio/06013_jackhammer.wav,6013,30206-7-0-10.wav,30206,7,jackhammer,6
/scratch/pdoshi/audio_comp/urbansound8k_audio/06014_jackhammer.wav,6014,30206-7-0-11.wav,30206,7,jackhammer,6
/scratch/pdoshi/audio_comp/urbansound8k_audio/06015_jackhammer.wav,6015,30206-7-0-12.wav,30206,7,jackhammer,6
/scratch/pdoshi/audio_comp/urbansound8k_audio/06016_jackhammer.wav,6016,30206-7-0-13.wav,30206,7,jackhammer,6
/scratch/pdoshi/audio_comp/urbansound8k_audio/06017_jackhammer.wav,6017,30206-7-0-14.wav,30206,7,jackhammer,6
/scratch/pdoshi/audio_comp/urbansound8k_audio/06018_jackhammer.wav,6018,30206-7-0-15.wav,30206,7,jackhammer,6
/scratch/pdoshi/audio_comp/urbansound8k_audio/06019_jackhammer.wav,6019,30206-7-0-16.wav,30206,7,jackhammer,6
/scratch/pdoshi/audio_comp/urbansound8k_audio/06020_jackhammer.wav,6020,30206-7-0-17.wav,30206,7,jackhammer,6
/scratch/pdoshi/audio_comp/urbansound8k_audio/06021_jackhammer.wav,6021,30206-7-0-18.wav,30206,7,jackhammer,6
/scratch/pdoshi/audio_comp/urbansound8k_audio/06022_jackhammer.wav,6022,30206-7-0-19.wav,30206,7,jackhammer,6
/scratch/pdoshi/audio_comp/urbansound8k_audio/06023_jackhammer.wav,6023,30206-7-0-2.wav,30206,7,jackhammer,6
/scratch/pdoshi/audio_comp/urbansound8k_audio/06024_jackhammer.wav,6024,30206-7-0-20.wav,30206,7,jackhammer,6
/scratch/pdoshi/audio_comp/urbansound8k_audio/06025_jackhammer.wav,6025,30206-7-0-21.wav,30206,7,jackhammer,6
/scratch/pdoshi/audio_comp/urbansound8k_audio/06026_jackhammer.wav,6026,30206-7-0-22.wav,30206,7,jackhammer,6
/scratch/pdoshi/audio_comp/urbansound8k_audio/06027_jackhammer.wav,6027,30206-7-0-23.wav,30206,7,jackhammer,6
/scratch/pdoshi/audio_comp/urbansound8k_audio/06028_jackhammer.wav,6028,30206-7-0-24.wav,30206,7,jackhammer,6
/scratch/pdoshi/audio_comp/urbansound8k_audio/06029_jackhammer.wav,6029,30206-7-0-25.wav,30206,7,jackhammer,6
/scratch/pdoshi/audio_comp/urbansound8k_audio/06030_jackhammer.wav,6030,30206-7-0-26.wav,30206,7,jackhammer,6
/scratch/pdoshi/audio_comp/urbansound8k_audio/06031_jackhammer.wav,6031,30206-7-0-27.wav,30206,7,jackhammer,6
/scratch/pdoshi/audio_comp/urbansound8k_audio/06032_jackhammer.wav,6032,30206-7-0-28.wav,30206,7,jackhammer,6
/scratch/pdoshi/audio_comp/urbansound8k_audio/06033_jackhammer.wav,6033,30206-7-0-29.wav,30206,7,jackhammer,6
/scratch/pdoshi/audio_comp/urbansound8k_audio/06034_jackhammer.wav,6034,30206-7-0-3.wav,30206,7,jackhammer,6
/scratch/pdoshi/audio_comp/urbansound8k_audio/06035_jackhammer.wav,6035,30206-7-0-30.wav,30206,7,jackhammer,6
/scratch/pdoshi/audio_comp/urbansound8k_audio/06036_jackhammer.wav,6036,30206-7-0-31.wav,30206,7,jackhammer,6
/scratch/pdoshi/audio_comp/urbansound8k_audio/06037_jackhammer.wav,6037,30206-7-0-32.wav,30206,7,jackhammer,6
/scratch/pdoshi/audio_comp/urbansound8k_audio/06038_jackhammer.wav,6038,30206-7-0-33.wav,30206,7,jackhammer,6
/scratch/pdoshi/audio_comp/urbansound8k_audio/06039_jackhammer.wav,6039,30206-7-0-34.wav,30206,7,jackhammer,6
/scratch/pdoshi/audio_comp/urbansound8k_audio/06040_jackhammer.wav,6040,30206-7-0-35.wav,30206,7,jackhammer,6
/scratch/pdoshi/audio_comp/urbansound8k_audio/06041_jackhammer.wav,6041,30206-7-0-36.wav,30206,7,jackhammer,6
/scratch/pdoshi/audio_comp/urbansound8k_audio/06042_jackhammer.wav,6042,30206-7-0-37.wav,30206,7,jackhammer,6
/scratch/pdoshi/audio_comp/urbansound8k_audio/06043_jackhammer.wav,6043,30206-7-0-38.wav,30206,7,jackhammer,6
/scratch/pdoshi/audio_comp/urbansound8k_audio/06044_jackhammer.wav,6044,30206-7-0-39.wav,30206,7,jackhammer,6
/scratch/pdoshi/audio_comp/urbansound8k_audio/06045_jackhammer.wav,6045,30206-7-0-4.wav,30206,7,jackhammer,6
/scratch/pdoshi/audio_comp/urbansound8k_audio/06046_jackhammer.wav,6046,30206-7-0-5.wav,30206,7,jackhammer,6
/scratch/pdoshi/audio_comp/urbansound8k_audio/06047_jackhammer.wav,6047,30206-7-0-6.wav,30206,7,jackhammer,6
/scratch/pdoshi/audio_comp/urbansound8k_audio/06048_jackhammer.wav,6048,30206-7-0-7.wav,30206,7,jackhammer,6
/scratch/pdoshi/audio_comp/urbansound8k_audio/06049_jackhammer.wav,6049,30206-7-0-8.wav,30206,7,jackhammer,6
/scratch/pdoshi/audio_comp/urbansound8k_audio/06050_jackhammer.wav,6050,30206-7-0-9.wav,30206,7,jackhammer,6
/scratch/pdoshi/audio_comp/urbansound8k_audio/06051_dog_bark.wav,6051,30226-3-1-0.wav,30226,3,dog_bark,8
/scratch/pdoshi/audio_comp/urbansound8k_audio/06052_dog_bark.wav,6052,30226-3-1-1.wav,30226,3,dog_bark,8
/scratch/pdoshi/audio_comp/urbansound8k_audio/06053_dog_bark.wav,6053,30226-3-1-3.wav,30226,3,dog_bark,8
/scratch/pdoshi/audio_comp/urbansound8k_audio/06054_dog_bark.wav,6054,30226-3-1-5.wav,30226,3,dog_bark,8
/scratch/pdoshi/audio_comp/urbansound8k_audio/06055_dog_bark.wav,6055,30344-3-0-0.wav,30344,3,dog_bark,10
/scratch/pdoshi/audio_comp/urbansound8k_audio/06056_dog_bark.wav,6056,30344-3-0-1.wav,30344,3,dog_bark,10
/scratch/pdoshi/audio_comp/urbansound8k_audio/06057_dog_bark.wav,6057,30344-3-0-3.wav,30344,3,dog_bark,10
/scratch/pdoshi/audio_comp/urbansound8k_audio/06058_dog_bark.wav,6058,30344-3-0-4.wav,30344,3,dog_bark,10
/scratch/pdoshi/audio_comp/urbansound8k_audio/06059_siren.wav,6059,30823-8-0-0.wav,30823,8,siren,1
/scratch/pdoshi/audio_comp/urbansound8k_audio/06060_dog_bark.wav,6060,30832-3-1-0.wav,30832,3,dog_bark,4
/scratch/pdoshi/audio_comp/urbansound8k_audio/06061_dog_bark.wav,6061,30832-3-12-0.wav,30832,3,dog_bark,4
/scratch/pdoshi/audio_comp/urbansound8k_audio/06062_dog_bark.wav,6062,30832-3-5-1.wav,30832,3,dog_bark,4
/scratch/pdoshi/audio_comp/urbansound8k_audio/06063_dog_bark.wav,6063,30832-3-7-0.wav,30832,3,dog_bark,4
/scratch/pdoshi/audio_comp/urbansound8k_audio/06064_children_playing.wav,6064,31150-2-0-1.wav,31150,2,children_playing,5
/scratch/pdoshi/audio_comp/urbansound8k_audio/06065_children_playing.wav,6065,31150-2-0-14.wav,31150,2,children_playing,5
/scratch/pdoshi/audio_comp/urbansound8k_audio/06066_children_playing.wav,6066,31150-2-0-17.wav,31150,2,children_playing,5
/scratch/pdoshi/audio_comp/urbansound8k_audio/06067_children_playing.wav,6067,31150-2-0-2.wav,31150,2,children_playing,5
/scratch/pdoshi/audio_comp/urbansound8k_audio/06068_children_playing.wav,6068,31150-2-0-24.wav,31150,2,children_playing,5
/scratch/pdoshi/audio_comp/urbansound8k_audio/06069_children_playing.wav,6069,31150-2-0-34.wav,31150,2,children_playing,5
/scratch/pdoshi/audio_comp/urbansound8k_audio/06070_children_playing.wav,6070,31150-2-0-6.wav,31150,2,children_playing,5
/scratch/pdoshi/audio_comp/urbansound8k_audio/06071_dog_bark.wav,6071,31323-3-0-1.wav,31323,3,dog_bark,1
/scratch/pdoshi/audio_comp/urbansound8k_audio/06072_dog_bark.wav,6072,31323-3-0-2.wav,31323,3,dog_bark,1
/scratch/pdoshi/audio_comp/urbansound8k_audio/06073_dog_bark.wav,6073,31323-3-0-20.wav,31323,3,dog_bark,1
/scratch/pdoshi/audio_comp/urbansound8k_audio/06074_dog_bark.wav,6074,31323-3-0-22.wav,31323,3,dog_bark,1
/scratch/pdoshi/audio_comp/urbansound8k_audio/06075_dog_bark.wav,6075,31325-3-1-0.wav,31325,3,dog_bark,8
/scratch/pdoshi/audio_comp/urbansound8k_audio/06076_dog_bark.wav,6076,31325-3-1-1.wav,31325,3,dog_bark,8
/scratch/pdoshi/audio_comp/urbansound8k_audio/06077_dog_bark.wav,6077,31325-3-3-6.wav,31325,3,dog_bark,8
/scratch/pdoshi/audio_comp/urbansound8k_audio/06078_dog_bark.wav,6078,31325-3-4-0.wav,31325,3,dog_bark,8
/scratch/pdoshi/audio_comp/urbansound8k_audio/06079_dog_bark.wav,6079,31840-3-0-0.wav,31840,3,dog_bark,1
/scratch/pdoshi/audio_comp/urbansound8k_audio/06080_dog_bark.wav,6080,31840-3-1-0.wav,31840,3,dog_bark,1
/scratch/pdoshi/audio_comp/urbansound8k_audio/06081_jackhammer.wav,6081,31884-7-0-0.wav,31884,7,jackhammer,3
/scratch/pdoshi/audio_comp/urbansound8k_audio/06082_jackhammer.wav,6082,31884-7-0-1.wav,31884,7,jackhammer,3
/scratch/pdoshi/audio_comp/urbansound8k_audio/06083_jackhammer.wav,6083,31884-7-0-2.wav,31884,7,jackhammer,3
/scratch/pdoshi/audio_comp/urbansound8k_audio/06084_jackhammer.wav,6084,31884-7-0-3.wav,31884,7,jackhammer,3
/scratch/pdoshi/audio_comp/urbansound8k_audio/06085_jackhammer.wav,6085,31884-7-1-0.wav,31884,7,jackhammer,3
/scratch/pdoshi/audio_comp/urbansound8k_audio/06086_jackhammer.wav,6086,31884-7-1-1.wav,31884,7,jackhammer,3
/scratch/pdoshi/audio_comp/urbansound8k_audio/06087_jackhammer.wav,6087,31884-7-1-2.wav,31884,7,jackhammer,3
/scratch/pdoshi/audio_comp/urbansound8k_audio/06088_jackhammer.wav,6088,31884-7-1-3.wav,31884,7,jackhammer,3
/scratch/pdoshi/audio_comp/urbansound8k_audio/06089_jackhammer.wav,6089,31884-7-1-4.wav,31884,7,jackhammer,3
/scratch/pdoshi/audio_comp/urbansound8k_audio/06090_street_music.wav,6090,31973-9-0-43.wav,31973,9,street_music,6
/scratch/pdoshi/audio_comp/urbansound8k_audio/06091_street_music.wav,6091,31973-9-0-51.wav,31973,9,street_music,6
/scratch/pdoshi/audio_comp/urbansound8k_audio/06092_street_music.wav,6092,31973-9-0-56.wav,31973,9,street_music,6
/scratch/pdoshi/audio_comp/urbansound8k_audio/06093_street_music.wav,6093,31973-9-0-57.wav,31973,9,street_music,6
/scratch/pdoshi/audio_comp/urbansound8k_audio/06094_street_music.wav,6094,31973-9-0-64.wav,31973,9,street_music,6
/scratch/pdoshi/audio_comp/urbansound8k_audio/06095_street_music.wav,6095,31973-9-0-71.wav,31973,9,street_music,6
/scratch/pdoshi/audio_comp/urbansound8k_audio/06096_dog_bark.wav,6096,32318-3-0-0.wav,32318,3,dog_bark,3
/scratch/pdoshi/audio_comp/urbansound8k_audio/06097_dog_bark.wav,6097,32318-3-0-1.wav,32318,3,dog_bark,3
/scratch/pdoshi/audio_comp/urbansound8k_audio/06098_car_horn.wav,6098,32417-1-0-0.wav,32417,1,car_horn,3
/scratch/pdoshi/audio_comp/urbansound8k_audio/06099_jackhammer.wav,6099,33340-7-0-0.wav,33340,7,jackhammer,8
/scratch/pdoshi/audio_comp/urbansound8k_audio/06100_jackhammer.wav,6100,33340-7-1-0.wav,33340,7,jackhammer,8
/scratch/pdoshi/audio_comp/urbansound8k_audio/06101_jackhammer.wav,6101,33340-7-10-0.wav,33340,7,jackhammer,8
/scratch/pdoshi/audio_comp/urbansound8k_audio/06102_jackhammer.wav,6102,33340-7-11-0.wav,33340,7,jackhammer,8
/scratch/pdoshi/audio_comp/urbansound8k_audio/06103_jackhammer.wav,6103,33340-7-12-0.wav,33340,7,jackhammer,8
/scratch/pdoshi/audio_comp/urbansound8k_audio/06104_jackhammer.wav,6104,33340-7-13-0.wav,33340,7,jackhammer,8
/scratch/pdoshi/audio_comp/urbansound8k_audio/06105_jackhammer.wav,6105,33340-7-14-0.wav,33340,7,jackhammer,8
/scratch/pdoshi/audio_comp/urbansound8k_audio/06106_jackhammer.wav,6106,33340-7-15-0.wav,33340,7,jackhammer,8
/scratch/pdoshi/audio_comp/urbansound8k_audio/06107_jackhammer.wav,6107,33340-7-16-0.wav,33340,7,jackhammer,8
/scratch/pdoshi/audio_comp/urbansound8k_audio/06108_jackhammer.wav,6108,33340-7-2-0.wav,33340,7,jackhammer,8
/scratch/pdoshi/audio_comp/urbansound8k_audio/06109_jackhammer.wav,6109,33340-7-3-0.wav,33340,7,jackhammer,8
/scratch/pdoshi/audio_comp/urbansound8k_audio/06110_jackhammer.wav,6110,33340-7-4-0.wav,33340,7,jackhammer,8
/scratch/pdoshi/audio_comp/urbansound8k_audio/06111_jackhammer.wav,6111,33340-7-5-0.wav,33340,7,jackhammer,8
/scratch/pdoshi/audio_comp/urbansound8k_audio/06112_jackhammer.wav,6112,33340-7-6-0.wav,33340,7,jackhammer,8
/scratch/pdoshi/audio_comp/urbansound8k_audio/06113_jackhammer.wav,6113,33340-7-7-0.wav,33340,7,jackhammer,8
/scratch/pdoshi/audio_comp/urbansound8k_audio/06114_jackhammer.wav,6114,33340-7-8-0.wav,33340,7,jackhammer,8
/scratch/pdoshi/audio_comp/urbansound8k_audio/06115_jackhammer.wav,6115,33340-7-9-0.wav,33340,7,jackhammer,8
/scratch/pdoshi/audio_comp/urbansound8k_audio/06116_dog_bark.wav,6116,33641-3-1-0.wav,33641,3,dog_bark,9
/scratch/pdoshi/audio_comp/urbansound8k_audio/06117_dog_bark.wav,6117,33641-3-7-0.wav,33641,3,dog_bark,9
/scratch/pdoshi/audio_comp/urbansound8k_audio/06118_dog_bark.wav,6118,33641-3-8-0.wav,33641,3,dog_bark,9
/scratch/pdoshi/audio_comp/urbansound8k_audio/06119_dog_bark.wav,6119,33641-3-9-0.wav,33641,3,dog_bark,9
/scratch/pdoshi/audio_comp/urbansound8k_audio/06120_dog_bark.wav,6120,33696-3-0-0.wav,33696,3,dog_bark,3
/scratch/pdoshi/audio_comp/urbansound8k_audio/06121_dog_bark.wav,6121,33696-3-4-0.wav,33696,3,dog_bark,3
/scratch/pdoshi/audio_comp/urbansound8k_audio/06122_dog_bark.wav,6122,33696-3-4-1.wav,33696,3,dog_bark,3
/scratch/pdoshi/audio_comp/urbansound8k_audio/06123_dog_bark.wav,6123,33696-3-6-1.wav,33696,3,dog_bark,3
/scratch/pdoshi/audio_comp/urbansound8k_audio/06124_dog_bark.wav,6124,33849-3-0-0.wav,33849,3,dog_bark,2
/scratch/pdoshi/audio_comp/urbansound8k_audio/06125_dog_bark.wav,6125,33849-3-2-0.wav,33849,3,dog_bark,2
/scratch/pdoshi/audio_comp/urbansound8k_audio/06126_dog_bark.wav,6126,33849-3-3-0.wav,33849,3,dog_bark,2
/scratch/pdoshi/audio_comp/urbansound8k_audio/06127_dog_bark.wav,6127,33849-3-4-0.wav,33849,3,dog_bark,2
/scratch/pdoshi/audio_comp/urbansound8k_audio/06128_jackhammer.wav,6128,34050-7-0-0.wav,34050,7,jackhammer,10
/scratch/pdoshi/audio_comp/urbansound8k_audio/06129_jackhammer.wav,6129,34050-7-1-0.wav,34050,7,jackhammer,10
/scratch/pdoshi/audio_comp/urbansound8k_audio/06130_jackhammer.wav,6130,34050-7-2-0.wav,34050,7,jackhammer,10
/scratch/pdoshi/audio_comp/urbansound8k_audio/06131_jackhammer.wav,6131,34050-7-3-0.wav,34050,7,jackhammer,10
/scratch/pdoshi/audio_comp/urbansound8k_audio/06132_jackhammer.wav,6132,34050-7-4-0.wav,34050,7,jackhammer,10
/scratch/pdoshi/audio_comp/urbansound8k_audio/06133_jackhammer.wav,6133,34050-7-5-0.wav,34050,7,jackhammer,10
/scratch/pdoshi/audio_comp/urbansound8k_audio/06134_jackhammer.wav,6134,34050-7-6-0.wav,34050,7,jackhammer,10
/scratch/pdoshi/audio_comp/urbansound8k_audio/06135_children_playing.wav,6135,34056-2-0-2.wav,34056,2,children_playing,4
/scratch/pdoshi/audio_comp/urbansound8k_audio/06136_children_playing.wav,6136,34056-2-0-22.wav,34056,2,children_playing,4
/scratch/pdoshi/audio_comp/urbansound8k_audio/06137_children_playing.wav,6137,34056-2-0-40.wav,34056,2,children_playing,4
/scratch/pdoshi/audio_comp/urbansound8k_audio/06138_children_playing.wav,6138,34056-2-0-42.wav,34056,2,children_playing,4
/scratch/pdoshi/audio_comp/urbansound8k_audio/06139_children_playing.wav,6139,34056-2-0-48.wav,34056,2,children_playing,4
/scratch/pdoshi/audio_comp/urbansound8k_audio/06140_children_playing.wav,6140,34056-2-0-61.wav,34056,2,children_playing,4
/scratch/pdoshi/audio_comp/urbansound8k_audio/06141_children_playing.wav,6141,34056-2-0-80.wav,34056,2,children_playing,4
/scratch/pdoshi/audio_comp/urbansound8k_audio/06142_car_horn.wav,6142,34241-1-0-0.wav,34241,1,car_horn,7
/scratch/pdoshi/audio_comp/urbansound8k_audio/06143_car_horn.wav,6143,34241-1-1-0.wav,34241,1,car_horn,7
/scratch/pdoshi/audio_comp/urbansound8k_audio/06144_car_horn.wav,6144,34241-1-2-0.wav,34241,1,car_horn,7
/scratch/pdoshi/audio_comp/urbansound8k_audio/06145_dog_bark.wav,6145,344-3-0-0.wav,344,3,dog_bark,4
/scratch/pdoshi/audio_comp/urbansound8k_audio/06146_dog_bark.wav,6146,344-3-1-0.wav,344,3,dog_bark,4
/scratch/pdoshi/audio_comp/urbansound8k_audio/06147_dog_bark.wav,6147,344-3-4-0.wav,344,3,dog_bark,4
/scratch/pdoshi/audio_comp/urbansound8k_audio/06148_dog_bark.wav,6148,344-3-5-0.wav,344,3,dog_bark,4
/scratch/pdoshi/audio_comp/urbansound8k_audio/06149_drilling.wav,6149,34621-4-0-0.wav,34621,4,drilling,2
/scratch/pdoshi/audio_comp/urbansound8k_audio/06150_drilling.wav,6150,34621-4-1-0.wav,34621,4,drilling,2
/scratch/pdoshi/audio_comp/urbansound8k_audio/06151_drilling.wav,6151,34621-4-11-0.wav,34621,4,drilling,2
/scratch/pdoshi/audio_comp/urbansound8k_audio/06152_drilling.wav,6152,34621-4-12-0.wav,34621,4,drilling,2
/scratch/pdoshi/audio_comp/urbansound8k_audio/06153_drilling.wav,6153,34621-4-13-0.wav,34621,4,drilling,2
/scratch/pdoshi/audio_comp/urbansound8k_audio/06154_drilling.wav,6154,34621-4-14-0.wav,34621,4,drilling,2
/scratch/pdoshi/audio_comp/urbansound8k_audio/06155_drilling.wav,6155,34621-4-15-0.wav,34621,4,drilling,2
/scratch/pdoshi/audio_comp/urbansound8k_audio/06156_drilling.wav,6156,34621-4-16-0.wav,34621,4,drilling,2
/scratch/pdoshi/audio_comp/urbansound8k_audio/06157_drilling.wav,6157,34621-4-17-0.wav,34621,4,drilling,2
/scratch/pdoshi/audio_comp/urbansound8k_audio/06158_drilling.wav,6158,34621-4-18-0.wav,34621,4,drilling,2
/scratch/pdoshi/audio_comp/urbansound8k_audio/06159_drilling.wav,6159,34621-4-2-0.wav,34621,4,drilling,2
/scratch/pdoshi/audio_comp/urbansound8k_audio/06160_drilling.wav,6160,34621-4-20-0.wav,34621,4,drilling,2
/scratch/pdoshi/audio_comp/urbansound8k_audio/06161_drilling.wav,6161,34621-4-21-0.wav,34621,4,drilling,2
/scratch/pdoshi/audio_comp/urbansound8k_audio/06162_drilling.wav,6162,34621-4-22-0.wav,34621,4,drilling,2
/scratch/pdoshi/audio_comp/urbansound8k_audio/06163_drilling.wav,6163,34621-4-24-0.wav,34621,4,drilling,2
/scratch/pdoshi/audio_comp/urbansound8k_audio/06164_drilling.wav,6164,34621-4-25-0.wav,34621,4,drilling,2
/scratch/pdoshi/audio_comp/urbansound8k_audio/06165_drilling.wav,6165,34621-4-26-0.wav,34621,4,drilling,2
/scratch/pdoshi/audio_comp/urbansound8k_audio/06166_drilling.wav,6166,34621-4-27-0.wav,34621,4,drilling,2
/scratch/pdoshi/audio_comp/urbansound8k_audio/06167_drilling.wav,6167,34621-4-4-0.wav,34621,4,drilling,2
/scratch/pdoshi/audio_comp/urbansound8k_audio/06168_drilling.wav,6168,34621-4-5-0.wav,34621,4,drilling,2
/scratch/pdoshi/audio_comp/urbansound8k_audio/06169_drilling.wav,6169,34621-4-7-0.wav,34621,4,drilling,2
/scratch/pdoshi/audio_comp/urbansound8k_audio/06170_drilling.wav,6170,34621-4-8-0.wav,34621,4,drilling,2
/scratch/pdoshi/audio_comp/urbansound8k_audio/06171_drilling.wav,6171,34643-4-0-0.wav,34643,4,drilling,6
/scratch/pdoshi/audio_comp/urbansound8k_audio/06172_drilling.wav,6172,34643-4-1-0.wav,34643,4,drilling,6
/scratch/pdoshi/audio_comp/urbansound8k_audio/06173_drilling.wav,6173,34643-4-1-1.wav,34643,4,drilling,6
/scratch/pdoshi/audio_comp/urbansound8k_audio/06174_drilling.wav,6174,34643-4-2-0.wav,34643,4,drilling,6
/scratch/pdoshi/audio_comp/urbansound8k_audio/06175_drilling.wav,6175,34643-4-2-1.wav,34643,4,drilling,6
/scratch/pdoshi/audio_comp/urbansound8k_audio/06176_drilling.wav,6176,34643-4-2-2.wav,34643,4,drilling,6
/scratch/pdoshi/audio_comp/urbansound8k_audio/06177_gun_shot.wav,6177,34708-6-0-0.wav,34708,6,gun_shot,3
/scratch/pdoshi/audio_comp/urbansound8k_audio/06178_gun_shot.wav,6178,34708-6-1-0.wav,34708,6,gun_shot,3
/scratch/pdoshi/audio_comp/urbansound8k_audio/06179_gun_shot.wav,6179,34708-6-2-0.wav,34708,6,gun_shot,3
/scratch/pdoshi/audio_comp/urbansound8k_audio/06180_gun_shot.wav,6180,34708-6-3-0.wav,34708,6,gun_shot,3
/scratch/pdoshi/audio_comp/urbansound8k_audio/06181_gun_shot.wav,6181,34708-6-4-0.wav,34708,6,gun_shot,3
/scratch/pdoshi/audio_comp/urbansound8k_audio/06182_gun_shot.wav,6182,34708-6-5-0.wav,34708,6,gun_shot,3
/scratch/pdoshi/audio_comp/urbansound8k_audio/06183_dog_bark.wav,6183,34771-3-0-10.wav,34771,3,dog_bark,5
/scratch/pdoshi/audio_comp/urbansound8k_audio/06184_dog_bark.wav,6184,34771-3-0-14.wav,34771,3,dog_bark,5
/scratch/pdoshi/audio_comp/urbansound8k_audio/06185_dog_bark.wav,6185,34771-3-0-4.wav,34771,3,dog_bark,5
/scratch/pdoshi/audio_comp/urbansound8k_audio/06186_dog_bark.wav,6186,34771-3-0-5.wav,34771,3,dog_bark,5
/scratch/pdoshi/audio_comp/urbansound8k_audio/06187_street_music.wav,6187,34866-9-0-10.wav,34866,9,street_music,8
/scratch/pdoshi/audio_comp/urbansound8k_audio/06188_street_music.wav,6188,34866-9-0-11.wav,34866,9,street_music,8
/scratch/pdoshi/audio_comp/urbansound8k_audio/06189_street_music.wav,6189,34866-9-0-13.wav,34866,9,street_music,8
/scratch/pdoshi/audio_comp/urbansound8k_audio/06190_street_music.wav,6190,34866-9-0-3.wav,34866,9,street_music,8
/scratch/pdoshi/audio_comp/urbansound8k_audio/06191_street_music.wav,6191,34866-9-0-5.wav,34866,9,street_music,8
/scratch/pdoshi/audio_comp/urbansound8k_audio/06192_street_music.wav,6192,34866-9-0-9.wav,34866,9,street_music,8
/scratch/pdoshi/audio_comp/urbansound8k_audio/06193_dog_bark.wav,6193,34871-3-11-0.wav,34871,3,dog_bark,7
/scratch/pdoshi/audio_comp/urbansound8k_audio/06194_dog_bark.wav,6194,34871-3-6-0.wav,34871,3,dog_bark,7
/scratch/pdoshi/audio_comp/urbansound8k_audio/06195_dog_bark.wav,6195,34871-3-8-0.wav,34871,3,dog_bark,7
/scratch/pdoshi/audio_comp/urbansound8k_audio/06196_dog_bark.wav,6196,34871-3-9-0.wav,34871,3,dog_bark,7
/scratch/pdoshi/audio_comp/urbansound8k_audio/06197_dog_bark.wav,6197,34872-3-0-0.wav,34872,3,dog_bark,5
/scratch/pdoshi/audio_comp/urbansound8k_audio/06198_dog_bark.wav,6198,34872-3-0-1.wav,34872,3,dog_bark,5
/scratch/pdoshi/audio_comp/urbansound8k_audio/06199_dog_bark.wav,6199,34872-3-0-2.wav,34872,3,dog_bark,5
/scratch/pdoshi/audio_comp/urbansound8k_audio/06200_dog_bark.wav,6200,34931-3-0-0.wav,34931,3,dog_bark,4
/scratch/pdoshi/audio_comp/urbansound8k_audio/06201_siren.wav,6201,34952-8-0-0.wav,34952,8,siren,6
/scratch/pdoshi/audio_comp/urbansound8k_audio/06202_siren.wav,6202,34952-8-0-1.wav,34952,8,siren,6
/scratch/pdoshi/audio_comp/urbansound8k_audio/06203_siren.wav,6203,34952-8-0-2.wav,34952,8,siren,6
/scratch/pdoshi/audio_comp/urbansound8k_audio/06204_siren.wav,6204,34952-8-0-3.wav,34952,8,siren,6
/scratch/pdoshi/audio_comp/urbansound8k_audio/06205_siren.wav,6205,34952-8-0-4.wav,34952,8,siren,6
/scratch/pdoshi/audio_comp/urbansound8k_audio/06206_siren.wav,6206,34952-8-0-5.wav,34952,8,siren,6
/scratch/pdoshi/audio_comp/urbansound8k_audio/06207_siren.wav,6207,34952-8-0-6.wav,34952,8,siren,6
/scratch/pdoshi/audio_comp/urbansound8k_audio/06208_siren.wav,6208,34952-8-0-7.wav,34952,8,siren,6
/scratch/pdoshi/audio_comp/urbansound8k_audio/06209_dog_bark.wav,6209,35296-3-0-0.wav,35296,3,dog_bark,4
/scratch/pdoshi/audio_comp/urbansound8k_audio/06210_dog_bark.wav,6210,35296-3-1-0.wav,35296,3,dog_bark,4
/scratch/pdoshi/audio_comp/urbansound8k_audio/06211_dog_bark.wav,6211,35296-3-2-0.wav,35296,3,dog_bark,4
/scratch/pdoshi/audio_comp/urbansound8k_audio/06212_air_conditioner.wav,6212,35382-0-0-0.wav,35382,0,air_conditioner,7
/scratch/pdoshi/audio_comp/urbansound8k_audio/06213_air_conditioner.wav,6213,35382-0-0-1.wav,35382,0,air_conditioner,7
/scratch/pdoshi/audio_comp/urbansound8k_audio/06214_street_music.wav,6214,35548-9-0-10.wav,35548,9,street_music,6
/scratch/pdoshi/audio_comp/urbansound8k_audio/06215_street_music.wav,6215,35548-9-0-21.wav,35548,9,street_music,6
/scratch/pdoshi/audio_comp/urbansound8k_audio/06216_street_music.wav,6216,35548-9-0-23.wav,35548,9,street_music,6
/scratch/pdoshi/audio_comp/urbansound8k_audio/06217_street_music.wav,6217,35548-9-1-14.wav,35548,9,street_music,6
/scratch/pdoshi/audio_comp/urbansound8k_audio/06218_street_music.wav,6218,35548-9-2-7.wav,35548,9,street_music,6
/scratch/pdoshi/audio_comp/urbansound8k_audio/06219_street_music.wav,6219,35548-9-2-9.wav,35548,9,street_music,6
/scratch/pdoshi/audio_comp/urbansound8k_audio/06220_street_music.wav,6220,35549-9-0-14.wav,35549,9,street_music,4
/scratch/pdoshi/audio_comp/urbansound8k_audio/06221_street_music.wav,6221,35549-9-0-2.wav,35549,9,street_music,4
/scratch/pdoshi/audio_comp/urbansound8k_audio/06222_street_music.wav,6222,35549-9-0-28.wav,35549,9,street_music,4
/scratch/pdoshi/audio_comp/urbansound8k_audio/06223_street_music.wav,6223,35549-9-0-47.wav,35549,9,street_music,4
/scratch/pdoshi/audio_comp/urbansound8k_audio/06224_street_music.wav,6224,35549-9-0-51.wav,35549,9,street_music,4
/scratch/pdoshi/audio_comp/urbansound8k_audio/06225_street_music.wav,6225,35549-9-0-58.wav,35549,9,street_music,4
/scratch/pdoshi/audio_comp/urbansound8k_audio/06226_dog_bark.wav,6226,35628-3-0-0.wav,35628,3,dog_bark,10
/scratch/pdoshi/audio_comp/urbansound8k_audio/06227_dog_bark.wav,6227,35629-3-0-0.wav,35629,3,dog_bark,4
/scratch/pdoshi/audio_comp/urbansound8k_audio/06228_dog_bark.wav,6228,35629-3-1-0.wav,35629,3,dog_bark,4
/scratch/pdoshi/audio_comp/urbansound8k_audio/06229_dog_bark.wav,6229,35629-3-2-0.wav,35629,3,dog_bark,4
/scratch/pdoshi/audio_comp/urbansound8k_audio/06230_dog_bark.wav,6230,35629-3-3-0.wav,35629,3,dog_bark,4
/scratch/pdoshi/audio_comp/urbansound8k_audio/06231_gun_shot.wav,6231,35799-6-0-0.wav,35799,6,gun_shot,4
/scratch/pdoshi/audio_comp/urbansound8k_audio/06232_gun_shot.wav,6232,35800-6-0-0.wav,35800,6,gun_shot,2
/scratch/pdoshi/audio_comp/urbansound8k_audio/06233_street_music.wav,6233,36263-9-0-12.wav,36263,9,street_music,5
/scratch/pdoshi/audio_comp/urbansound8k_audio/06234_street_music.wav,6234,36263-9-0-13.wav,36263,9,street_music,5
/scratch/pdoshi/audio_comp/urbansound8k_audio/06235_street_music.wav,6235,36263-9-0-17.wav,36263,9,street_music,5
/scratch/pdoshi/audio_comp/urbansound8k_audio/06236_street_music.wav,6236,36263-9-0-2.wav,36263,9,street_music,5
/scratch/pdoshi/audio_comp/urbansound8k_audio/06237_street_music.wav,6237,36263-9-0-3.wav,36263,9,street_music,5
/scratch/pdoshi/audio_comp/urbansound8k_audio/06238_street_music.wav,6238,36263-9-0-5.wav,36263,9,street_music,5
/scratch/pdoshi/audio_comp/urbansound8k_audio/06239_street_music.wav,6239,36264-9-0-0.wav,36264,9,street_music,7
/scratch/pdoshi/audio_comp/urbansound8k_audio/06240_street_music.wav,6240,36264-9-0-1.wav,36264,9,street_music,7
/scratch/pdoshi/audio_comp/urbansound8k_audio/06241_street_music.wav,6241,36264-9-0-10.wav,36264,9,street_music,7
/scratch/pdoshi/audio_comp/urbansound8k_audio/06242_street_music.wav,6242,36264-9-0-2.wav,36264,9,street_music,7
/scratch/pdoshi/audio_comp/urbansound8k_audio/06243_street_music.wav,6243,36264-9-0-5.wav,36264,9,street_music,7
/scratch/pdoshi/audio_comp/urbansound8k_audio/06244_street_music.wav,6244,36264-9-0-7.wav,36264,9,street_music,7
/scratch/pdoshi/audio_comp/urbansound8k_audio/06245_gun_shot.wav,6245,36403-6-0-0.wav,36403,6,gun_shot,6
/scratch/pdoshi/audio_comp/urbansound8k_audio/06246_children_playing.wav,6246,36429-2-0-13.wav,36429,2,children_playing,8
/scratch/pdoshi/audio_comp/urbansound8k_audio/06247_children_playing.wav,6247,36429-2-0-14.wav,36429,2,children_playing,8
/scratch/pdoshi/audio_comp/urbansound8k_audio/06248_children_playing.wav,6248,36429-2-0-15.wav,36429,2,children_playing,8
/scratch/pdoshi/audio_comp/urbansound8k_audio/06249_children_playing.wav,6249,36429-2-0-18.wav,36429,2,children_playing,8
/scratch/pdoshi/audio_comp/urbansound8k_audio/06250_children_playing.wav,6250,36429-2-0-23.wav,36429,2,children_playing,8
/scratch/pdoshi/audio_comp/urbansound8k_audio/06251_children_playing.wav,6251,36429-2-0-6.wav,36429,2,children_playing,8
/scratch/pdoshi/audio_comp/urbansound8k_audio/06252_children_playing.wav,6252,36429-2-0-7.wav,36429,2,children_playing,8
/scratch/pdoshi/audio_comp/urbansound8k_audio/06253_dog_bark.wav,6253,36902-3-0-0.wav,36902,3,dog_bark,6
/scratch/pdoshi/audio_comp/urbansound8k_audio/06254_dog_bark.wav,6254,36902-3-1-0.wav,36902,3,dog_bark,6
/scratch/pdoshi/audio_comp/urbansound8k_audio/06255_dog_bark.wav,6255,36902-3-2-0.wav,36902,3,dog_bark,6
/scratch/pdoshi/audio_comp/urbansound8k_audio/06256_gun_shot.wav,6256,37236-6-0-0.wav,37236,6,gun_shot,2
/scratch/pdoshi/audio_comp/urbansound8k_audio/06257_drilling.wav,6257,37560-4-0-0.wav,37560,4,drilling,3
/scratch/pdoshi/audio_comp/urbansound8k_audio/06258_drilling.wav,6258,37560-4-0-1.wav,37560,4,drilling,3
/scratch/pdoshi/audio_comp/urbansound8k_audio/06259_drilling.wav,6259,37560-4-0-2.wav,37560,4,drilling,3
/scratch/pdoshi/audio_comp/urbansound8k_audio/06260_drilling.wav,6260,37560-4-0-3.wav,37560,4,drilling,3
/scratch/pdoshi/audio_comp/urbansound8k_audio/06261_drilling.wav,6261,37560-4-0-4.wav,37560,4,drilling,3
/scratch/pdoshi/audio_comp/urbansound8k_audio/06262_drilling.wav,6262,37560-4-0-5.wav,37560,4,drilling,3
/scratch/pdoshi/audio_comp/urbansound8k_audio/06263_dog_bark.wav,6263,37869-3-0-0.wav,37869,3,dog_bark,5
/scratch/pdoshi/audio_comp/urbansound8k_audio/06264_dog_bark.wav,6264,37869-3-1-0.wav,37869,3,dog_bark,5
/scratch/pdoshi/audio_comp/urbansound8k_audio/06265_dog_bark.wav,6265,37869-3-3-0.wav,37869,3,dog_bark,5
/scratch/pdoshi/audio_comp/urbansound8k_audio/06266_dog_bark.wav,6266,37869-3-5-0.wav,37869,3,dog_bark,5
/scratch/pdoshi/audio_comp/urbansound8k_audio/06267_dog_bark.wav,6267,38121-3-0-0.wav,38121,3,dog_bark,6
/scratch/pdoshi/audio_comp/urbansound8k_audio/06268_dog_bark.wav,6268,38231-3-0-0.wav,38231,3,dog_bark,4
/scratch/pdoshi/audio_comp/urbansound8k_audio/06269_dog_bark.wav,6269,38231-3-2-0.wav,38231,3,dog_bark,4
/scratch/pdoshi/audio_comp/urbansound8k_audio/06270_dog_bark.wav,6270,38231-3-3-0.wav,38231,3,dog_bark,4
/scratch/pdoshi/audio_comp/urbansound8k_audio/06271_dog_bark.wav,6271,38231-3-4-0.wav,38231,3,dog_bark,4
/scratch/pdoshi/audio_comp/urbansound8k_audio/06272_dog_bark.wav,6272,38236-3-2-2.wav,38236,3,dog_bark,7
/scratch/pdoshi/audio_comp/urbansound8k_audio/06273_dog_bark.wav,6273,38236-3-2-3.wav,38236,3,dog_bark,7
/scratch/pdoshi/audio_comp/urbansound8k_audio/06274_dog_bark.wav,6274,38236-3-3-0.wav,38236,3,dog_bark,7
/scratch/pdoshi/audio_comp/urbansound8k_audio/06275_drilling.wav,6275,39532-4-0-0.wav,39532,4,drilling,9
/scratch/pdoshi/audio_comp/urbansound8k_audio/06276_drilling.wav,6276,39532-4-1-0.wav,39532,4,drilling,9
/scratch/pdoshi/audio_comp/urbansound8k_audio/06277_drilling.wav,6277,39532-4-2-0.wav,39532,4,drilling,9
/scratch/pdoshi/audio_comp/urbansound8k_audio/06278_drilling.wav,6278,39532-4-3-0.wav,39532,4,drilling,9
/scratch/pdoshi/audio_comp/urbansound8k_audio/06279_drilling.wav,6279,39533-4-0-0.wav,39533,4,drilling,5
/scratch/pdoshi/audio_comp/urbansound8k_audio/06280_drilling.wav,6280,39533-4-1-0.wav,39533,4,drilling,5
/scratch/pdoshi/audio_comp/urbansound8k_audio/06281_engine_idling.wav,6281,39847-5-0-0.wav,39847,5,engine_idling,10
/scratch/pdoshi/audio_comp/urbansound8k_audio/06282_engine_idling.wav,6282,39847-5-0-1.wav,39847,5,engine_idling,10
/scratch/pdoshi/audio_comp/urbansound8k_audio/06283_engine_idling.wav,6283,39847-5-0-10.wav,39847,5,engine_idling,10
/scratch/pdoshi/audio_comp/urbansound8k_audio/06284_engine_idling.wav,6284,39847-5-0-11.wav,39847,5,engine_idling,10
/scratch/pdoshi/audio_comp/urbansound8k_audio/06285_engine_idling.wav,6285,39847-5-0-12.wav,39847,5,engine_idling,10
/scratch/pdoshi/audio_comp/urbansound8k_audio/06286_engine_idling.wav,6286,39847-5-0-2.wav,39847,5,engine_idling,10
/scratch/pdoshi/audio_comp/urbansound8k_audio/06287_engine_idling.wav,6287,39847-5-0-3.wav,39847,5,engine_idling,10
/scratch/pdoshi/audio_comp/urbansound8k_audio/06288_engine_idling.wav,6288,39847-5-0-4.wav,39847,5,engine_idling,10
/scratch/pdoshi/audio_comp/urbansound8k_audio/06289_engine_idling.wav,6289,39847-5-0-5.wav,39847,5,engine_idling,10
/scratch/pdoshi/audio_comp/urbansound8k_audio/06290_engine_idling.wav,6290,39847-5-0-6.wav,39847,5,engine_idling,10
/scratch/pdoshi/audio_comp/urbansound8k_audio/06291_engine_idling.wav,6291,39847-5-0-7.wav,39847,5,engine_idling,10
/scratch/pdoshi/audio_comp/urbansound8k_audio/06292_engine_idling.wav,6292,39847-5-0-8.wav,39847,5,engine_idling,10
/scratch/pdoshi/audio_comp/urbansound8k_audio/06293_engine_idling.wav,6293,39847-5-0-9.wav,39847,5,engine_idling,10
/scratch/pdoshi/audio_comp/urbansound8k_audio/06294_engine_idling.wav,6294,39847-5-1-0.wav,39847,5,engine_idling,10
/scratch/pdoshi/audio_comp/urbansound8k_audio/06295_engine_idling.wav,6295,39852-5-0-0.wav,39852,5,engine_idling,6
/scratch/pdoshi/audio_comp/urbansound8k_audio/06296_engine_idling.wav,6296,39852-5-0-1.wav,39852,5,engine_idling,6
/scratch/pdoshi/audio_comp/urbansound8k_audio/06297_engine_idling.wav,6297,39854-5-0-0.wav,39854,5,engine_idling,6
/scratch/pdoshi/audio_comp/urbansound8k_audio/06298_engine_idling.wav,6298,39854-5-1-0.wav,39854,5,engine_idling,6
/scratch/pdoshi/audio_comp/urbansound8k_audio/06299_engine_idling.wav,6299,39854-5-1-1.wav,39854,5,engine_idling,6
/scratch/pdoshi/audio_comp/urbansound8k_audio/06300_engine_idling.wav,6300,39854-5-1-2.wav,39854,5,engine_idling,6
/scratch/pdoshi/audio_comp/urbansound8k_audio/06301_engine_idling.wav,6301,39854-5-1-3.wav,39854,5,engine_idling,6
/scratch/pdoshi/audio_comp/urbansound8k_audio/06302_engine_idling.wav,6302,39854-5-1-4.wav,39854,5,engine_idling,6
/scratch/pdoshi/audio_comp/urbansound8k_audio/06303_engine_idling.wav,6303,39856-5-0-0.wav,39856,5,engine_idling,9
/scratch/pdoshi/audio_comp/urbansound8k_audio/06304_engine_idling.wav,6304,39856-5-0-1.wav,39856,5,engine_idling,9
/scratch/pdoshi/audio_comp/urbansound8k_audio/06305_engine_idling.wav,6305,39856-5-0-10.wav,39856,5,engine_idling,9
/scratch/pdoshi/audio_comp/urbansound8k_audio/06306_engine_idling.wav,6306,39856-5-0-11.wav,39856,5,engine_idling,9
/scratch/pdoshi/audio_comp/urbansound8k_audio/06307_engine_idling.wav,6307,39856-5-0-12.wav,39856,5,engine_idling,9
/scratch/pdoshi/audio_comp/urbansound8k_audio/06308_engine_idling.wav,6308,39856-5-0-13.wav,39856,5,engine_idling,9
/scratch/pdoshi/audio_comp/urbansound8k_audio/06309_engine_idling.wav,6309,39856-5-0-14.wav,39856,5,engine_idling,9
/scratch/pdoshi/audio_comp/urbansound8k_audio/06310_engine_idling.wav,6310,39856-5-0-15.wav,39856,5,engine_idling,9
/scratch/pdoshi/audio_comp/urbansound8k_audio/06311_engine_idling.wav,6311,39856-5-0-16.wav,39856,5,engine_idling,9
/scratch/pdoshi/audio_comp/urbansound8k_audio/06312_engine_idling.wav,6312,39856-5-0-17.wav,39856,5,engine_idling,9
/scratch/pdoshi/audio_comp/urbansound8k_audio/06313_engine_idling.wav,6313,39856-5-0-18.wav,39856,5,engine_idling,9
/scratch/pdoshi/audio_comp/urbansound8k_audio/06314_engine_idling.wav,6314,39856-5-0-19.wav,39856,5,engine_idling,9
/scratch/pdoshi/audio_comp/urbansound8k_audio/06315_engine_idling.wav,6315,39856-5-0-2.wav,39856,5,engine_idling,9
/scratch/pdoshi/audio_comp/urbansound8k_audio/06316_engine_idling.wav,6316,39856-5-0-20.wav,39856,5,engine_idling,9
/scratch/pdoshi/audio_comp/urbansound8k_audio/06317_engine_idling.wav,6317,39856-5-0-21.wav,39856,5,engine_idling,9
/scratch/pdoshi/audio_comp/urbansound8k_audio/06318_engine_idling.wav,6318,39856-5-0-22.wav,39856,5,engine_idling,9
/scratch/pdoshi/audio_comp/urbansound8k_audio/06319_engine_idling.wav,6319,39856-5-0-23.wav,39856,5,engine_idling,9
/scratch/pdoshi/audio_comp/urbansound8k_audio/06320_engine_idling.wav,6320,39856-5-0-24.wav,39856,5,engine_idling,9
/scratch/pdoshi/audio_comp/urbansound8k_audio/06321_engine_idling.wav,6321,39856-5-0-25.wav,39856,5,engine_idling,9
/scratch/pdoshi/audio_comp/urbansound8k_audio/06322_engine_idling.wav,6322,39856-5-0-26.wav,39856,5,engine_idling,9
/scratch/pdoshi/audio_comp/urbansound8k_audio/06323_engine_idling.wav,6323,39856-5-0-27.wav,39856,5,engine_idling,9
/scratch/pdoshi/audio_comp/urbansound8k_audio/06324_engine_idling.wav,6324,39856-5-0-28.wav,39856,5,engine_idling,9
/scratch/pdoshi/audio_comp/urbansound8k_audio/06325_engine_idling.wav,6325,39856-5-0-3.wav,39856,5,engine_idling,9
/scratch/pdoshi/audio_comp/urbansound8k_audio/06326_engine_idling.wav,6326,39856-5-0-4.wav,39856,5,engine_idling,9
/scratch/pdoshi/audio_comp/urbansound8k_audio/06327_engine_idling.wav,6327,39856-5-0-5.wav,39856,5,engine_idling,9
/scratch/pdoshi/audio_comp/urbansound8k_audio/06328_engine_idling.wav,6328,39856-5-0-6.wav,39856,5,engine_idling,9
/scratch/pdoshi/audio_comp/urbansound8k_audio/06329_engine_idling.wav,6329,39856-5-0-7.wav,39856,5,engine_idling,9
/scratch/pdoshi/audio_comp/urbansound8k_audio/06330_engine_idling.wav,6330,39856-5-0-8.wav,39856,5,engine_idling,9
/scratch/pdoshi/audio_comp/urbansound8k_audio/06331_engine_idling.wav,6331,39856-5-0-9.wav,39856,5,engine_idling,9
/scratch/pdoshi/audio_comp/urbansound8k_audio/06332_engine_idling.wav,6332,39857-5-0-0.wav,39857,5,engine_idling,7
/scratch/pdoshi/audio_comp/urbansound8k_audio/06333_engine_idling.wav,6333,39857-5-0-1.wav,39857,5,engine_idling,7
/scratch/pdoshi/audio_comp/urbansound8k_audio/06334_engine_idling.wav,6334,39857-5-0-2.wav,39857,5,engine_idling,7
/scratch/pdoshi/audio_comp/urbansound8k_audio/06335_engine_idling.wav,6335,39857-5-1-0.wav,39857,5,engine_idling,7
/scratch/pdoshi/audio_comp/urbansound8k_audio/06336_engine_idling.wav,6336,39857-5-1-1.wav,39857,5,engine_idling,7
/scratch/pdoshi/audio_comp/urbansound8k_audio/06337_engine_idling.wav,6337,39857-5-1-2.wav,39857,5,engine_idling,7
/scratch/pdoshi/audio_comp/urbansound8k_audio/06338_engine_idling.wav,6338,39857-5-1-3.wav,39857,5,engine_idling,7
/scratch/pdoshi/audio_comp/urbansound8k_audio/06339_engine_idling.wav,6339,39857-5-2-0.wav,39857,5,engine_idling,7
/scratch/pdoshi/audio_comp/urbansound8k_audio/06340_engine_idling.wav,6340,39857-5-3-0.wav,39857,5,engine_idling,7
/scratch/pdoshi/audio_comp/urbansound8k_audio/06341_engine_idling.wav,6341,39857-5-4-0.wav,39857,5,engine_idling,7
/scratch/pdoshi/audio_comp/urbansound8k_audio/06342_engine_idling.wav,6342,39857-5-5-0.wav,39857,5,engine_idling,7
/scratch/pdoshi/audio_comp/urbansound8k_audio/06343_engine_idling.wav,6343,39857-5-5-1.wav,39857,5,engine_idling,7
/scratch/pdoshi/audio_comp/urbansound8k_audio/06344_engine_idling.wav,6344,39884-5-0-0.wav,39884,5,engine_idling,6
/scratch/pdoshi/audio_comp/urbansound8k_audio/06345_engine_idling.wav,6345,39884-5-0-1.wav,39884,5,engine_idling,6
/scratch/pdoshi/audio_comp/urbansound8k_audio/06346_engine_idling.wav,6346,39884-5-0-2.wav,39884,5,engine_idling,6
/scratch/pdoshi/audio_comp/urbansound8k_audio/06347_engine_idling.wav,6347,39884-5-0-3.wav,39884,5,engine_idling,6
/scratch/pdoshi/audio_comp/urbansound8k_audio/06348_engine_idling.wav,6348,39884-5-0-4.wav,39884,5,engine_idling,6
/scratch/pdoshi/audio_comp/urbansound8k_audio/06349_engine_idling.wav,6349,39884-5-0-5.wav,39884,5,engine_idling,6
/scratch/pdoshi/audio_comp/urbansound8k_audio/06350_engine_idling.wav,6350,39884-5-0-6.wav,39884,5,engine_idling,6
/scratch/pdoshi/audio_comp/urbansound8k_audio/06351_engine_idling.wav,6351,39884-5-0-7.wav,39884,5,engine_idling,6
/scratch/pdoshi/audio_comp/urbansound8k_audio/06352_street_music.wav,6352,39967-9-0-0.wav,39967,9,street_music,8
/scratch/pdoshi/audio_comp/urbansound8k_audio/06353_street_music.wav,6353,39967-9-0-100.wav,39967,9,street_music,8
/scratch/pdoshi/audio_comp/urbansound8k_audio/06354_street_music.wav,6354,39967-9-0-44.wav,39967,9,street_music,8
/scratch/pdoshi/audio_comp/urbansound8k_audio/06355_street_music.wav,6355,39967-9-0-56.wav,39967,9,street_music,8
/scratch/pdoshi/audio_comp/urbansound8k_audio/06356_street_music.wav,6356,39967-9-0-78.wav,39967,9,street_music,8
/scratch/pdoshi/audio_comp/urbansound8k_audio/06357_street_music.wav,6357,39967-9-0-99.wav,39967,9,street_music,8
/scratch/pdoshi/audio_comp/urbansound8k_audio/06358_street_music.wav,6358,39968-9-0-144.wav,39968,9,street_music,4
/scratch/pdoshi/audio_comp/urbansound8k_audio/06359_street_music.wav,6359,39968-9-0-173.wav,39968,9,street_music,4
/scratch/pdoshi/audio_comp/urbansound8k_audio/06360_street_music.wav,6360,39968-9-0-181.wav,39968,9,street_music,4
/scratch/pdoshi/audio_comp/urbansound8k_audio/06361_street_music.wav,6361,39968-9-0-227.wav,39968,9,street_music,4
/scratch/pdoshi/audio_comp/urbansound8k_audio/06362_street_music.wav,6362,39968-9-0-69.wav,39968,9,street_music,4
/scratch/pdoshi/audio_comp/urbansound8k_audio/06363_street_music.wav,6363,39968-9-0-81.wav,39968,9,street_music,4
/scratch/pdoshi/audio_comp/urbansound8k_audio/06364_street_music.wav,6364,39970-9-0-108.wav,39970,9,street_music,2
/scratch/pdoshi/audio_comp/urbansound8k_audio/06365_street_music.wav,6365,39970-9-0-142.wav,39970,9,street_music,2
/scratch/pdoshi/audio_comp/urbansound8k_audio/06366_street_music.wav,6366,39970-9-0-41.wav,39970,9,street_music,2
/scratch/pdoshi/audio_comp/urbansound8k_audio/06367_street_music.wav,6367,39970-9-0-46.wav,39970,9,street_music,2
/scratch/pdoshi/audio_comp/urbansound8k_audio/06368_street_music.wav,6368,39970-9-0-54.wav,39970,9,street_music,2
/scratch/pdoshi/audio_comp/urbansound8k_audio/06369_street_music.wav,6369,39970-9-0-98.wav,39970,9,street_music,2
/scratch/pdoshi/audio_comp/urbansound8k_audio/06370_siren.wav,6370,40717-8-0-0.wav,40717,8,siren,2
/scratch/pdoshi/audio_comp/urbansound8k_audio/06371_siren.wav,6371,40717-8-0-1.wav,40717,8,siren,2
/scratch/pdoshi/audio_comp/urbansound8k_audio/06372_siren.wav,6372,40717-8-0-2.wav,40717,8,siren,2
/scratch/pdoshi/audio_comp/urbansound8k_audio/06373_siren.wav,6373,40717-8-0-3.wav,40717,8,siren,2
/scratch/pdoshi/audio_comp/urbansound8k_audio/06374_siren.wav,6374,40717-8-0-4.wav,40717,8,siren,2
/scratch/pdoshi/audio_comp/urbansound8k_audio/06375_siren.wav,6375,40717-8-0-5.wav,40717,8,siren,2
/scratch/pdoshi/audio_comp/urbansound8k_audio/06376_siren.wav,6376,40717-8-0-6.wav,40717,8,siren,2
/scratch/pdoshi/audio_comp/urbansound8k_audio/06377_siren.wav,6377,40722-8-0-0.wav,40722,8,siren,1
/scratch/pdoshi/audio_comp/urbansound8k_audio/06378_siren.wav,6378,40722-8-0-1.wav,40722,8,siren,1
/scratch/pdoshi/audio_comp/urbansound8k_audio/06379_siren.wav,6379,40722-8-0-2.wav,40722,8,siren,1
/scratch/pdoshi/audio_comp/urbansound8k_audio/06380_siren.wav,6380,40722-8-0-3.wav,40722,8,siren,1
/scratch/pdoshi/audio_comp/urbansound8k_audio/06381_siren.wav,6381,40722-8-0-4.wav,40722,8,siren,1
/scratch/pdoshi/audio_comp/urbansound8k_audio/06382_siren.wav,6382,40722-8-0-5.wav,40722,8,siren,1
/scratch/pdoshi/audio_comp/urbansound8k_audio/06383_siren.wav,6383,40722-8-0-6.wav,40722,8,siren,1
/scratch/pdoshi/audio_comp/urbansound8k_audio/06384_siren.wav,6384,40722-8-0-7.wav,40722,8,siren,1
/scratch/pdoshi/audio_comp/urbansound8k_audio/06385_siren.wav,6385,40722-8-0-8.wav,40722,8,siren,1
/scratch/pdoshi/audio_comp/urbansound8k_audio/06386_dog_bark.wav,6386,41306-3-0-10.wav,41306,3,dog_bark,10
/scratch/pdoshi/audio_comp/urbansound8k_audio/06387_dog_bark.wav,6387,41306-3-0-13.wav,41306,3,dog_bark,10
/scratch/pdoshi/audio_comp/urbansound8k_audio/06388_dog_bark.wav,6388,41306-3-0-4.wav,41306,3,dog_bark,10
/scratch/pdoshi/audio_comp/urbansound8k_audio/06389_street_music.wav,6389,41364-9-0-11.wav,41364,9,street_music,8
/scratch/pdoshi/audio_comp/urbansound8k_audio/06390_street_music.wav,6390,41364-9-0-18.wav,41364,9,street_music,8
/scratch/pdoshi/audio_comp/urbansound8k_audio/06391_street_music.wav,6391,41364-9-0-22.wav,41364,9,street_music,8
/scratch/pdoshi/audio_comp/urbansound8k_audio/06392_street_music.wav,6392,41364-9-0-23.wav,41364,9,street_music,8
/scratch/pdoshi/audio_comp/urbansound8k_audio/06393_street_music.wav,6393,41364-9-0-24.wav,41364,9,street_music,8
/scratch/pdoshi/audio_comp/urbansound8k_audio/06394_street_music.wav,6394,41364-9-0-27.wav,41364,9,street_music,8
/scratch/pdoshi/audio_comp/urbansound8k_audio/06395_dog_bark.wav,6395,41372-3-0-25.wav,41372,3,dog_bark,3
/scratch/pdoshi/audio_comp/urbansound8k_audio/06396_dog_bark.wav,6396,41372-3-0-36.wav,41372,3,dog_bark,3
/scratch/pdoshi/audio_comp/urbansound8k_audio/06397_dog_bark.wav,6397,41372-3-0-39.wav,41372,3,dog_bark,3
/scratch/pdoshi/audio_comp/urbansound8k_audio/06398_dog_bark.wav,6398,41372-3-0-51.wav,41372,3,dog_bark,3
/scratch/pdoshi/audio_comp/urbansound8k_audio/06399_dog_bark.wav,6399,41918-3-0-0.wav,41918,3,dog_bark,4
/scratch/pdoshi/audio_comp/urbansound8k_audio/06400_dog_bark.wav,6400,41918-3-0-1.wav,41918,3,dog_bark,4
/scratch/pdoshi/audio_comp/urbansound8k_audio/06401_dog_bark.wav,6401,4201-3-0-0.wav,4201,3,dog_bark,2
/scratch/pdoshi/audio_comp/urbansound8k_audio/06402_dog_bark.wav,6402,4201-3-1-0.wav,4201,3,dog_bark,2
/scratch/pdoshi/audio_comp/urbansound8k_audio/06403_dog_bark.wav,6403,4201-3-2-0.wav,4201,3,dog_bark,2
/scratch/pdoshi/audio_comp/urbansound8k_audio/06404_dog_bark.wav,6404,4201-3-3-0.wav,4201,3,dog_bark,2
/scratch/pdoshi/audio_comp/urbansound8k_audio/06405_jackhammer.wav,6405,42097-7-0-0.wav,42097,7,jackhammer,3
/scratch/pdoshi/audio_comp/urbansound8k_audio/06406_jackhammer.wav,6406,42097-7-0-1.wav,42097,7,jackhammer,3
/scratch/pdoshi/audio_comp/urbansound8k_audio/06407_jackhammer.wav,6407,42097-7-0-2.wav,42097,7,jackhammer,3
/scratch/pdoshi/audio_comp/urbansound8k_audio/06408_car_horn.wav,6408,42101-1-1-0.wav,42101,1,car_horn,9
/scratch/pdoshi/audio_comp/urbansound8k_audio/06409_siren.wav,6409,42117-8-0-0.wav,42117,8,siren,3
/scratch/pdoshi/audio_comp/urbansound8k_audio/06410_siren.wav,6410,42117-8-0-1.wav,42117,8,siren,3
/scratch/pdoshi/audio_comp/urbansound8k_audio/06411_siren.wav,6411,42117-8-0-10.wav,42117,8,siren,3
/scratch/pdoshi/audio_comp/urbansound8k_audio/06412_siren.wav,6412,42117-8-0-11.wav,42117,8,siren,3
/scratch/pdoshi/audio_comp/urbansound8k_audio/06413_siren.wav,6413,42117-8-0-12.wav,42117,8,siren,3
/scratch/pdoshi/audio_comp/urbansound8k_audio/06414_siren.wav,6414,42117-8-0-13.wav,42117,8,siren,3
/scratch/pdoshi/audio_comp/urbansound8k_audio/06415_siren.wav,6415,42117-8-0-14.wav,42117,8,siren,3
/scratch/pdoshi/audio_comp/urbansound8k_audio/06416_siren.wav,6416,42117-8-0-2.wav,42117,8,siren,3
/scratch/pdoshi/audio_comp/urbansound8k_audio/06417_siren.wav,6417,42117-8-0-3.wav,42117,8,siren,3
/scratch/pdoshi/audio_comp/urbansound8k_audio/06418_siren.wav,6418,42117-8-0-4.wav,42117,8,siren,3
/scratch/pdoshi/audio_comp/urbansound8k_audio/06419_siren.wav,6419,42117-8-0-5.wav,42117,8,siren,3
/scratch/pdoshi/audio_comp/urbansound8k_audio/06420_siren.wav,6420,42117-8-0-6.wav,42117,8,siren,3
/scratch/pdoshi/audio_comp/urbansound8k_audio/06421_siren.wav,6421,42117-8-0-7.wav,42117,8,siren,3
/scratch/pdoshi/audio_comp/urbansound8k_audio/06422_siren.wav,6422,42117-8-0-8.wav,42117,8,siren,3
/scratch/pdoshi/audio_comp/urbansound8k_audio/06423_siren.wav,6423,42117-8-0-9.wav,42117,8,siren,3
/scratch/pdoshi/audio_comp/urbansound8k_audio/06424_siren.wav,6424,42117-8-1-0.wav,42117,8,siren,3
/scratch/pdoshi/audio_comp/urbansound8k_audio/06425_drilling.wav,6425,42324-4-0-0.wav,42324,4,drilling,8
/scratch/pdoshi/audio_comp/urbansound8k_audio/06426_drilling.wav,6426,42324-4-1-0.wav,42324,4,drilling,8
/scratch/pdoshi/audio_comp/urbansound8k_audio/06427_drilling.wav,6427,42324-4-2-0.wav,42324,4,drilling,8
/scratch/pdoshi/audio_comp/urbansound8k_audio/06428_drilling.wav,6428,42324-4-2-1.wav,42324,4,drilling,8
/scratch/pdoshi/audio_comp/urbansound8k_audio/06429_drilling.wav,6429,42324-4-2-2.wav,42324,4,drilling,8
/scratch/pdoshi/audio_comp/urbansound8k_audio/06430_drilling.wav,6430,42324-4-2-3.wav,42324,4,drilling,8
/scratch/pdoshi/audio_comp/urbansound8k_audio/06431_drilling.wav,6431,42324-4-2-4.wav,42324,4,drilling,8
/scratch/pdoshi/audio_comp/urbansound8k_audio/06432_dog_bark.wav,6432,42371-3-0-0.wav,42371,3,dog_bark,9
/scratch/pdoshi/audio_comp/urbansound8k_audio/06433_drilling.wav,6433,42937-4-0-0.wav,42937,4,drilling,3
/scratch/pdoshi/audio_comp/urbansound8k_audio/06434_drilling.wav,6434,42937-4-0-1.wav,42937,4,drilling,3
/scratch/pdoshi/audio_comp/urbansound8k_audio/06435_drilling.wav,6435,42937-4-0-2.wav,42937,4,drilling,3
/scratch/pdoshi/audio_comp/urbansound8k_audio/06436_street_music.wav,6436,42953-9-0-16.wav,42953,9,street_music,9
/scratch/pdoshi/audio_comp/urbansound8k_audio/06437_street_music.wav,6437,42953-9-0-21.wav,42953,9,street_music,9
/scratch/pdoshi/audio_comp/urbansound8k_audio/06438_street_music.wav,6438,42953-9-0-28.wav,42953,9,street_music,9
/scratch/pdoshi/audio_comp/urbansound8k_audio/06439_street_music.wav,6439,42953-9-0-37.wav,42953,9,street_music,9
/scratch/pdoshi/audio_comp/urbansound8k_audio/06440_street_music.wav,6440,42953-9-0-49.wav,42953,9,street_music,9
/scratch/pdoshi/audio_comp/urbansound8k_audio/06441_street_music.wav,6441,42953-9-0-50.wav,42953,9,street_music,9
/scratch/pdoshi/audio_comp/urbansound8k_audio/06442_street_music.wav,6442,42954-9-0-12.wav,42954,9,street_music,4
/scratch/pdoshi/audio_comp/urbansound8k_audio/06443_street_music.wav,6443,42954-9-0-18.wav,42954,9,street_music,4
/scratch/pdoshi/audio_comp/urbansound8k_audio/06444_street_music.wav,6444,42954-9-0-2.wav,42954,9,street_music,4
/scratch/pdoshi/audio_comp/urbansound8k_audio/06445_street_music.wav,6445,42954-9-0-20.wav,42954,9,street_music,4
/scratch/pdoshi/audio_comp/urbansound8k_audio/06446_street_music.wav,6446,42954-9-0-22.wav,42954,9,street_music,4
/scratch/pdoshi/audio_comp/urbansound8k_audio/06447_street_music.wav,6447,42954-9-0-5.wav,42954,9,street_music,4
/scratch/pdoshi/audio_comp/urbansound8k_audio/06448_street_music.wav,6448,42955-9-0-12.wav,42955,9,street_music,6
/scratch/pdoshi/audio_comp/urbansound8k_audio/06449_street_music.wav,6449,42955-9-0-14.wav,42955,9,street_music,6
/scratch/pdoshi/audio_comp/urbansound8k_audio/06450_street_music.wav,6450,42955-9-0-18.wav,42955,9,street_music,6
/scratch/pdoshi/audio_comp/urbansound8k_audio/06451_street_music.wav,6451,42955-9-0-19.wav,42955,9,street_music,6
/scratch/pdoshi/audio_comp/urbansound8k_audio/06452_street_music.wav,6452,42955-9-0-22.wav,42955,9,street_music,6
/scratch/pdoshi/audio_comp/urbansound8k_audio/06453_dog_bark.wav,6453,43784-3-0-0.wav,43784,3,dog_bark,7
/scratch/pdoshi/audio_comp/urbansound8k_audio/06454_dog_bark.wav,6454,43784-3-1-0.wav,43784,3,dog_bark,7
/scratch/pdoshi/audio_comp/urbansound8k_audio/06455_dog_bark.wav,6455,43786-3-0-0.wav,43786,3,dog_bark,1
/scratch/pdoshi/audio_comp/urbansound8k_audio/06456_dog_bark.wav,6456,43786-3-1-0.wav,43786,3,dog_bark,1
/scratch/pdoshi/audio_comp/urbansound8k_audio/06457_dog_bark.wav,6457,43787-3-0-0.wav,43787,3,dog_bark,5
/scratch/pdoshi/audio_comp/urbansound8k_audio/06458_dog_bark.wav,6458,43787-3-1-0.wav,43787,3,dog_bark,5
/scratch/pdoshi/audio_comp/urbansound8k_audio/06459_dog_bark.wav,6459,43787-3-2-0.wav,43787,3,dog_bark,5
/scratch/pdoshi/audio_comp/urbansound8k_audio/06460_dog_bark.wav,6460,43787-3-3-0.wav,43787,3,dog_bark,5
/scratch/pdoshi/audio_comp/urbansound8k_audio/06461_car_horn.wav,6461,43802-1-0-0.wav,43802,1,car_horn,6
/scratch/pdoshi/audio_comp/urbansound8k_audio/06462_car_horn.wav,6462,43802-1-1-0.wav,43802,1,car_horn,6
/scratch/pdoshi/audio_comp/urbansound8k_audio/06463_car_horn.wav,6463,43802-1-2-0.wav,43802,1,car_horn,6
/scratch/pdoshi/audio_comp/urbansound8k_audio/06464_car_horn.wav,6464,43803-1-0-0.wav,43803,1,car_horn,5
/scratch/pdoshi/audio_comp/urbansound8k_audio/06465_siren.wav,6465,43805-8-0-0.wav,43805,8,siren,7
/scratch/pdoshi/audio_comp/urbansound8k_audio/06466_siren.wav,6466,43805-8-1-0.wav,43805,8,siren,7
/scratch/pdoshi/audio_comp/urbansound8k_audio/06467_siren.wav,6467,43805-8-2-0.wav,43805,8,siren,7
/scratch/pdoshi/audio_comp/urbansound8k_audio/06468_siren.wav,6468,43805-8-3-0.wav,43805,8,siren,7
/scratch/pdoshi/audio_comp/urbansound8k_audio/06469_siren.wav,6469,43805-8-4-0.wav,43805,8,siren,7
/scratch/pdoshi/audio_comp/urbansound8k_audio/06470_siren.wav,6470,43806-8-0-0.wav,43806,8,siren,1
/scratch/pdoshi/audio_comp/urbansound8k_audio/06471_dog_bark.wav,6471,44110-3-0-0.wav,44110,3,dog_bark,8
/scratch/pdoshi/audio_comp/urbansound8k_audio/06472_dog_bark.wav,6472,44110-3-1-0.wav,44110,3,dog_bark,8
/scratch/pdoshi/audio_comp/urbansound8k_audio/06473_dog_bark.wav,6473,44110-3-3-0.wav,44110,3,dog_bark,8
/scratch/pdoshi/audio_comp/urbansound8k_audio/06474_dog_bark.wav,6474,44110-3-4-0.wav,44110,3,dog_bark,8
/scratch/pdoshi/audio_comp/urbansound8k_audio/06475_car_horn.wav,6475,44278-1-0-0.wav,44278,1,car_horn,4
/scratch/pdoshi/audio_comp/urbansound8k_audio/06476_car_horn.wav,6476,44278-1-1-0.wav,44278,1,car_horn,4
/scratch/pdoshi/audio_comp/urbansound8k_audio/06477_street_music.wav,6477,44325-9-0-18.wav,44325,9,street_music,6
/scratch/pdoshi/audio_comp/urbansound8k_audio/06478_street_music.wav,6478,44325-9-0-21.wav,44325,9,street_music,6
/scratch/pdoshi/audio_comp/urbansound8k_audio/06479_street_music.wav,6479,44325-9-0-35.wav,44325,9,street_music,6
/scratch/pdoshi/audio_comp/urbansound8k_audio/06480_street_music.wav,6480,44325-9-0-67.wav,44325,9,street_music,6
/scratch/pdoshi/audio_comp/urbansound8k_audio/06481_street_music.wav,6481,44325-9-0-72.wav,44325,9,street_music,6
/scratch/pdoshi/audio_comp/urbansound8k_audio/06482_street_music.wav,6482,44325-9-0-78.wav,44325,9,street_music,6
/scratch/pdoshi/audio_comp/urbansound8k_audio/06483_engine_idling.wav,6483,44735-5-0-0.wav,44735,5,engine_idling,2
/scratch/pdoshi/audio_comp/urbansound8k_audio/06484_engine_idling.wav,6484,44735-5-0-1.wav,44735,5,engine_idling,2
/scratch/pdoshi/audio_comp/urbansound8k_audio/06485_engine_idling.wav,6485,44736-5-0-0.wav,44736,5,engine_idling,1
/scratch/pdoshi/audio_comp/urbansound8k_audio/06486_engine_idling.wav,6486,44736-5-0-1.wav,44736,5,engine_idling,1
/scratch/pdoshi/audio_comp/urbansound8k_audio/06487_engine_idling.wav,6487,44737-5-0-0.wav,44737,5,engine_idling,7
/scratch/pdoshi/audio_comp/urbansound8k_audio/06488_engine_idling.wav,6488,44737-5-0-1.wav,44737,5,engine_idling,7
/scratch/pdoshi/audio_comp/urbansound8k_audio/06489_engine_idling.wav,6489,44737-5-0-2.wav,44737,5,engine_idling,7
/scratch/pdoshi/audio_comp/urbansound8k_audio/06490_engine_idling.wav,6490,44737-5-0-3.wav,44737,5,engine_idling,7
/scratch/pdoshi/audio_comp/urbansound8k_audio/06491_dog_bark.wav,6491,44831-3-0-0.wav,44831,3,dog_bark,3
/scratch/pdoshi/audio_comp/urbansound8k_audio/06492_dog_bark.wav,6492,44831-3-1-0.wav,44831,3,dog_bark,3
/scratch/pdoshi/audio_comp/urbansound8k_audio/06493_dog_bark.wav,6493,44831-3-2-0.wav,44831,3,dog_bark,3
/scratch/pdoshi/audio_comp/urbansound8k_audio/06494_car_horn.wav,6494,45256-1-0-0.wav,45256,1,car_horn,5
/scratch/pdoshi/audio_comp/urbansound8k_audio/06495_children_playing.wav,6495,46299-2-0-0.wav,46299,2,children_playing,6
/scratch/pdoshi/audio_comp/urbansound8k_audio/06496_children_playing.wav,6496,46299-2-0-16.wav,46299,2,children_playing,6
/scratch/pdoshi/audio_comp/urbansound8k_audio/06497_children_playing.wav,6497,46299-2-0-21.wav,46299,2,children_playing,6
/scratch/pdoshi/audio_comp/urbansound8k_audio/06498_children_playing.wav,6498,46299-2-0-22.wav,46299,2,children_playing,6
/scratch/pdoshi/audio_comp/urbansound8k_audio/06499_children_playing.wav,6499,46299-2-0-36.wav,46299,2,children_playing,6
/scratch/pdoshi/audio_comp/urbansound8k_audio/06500_children_playing.wav,6500,46299-2-0-48.wav,46299,2,children_playing,6
/scratch/pdoshi/audio_comp/urbansound8k_audio/06501_children_playing.wav,6501,46299-2-0-8.wav,46299,2,children_playing,6
/scratch/pdoshi/audio_comp/urbansound8k_audio/06502_children_playing.wav,6502,46299-2-0-9.wav,46299,2,children_playing,6
/scratch/pdoshi/audio_comp/urbansound8k_audio/06503_car_horn.wav,6503,46391-1-0-0.wav,46391,1,car_horn,5
/scratch/pdoshi/audio_comp/urbansound8k_audio/06504_car_horn.wav,6504,46391-1-1-0.wav,46391,1,car_horn,5
/scratch/pdoshi/audio_comp/urbansound8k_audio/06505_gun_shot.wav,6505,46654-6-0-0.wav,46654,6,gun_shot,1
/scratch/pdoshi/audio_comp/urbansound8k_audio/06506_gun_shot.wav,6506,46655-6-0-0.wav,46655,6,gun_shot,2
/scratch/pdoshi/audio_comp/urbansound8k_audio/06507_gun_shot.wav,6507,46656-6-0-0.wav,46656,6,gun_shot,1
/scratch/pdoshi/audio_comp/urbansound8k_audio/06508_gun_shot.wav,6508,46656-6-1-0.wav,46656,6,gun_shot,1
/scratch/pdoshi/audio_comp/urbansound8k_audio/06509_gun_shot.wav,6509,46656-6-2-0.wav,46656,6,gun_shot,1
/scratch/pdoshi/audio_comp/urbansound8k_audio/06510_gun_shot.wav,6510,46656-6-3-0.wav,46656,6,gun_shot,1
/scratch/pdoshi/audio_comp/urbansound8k_audio/06511_gun_shot.wav,6511,46656-6-4-0.wav,46656,6,gun_shot,1
/scratch/pdoshi/audio_comp/urbansound8k_audio/06512_gun_shot.wav,6512,46656-6-5-0.wav,46656,6,gun_shot,1
/scratch/pdoshi/audio_comp/urbansound8k_audio/06513_drilling.wav,6513,46668-4-0-0.wav,46668,4,drilling,2
/scratch/pdoshi/audio_comp/urbansound8k_audio/06514_drilling.wav,6514,46668-4-0-1.wav,46668,4,drilling,2
/scratch/pdoshi/audio_comp/urbansound8k_audio/06515_drilling.wav,6515,46668-4-0-2.wav,46668,4,drilling,2
/scratch/pdoshi/audio_comp/urbansound8k_audio/06516_drilling.wav,6516,46669-4-0-0.wav,46669,4,drilling,1
/scratch/pdoshi/audio_comp/urbansound8k_audio/06517_drilling.wav,6517,46669-4-0-10.wav,46669,4,drilling,1
/scratch/pdoshi/audio_comp/urbansound8k_audio/06518_drilling.wav,6518,46669-4-0-2.wav,46669,4,drilling,1
/scratch/pdoshi/audio_comp/urbansound8k_audio/06519_drilling.wav,6519,46669-4-0-24.wav,46669,4,drilling,1
/scratch/pdoshi/audio_comp/urbansound8k_audio/06520_drilling.wav,6520,46669-4-0-26.wav,46669,4,drilling,1
/scratch/pdoshi/audio_comp/urbansound8k_audio/06521_drilling.wav,6521,46669-4-0-3.wav,46669,4,drilling,1
/scratch/pdoshi/audio_comp/urbansound8k_audio/06522_drilling.wav,6522,46669-4-0-30.wav,46669,4,drilling,1
/scratch/pdoshi/audio_comp/urbansound8k_audio/06523_drilling.wav,6523,46669-4-0-31.wav,46669,4,drilling,1
/scratch/pdoshi/audio_comp/urbansound8k_audio/06524_drilling.wav,6524,46669-4-0-32.wav,46669,4,drilling,1
/scratch/pdoshi/audio_comp/urbansound8k_audio/06525_drilling.wav,6525,46669-4-0-33.wav,46669,4,drilling,1
/scratch/pdoshi/audio_comp/urbansound8k_audio/06526_drilling.wav,6526,46669-4-0-35.wav,46669,4,drilling,1
/scratch/pdoshi/audio_comp/urbansound8k_audio/06527_drilling.wav,6527,46669-4-0-36.wav,46669,4,drilling,1
/scratch/pdoshi/audio_comp/urbansound8k_audio/06528_drilling.wav,6528,46669-4-0-37.wav,46669,4,drilling,1
/scratch/pdoshi/audio_comp/urbansound8k_audio/06529_drilling.wav,6529,46669-4-0-39.wav,46669,4,drilling,1
/scratch/pdoshi/audio_comp/urbansound8k_audio/06530_drilling.wav,6530,46669-4-0-4.wav,46669,4,drilling,1
/scratch/pdoshi/audio_comp/urbansound8k_audio/06531_drilling.wav,6531,46669-4-0-45.wav,46669,4,drilling,1
/scratch/pdoshi/audio_comp/urbansound8k_audio/06532_drilling.wav,6532,46669-4-0-48.wav,46669,4,drilling,1
/scratch/pdoshi/audio_comp/urbansound8k_audio/06533_drilling.wav,6533,46669-4-0-49.wav,46669,4,drilling,1
/scratch/pdoshi/audio_comp/urbansound8k_audio/06534_drilling.wav,6534,46669-4-0-54.wav,46669,4,drilling,1
/scratch/pdoshi/audio_comp/urbansound8k_audio/06535_drilling.wav,6535,46669-4-0-61.wav,46669,4,drilling,1
/scratch/pdoshi/audio_comp/urbansound8k_audio/06536_drilling.wav,6536,46669-4-0-63.wav,46669,4,drilling,1
/scratch/pdoshi/audio_comp/urbansound8k_audio/06537_drilling.wav,6537,46669-4-0-8.wav,46669,4,drilling,1
/scratch/pdoshi/audio_comp/urbansound8k_audio/06538_drilling.wav,6538,46669-4-0-9.wav,46669,4,drilling,1
/scratch/pdoshi/audio_comp/urbansound8k_audio/06539_engine_idling.wav,6539,46918-5-0-0.wav,46918,5,engine_idling,1
/scratch/pdoshi/audio_comp/urbansound8k_audio/06540_engine_idling.wav,6540,46918-5-0-1.wav,46918,5,engine_idling,1
/scratch/pdoshi/audio_comp/urbansound8k_audio/06541_engine_idling.wav,6541,46918-5-0-2.wav,46918,5,engine_idling,1
/scratch/pdoshi/audio_comp/urbansound8k_audio/06542_children_playing.wav,6542,47019-2-0-42.wav,47019,2,children_playing,4
/scratch/pdoshi/audio_comp/urbansound8k_audio/06543_children_playing.wav,6543,47019-2-0-44.wav,47019,2,children_playing,4
/scratch/pdoshi/audio_comp/urbansound8k_audio/06544_children_playing.wav,6544,47019-2-0-55.wav,47019,2,children_playing,4
/scratch/pdoshi/audio_comp/urbansound8k_audio/06545_children_playing.wav,6545,47019-2-0-65.wav,47019,2,children_playing,4
/scratch/pdoshi/audio_comp/urbansound8k_audio/06546_children_playing.wav,6546,47019-2-0-66.wav,47019,2,children_playing,4
/scratch/pdoshi/audio_comp/urbansound8k_audio/06547_children_playing.wav,6547,47019-2-0-69.wav,47019,2,children_playing,4
/scratch/pdoshi/audio_comp/urbansound8k_audio/06548_children_playing.wav,6548,47019-2-0-73.wav,47019,2,children_playing,4
/scratch/pdoshi/audio_comp/urbansound8k_audio/06549_air_conditioner.wav,6549,47160-0-0-0.wav,47160,0,air_conditioner,6
/scratch/pdoshi/audio_comp/urbansound8k_audio/06550_air_conditioner.wav,6550,47160-0-0-1.wav,47160,0,air_conditioner,6
/scratch/pdoshi/audio_comp/urbansound8k_audio/06551_air_conditioner.wav,6551,47160-0-0-2.wav,47160,0,air_conditioner,6
/scratch/pdoshi/audio_comp/urbansound8k_audio/06552_air_conditioner.wav,6552,47160-0-0-3.wav,47160,0,air_conditioner,6
/scratch/pdoshi/audio_comp/urbansound8k_audio/06553_air_conditioner.wav,6553,47160-0-0-4.wav,47160,0,air_conditioner,6
/scratch/pdoshi/audio_comp/urbansound8k_audio/06554_dog_bark.wav,6554,47926-3-0-0.wav,47926,3,dog_bark,4
/scratch/pdoshi/audio_comp/urbansound8k_audio/06555_dog_bark.wav,6555,47926-3-1-0.wav,47926,3,dog_bark,4
/scratch/pdoshi/audio_comp/urbansound8k_audio/06556_dog_bark.wav,6556,47926-3-2-0.wav,47926,3,dog_bark,4
/scratch/pdoshi/audio_comp/urbansound8k_audio/06557_dog_bark.wav,6557,47926-3-3-0.wav,47926,3,dog_bark,4
/scratch/pdoshi/audio_comp/urbansound8k_audio/06558_dog_bark.wav,6558,4910-3-0-0.wav,4910,3,dog_bark,6
/scratch/pdoshi/audio_comp/urbansound8k_audio/06559_dog_bark.wav,6559,4911-3-0-0.wav,4911,3,dog_bark,2
/scratch/pdoshi/audio_comp/urbansound8k_audio/06560_dog_bark.wav,6560,4912-3-0-0.wav,4912,3,dog_bark,6
/scratch/pdoshi/audio_comp/urbansound8k_audio/06561_dog_bark.wav,6561,4912-3-1-0.wav,4912,3,dog_bark,6
/scratch/pdoshi/audio_comp/urbansound8k_audio/06562_dog_bark.wav,6562,4912-3-2-0.wav,4912,3,dog_bark,6
/scratch/pdoshi/audio_comp/urbansound8k_audio/06563_dog_bark.wav,6563,4912-3-3-0.wav,4912,3,dog_bark,6
/scratch/pdoshi/audio_comp/urbansound8k_audio/06564_dog_bark.wav,6564,4918-3-0-0.wav,4918,3,dog_bark,8
/scratch/pdoshi/audio_comp/urbansound8k_audio/06565_dog_bark.wav,6565,4918-3-1-0.wav,4918,3,dog_bark,8
/scratch/pdoshi/audio_comp/urbansound8k_audio/06566_dog_bark.wav,6566,4918-3-3-0.wav,4918,3,dog_bark,8
/scratch/pdoshi/audio_comp/urbansound8k_audio/06567_dog_bark.wav,6567,4918-3-4-0.wav,4918,3,dog_bark,8
/scratch/pdoshi/audio_comp/urbansound8k_audio/06568_children_playing.wav,6568,49312-2-0-1.wav,49312,2,children_playing,5
/scratch/pdoshi/audio_comp/urbansound8k_audio/06569_children_playing.wav,6569,49312-2-0-10.wav,49312,2,children_playing,5
/scratch/pdoshi/audio_comp/urbansound8k_audio/06570_children_playing.wav,6570,49312-2-0-16.wav,49312,2,children_playing,5
/scratch/pdoshi/audio_comp/urbansound8k_audio/06571_children_playing.wav,6571,49312-2-0-17.wav,49312,2,children_playing,5
/scratch/pdoshi/audio_comp/urbansound8k_audio/06572_children_playing.wav,6572,49312-2-0-2.wav,49312,2,children_playing,5
/scratch/pdoshi/audio_comp/urbansound8k_audio/06573_children_playing.wav,6573,49312-2-0-5.wav,49312,2,children_playing,5
/scratch/pdoshi/audio_comp/urbansound8k_audio/06574_children_playing.wav,6574,49312-2-0-7.wav,49312,2,children_playing,5
/scratch/pdoshi/audio_comp/urbansound8k_audio/06575_children_playing.wav,6575,49313-2-0-1.wav,49313,2,children_playing,7
/scratch/pdoshi/audio_comp/urbansound8k_audio/06576_children_playing.wav,6576,49313-2-0-10.wav,49313,2,children_playing,7
/scratch/pdoshi/audio_comp/urbansound8k_audio/06577_children_playing.wav,6577,49313-2-0-13.wav,49313,2,children_playing,7
/scratch/pdoshi/audio_comp/urbansound8k_audio/06578_children_playing.wav,6578,49313-2-0-20.wav,49313,2,children_playing,7
/scratch/pdoshi/audio_comp/urbansound8k_audio/06579_children_playing.wav,6579,49313-2-0-30.wav,49313,2,children_playing,7
/scratch/pdoshi/audio_comp/urbansound8k_audio/06580_children_playing.wav,6580,49313-2-0-4.wav,49313,2,children_playing,7
/scratch/pdoshi/audio_comp/urbansound8k_audio/06581_children_playing.wav,6581,49313-2-0-9.wav,49313,2,children_playing,7
/scratch/pdoshi/audio_comp/urbansound8k_audio/06582_street_music.wav,6582,49485-9-0-138.wav,49485,9,street_music,3
/scratch/pdoshi/audio_comp/urbansound8k_audio/06583_street_music.wav,6583,49485-9-0-142.wav,49485,9,street_music,3
/scratch/pdoshi/audio_comp/urbansound8k_audio/06584_street_music.wav,6584,49485-9-0-154.wav,49485,9,street_music,3
/scratch/pdoshi/audio_comp/urbansound8k_audio/06585_street_music.wav,6585,49485-9-0-24.wav,49485,9,street_music,3
/scratch/pdoshi/audio_comp/urbansound8k_audio/06586_street_music.wav,6586,49485-9-0-28.wav,49485,9,street_music,3
/scratch/pdoshi/audio_comp/urbansound8k_audio/06587_street_music.wav,6587,49485-9-0-91.wav,49485,9,street_music,3
/scratch/pdoshi/audio_comp/urbansound8k_audio/06588_engine_idling.wav,6588,49769-5-0-0.wav,49769,5,engine_idling,3
/scratch/pdoshi/audio_comp/urbansound8k_audio/06589_engine_idling.wav,6589,49769-5-1-0.wav,49769,5,engine_idling,3
/scratch/pdoshi/audio_comp/urbansound8k_audio/06590_dog_bark.wav,6590,49808-3-0-6.wav,49808,3,dog_bark,2
/scratch/pdoshi/audio_comp/urbansound8k_audio/06591_dog_bark.wav,6591,49808-3-1-22.wav,49808,3,dog_bark,2
/scratch/pdoshi/audio_comp/urbansound8k_audio/06592_dog_bark.wav,6592,49808-3-1-8.wav,49808,3,dog_bark,2
/scratch/pdoshi/audio_comp/urbansound8k_audio/06593_dog_bark.wav,6593,49809-3-0-0.wav,49809,3,dog_bark,3
/scratch/pdoshi/audio_comp/urbansound8k_audio/06594_dog_bark.wav,6594,49809-3-3-0.wav,49809,3,dog_bark,3
/scratch/pdoshi/audio_comp/urbansound8k_audio/06595_dog_bark.wav,6595,49809-3-4-0.wav,49809,3,dog_bark,3
/scratch/pdoshi/audio_comp/urbansound8k_audio/06596_car_horn.wav,6596,49974-1-0-0.wav,49974,1,car_horn,8
/scratch/pdoshi/audio_comp/urbansound8k_audio/06597_dog_bark.wav,6597,50223-3-0-1.wav,50223,3,dog_bark,9
/scratch/pdoshi/audio_comp/urbansound8k_audio/06598_dog_bark.wav,6598,50223-3-0-10.wav,50223,3,dog_bark,9
/scratch/pdoshi/audio_comp/urbansound8k_audio/06599_dog_bark.wav,6599,50223-3-0-3.wav,50223,3,dog_bark,9
/scratch/pdoshi/audio_comp/urbansound8k_audio/06600_dog_bark.wav,6600,50223-3-0-6.wav,50223,3,dog_bark,9
/scratch/pdoshi/audio_comp/urbansound8k_audio/06601_drilling.wav,6601,50413-4-0-0.wav,50413,4,drilling,5
/scratch/pdoshi/audio_comp/urbansound8k_audio/06602_drilling.wav,6602,50413-4-0-1.wav,50413,4,drilling,5
/scratch/pdoshi/audio_comp/urbansound8k_audio/06603_drilling.wav,6603,50413-4-0-2.wav,50413,4,drilling,5
/scratch/pdoshi/audio_comp/urbansound8k_audio/06604_drilling.wav,6604,50413-4-0-3.wav,50413,4,drilling,5
/scratch/pdoshi/audio_comp/urbansound8k_audio/06605_drilling.wav,6605,50414-4-0-0.wav,50414,4,drilling,9
/scratch/pdoshi/audio_comp/urbansound8k_audio/06606_drilling.wav,6606,50414-4-0-1.wav,50414,4,drilling,9
/scratch/pdoshi/audio_comp/urbansound8k_audio/06607_drilling.wav,6607,50415-4-0-0.wav,50415,4,drilling,7
/scratch/pdoshi/audio_comp/urbansound8k_audio/06608_drilling.wav,6608,50415-4-0-1.wav,50415,4,drilling,7
/scratch/pdoshi/audio_comp/urbansound8k_audio/06609_drilling.wav,6609,50416-4-0-0.wav,50416,4,drilling,2
/scratch/pdoshi/audio_comp/urbansound8k_audio/06610_drilling.wav,6610,50416-4-0-1.wav,50416,4,drilling,2
/scratch/pdoshi/audio_comp/urbansound8k_audio/06611_drilling.wav,6611,50416-4-0-2.wav,50416,4,drilling,2
/scratch/pdoshi/audio_comp/urbansound8k_audio/06612_engine_idling.wav,6612,50454-5-0-0.wav,50454,5,engine_idling,7
/scratch/pdoshi/audio_comp/urbansound8k_audio/06613_engine_idling.wav,6613,50455-5-0-0.wav,50455,5,engine_idling,6
/scratch/pdoshi/audio_comp/urbansound8k_audio/06614_dog_bark.wav,6614,50612-3-0-0.wav,50612,3,dog_bark,7
/scratch/pdoshi/audio_comp/urbansound8k_audio/06615_dog_bark.wav,6615,50613-3-0-0.wav,50613,3,dog_bark,8
/scratch/pdoshi/audio_comp/urbansound8k_audio/06616_dog_bark.wav,6616,50614-3-0-0.wav,50614,3,dog_bark,7
/scratch/pdoshi/audio_comp/urbansound8k_audio/06617_gun_shot.wav,6617,50618-6-0-0.wav,50618,6,gun_shot,4
/scratch/pdoshi/audio_comp/urbansound8k_audio/06618_drilling.wav,6618,50629-4-0-0.wav,50629,4,drilling,7
/scratch/pdoshi/audio_comp/urbansound8k_audio/06619_drilling.wav,6619,50629-4-0-1.wav,50629,4,drilling,7
/scratch/pdoshi/audio_comp/urbansound8k_audio/06620_drilling.wav,6620,50629-4-1-0.wav,50629,4,drilling,7
/scratch/pdoshi/audio_comp/urbansound8k_audio/06621_drilling.wav,6621,50629-4-1-1.wav,50629,4,drilling,7
/scratch/pdoshi/audio_comp/urbansound8k_audio/06622_drilling.wav,6622,50629-4-1-11.wav,50629,4,drilling,7
/scratch/pdoshi/audio_comp/urbansound8k_audio/06623_drilling.wav,6623,50629-4-1-13.wav,50629,4,drilling,7
/scratch/pdoshi/audio_comp/urbansound8k_audio/06624_drilling.wav,6624,50629-4-1-2.wav,50629,4,drilling,7
/scratch/pdoshi/audio_comp/urbansound8k_audio/06625_drilling.wav,6625,50629-4-1-3.wav,50629,4,drilling,7
/scratch/pdoshi/audio_comp/urbansound8k_audio/06626_drilling.wav,6626,50629-4-1-4.wav,50629,4,drilling,7
/scratch/pdoshi/audio_comp/urbansound8k_audio/06627_drilling.wav,6627,50629-4-1-8.wav,50629,4,drilling,7
/scratch/pdoshi/audio_comp/urbansound8k_audio/06628_drilling.wav,6628,50629-4-1-9.wav,50629,4,drilling,7
/scratch/pdoshi/audio_comp/urbansound8k_audio/06629_drilling.wav,6629,50629-4-2-0.wav,50629,4,drilling,7
/scratch/pdoshi/audio_comp/urbansound8k_audio/06630_drilling.wav,6630,50629-4-3-0.wav,50629,4,drilling,7
/scratch/pdoshi/audio_comp/urbansound8k_audio/06631_drilling.wav,6631,50629-4-4-0.wav,50629,4,drilling,7
/scratch/pdoshi/audio_comp/urbansound8k_audio/06632_drilling.wav,6632,50629-4-4-3.wav,50629,4,drilling,7
/scratch/pdoshi/audio_comp/urbansound8k_audio/06633_drilling.wav,6633,50629-4-4-8.wav,50629,4,drilling,7
/scratch/pdoshi/audio_comp/urbansound8k_audio/06634_drilling.wav,6634,50629-4-4-9.wav,50629,4,drilling,7
/scratch/pdoshi/audio_comp/urbansound8k_audio/06635_engine_idling.wav,6635,50661-5-0-0.wav,50661,5,engine_idling,4
/scratch/pdoshi/audio_comp/urbansound8k_audio/06636_engine_idling.wav,6636,50661-5-0-1.wav,50661,5,engine_idling,4
/scratch/pdoshi/audio_comp/urbansound8k_audio/06637_engine_idling.wav,6637,50661-5-0-2.wav,50661,5,engine_idling,4
/scratch/pdoshi/audio_comp/urbansound8k_audio/06638_engine_idling.wav,6638,50661-5-0-3.wav,50661,5,engine_idling,4
/scratch/pdoshi/audio_comp/urbansound8k_audio/06639_engine_idling.wav,6639,50661-5-0-4.wav,50661,5,engine_idling,4
/scratch/pdoshi/audio_comp/urbansound8k_audio/06640_engine_idling.wav,6640,50661-5-0-5.wav,50661,5,engine_idling,4
/scratch/pdoshi/audio_comp/urbansound8k_audio/06641_engine_idling.wav,6641,50668-5-0-0.wav,50668,5,engine_idling,8
/scratch/pdoshi/audio_comp/urbansound8k_audio/06642_engine_idling.wav,6642,50668-5-0-1.wav,50668,5,engine_idling,8
/scratch/pdoshi/audio_comp/urbansound8k_audio/06643_engine_idling.wav,6643,50668-5-0-2.wav,50668,5,engine_idling,8
/scratch/pdoshi/audio_comp/urbansound8k_audio/06644_engine_idling.wav,6644,50668-5-1-0.wav,50668,5,engine_idling,8
/scratch/pdoshi/audio_comp/urbansound8k_audio/06645_engine_idling.wav,6645,50668-5-2-0.wav,50668,5,engine_idling,8
/scratch/pdoshi/audio_comp/urbansound8k_audio/06646_engine_idling.wav,6646,50668-5-3-0.wav,50668,5,engine_idling,8
/scratch/pdoshi/audio_comp/urbansound8k_audio/06647_engine_idling.wav,6647,50668-5-4-0.wav,50668,5,engine_idling,8
/scratch/pdoshi/audio_comp/urbansound8k_audio/06648_engine_idling.wav,6648,50668-5-5-0.wav,50668,5,engine_idling,8
/scratch/pdoshi/audio_comp/urbansound8k_audio/06649_engine_idling.wav,6649,50668-5-5-1.wav,50668,5,engine_idling,8
/scratch/pdoshi/audio_comp/urbansound8k_audio/06650_engine_idling.wav,6650,50668-5-5-2.wav,50668,5,engine_idling,8
/scratch/pdoshi/audio_comp/urbansound8k_audio/06651_engine_idling.wav,6651,50668-5-6-0.wav,50668,5,engine_idling,8
/scratch/pdoshi/audio_comp/urbansound8k_audio/06652_engine_idling.wav,6652,50668-5-7-0.wav,50668,5,engine_idling,8
/scratch/pdoshi/audio_comp/urbansound8k_audio/06653_dog_bark.wav,6653,50885-3-0-2.wav,50885,3,dog_bark,5
/scratch/pdoshi/audio_comp/urbansound8k_audio/06654_dog_bark.wav,6654,50885-3-0-3.wav,50885,3,dog_bark,5
/scratch/pdoshi/audio_comp/urbansound8k_audio/06655_dog_bark.wav,6655,50885-3-0-4.wav,50885,3,dog_bark,5
/scratch/pdoshi/audio_comp/urbansound8k_audio/06656_dog_bark.wav,6656,50885-3-0-5.wav,50885,3,dog_bark,5
/scratch/pdoshi/audio_comp/urbansound8k_audio/06657_engine_idling.wav,6657,50898-5-0-0.wav,50898,5,engine_idling,2
/scratch/pdoshi/audio_comp/urbansound8k_audio/06658_air_conditioner.wav,6658,50901-0-0-0.wav,50901,0,air_conditioner,1
/scratch/pdoshi/audio_comp/urbansound8k_audio/06659_air_conditioner.wav,6659,50901-0-1-0.wav,50901,0,air_conditioner,1
/scratch/pdoshi/audio_comp/urbansound8k_audio/06660_air_conditioner.wav,6660,50901-0-1-1.wav,50901,0,air_conditioner,1
/scratch/pdoshi/audio_comp/urbansound8k_audio/06661_dog_bark.wav,6661,51022-3-13-0.wav,51022,3,dog_bark,1
/scratch/pdoshi/audio_comp/urbansound8k_audio/06662_dog_bark.wav,6662,51022-3-29-0.wav,51022,3,dog_bark,1
/scratch/pdoshi/audio_comp/urbansound8k_audio/06663_dog_bark.wav,6663,51022-3-30-4.wav,51022,3,dog_bark,1
/scratch/pdoshi/audio_comp/urbansound8k_audio/06664_dog_bark.wav,6664,51022-3-7-0.wav,51022,3,dog_bark,1
/scratch/pdoshi/audio_comp/urbansound8k_audio/06665_dog_bark.wav,6665,51024-3-0-16.wav,51024,3,dog_bark,10
/scratch/pdoshi/audio_comp/urbansound8k_audio/06666_dog_bark.wav,6666,51024-3-0-2.wav,51024,3,dog_bark,10
/scratch/pdoshi/audio_comp/urbansound8k_audio/06667_dog_bark.wav,6667,51024-3-0-23.wav,51024,3,dog_bark,10
/scratch/pdoshi/audio_comp/urbansound8k_audio/06668_dog_bark.wav,6668,51024-3-0-3.wav,51024,3,dog_bark,10
/scratch/pdoshi/audio_comp/urbansound8k_audio/06669_dog_bark.wav,6669,51027-3-0-7.wav,51027,3,dog_bark,6
/scratch/pdoshi/audio_comp/urbansound8k_audio/06670_dog_bark.wav,6670,51027-3-0-9.wav,51027,3,dog_bark,6
/scratch/pdoshi/audio_comp/urbansound8k_audio/06671_dog_bark.wav,6671,51027-3-1-1.wav,51027,3,dog_bark,6
/scratch/pdoshi/audio_comp/urbansound8k_audio/06672_dog_bark.wav,6672,51027-3-1-4.wav,51027,3,dog_bark,6
/scratch/pdoshi/audio_comp/urbansound8k_audio/06673_drilling.wav,6673,518-4-0-0.wav,518,4,drilling,7
/scratch/pdoshi/audio_comp/urbansound8k_audio/06674_drilling.wav,6674,518-4-0-1.wav,518,4,drilling,7
/scratch/pdoshi/audio_comp/urbansound8k_audio/06675_drilling.wav,6675,518-4-0-2.wav,518,4,drilling,7
/scratch/pdoshi/audio_comp/urbansound8k_audio/06676_drilling.wav,6676,518-4-0-3.wav,518,4,drilling,7
/scratch/pdoshi/audio_comp/urbansound8k_audio/06677_dog_bark.wav,6677,52077-3-0-13.wav,52077,3,dog_bark,3
/scratch/pdoshi/audio_comp/urbansound8k_audio/06678_dog_bark.wav,6678,52077-3-0-17.wav,52077,3,dog_bark,3
/scratch/pdoshi/audio_comp/urbansound8k_audio/06679_dog_bark.wav,6679,52077-3-0-3.wav,52077,3,dog_bark,3
/scratch/pdoshi/audio_comp/urbansound8k_audio/06680_dog_bark.wav,6680,52077-3-0-8.wav,52077,3,dog_bark,3
/scratch/pdoshi/audio_comp/urbansound8k_audio/06681_car_horn.wav,6681,52102-1-0-0.wav,52102,1,car_horn,5
/scratch/pdoshi/audio_comp/urbansound8k_audio/06682_dog_bark.wav,6682,52171-3-2-0.wav,52171,3,dog_bark,9
/scratch/pdoshi/audio_comp/urbansound8k_audio/06683_dog_bark.wav,6683,52171-3-3-0.wav,52171,3,dog_bark,9
/scratch/pdoshi/audio_comp/urbansound8k_audio/06684_dog_bark.wav,6684,52171-3-6-0.wav,52171,3,dog_bark,9
/scratch/pdoshi/audio_comp/urbansound8k_audio/06685_dog_bark.wav,6685,52171-3-6-1.wav,52171,3,dog_bark,9
/scratch/pdoshi/audio_comp/urbansound8k_audio/06686_gun_shot.wav,6686,52284-6-0-0.wav,52284,6,gun_shot,8
/scratch/pdoshi/audio_comp/urbansound8k_audio/06687_gun_shot.wav,6687,52357-6-0-0.wav,52357,6,gun_shot,3
/scratch/pdoshi/audio_comp/urbansound8k_audio/06688_street_music.wav,6688,52411-9-0-4.wav,52411,9,street_music,9
/scratch/pdoshi/audio_comp/urbansound8k_audio/06689_street_music.wav,6689,52411-9-0-52.wav,52411,9,street_music,9
/scratch/pdoshi/audio_comp/urbansound8k_audio/06690_street_music.wav,6690,52411-9-0-6.wav,52411,9,street_music,9
/scratch/pdoshi/audio_comp/urbansound8k_audio/06691_street_music.wav,6691,52411-9-0-64.wav,52411,9,street_music,9
/scratch/pdoshi/audio_comp/urbansound8k_audio/06692_street_music.wav,6692,52411-9-0-66.wav,52411,9,street_music,9
/scratch/pdoshi/audio_comp/urbansound8k_audio/06693_street_music.wav,6693,52411-9-0-79.wav,52411,9,street_music,9
/scratch/pdoshi/audio_comp/urbansound8k_audio/06694_dog_bark.wav,6694,52441-3-0-0.wav,52441,3,dog_bark,4
/scratch/pdoshi/audio_comp/urbansound8k_audio/06695_dog_bark.wav,6695,52441-3-0-13.wav,52441,3,dog_bark,4
/scratch/pdoshi/audio_comp/urbansound8k_audio/06696_dog_bark.wav,6696,52441-3-0-8.wav,52441,3,dog_bark,4
/scratch/pdoshi/audio_comp/urbansound8k_audio/06697_dog_bark.wav,6697,52441-3-1-2.wav,52441,3,dog_bark,4
/scratch/pdoshi/audio_comp/urbansound8k_audio/06698_dog_bark.wav,6698,52633-3-0-1.wav,52633,3,dog_bark,8
/scratch/pdoshi/audio_comp/urbansound8k_audio/06699_dog_bark.wav,6699,52633-3-0-2.wav,52633,3,dog_bark,8
/scratch/pdoshi/audio_comp/urbansound8k_audio/06700_dog_bark.wav,6700,52633-3-0-8.wav,52633,3,dog_bark,8
/scratch/pdoshi/audio_comp/urbansound8k_audio/06701_dog_bark.wav,6701,52633-3-0-9.wav,52633,3,dog_bark,8
/scratch/pdoshi/audio_comp/urbansound8k_audio/06702_dog_bark.wav,6702,52740-3-0-0.wav,52740,3,dog_bark,9
/scratch/pdoshi/audio_comp/urbansound8k_audio/06703_dog_bark.wav,6703,52740-3-0-1.wav,52740,3,dog_bark,9
/scratch/pdoshi/audio_comp/urbansound8k_audio/06704_dog_bark.wav,6704,52740-3-0-2.wav,52740,3,dog_bark,9
/scratch/pdoshi/audio_comp/urbansound8k_audio/06705_dog_bark.wav,6705,52740-3-0-3.wav,52740,3,dog_bark,9
/scratch/pdoshi/audio_comp/urbansound8k_audio/06706_children_playing.wav,6706,52882-2-0-0.wav,52882,2,children_playing,6
/scratch/pdoshi/audio_comp/urbansound8k_audio/06707_children_playing.wav,6707,52882-2-0-11.wav,52882,2,children_playing,6
/scratch/pdoshi/audio_comp/urbansound8k_audio/06708_children_playing.wav,6708,52882-2-0-3.wav,52882,2,children_playing,6
/scratch/pdoshi/audio_comp/urbansound8k_audio/06709_children_playing.wav,6709,52882-2-0-4.wav,52882,2,children_playing,6
/scratch/pdoshi/audio_comp/urbansound8k_audio/06710_children_playing.wav,6710,52882-2-0-6.wav,52882,2,children_playing,6
/scratch/pdoshi/audio_comp/urbansound8k_audio/06711_children_playing.wav,6711,52882-2-0-7.wav,52882,2,children_playing,6
/scratch/pdoshi/audio_comp/urbansound8k_audio/06712_children_playing.wav,6712,52882-2-0-8.wav,52882,2,children_playing,6
/scratch/pdoshi/audio_comp/urbansound8k_audio/06713_children_playing.wav,6713,54067-2-0-23.wav,54067,2,children_playing,3
/scratch/pdoshi/audio_comp/urbansound8k_audio/06714_children_playing.wav,6714,54067-2-0-33.wav,54067,2,children_playing,3
/scratch/pdoshi/audio_comp/urbansound8k_audio/06715_children_playing.wav,6715,54067-2-0-48.wav,54067,2,children_playing,3
/scratch/pdoshi/audio_comp/urbansound8k_audio/06716_children_playing.wav,6716,54067-2-0-60.wav,54067,2,children_playing,3
/scratch/pdoshi/audio_comp/urbansound8k_audio/06717_children_playing.wav,6717,54067-2-0-70.wav,54067,2,children_playing,3
/scratch/pdoshi/audio_comp/urbansound8k_audio/06718_children_playing.wav,6718,54067-2-0-71.wav,54067,2,children_playing,3
/scratch/pdoshi/audio_comp/urbansound8k_audio/06719_children_playing.wav,6719,54067-2-0-80.wav,54067,2,children_playing,3
/scratch/pdoshi/audio_comp/urbansound8k_audio/06720_street_music.wav,6720,54081-9-0-24.wav,54081,9,street_music,4
/scratch/pdoshi/audio_comp/urbansound8k_audio/06721_street_music.wav,6721,54081-9-0-47.wav,54081,9,street_music,4
/scratch/pdoshi/audio_comp/urbansound8k_audio/06722_street_music.wav,6722,54081-9-0-56.wav,54081,9,street_music,4
/scratch/pdoshi/audio_comp/urbansound8k_audio/06723_street_music.wav,6723,54081-9-0-87.wav,54081,9,street_music,4
/scratch/pdoshi/audio_comp/urbansound8k_audio/06724_street_music.wav,6724,54081-9-0-93.wav,54081,9,street_music,4
/scratch/pdoshi/audio_comp/urbansound8k_audio/06725_car_horn.wav,6725,54086-1-0-0.wav,54086,1,car_horn,10
/scratch/pdoshi/audio_comp/urbansound8k_audio/06726_car_horn.wav,6726,54086-1-1-0.wav,54086,1,car_horn,10
/scratch/pdoshi/audio_comp/urbansound8k_audio/06727_car_horn.wav,6727,54086-1-2-0.wav,54086,1,car_horn,10
/scratch/pdoshi/audio_comp/urbansound8k_audio/06728_children_playing.wav,6728,54173-2-0-18.wav,54173,2,children_playing,4
/scratch/pdoshi/audio_comp/urbansound8k_audio/06729_children_playing.wav,6729,54173-2-0-2.wav,54173,2,children_playing,4
/scratch/pdoshi/audio_comp/urbansound8k_audio/06730_children_playing.wav,6730,54173-2-0-21.wav,54173,2,children_playing,4
/scratch/pdoshi/audio_comp/urbansound8k_audio/06731_children_playing.wav,6731,54173-2-0-26.wav,54173,2,children_playing,4
/scratch/pdoshi/audio_comp/urbansound8k_audio/06732_children_playing.wav,6732,54173-2-0-28.wav,54173,2,children_playing,4
/scratch/pdoshi/audio_comp/urbansound8k_audio/06733_children_playing.wav,6733,54173-2-0-4.wav,54173,2,children_playing,4
/scratch/pdoshi/audio_comp/urbansound8k_audio/06734_children_playing.wav,6734,54173-2-0-5.wav,54173,2,children_playing,4
/scratch/pdoshi/audio_comp/urbansound8k_audio/06735_children_playing.wav,6735,54173-2-0-9.wav,54173,2,children_playing,4
/scratch/pdoshi/audio_comp/urbansound8k_audio/06736_car_horn.wav,6736,54187-1-0-0.wav,54187,1,car_horn,9
/scratch/pdoshi/audio_comp/urbansound8k_audio/06737_car_horn.wav,6737,54187-1-0-1.wav,54187,1,car_horn,9
/scratch/pdoshi/audio_comp/urbansound8k_audio/06738_car_horn.wav,6738,54187-1-0-2.wav,54187,1,car_horn,9
/scratch/pdoshi/audio_comp/urbansound8k_audio/06739_car_horn.wav,6739,54187-1-0-3.wav,54187,1,car_horn,9
/scratch/pdoshi/audio_comp/urbansound8k_audio/06740_car_horn.wav,6740,54187-1-0-4.wav,54187,1,car_horn,9
/scratch/pdoshi/audio_comp/urbansound8k_audio/06741_air_conditioner.wav,6741,54383-0-0-0.wav,54383,0,air_conditioner,8
/scratch/pdoshi/audio_comp/urbansound8k_audio/06742_air_conditioner.wav,6742,54383-0-0-1.wav,54383,0,air_conditioner,8
/scratch/pdoshi/audio_comp/urbansound8k_audio/06743_air_conditioner.wav,6743,54383-0-0-10.wav,54383,0,air_conditioner,8
/scratch/pdoshi/audio_comp/urbansound8k_audio/06744_air_conditioner.wav,6744,54383-0-0-11.wav,54383,0,air_conditioner,8
/scratch/pdoshi/audio_comp/urbansound8k_audio/06745_air_conditioner.wav,6745,54383-0-0-2.wav,54383,0,air_conditioner,8
/scratch/pdoshi/audio_comp/urbansound8k_audio/06746_air_conditioner.wav,6746,54383-0-0-3.wav,54383,0,air_conditioner,8
/scratch/pdoshi/audio_comp/urbansound8k_audio/06747_air_conditioner.wav,6747,54383-0-0-4.wav,54383,0,air_conditioner,8
/scratch/pdoshi/audio_comp/urbansound8k_audio/06748_air_conditioner.wav,6748,54383-0-0-5.wav,54383,0,air_conditioner,8
/scratch/pdoshi/audio_comp/urbansound8k_audio/06749_air_conditioner.wav,6749,54383-0-0-6.wav,54383,0,air_conditioner,8
/scratch/pdoshi/audio_comp/urbansound8k_audio/06750_air_conditioner.wav,6750,54383-0-0-7.wav,54383,0,air_conditioner,8
/scratch/pdoshi/audio_comp/urbansound8k_audio/06751_air_conditioner.wav,6751,54383-0-0-8.wav,54383,0,air_conditioner,8
/scratch/pdoshi/audio_comp/urbansound8k_audio/06752_air_conditioner.wav,6752,54383-0-0-9.wav,54383,0,air_conditioner,8
/scratch/pdoshi/audio_comp/urbansound8k_audio/06753_dog_bark.wav,6753,54545-3-0-0.wav,54545,3,dog_bark,2
/scratch/pdoshi/audio_comp/urbansound8k_audio/06754_dog_bark.wav,6754,54545-3-0-1.wav,54545,3,dog_bark,2
/scratch/pdoshi/audio_comp/urbansound8k_audio/06755_dog_bark.wav,6755,54545-3-0-2.wav,54545,3,dog_bark,2
/scratch/pdoshi/audio_comp/urbansound8k_audio/06756_jackhammer.wav,6756,54697-7-0-0.wav,54697,7,jackhammer,6
/scratch/pdoshi/audio_comp/urbansound8k_audio/06757_jackhammer.wav,6757,54697-7-0-1.wav,54697,7,jackhammer,6
/scratch/pdoshi/audio_comp/urbansound8k_audio/06758_jackhammer.wav,6758,54697-7-0-2.wav,54697,7,jackhammer,6
/scratch/pdoshi/audio_comp/urbansound8k_audio/06759_jackhammer.wav,6759,54697-7-0-3.wav,54697,7,jackhammer,6
/scratch/pdoshi/audio_comp/urbansound8k_audio/06760_jackhammer.wav,6760,54697-7-0-4.wav,54697,7,jackhammer,6
/scratch/pdoshi/audio_comp/urbansound8k_audio/06761_dog_bark.wav,6761,54823-3-0-0.wav,54823,3,dog_bark,9
/scratch/pdoshi/audio_comp/urbansound8k_audio/06762_dog_bark.wav,6762,54823-3-1-0.wav,54823,3,dog_bark,9
/scratch/pdoshi/audio_comp/urbansound8k_audio/06763_dog_bark.wav,6763,54823-3-2-1.wav,54823,3,dog_bark,9
/scratch/pdoshi/audio_comp/urbansound8k_audio/06764_dog_bark.wav,6764,54858-3-0-0.wav,54858,3,dog_bark,1
/scratch/pdoshi/audio_comp/urbansound8k_audio/06765_dog_bark.wav,6765,54858-3-1-2.wav,54858,3,dog_bark,1
/scratch/pdoshi/audio_comp/urbansound8k_audio/06766_dog_bark.wav,6766,54858-3-2-0.wav,54858,3,dog_bark,1
/scratch/pdoshi/audio_comp/urbansound8k_audio/06767_siren.wav,6767,54898-8-0-0.wav,54898,8,siren,3
/scratch/pdoshi/audio_comp/urbansound8k_audio/06768_siren.wav,6768,54898-8-0-1.wav,54898,8,siren,3
/scratch/pdoshi/audio_comp/urbansound8k_audio/06769_siren.wav,6769,54898-8-0-10.wav,54898,8,siren,3
/scratch/pdoshi/audio_comp/urbansound8k_audio/06770_siren.wav,6770,54898-8-0-2.wav,54898,8,siren,3
/scratch/pdoshi/audio_comp/urbansound8k_audio/06771_siren.wav,6771,54898-8-0-3.wav,54898,8,siren,3
/scratch/pdoshi/audio_comp/urbansound8k_audio/06772_siren.wav,6772,54898-8-0-4.wav,54898,8,siren,3
/scratch/pdoshi/audio_comp/urbansound8k_audio/06773_siren.wav,6773,54898-8-0-5.wav,54898,8,siren,3
/scratch/pdoshi/audio_comp/urbansound8k_audio/06774_siren.wav,6774,54898-8-0-6.wav,54898,8,siren,3
/scratch/pdoshi/audio_comp/urbansound8k_audio/06775_siren.wav,6775,54898-8-0-7.wav,54898,8,siren,3
/scratch/pdoshi/audio_comp/urbansound8k_audio/06776_siren.wav,6776,54898-8-0-8.wav,54898,8,siren,3
/scratch/pdoshi/audio_comp/urbansound8k_audio/06777_siren.wav,6777,54898-8-0-9.wav,54898,8,siren,3
/scratch/pdoshi/audio_comp/urbansound8k_audio/06778_children_playing.wav,6778,54914-2-0-23.wav,54914,2,children_playing,8
/scratch/pdoshi/audio_comp/urbansound8k_audio/06779_children_playing.wav,6779,54914-2-0-26.wav,54914,2,children_playing,8
/scratch/pdoshi/audio_comp/urbansound8k_audio/06780_children_playing.wav,6780,54914-2-0-27.wav,54914,2,children_playing,8
/scratch/pdoshi/audio_comp/urbansound8k_audio/06781_children_playing.wav,6781,54914-2-0-3.wav,54914,2,children_playing,8
/scratch/pdoshi/audio_comp/urbansound8k_audio/06782_children_playing.wav,6782,54914-2-0-34.wav,54914,2,children_playing,8
/scratch/pdoshi/audio_comp/urbansound8k_audio/06783_children_playing.wav,6783,54914-2-0-35.wav,54914,2,children_playing,8
/scratch/pdoshi/audio_comp/urbansound8k_audio/06784_children_playing.wav,6784,54914-2-0-48.wav,54914,2,children_playing,8
/scratch/pdoshi/audio_comp/urbansound8k_audio/06785_drilling.wav,6785,54976-4-0-0.wav,54976,4,drilling,9
/scratch/pdoshi/audio_comp/urbansound8k_audio/06786_drilling.wav,6786,54976-4-0-1.wav,54976,4,drilling,9
/scratch/pdoshi/audio_comp/urbansound8k_audio/06787_drilling.wav,6787,54976-4-0-2.wav,54976,4,drilling,9
/scratch/pdoshi/audio_comp/urbansound8k_audio/06788_drilling.wav,6788,54976-4-0-3.wav,54976,4,drilling,9
/scratch/pdoshi/audio_comp/urbansound8k_audio/06789_drilling.wav,6789,54976-4-0-4.wav,54976,4,drilling,9
/scratch/pdoshi/audio_comp/urbansound8k_audio/06790_drilling.wav,6790,54976-4-0-5.wav,54976,4,drilling,9
/scratch/pdoshi/audio_comp/urbansound8k_audio/06791_drilling.wav,6791,54976-4-0-6.wav,54976,4,drilling,9
/scratch/pdoshi/audio_comp/urbansound8k_audio/06792_drilling.wav,6792,54976-4-0-7.wav,54976,4,drilling,9
/scratch/pdoshi/audio_comp/urbansound8k_audio/06793_drilling.wav,6793,54976-4-0-8.wav,54976,4,drilling,9
/scratch/pdoshi/audio_comp/urbansound8k_audio/06794_drilling.wav,6794,54976-4-0-9.wav,54976,4,drilling,9
/scratch/pdoshi/audio_comp/urbansound8k_audio/06795_drilling.wav,6795,54976-4-1-0.wav,54976,4,drilling,9
/scratch/pdoshi/audio_comp/urbansound8k_audio/06796_drilling.wav,6796,54976-4-1-1.wav,54976,4,drilling,9
/scratch/pdoshi/audio_comp/urbansound8k_audio/06797_drilling.wav,6797,54976-4-1-2.wav,54976,4,drilling,9
/scratch/pdoshi/audio_comp/urbansound8k_audio/06798_drilling.wav,6798,54976-4-1-3.wav,54976,4,drilling,9
/scratch/pdoshi/audio_comp/urbansound8k_audio/06799_dog_bark.wav,6799,55013-3-0-1.wav,55013,3,dog_bark,8
/scratch/pdoshi/audio_comp/urbansound8k_audio/06800_dog_bark.wav,6800,55013-3-0-3.wav,55013,3,dog_bark,8
/scratch/pdoshi/audio_comp/urbansound8k_audio/06801_dog_bark.wav,6801,55013-3-0-4.wav,55013,3,dog_bark,8
/scratch/pdoshi/audio_comp/urbansound8k_audio/06802_dog_bark.wav,6802,55013-3-0-7.wav,55013,3,dog_bark,8
/scratch/pdoshi/audio_comp/urbansound8k_audio/06803_air_conditioner.wav,6803,55018-0-0-102.wav,55018,0,air_conditioner,4
/scratch/pdoshi/audio_comp/urbansound8k_audio/06804_air_conditioner.wav,6804,55018-0-0-106.wav,55018,0,air_conditioner,4
/scratch/pdoshi/audio_comp/urbansound8k_audio/06805_air_conditioner.wav,6805,55018-0-0-110.wav,55018,0,air_conditioner,4
/scratch/pdoshi/audio_comp/urbansound8k_audio/06806_air_conditioner.wav,6806,55018-0-0-116.wav,55018,0,air_conditioner,4
/scratch/pdoshi/audio_comp/urbansound8k_audio/06807_air_conditioner.wav,6807,55018-0-0-121.wav,55018,0,air_conditioner,4
/scratch/pdoshi/audio_comp/urbansound8k_audio/06808_air_conditioner.wav,6808,55018-0-0-145.wav,55018,0,air_conditioner,4
/scratch/pdoshi/audio_comp/urbansound8k_audio/06809_air_conditioner.wav,6809,55018-0-0-146.wav,55018,0,air_conditioner,4
/scratch/pdoshi/audio_comp/urbansound8k_audio/06810_air_conditioner.wav,6810,55018-0-0-148.wav,55018,0,air_conditioner,4
/scratch/pdoshi/audio_comp/urbansound8k_audio/06811_air_conditioner.wav,6811,55018-0-0-162.wav,55018,0,air_conditioner,4
/scratch/pdoshi/audio_comp/urbansound8k_audio/06812_air_conditioner.wav,6812,55018-0-0-194.wav,55018,0,air_conditioner,4
/scratch/pdoshi/audio_comp/urbansound8k_audio/06813_air_conditioner.wav,6813,55018-0-0-2.wav,55018,0,air_conditioner,4
/scratch/pdoshi/audio_comp/urbansound8k_audio/06814_air_conditioner.wav,6814,55018-0-0-209.wav,55018,0,air_conditioner,4
/scratch/pdoshi/audio_comp/urbansound8k_audio/06815_air_conditioner.wav,6815,55018-0-0-246.wav,55018,0,air_conditioner,4
/scratch/pdoshi/audio_comp/urbansound8k_audio/06816_air_conditioner.wav,6816,55018-0-0-248.wav,55018,0,air_conditioner,4
/scratch/pdoshi/audio_comp/urbansound8k_audio/06817_air_conditioner.wav,6817,55018-0-0-26.wav,55018,0,air_conditioner,4
/scratch/pdoshi/audio_comp/urbansound8k_audio/06818_air_conditioner.wav,6818,55018-0-0-37.wav,55018,0,air_conditioner,4
/scratch/pdoshi/audio_comp/urbansound8k_audio/06819_air_conditioner.wav,6819,55018-0-0-44.wav,55018,0,air_conditioner,4
/scratch/pdoshi/audio_comp/urbansound8k_audio/06820_air_conditioner.wav,6820,55018-0-0-49.wav,55018,0,air_conditioner,4
/scratch/pdoshi/audio_comp/urbansound8k_audio/06821_air_conditioner.wav,6821,55018-0-0-8.wav,55018,0,air_conditioner,4
/scratch/pdoshi/audio_comp/urbansound8k_audio/06822_air_conditioner.wav,6822,55018-0-0-84.wav,55018,0,air_conditioner,4
/scratch/pdoshi/audio_comp/urbansound8k_audio/06823_air_conditioner.wav,6823,55018-0-0-87.wav,55018,0,air_conditioner,4
/scratch/pdoshi/audio_comp/urbansound8k_audio/06824_air_conditioner.wav,6824,55018-0-0-92.wav,55018,0,air_conditioner,4
/scratch/pdoshi/audio_comp/urbansound8k_audio/06825_air_conditioner.wav,6825,55018-0-0-93.wav,55018,0,air_conditioner,4
/scratch/pdoshi/audio_comp/urbansound8k_audio/06826_drilling.wav,6826,55020-4-0-0.wav,55020,4,drilling,1
/scratch/pdoshi/audio_comp/urbansound8k_audio/06827_drilling.wav,6827,55020-4-0-1.wav,55020,4,drilling,1
/scratch/pdoshi/audio_comp/urbansound8k_audio/06828_drilling.wav,6828,55020-4-0-10.wav,55020,4,drilling,1
/scratch/pdoshi/audio_comp/urbansound8k_audio/06829_drilling.wav,6829,55020-4-0-11.wav,55020,4,drilling,1
/scratch/pdoshi/audio_comp/urbansound8k_audio/06830_drilling.wav,6830,55020-4-0-12.wav,55020,4,drilling,1
/scratch/pdoshi/audio_comp/urbansound8k_audio/06831_drilling.wav,6831,55020-4-0-13.wav,55020,4,drilling,1
/scratch/pdoshi/audio_comp/urbansound8k_audio/06832_drilling.wav,6832,55020-4-0-14.wav,55020,4,drilling,1
/scratch/pdoshi/audio_comp/urbansound8k_audio/06833_drilling.wav,6833,55020-4-0-2.wav,55020,4,drilling,1
/scratch/pdoshi/audio_comp/urbansound8k_audio/06834_drilling.wav,6834,55020-4-0-3.wav,55020,4,drilling,1
/scratch/pdoshi/audio_comp/urbansound8k_audio/06835_drilling.wav,6835,55020-4-0-4.wav,55020,4,drilling,1
/scratch/pdoshi/audio_comp/urbansound8k_audio/06836_drilling.wav,6836,55020-4-0-5.wav,55020,4,drilling,1
/scratch/pdoshi/audio_comp/urbansound8k_audio/06837_drilling.wav,6837,55020-4-0-6.wav,55020,4,drilling,1
/scratch/pdoshi/audio_comp/urbansound8k_audio/06838_drilling.wav,6838,55020-4-0-7.wav,55020,4,drilling,1
/scratch/pdoshi/audio_comp/urbansound8k_audio/06839_drilling.wav,6839,55020-4-0-8.wav,55020,4,drilling,1
/scratch/pdoshi/audio_comp/urbansound8k_audio/06840_drilling.wav,6840,55020-4-0-9.wav,55020,4,drilling,1
/scratch/pdoshi/audio_comp/urbansound8k_audio/06841_street_music.wav,6841,55728-9-0-14.wav,55728,9,street_music,4
/scratch/pdoshi/audio_comp/urbansound8k_audio/06842_street_music.wav,6842,55728-9-0-28.wav,55728,9,street_music,4
/scratch/pdoshi/audio_comp/urbansound8k_audio/06843_street_music.wav,6843,55728-9-0-30.wav,55728,9,street_music,4
/scratch/pdoshi/audio_comp/urbansound8k_audio/06844_street_music.wav,6844,55728-9-0-34.wav,55728,9,street_music,4
/scratch/pdoshi/audio_comp/urbansound8k_audio/06845_street_music.wav,6845,55728-9-0-67.wav,55728,9,street_music,4
/scratch/pdoshi/audio_comp/urbansound8k_audio/06846_street_music.wav,6846,55728-9-0-8.wav,55728,9,street_music,4
/scratch/pdoshi/audio_comp/urbansound8k_audio/06847_air_conditioner.wav,6847,56385-0-0-0.wav,56385,0,air_conditioner,2
/scratch/pdoshi/audio_comp/urbansound8k_audio/06848_air_conditioner.wav,6848,56385-0-0-1.wav,56385,0,air_conditioner,2
/scratch/pdoshi/audio_comp/urbansound8k_audio/06849_air_conditioner.wav,6849,56385-0-0-2.wav,56385,0,air_conditioner,2
/scratch/pdoshi/audio_comp/urbansound8k_audio/06850_dog_bark.wav,6850,57105-3-0-1.wav,57105,3,dog_bark,9
/scratch/pdoshi/audio_comp/urbansound8k_audio/06851_dog_bark.wav,6851,57105-3-1-0.wav,57105,3,dog_bark,9
/scratch/pdoshi/audio_comp/urbansound8k_audio/06852_dog_bark.wav,6852,57105-3-4-2.wav,57105,3,dog_bark,9
/scratch/pdoshi/audio_comp/urbansound8k_audio/06853_dog_bark.wav,6853,57105-3-4-4.wav,57105,3,dog_bark,9
/scratch/pdoshi/audio_comp/urbansound8k_audio/06854_air_conditioner.wav,6854,57320-0-0-0.wav,57320,0,air_conditioner,1
/scratch/pdoshi/audio_comp/urbansound8k_audio/06855_air_conditioner.wav,6855,57320-0-0-10.wav,57320,0,air_conditioner,1
/scratch/pdoshi/audio_comp/urbansound8k_audio/06856_air_conditioner.wav,6856,57320-0-0-11.wav,57320,0,air_conditioner,1
/scratch/pdoshi/audio_comp/urbansound8k_audio/06857_air_conditioner.wav,6857,57320-0-0-13.wav,57320,0,air_conditioner,1
/scratch/pdoshi/audio_comp/urbansound8k_audio/06858_air_conditioner.wav,6858,57320-0-0-15.wav,57320,0,air_conditioner,1
/scratch/pdoshi/audio_comp/urbansound8k_audio/06859_air_conditioner.wav,6859,57320-0-0-21.wav,57320,0,air_conditioner,1
/scratch/pdoshi/audio_comp/urbansound8k_audio/06860_air_conditioner.wav,6860,57320-0-0-22.wav,57320,0,air_conditioner,1
/scratch/pdoshi/audio_comp/urbansound8k_audio/06861_air_conditioner.wav,6861,57320-0-0-24.wav,57320,0,air_conditioner,1
/scratch/pdoshi/audio_comp/urbansound8k_audio/06862_air_conditioner.wav,6862,57320-0-0-27.wav,57320,0,air_conditioner,1
/scratch/pdoshi/audio_comp/urbansound8k_audio/06863_air_conditioner.wav,6863,57320-0-0-31.wav,57320,0,air_conditioner,1
/scratch/pdoshi/audio_comp/urbansound8k_audio/06864_air_conditioner.wav,6864,57320-0-0-32.wav,57320,0,air_conditioner,1
/scratch/pdoshi/audio_comp/urbansound8k_audio/06865_air_conditioner.wav,6865,57320-0-0-33.wav,57320,0,air_conditioner,1
/scratch/pdoshi/audio_comp/urbansound8k_audio/06866_air_conditioner.wav,6866,57320-0-0-34.wav,57320,0,air_conditioner,1
/scratch/pdoshi/audio_comp/urbansound8k_audio/06867_air_conditioner.wav,6867,57320-0-0-36.wav,57320,0,air_conditioner,1
/scratch/pdoshi/audio_comp/urbansound8k_audio/06868_air_conditioner.wav,6868,57320-0-0-37.wav,57320,0,air_conditioner,1
/scratch/pdoshi/audio_comp/urbansound8k_audio/06869_air_conditioner.wav,6869,57320-0-0-38.wav,57320,0,air_conditioner,1
/scratch/pdoshi/audio_comp/urbansound8k_audio/06870_air_conditioner.wav,6870,57320-0-0-39.wav,57320,0,air_conditioner,1
/scratch/pdoshi/audio_comp/urbansound8k_audio/06871_air_conditioner.wav,6871,57320-0-0-4.wav,57320,0,air_conditioner,1
/scratch/pdoshi/audio_comp/urbansound8k_audio/06872_air_conditioner.wav,6872,57320-0-0-42.wav,57320,0,air_conditioner,1
/scratch/pdoshi/audio_comp/urbansound8k_audio/06873_air_conditioner.wav,6873,57320-0-0-45.wav,57320,0,air_conditioner,1
/scratch/pdoshi/audio_comp/urbansound8k_audio/06874_air_conditioner.wav,6874,57320-0-0-5.wav,57320,0,air_conditioner,1
/scratch/pdoshi/audio_comp/urbansound8k_audio/06875_air_conditioner.wav,6875,57320-0-0-6.wav,57320,0,air_conditioner,1
/scratch/pdoshi/audio_comp/urbansound8k_audio/06876_air_conditioner.wav,6876,57320-0-0-7.wav,57320,0,air_conditioner,1
/scratch/pdoshi/audio_comp/urbansound8k_audio/06877_air_conditioner.wav,6877,57320-0-0-9.wav,57320,0,air_conditioner,1
/scratch/pdoshi/audio_comp/urbansound8k_audio/06878_siren.wav,6878,57323-8-0-0.wav,57323,8,siren,7
/scratch/pdoshi/audio_comp/urbansound8k_audio/06879_siren.wav,6879,57323-8-0-1.wav,57323,8,siren,7
/scratch/pdoshi/audio_comp/urbansound8k_audio/06880_siren.wav,6880,57323-8-0-10.wav,57323,8,siren,7
/scratch/pdoshi/audio_comp/urbansound8k_audio/06881_siren.wav,6881,57323-8-0-11.wav,57323,8,siren,7
/scratch/pdoshi/audio_comp/urbansound8k_audio/06882_siren.wav,6882,57323-8-0-2.wav,57323,8,siren,7
/scratch/pdoshi/audio_comp/urbansound8k_audio/06883_siren.wav,6883,57323-8-0-3.wav,57323,8,siren,7
/scratch/pdoshi/audio_comp/urbansound8k_audio/06884_siren.wav,6884,57323-8-0-4.wav,57323,8,siren,7
/scratch/pdoshi/audio_comp/urbansound8k_audio/06885_siren.wav,6885,57323-8-0-5.wav,57323,8,siren,7
/scratch/pdoshi/audio_comp/urbansound8k_audio/06886_siren.wav,6886,57323-8-0-6.wav,57323,8,siren,7
/scratch/pdoshi/audio_comp/urbansound8k_audio/06887_siren.wav,6887,57323-8-0-7.wav,57323,8,siren,7
/scratch/pdoshi/audio_comp/urbansound8k_audio/06888_siren.wav,6888,57323-8-0-8.wav,57323,8,siren,7
/scratch/pdoshi/audio_comp/urbansound8k_audio/06889_siren.wav,6889,57323-8-0-9.wav,57323,8,siren,7
/scratch/pdoshi/audio_comp/urbansound8k_audio/06890_siren.wav,6890,57323-8-2-0.wav,57323,8,siren,7
/scratch/pdoshi/audio_comp/urbansound8k_audio/06891_dog_bark.wav,6891,57553-3-0-0.wav,57553,3,dog_bark,1
/scratch/pdoshi/audio_comp/urbansound8k_audio/06892_dog_bark.wav,6892,57553-3-1-0.wav,57553,3,dog_bark,1
/scratch/pdoshi/audio_comp/urbansound8k_audio/06893_dog_bark.wav,6893,57553-3-2-0.wav,57553,3,dog_bark,1
/scratch/pdoshi/audio_comp/urbansound8k_audio/06894_drilling.wav,6894,57584-4-0-0.wav,57584,4,drilling,1
/scratch/pdoshi/audio_comp/urbansound8k_audio/06895_drilling.wav,6895,57584-4-0-1.wav,57584,4,drilling,1
/scratch/pdoshi/audio_comp/urbansound8k_audio/06896_drilling.wav,6896,57584-4-0-2.wav,57584,4,drilling,1
/scratch/pdoshi/audio_comp/urbansound8k_audio/06897_drilling.wav,6897,57584-4-0-3.wav,57584,4,drilling,1
/scratch/pdoshi/audio_comp/urbansound8k_audio/06898_drilling.wav,6898,57584-4-0-4.wav,57584,4,drilling,1
/scratch/pdoshi/audio_comp/urbansound8k_audio/06899_drilling.wav,6899,57584-4-0-5.wav,57584,4,drilling,1
/scratch/pdoshi/audio_comp/urbansound8k_audio/06900_drilling.wav,6900,57584-4-0-6.wav,57584,4,drilling,1
/scratch/pdoshi/audio_comp/urbansound8k_audio/06901_drilling.wav,6901,57584-4-0-7.wav,57584,4,drilling,1
/scratch/pdoshi/audio_comp/urbansound8k_audio/06902_drilling.wav,6902,57584-4-0-8.wav,57584,4,drilling,1
/scratch/pdoshi/audio_comp/urbansound8k_audio/06903_dog_bark.wav,6903,57596-3-0-0.wav,57596,3,dog_bark,7
/scratch/pdoshi/audio_comp/urbansound8k_audio/06904_dog_bark.wav,6904,57596-3-1-0.wav,57596,3,dog_bark,7
/scratch/pdoshi/audio_comp/urbansound8k_audio/06905_car_horn.wav,6905,57607-1-0-0.wav,57607,1,car_horn,6
/scratch/pdoshi/audio_comp/urbansound8k_audio/06906_drilling.wav,6906,57696-4-0-0.wav,57696,4,drilling,7
/scratch/pdoshi/audio_comp/urbansound8k_audio/06907_drilling.wav,6907,57696-4-0-1.wav,57696,4,drilling,7
/scratch/pdoshi/audio_comp/urbansound8k_audio/06908_drilling.wav,6908,57696-4-0-2.wav,57696,4,drilling,7
/scratch/pdoshi/audio_comp/urbansound8k_audio/06909_drilling.wav,6909,57696-4-0-3.wav,57696,4,drilling,7
/scratch/pdoshi/audio_comp/urbansound8k_audio/06910_drilling.wav,6910,57696-4-0-4.wav,57696,4,drilling,7
/scratch/pdoshi/audio_comp/urbansound8k_audio/06911_drilling.wav,6911,57696-4-0-5.wav,57696,4,drilling,7
/scratch/pdoshi/audio_comp/urbansound8k_audio/06912_drilling.wav,6912,58005-4-0-13.wav,58005,4,drilling,6
/scratch/pdoshi/audio_comp/urbansound8k_audio/06913_drilling.wav,6913,58005-4-0-17.wav,58005,4,drilling,6
/scratch/pdoshi/audio_comp/urbansound8k_audio/06914_drilling.wav,6914,58005-4-0-23.wav,58005,4,drilling,6
/scratch/pdoshi/audio_comp/urbansound8k_audio/06915_drilling.wav,6915,58005-4-0-24.wav,58005,4,drilling,6
/scratch/pdoshi/audio_comp/urbansound8k_audio/06916_drilling.wav,6916,58005-4-0-26.wav,58005,4,drilling,6
/scratch/pdoshi/audio_comp/urbansound8k_audio/06917_drilling.wav,6917,58005-4-0-30.wav,58005,4,drilling,6
/scratch/pdoshi/audio_comp/urbansound8k_audio/06918_drilling.wav,6918,58005-4-0-32.wav,58005,4,drilling,6
/scratch/pdoshi/audio_comp/urbansound8k_audio/06919_drilling.wav,6919,58005-4-0-34.wav,58005,4,drilling,6
/scratch/pdoshi/audio_comp/urbansound8k_audio/06920_drilling.wav,6920,58005-4-0-40.wav,58005,4,drilling,6
/scratch/pdoshi/audio_comp/urbansound8k_audio/06921_drilling.wav,6921,58005-4-0-41.wav,58005,4,drilling,6
/scratch/pdoshi/audio_comp/urbansound8k_audio/06922_drilling.wav,6922,58005-4-0-44.wav,58005,4,drilling,6
/scratch/pdoshi/audio_comp/urbansound8k_audio/06923_drilling.wav,6923,58005-4-0-45.wav,58005,4,drilling,6
/scratch/pdoshi/audio_comp/urbansound8k_audio/06924_drilling.wav,6924,58005-4-0-51.wav,58005,4,drilling,6
/scratch/pdoshi/audio_comp/urbansound8k_audio/06925_drilling.wav,6925,58005-4-0-55.wav,58005,4,drilling,6
/scratch/pdoshi/audio_comp/urbansound8k_audio/06926_drilling.wav,6926,58005-4-0-63.wav,58005,4,drilling,6
/scratch/pdoshi/audio_comp/urbansound8k_audio/06927_drilling.wav,6927,58005-4-0-68.wav,58005,4,drilling,6
/scratch/pdoshi/audio_comp/urbansound8k_audio/06928_drilling.wav,6928,58005-4-0-70.wav,58005,4,drilling,6
/scratch/pdoshi/audio_comp/urbansound8k_audio/06929_drilling.wav,6929,58005-4-0-76.wav,58005,4,drilling,6
/scratch/pdoshi/audio_comp/urbansound8k_audio/06930_car_horn.wav,6930,58202-1-0-0.wav,58202,1,car_horn,2
/scratch/pdoshi/audio_comp/urbansound8k_audio/06931_dog_bark.wav,6931,58382-3-0-0.wav,58382,3,dog_bark,5
/scratch/pdoshi/audio_comp/urbansound8k_audio/06932_air_conditioner.wav,6932,58806-0-0-0.wav,58806,0,air_conditioner,3
/scratch/pdoshi/audio_comp/urbansound8k_audio/06933_children_playing.wav,6933,58857-2-0-10.wav,58857,2,children_playing,3
/scratch/pdoshi/audio_comp/urbansound8k_audio/06934_children_playing.wav,6934,58857-2-0-12.wav,58857,2,children_playing,3
/scratch/pdoshi/audio_comp/urbansound8k_audio/06935_children_playing.wav,6935,58857-2-0-13.wav,58857,2,children_playing,3
/scratch/pdoshi/audio_comp/urbansound8k_audio/06936_children_playing.wav,6936,58857-2-0-14.wav,58857,2,children_playing,3
/scratch/pdoshi/audio_comp/urbansound8k_audio/06937_children_playing.wav,6937,58857-2-0-16.wav,58857,2,children_playing,3
/scratch/pdoshi/audio_comp/urbansound8k_audio/06938_children_playing.wav,6938,58857-2-0-25.wav,58857,2,children_playing,3
/scratch/pdoshi/audio_comp/urbansound8k_audio/06939_children_playing.wav,6939,58857-2-0-7.wav,58857,2,children_playing,3
/scratch/pdoshi/audio_comp/urbansound8k_audio/06940_children_playing.wav,6940,58857-2-0-8.wav,58857,2,children_playing,3
/scratch/pdoshi/audio_comp/urbansound8k_audio/06941_drilling.wav,6941,58937-4-0-0.wav,58937,4,drilling,9
/scratch/pdoshi/audio_comp/urbansound8k_audio/06942_drilling.wav,6942,58937-4-0-12.wav,58937,4,drilling,9
/scratch/pdoshi/audio_comp/urbansound8k_audio/06943_drilling.wav,6943,58937-4-0-13.wav,58937,4,drilling,9
/scratch/pdoshi/audio_comp/urbansound8k_audio/06944_drilling.wav,6944,58937-4-0-2.wav,58937,4,drilling,9
/scratch/pdoshi/audio_comp/urbansound8k_audio/06945_drilling.wav,6945,58937-4-0-4.wav,58937,4,drilling,9
/scratch/pdoshi/audio_comp/urbansound8k_audio/06946_drilling.wav,6946,58937-4-0-7.wav,58937,4,drilling,9
/scratch/pdoshi/audio_comp/urbansound8k_audio/06947_drilling.wav,6947,58937-4-1-0.wav,58937,4,drilling,9
/scratch/pdoshi/audio_comp/urbansound8k_audio/06948_drilling.wav,6948,58937-4-1-1.wav,58937,4,drilling,9
/scratch/pdoshi/audio_comp/urbansound8k_audio/06949_drilling.wav,6949,58937-4-2-10.wav,58937,4,drilling,9
/scratch/pdoshi/audio_comp/urbansound8k_audio/06950_drilling.wav,6950,58937-4-2-2.wav,58937,4,drilling,9
/scratch/pdoshi/audio_comp/urbansound8k_audio/06951_drilling.wav,6951,58937-4-2-9.wav,58937,4,drilling,9
/scratch/pdoshi/audio_comp/urbansound8k_audio/06952_drilling.wav,6952,58937-4-3-6.wav,58937,4,drilling,9
/scratch/pdoshi/audio_comp/urbansound8k_audio/06953_drilling.wav,6953,58937-4-3-9.wav,58937,4,drilling,9
/scratch/pdoshi/audio_comp/urbansound8k_audio/06954_drilling.wav,6954,58937-4-4-1.wav,58937,4,drilling,9
/scratch/pdoshi/audio_comp/urbansound8k_audio/06955_drilling.wav,6955,58937-4-5-2.wav,58937,4,drilling,9
/scratch/pdoshi/audio_comp/urbansound8k_audio/06956_drilling.wav,6956,58937-4-5-4.wav,58937,4,drilling,9
/scratch/pdoshi/audio_comp/urbansound8k_audio/06957_children_playing.wav,6957,59037-2-0-6.wav,59037,2,children_playing,9
/scratch/pdoshi/audio_comp/urbansound8k_audio/06958_children_playing.wav,6958,59037-2-1-2.wav,59037,2,children_playing,9
/scratch/pdoshi/audio_comp/urbansound8k_audio/06959_children_playing.wav,6959,59037-2-1-3.wav,59037,2,children_playing,9
/scratch/pdoshi/audio_comp/urbansound8k_audio/06960_children_playing.wav,6960,59037-2-2-0.wav,59037,2,children_playing,9
/scratch/pdoshi/audio_comp/urbansound8k_audio/06961_children_playing.wav,6961,59037-2-3-0.wav,59037,2,children_playing,9
/scratch/pdoshi/audio_comp/urbansound8k_audio/06962_children_playing.wav,6962,59037-2-4-3.wav,59037,2,children_playing,9
/scratch/pdoshi/audio_comp/urbansound8k_audio/06963_children_playing.wav,6963,59037-2-4-5.wav,59037,2,children_playing,9
/scratch/pdoshi/audio_comp/urbansound8k_audio/06964_children_playing.wav,6964,59037-2-4-8.wav,59037,2,children_playing,9
/scratch/pdoshi/audio_comp/urbansound8k_audio/06965_air_conditioner.wav,6965,59277-0-0-0.wav,59277,0,air_conditioner,1
/scratch/pdoshi/audio_comp/urbansound8k_audio/06966_air_conditioner.wav,6966,59277-0-0-1.wav,59277,0,air_conditioner,1
/scratch/pdoshi/audio_comp/urbansound8k_audio/06967_air_conditioner.wav,6967,59277-0-0-2.wav,59277,0,air_conditioner,1
/scratch/pdoshi/audio_comp/urbansound8k_audio/06968_air_conditioner.wav,6968,59277-0-0-3.wav,59277,0,air_conditioner,1
/scratch/pdoshi/audio_comp/urbansound8k_audio/06969_air_conditioner.wav,6969,59277-0-0-4.wav,59277,0,air_conditioner,1
/scratch/pdoshi/audio_comp/urbansound8k_audio/06970_air_conditioner.wav,6970,59277-0-0-5.wav,59277,0,air_conditioner,1
/scratch/pdoshi/audio_comp/urbansound8k_audio/06971_air_conditioner.wav,6971,59277-0-0-6.wav,59277,0,air_conditioner,1
/scratch/pdoshi/audio_comp/urbansound8k_audio/06972_air_conditioner.wav,6972,59277-0-0-7.wav,59277,0,air_conditioner,1
/scratch/pdoshi/audio_comp/urbansound8k_audio/06973_dog_bark.wav,6973,59513-3-0-0.wav,59513,3,dog_bark,10
/scratch/pdoshi/audio_comp/urbansound8k_audio/06974_dog_bark.wav,6974,59513-3-0-1.wav,59513,3,dog_bark,10
/scratch/pdoshi/audio_comp/urbansound8k_audio/06975_dog_bark.wav,6975,59513-3-0-3.wav,59513,3,dog_bark,10
/scratch/pdoshi/audio_comp/urbansound8k_audio/06976_dog_bark.wav,6976,59513-3-0-4.wav,59513,3,dog_bark,10
/scratch/pdoshi/audio_comp/urbansound8k_audio/06977_drilling.wav,6977,59594-4-0-0.wav,59594,4,drilling,2
/scratch/pdoshi/audio_comp/urbansound8k_audio/06978_drilling.wav,6978,59594-4-0-1.wav,59594,4,drilling,2
/scratch/pdoshi/audio_comp/urbansound8k_audio/06979_drilling.wav,6979,59594-4-0-2.wav,59594,4,drilling,2
/scratch/pdoshi/audio_comp/urbansound8k_audio/06980_drilling.wav,6980,59594-4-0-3.wav,59594,4,drilling,2
/scratch/pdoshi/audio_comp/urbansound8k_audio/06981_drilling.wav,6981,59594-4-0-4.wav,59594,4,drilling,2
/scratch/pdoshi/audio_comp/urbansound8k_audio/06982_drilling.wav,6982,59595-4-0-0.wav,59595,4,drilling,8
/scratch/pdoshi/audio_comp/urbansound8k_audio/06983_drilling.wav,6983,59595-4-0-1.wav,59595,4,drilling,8
/scratch/pdoshi/audio_comp/urbansound8k_audio/06984_dog_bark.wav,6984,59800-3-0-0.wav,59800,3,dog_bark,9
/scratch/pdoshi/audio_comp/urbansound8k_audio/06985_dog_bark.wav,6985,59800-3-1-0.wav,59800,3,dog_bark,9
/scratch/pdoshi/audio_comp/urbansound8k_audio/06986_dog_bark.wav,6986,59800-3-2-0.wav,59800,3,dog_bark,9
/scratch/pdoshi/audio_comp/urbansound8k_audio/06987_dog_bark.wav,6987,59800-3-3-1.wav,59800,3,dog_bark,9
/scratch/pdoshi/audio_comp/urbansound8k_audio/06988_children_playing.wav,6988,60591-2-0-11.wav,60591,2,children_playing,2
/scratch/pdoshi/audio_comp/urbansound8k_audio/06989_children_playing.wav,6989,60591-2-0-12.wav,60591,2,children_playing,2
/scratch/pdoshi/audio_comp/urbansound8k_audio/06990_children_playing.wav,6990,60591-2-0-15.wav,60591,2,children_playing,2
/scratch/pdoshi/audio_comp/urbansound8k_audio/06991_children_playing.wav,6991,60591-2-0-16.wav,60591,2,children_playing,2
/scratch/pdoshi/audio_comp/urbansound8k_audio/06992_children_playing.wav,6992,60591-2-0-2.wav,60591,2,children_playing,2
/scratch/pdoshi/audio_comp/urbansound8k_audio/06993_children_playing.wav,6993,60591-2-0-4.wav,60591,2,children_playing,2
/scratch/pdoshi/audio_comp/urbansound8k_audio/06994_children_playing.wav,6994,60591-2-0-7.wav,60591,2,children_playing,2
/scratch/pdoshi/audio_comp/urbansound8k_audio/06995_children_playing.wav,6995,60591-2-0-8.wav,60591,2,children_playing,2
/scratch/pdoshi/audio_comp/urbansound8k_audio/06996_street_music.wav,6996,60605-9-0-34.wav,60605,9,street_music,2
/scratch/pdoshi/audio_comp/urbansound8k_audio/06997_street_music.wav,6997,60605-9-0-52.wav,60605,9,street_music,2
/scratch/pdoshi/audio_comp/urbansound8k_audio/06998_street_music.wav,6998,60605-9-0-64.wav,60605,9,street_music,2
/scratch/pdoshi/audio_comp/urbansound8k_audio/06999_street_music.wav,6999,60605-9-0-73.wav,60605,9,street_music,2
/scratch/pdoshi/audio_comp/urbansound8k_audio/07000_street_music.wav,7000,60605-9-0-90.wav,60605,9,street_music,2
/scratch/pdoshi/audio_comp/urbansound8k_audio/07001_street_music.wav,7001,60605-9-0-95.wav,60605,9,street_music,2
/scratch/pdoshi/audio_comp/urbansound8k_audio/07002_street_music.wav,7002,60608-9-0-0.wav,60608,9,street_music,4
/scratch/pdoshi/audio_comp/urbansound8k_audio/07003_street_music.wav,7003,60608-9-0-1.wav,60608,9,street_music,4
/scratch/pdoshi/audio_comp/urbansound8k_audio/07004_street_music.wav,7004,60608-9-0-2.wav,60608,9,street_music,4
/scratch/pdoshi/audio_comp/urbansound8k_audio/07005_street_music.wav,7005,60608-9-0-3.wav,60608,9,street_music,4
/scratch/pdoshi/audio_comp/urbansound8k_audio/07006_street_music.wav,7006,60608-9-0-4.wav,60608,9,street_music,4
/scratch/pdoshi/audio_comp/urbansound8k_audio/07007_street_music.wav,7007,60608-9-0-5.wav,60608,9,street_music,4
/scratch/pdoshi/audio_comp/urbansound8k_audio/07008_air_conditioner.wav,7008,60846-0-0-0.wav,60846,0,air_conditioner,5
/scratch/pdoshi/audio_comp/urbansound8k_audio/07009_air_conditioner.wav,7009,60846-0-0-1.wav,60846,0,air_conditioner,5
/scratch/pdoshi/audio_comp/urbansound8k_audio/07010_air_conditioner.wav,7010,60846-0-0-2.wav,60846,0,air_conditioner,5
/scratch/pdoshi/audio_comp/urbansound8k_audio/07011_air_conditioner.wav,7011,60846-0-0-3.wav,60846,0,air_conditioner,5
/scratch/pdoshi/audio_comp/urbansound8k_audio/07012_children_playing.wav,7012,60935-2-0-0.wav,60935,2,children_playing,9
/scratch/pdoshi/audio_comp/urbansound8k_audio/07013_children_playing.wav,7013,60935-2-0-11.wav,60935,2,children_playing,9
/scratch/pdoshi/audio_comp/urbansound8k_audio/07014_children_playing.wav,7014,60935-2-0-12.wav,60935,2,children_playing,9
/scratch/pdoshi/audio_comp/urbansound8k_audio/07015_children_playing.wav,7015,60935-2-0-13.wav,60935,2,children_playing,9
/scratch/pdoshi/audio_comp/urbansound8k_audio/07016_children_playing.wav,7016,60935-2-0-14.wav,60935,2,children_playing,9
/scratch/pdoshi/audio_comp/urbansound8k_audio/07017_children_playing.wav,7017,60935-2-0-15.wav,60935,2,children_playing,9
/scratch/pdoshi/audio_comp/urbansound8k_audio/07018_children_playing.wav,7018,60935-2-0-4.wav,60935,2,children_playing,9
/scratch/pdoshi/audio_comp/urbansound8k_audio/07019_children_playing.wav,7019,60935-2-0-9.wav,60935,2,children_playing,9
/scratch/pdoshi/audio_comp/urbansound8k_audio/07020_dog_bark.wav,7020,61077-3-0-0.wav,61077,3,dog_bark,8
/scratch/pdoshi/audio_comp/urbansound8k_audio/07021_dog_bark.wav,7021,61077-3-1-0.wav,61077,3,dog_bark,8
/scratch/pdoshi/audio_comp/urbansound8k_audio/07022_dog_bark.wav,7022,61077-3-2-0.wav,61077,3,dog_bark,8
/scratch/pdoshi/audio_comp/urbansound8k_audio/07023_dog_bark.wav,7023,61077-3-3-0.wav,61077,3,dog_bark,8
/scratch/pdoshi/audio_comp/urbansound8k_audio/07024_dog_bark.wav,7024,61250-3-0-31.wav,61250,3,dog_bark,9
/scratch/pdoshi/audio_comp/urbansound8k_audio/07025_dog_bark.wav,7025,61250-3-0-36.wav,61250,3,dog_bark,9
/scratch/pdoshi/audio_comp/urbansound8k_audio/07026_dog_bark.wav,7026,61250-3-0-47.wav,61250,3,dog_bark,9
/scratch/pdoshi/audio_comp/urbansound8k_audio/07027_dog_bark.wav,7027,61250-3-0-62.wav,61250,3,dog_bark,9
/scratch/pdoshi/audio_comp/urbansound8k_audio/07028_children_playing.wav,7028,61503-2-0-0.wav,61503,2,children_playing,7
/scratch/pdoshi/audio_comp/urbansound8k_audio/07029_children_playing.wav,7029,61503-2-0-2.wav,61503,2,children_playing,7
/scratch/pdoshi/audio_comp/urbansound8k_audio/07030_children_playing.wav,7030,61503-2-0-3.wav,61503,2,children_playing,7
/scratch/pdoshi/audio_comp/urbansound8k_audio/07031_children_playing.wav,7031,61503-2-0-5.wav,61503,2,children_playing,7
/scratch/pdoshi/audio_comp/urbansound8k_audio/07032_children_playing.wav,7032,61503-2-0-6.wav,61503,2,children_playing,7
/scratch/pdoshi/audio_comp/urbansound8k_audio/07033_children_playing.wav,7033,61503-2-0-7.wav,61503,2,children_playing,7
/scratch/pdoshi/audio_comp/urbansound8k_audio/07034_children_playing.wav,7034,61503-2-0-8.wav,61503,2,children_playing,7
/scratch/pdoshi/audio_comp/urbansound8k_audio/07035_children_playing.wav,7035,61503-2-0-9.wav,61503,2,children_playing,7
/scratch/pdoshi/audio_comp/urbansound8k_audio/07036_street_music.wav,7036,61626-9-0-10.wav,61626,9,street_music,4
/scratch/pdoshi/audio_comp/urbansound8k_audio/07037_street_music.wav,7037,61626-9-0-12.wav,61626,9,street_music,4
/scratch/pdoshi/audio_comp/urbansound8k_audio/07038_street_music.wav,7038,61626-9-0-2.wav,61626,9,street_music,4
/scratch/pdoshi/audio_comp/urbansound8k_audio/07039_street_music.wav,7039,61626-9-0-3.wav,61626,9,street_music,4
/scratch/pdoshi/audio_comp/urbansound8k_audio/07040_street_music.wav,7040,61626-9-0-6.wav,61626,9,street_music,4
/scratch/pdoshi/audio_comp/urbansound8k_audio/07041_street_music.wav,7041,61626-9-0-7.wav,61626,9,street_music,4
/scratch/pdoshi/audio_comp/urbansound8k_audio/07042_street_music.wav,7042,61789-9-0-10.wav,61789,9,street_music,7
/scratch/pdoshi/audio_comp/urbansound8k_audio/07043_street_music.wav,7043,61789-9-0-12.wav,61789,9,street_music,7
/scratch/pdoshi/audio_comp/urbansound8k_audio/07044_street_music.wav,7044,61789-9-0-14.wav,61789,9,street_music,7
/scratch/pdoshi/audio_comp/urbansound8k_audio/07045_street_music.wav,7045,61789-9-0-16.wav,61789,9,street_music,7
/scratch/pdoshi/audio_comp/urbansound8k_audio/07046_street_music.wav,7046,61789-9-0-26.wav,61789,9,street_music,7
/scratch/pdoshi/audio_comp/urbansound8k_audio/07047_street_music.wav,7047,61789-9-0-65.wav,61789,9,street_music,7
/scratch/pdoshi/audio_comp/urbansound8k_audio/07048_street_music.wav,7048,61789-9-0-69.wav,61789,9,street_music,7
/scratch/pdoshi/audio_comp/urbansound8k_audio/07049_street_music.wav,7049,61790-9-0-10.wav,61790,9,street_music,4
/scratch/pdoshi/audio_comp/urbansound8k_audio/07050_street_music.wav,7050,61790-9-0-15.wav,61790,9,street_music,4
/scratch/pdoshi/audio_comp/urbansound8k_audio/07051_street_music.wav,7051,61790-9-0-16.wav,61790,9,street_music,4
/scratch/pdoshi/audio_comp/urbansound8k_audio/07052_street_music.wav,7052,61790-9-0-20.wav,61790,9,street_music,4
/scratch/pdoshi/audio_comp/urbansound8k_audio/07053_street_music.wav,7053,61790-9-1-1.wav,61790,9,street_music,4
/scratch/pdoshi/audio_comp/urbansound8k_audio/07054_street_music.wav,7054,61790-9-1-20.wav,61790,9,street_music,4
/scratch/pdoshi/audio_comp/urbansound8k_audio/07055_street_music.wav,7055,61791-9-1-1.wav,61791,9,street_music,3
/scratch/pdoshi/audio_comp/urbansound8k_audio/07056_street_music.wav,7056,61791-9-1-40.wav,61791,9,street_music,3
/scratch/pdoshi/audio_comp/urbansound8k_audio/07057_street_music.wav,7057,61791-9-1-41.wav,61791,9,street_music,3
/scratch/pdoshi/audio_comp/urbansound8k_audio/07058_street_music.wav,7058,61791-9-1-42.wav,61791,9,street_music,3
/scratch/pdoshi/audio_comp/urbansound8k_audio/07059_street_music.wav,7059,61791-9-1-44.wav,61791,9,street_music,3
/scratch/pdoshi/audio_comp/urbansound8k_audio/07060_street_music.wav,7060,61791-9-1-46.wav,61791,9,street_music,3
/scratch/pdoshi/audio_comp/urbansound8k_audio/07061_dog_bark.wav,7061,62048-3-0-2.wav,62048,3,dog_bark,8
/scratch/pdoshi/audio_comp/urbansound8k_audio/07062_dog_bark.wav,7062,62048-3-0-3.wav,62048,3,dog_bark,8
/scratch/pdoshi/audio_comp/urbansound8k_audio/07063_dog_bark.wav,7063,62048-3-0-4.wav,62048,3,dog_bark,8
/scratch/pdoshi/audio_comp/urbansound8k_audio/07064_dog_bark.wav,7064,62048-3-0-5.wav,62048,3,dog_bark,8
/scratch/pdoshi/audio_comp/urbansound8k_audio/07065_air_conditioner.wav,7065,62461-0-0-0.wav,62461,0,air_conditioner,4
/scratch/pdoshi/audio_comp/urbansound8k_audio/07066_air_conditioner.wav,7066,62461-0-0-1.wav,62461,0,air_conditioner,4
/scratch/pdoshi/audio_comp/urbansound8k_audio/07067_air_conditioner.wav,7067,62461-0-0-2.wav,62461,0,air_conditioner,4
/scratch/pdoshi/audio_comp/urbansound8k_audio/07068_air_conditioner.wav,7068,62461-0-0-3.wav,62461,0,air_conditioner,4
/scratch/pdoshi/audio_comp/urbansound8k_audio/07069_engine_idling.wav,7069,62564-5-0-0.wav,62564,5,engine_idling,6
/scratch/pdoshi/audio_comp/urbansound8k_audio/07070_engine_idling.wav,7070,62564-5-0-1.wav,62564,5,engine_idling,6
/scratch/pdoshi/audio_comp/urbansound8k_audio/07071_engine_idling.wav,7071,62564-5-0-10.wav,62564,5,engine_idling,6
/scratch/pdoshi/audio_comp/urbansound8k_audio/07072_engine_idling.wav,7072,62564-5-0-2.wav,62564,5,engine_idling,6
/scratch/pdoshi/audio_comp/urbansound8k_audio/07073_engine_idling.wav,7073,62564-5-0-3.wav,62564,5,engine_idling,6
/scratch/pdoshi/audio_comp/urbansound8k_audio/07074_engine_idling.wav,7074,62564-5-0-4.wav,62564,5,engine_idling,6
/scratch/pdoshi/audio_comp/urbansound8k_audio/07075_engine_idling.wav,7075,62564-5-0-5.wav,62564,5,engine_idling,6
/scratch/pdoshi/audio_comp/urbansound8k_audio/07076_engine_idling.wav,7076,62564-5-0-6.wav,62564,5,engine_idling,6
/scratch/pdoshi/audio_comp/urbansound8k_audio/07077_engine_idling.wav,7077,62564-5-0-7.wav,62564,5,engine_idling,6
/scratch/pdoshi/audio_comp/urbansound8k_audio/07078_engine_idling.wav,7078,62564-5-0-8.wav,62564,5,engine_idling,6
/scratch/pdoshi/audio_comp/urbansound8k_audio/07079_engine_idling.wav,7079,62564-5-0-9.wav,62564,5,engine_idling,6
/scratch/pdoshi/audio_comp/urbansound8k_audio/07080_engine_idling.wav,7080,62566-5-0-0.wav,62566,5,engine_idling,5
/scratch/pdoshi/audio_comp/urbansound8k_audio/07081_engine_idling.wav,7081,62566-5-0-1.wav,62566,5,engine_idling,5
/scratch/pdoshi/audio_comp/urbansound8k_audio/07082_engine_idling.wav,7082,62566-5-0-2.wav,62566,5,engine_idling,5
/scratch/pdoshi/audio_comp/urbansound8k_audio/07083_engine_idling.wav,7083,62566-5-0-3.wav,62566,5,engine_idling,5
/scratch/pdoshi/audio_comp/urbansound8k_audio/07084_engine_idling.wav,7084,62566-5-0-4.wav,62566,5,engine_idling,5
/scratch/pdoshi/audio_comp/urbansound8k_audio/07085_engine_idling.wav,7085,62566-5-0-5.wav,62566,5,engine_idling,5
/scratch/pdoshi/audio_comp/urbansound8k_audio/07086_engine_idling.wav,7086,62566-5-0-6.wav,62566,5,engine_idling,5
/scratch/pdoshi/audio_comp/urbansound8k_audio/07087_engine_idling.wav,7087,62566-5-0-7.wav,62566,5,engine_idling,5
/scratch/pdoshi/audio_comp/urbansound8k_audio/07088_engine_idling.wav,7088,62566-5-1-0.wav,62566,5,engine_idling,5
/scratch/pdoshi/audio_comp/urbansound8k_audio/07089_engine_idling.wav,7089,62566-5-1-1.wav,62566,5,engine_idling,5
/scratch/pdoshi/audio_comp/urbansound8k_audio/07090_engine_idling.wav,7090,62566-5-2-0.wav,62566,5,engine_idling,5
/scratch/pdoshi/audio_comp/urbansound8k_audio/07091_engine_idling.wav,7091,62567-5-0-0.wav,62567,5,engine_idling,9
/scratch/pdoshi/audio_comp/urbansound8k_audio/07092_engine_idling.wav,7092,62567-5-0-1.wav,62567,5,engine_idling,9
/scratch/pdoshi/audio_comp/urbansound8k_audio/07093_engine_idling.wav,7093,62567-5-0-10.wav,62567,5,engine_idling,9
/scratch/pdoshi/audio_comp/urbansound8k_audio/07094_engine_idling.wav,7094,62567-5-0-2.wav,62567,5,engine_idling,9
/scratch/pdoshi/audio_comp/urbansound8k_audio/07095_engine_idling.wav,7095,62567-5-0-3.wav,62567,5,engine_idling,9
/scratch/pdoshi/audio_comp/urbansound8k_audio/07096_engine_idling.wav,7096,62567-5-0-4.wav,62567,5,engine_idling,9
/scratch/pdoshi/audio_comp/urbansound8k_audio/07097_engine_idling.wav,7097,62567-5-0-5.wav,62567,5,engine_idling,9
/scratch/pdoshi/audio_comp/urbansound8k_audio/07098_engine_idling.wav,7098,62567-5-0-6.wav,62567,5,engine_idling,9
/scratch/pdoshi/audio_comp/urbansound8k_audio/07099_engine_idling.wav,7099,62567-5-0-7.wav,62567,5,engine_idling,9
/scratch/pdoshi/audio_comp/urbansound8k_audio/07100_engine_idling.wav,7100,62567-5-0-8.wav,62567,5,engine_idling,9
/scratch/pdoshi/audio_comp/urbansound8k_audio/07101_engine_idling.wav,7101,62567-5-0-9.wav,62567,5,engine_idling,9
/scratch/pdoshi/audio_comp/urbansound8k_audio/07102_engine_idling.wav,7102,62567-5-1-0.wav,62567,5,engine_idling,9
/scratch/pdoshi/audio_comp/urbansound8k_audio/07103_engine_idling.wav,7103,62567-5-1-1.wav,62567,5,engine_idling,9
/scratch/pdoshi/audio_comp/urbansound8k_audio/07104_jackhammer.wav,7104,62837-7-0-12.wav,62837,7,jackhammer,3
/scratch/pdoshi/audio_comp/urbansound8k_audio/07105_jackhammer.wav,7105,62837-7-0-15.wav,62837,7,jackhammer,3
/scratch/pdoshi/audio_comp/urbansound8k_audio/07106_jackhammer.wav,7106,62837-7-0-16.wav,62837,7,jackhammer,3
/scratch/pdoshi/audio_comp/urbansound8k_audio/07107_jackhammer.wav,7107,62837-7-0-17.wav,62837,7,jackhammer,3
/scratch/pdoshi/audio_comp/urbansound8k_audio/07108_jackhammer.wav,7108,62837-7-0-18.wav,62837,7,jackhammer,3
/scratch/pdoshi/audio_comp/urbansound8k_audio/07109_jackhammer.wav,7109,62837-7-0-2.wav,62837,7,jackhammer,3
/scratch/pdoshi/audio_comp/urbansound8k_audio/07110_jackhammer.wav,7110,62837-7-0-20.wav,62837,7,jackhammer,3
/scratch/pdoshi/audio_comp/urbansound8k_audio/07111_jackhammer.wav,7111,62837-7-0-21.wav,62837,7,jackhammer,3
/scratch/pdoshi/audio_comp/urbansound8k_audio/07112_jackhammer.wav,7112,62837-7-0-22.wav,62837,7,jackhammer,3
/scratch/pdoshi/audio_comp/urbansound8k_audio/07113_jackhammer.wav,7113,62837-7-0-24.wav,62837,7,jackhammer,3
/scratch/pdoshi/audio_comp/urbansound8k_audio/07114_jackhammer.wav,7114,62837-7-0-27.wav,62837,7,jackhammer,3
/scratch/pdoshi/audio_comp/urbansound8k_audio/07115_jackhammer.wav,7115,62837-7-0-28.wav,62837,7,jackhammer,3
/scratch/pdoshi/audio_comp/urbansound8k_audio/07116_jackhammer.wav,7116,62837-7-0-3.wav,62837,7,jackhammer,3
/scratch/pdoshi/audio_comp/urbansound8k_audio/07117_jackhammer.wav,7117,62837-7-0-30.wav,62837,7,jackhammer,3
/scratch/pdoshi/audio_comp/urbansound8k_audio/07118_jackhammer.wav,7118,62837-7-0-31.wav,62837,7,jackhammer,3
/scratch/pdoshi/audio_comp/urbansound8k_audio/07119_jackhammer.wav,7119,62837-7-0-34.wav,62837,7,jackhammer,3
/scratch/pdoshi/audio_comp/urbansound8k_audio/07120_jackhammer.wav,7120,62837-7-0-37.wav,62837,7,jackhammer,3
/scratch/pdoshi/audio_comp/urbansound8k_audio/07121_jackhammer.wav,7121,62837-7-0-4.wav,62837,7,jackhammer,3
/scratch/pdoshi/audio_comp/urbansound8k_audio/07122_jackhammer.wav,7122,62837-7-0-7.wav,62837,7,jackhammer,3
/scratch/pdoshi/audio_comp/urbansound8k_audio/07123_jackhammer.wav,7123,62837-7-0-8.wav,62837,7,jackhammer,3
/scratch/pdoshi/audio_comp/urbansound8k_audio/07124_jackhammer.wav,7124,62837-7-0-9.wav,62837,7,jackhammer,3
/scratch/pdoshi/audio_comp/urbansound8k_audio/07125_jackhammer.wav,7125,62837-7-1-1.wav,62837,7,jackhammer,3
/scratch/pdoshi/audio_comp/urbansound8k_audio/07126_jackhammer.wav,7126,62837-7-1-11.wav,62837,7,jackhammer,3
/scratch/pdoshi/audio_comp/urbansound8k_audio/07127_jackhammer.wav,7127,62837-7-1-14.wav,62837,7,jackhammer,3
/scratch/pdoshi/audio_comp/urbansound8k_audio/07128_jackhammer.wav,7128,62837-7-1-15.wav,62837,7,jackhammer,3
/scratch/pdoshi/audio_comp/urbansound8k_audio/07129_jackhammer.wav,7129,62837-7-1-18.wav,62837,7,jackhammer,3
/scratch/pdoshi/audio_comp/urbansound8k_audio/07130_jackhammer.wav,7130,62837-7-1-2.wav,62837,7,jackhammer,3
/scratch/pdoshi/audio_comp/urbansound8k_audio/07131_jackhammer.wav,7131,62837-7-1-21.wav,62837,7,jackhammer,3
/scratch/pdoshi/audio_comp/urbansound8k_audio/07132_jackhammer.wav,7132,62837-7-1-22.wav,62837,7,jackhammer,3
/scratch/pdoshi/audio_comp/urbansound8k_audio/07133_jackhammer.wav,7133,62837-7-1-24.wav,62837,7,jackhammer,3
/scratch/pdoshi/audio_comp/urbansound8k_audio/07134_jackhammer.wav,7134,62837-7-1-26.wav,62837,7,jackhammer,3
/scratch/pdoshi/audio_comp/urbansound8k_audio/07135_jackhammer.wav,7135,62837-7-1-27.wav,62837,7,jackhammer,3
/scratch/pdoshi/audio_comp/urbansound8k_audio/07136_jackhammer.wav,7136,62837-7-1-28.wav,62837,7,jackhammer,3
/scratch/pdoshi/audio_comp/urbansound8k_audio/07137_jackhammer.wav,7137,62837-7-1-29.wav,62837,7,jackhammer,3
/scratch/pdoshi/audio_comp/urbansound8k_audio/07138_jackhammer.wav,7138,62837-7-1-3.wav,62837,7,jackhammer,3
/scratch/pdoshi/audio_comp/urbansound8k_audio/07139_jackhammer.wav,7139,62837-7-1-31.wav,62837,7,jackhammer,3
/scratch/pdoshi/audio_comp/urbansound8k_audio/07140_jackhammer.wav,7140,62837-7-1-32.wav,62837,7,jackhammer,3
/scratch/pdoshi/audio_comp/urbansound8k_audio/07141_jackhammer.wav,7141,62837-7-1-33.wav,62837,7,jackhammer,3
/scratch/pdoshi/audio_comp/urbansound8k_audio/07142_jackhammer.wav,7142,62837-7-1-35.wav,62837,7,jackhammer,3
/scratch/pdoshi/audio_comp/urbansound8k_audio/07143_jackhammer.wav,7143,62837-7-1-39.wav,62837,7,jackhammer,3
/scratch/pdoshi/audio_comp/urbansound8k_audio/07144_jackhammer.wav,7144,62837-7-1-4.wav,62837,7,jackhammer,3
/scratch/pdoshi/audio_comp/urbansound8k_audio/07145_jackhammer.wav,7145,62837-7-1-41.wav,62837,7,jackhammer,3
/scratch/pdoshi/audio_comp/urbansound8k_audio/07146_jackhammer.wav,7146,62837-7-1-44.wav,62837,7,jackhammer,3
/scratch/pdoshi/audio_comp/urbansound8k_audio/07147_jackhammer.wav,7147,62837-7-1-45.wav,62837,7,jackhammer,3
/scratch/pdoshi/audio_comp/urbansound8k_audio/07148_jackhammer.wav,7148,62837-7-1-46.wav,62837,7,jackhammer,3
/scratch/pdoshi/audio_comp/urbansound8k_audio/07149_jackhammer.wav,7149,62837-7-1-49.wav,62837,7,jackhammer,3
/scratch/pdoshi/audio_comp/urbansound8k_audio/07150_jackhammer.wav,7150,62837-7-1-5.wav,62837,7,jackhammer,3
/scratch/pdoshi/audio_comp/urbansound8k_audio/07151_jackhammer.wav,7151,62837-7-1-51.wav,62837,7,jackhammer,3
/scratch/pdoshi/audio_comp/urbansound8k_audio/07152_jackhammer.wav,7152,62837-7-1-53.wav,62837,7,jackhammer,3
/scratch/pdoshi/audio_comp/urbansound8k_audio/07153_jackhammer.wav,7153,62837-7-1-54.wav,62837,7,jackhammer,3
/scratch/pdoshi/audio_comp/urbansound8k_audio/07154_jackhammer.wav,7154,62837-7-1-55.wav,62837,7,jackhammer,3
/scratch/pdoshi/audio_comp/urbansound8k_audio/07155_jackhammer.wav,7155,62837-7-1-56.wav,62837,7,jackhammer,3
/scratch/pdoshi/audio_comp/urbansound8k_audio/07156_jackhammer.wav,7156,62837-7-1-6.wav,62837,7,jackhammer,3
/scratch/pdoshi/audio_comp/urbansound8k_audio/07157_jackhammer.wav,7157,62837-7-1-61.wav,62837,7,jackhammer,3
/scratch/pdoshi/audio_comp/urbansound8k_audio/07158_jackhammer.wav,7158,62837-7-1-62.wav,62837,7,jackhammer,3
/scratch/pdoshi/audio_comp/urbansound8k_audio/07159_jackhammer.wav,7159,62837-7-1-63.wav,62837,7,jackhammer,3
/scratch/pdoshi/audio_comp/urbansound8k_audio/07160_jackhammer.wav,7160,62837-7-1-64.wav,62837,7,jackhammer,3
/scratch/pdoshi/audio_comp/urbansound8k_audio/07161_jackhammer.wav,7161,62837-7-1-65.wav,62837,7,jackhammer,3
/scratch/pdoshi/audio_comp/urbansound8k_audio/07162_jackhammer.wav,7162,62837-7-1-69.wav,62837,7,jackhammer,3
/scratch/pdoshi/audio_comp/urbansound8k_audio/07163_jackhammer.wav,7163,62837-7-1-72.wav,62837,7,jackhammer,3
/scratch/pdoshi/audio_comp/urbansound8k_audio/07164_jackhammer.wav,7164,62837-7-1-73.wav,62837,7,jackhammer,3
/scratch/pdoshi/audio_comp/urbansound8k_audio/07165_jackhammer.wav,7165,62837-7-1-79.wav,62837,7,jackhammer,3
/scratch/pdoshi/audio_comp/urbansound8k_audio/07166_jackhammer.wav,7166,62837-7-1-80.wav,62837,7,jackhammer,3
/scratch/pdoshi/audio_comp/urbansound8k_audio/07167_jackhammer.wav,7167,62837-7-1-81.wav,62837,7,jackhammer,3
/scratch/pdoshi/audio_comp/urbansound8k_audio/07168_jackhammer.wav,7168,62837-7-1-84.wav,62837,7,jackhammer,3
/scratch/pdoshi/audio_comp/urbansound8k_audio/07169_jackhammer.wav,7169,62837-7-1-9.wav,62837,7,jackhammer,3
/scratch/pdoshi/audio_comp/urbansound8k_audio/07170_siren.wav,7170,62878-8-0-0.wav,62878,8,siren,7
/scratch/pdoshi/audio_comp/urbansound8k_audio/07171_siren.wav,7171,62878-8-0-1.wav,62878,8,siren,7
/scratch/pdoshi/audio_comp/urbansound8k_audio/07172_siren.wav,7172,62878-8-0-2.wav,62878,8,siren,7
/scratch/pdoshi/audio_comp/urbansound8k_audio/07173_drilling.wav,7173,63095-4-0-1.wav,63095,4,drilling,3
/scratch/pdoshi/audio_comp/urbansound8k_audio/07174_drilling.wav,7174,63095-4-0-10.wav,63095,4,drilling,3
/scratch/pdoshi/audio_comp/urbansound8k_audio/07175_drilling.wav,7175,63095-4-0-14.wav,63095,4,drilling,3
/scratch/pdoshi/audio_comp/urbansound8k_audio/07176_drilling.wav,7176,63095-4-0-16.wav,63095,4,drilling,3
/scratch/pdoshi/audio_comp/urbansound8k_audio/07177_drilling.wav,7177,63095-4-0-20.wav,63095,4,drilling,3
/scratch/pdoshi/audio_comp/urbansound8k_audio/07178_drilling.wav,7178,63095-4-0-21.wav,63095,4,drilling,3
/scratch/pdoshi/audio_comp/urbansound8k_audio/07179_drilling.wav,7179,63095-4-0-26.wav,63095,4,drilling,3
/scratch/pdoshi/audio_comp/urbansound8k_audio/07180_drilling.wav,7180,63095-4-0-28.wav,63095,4,drilling,3
/scratch/pdoshi/audio_comp/urbansound8k_audio/07181_drilling.wav,7181,63095-4-0-29.wav,63095,4,drilling,3
/scratch/pdoshi/audio_comp/urbansound8k_audio/07182_drilling.wav,7182,63095-4-0-4.wav,63095,4,drilling,3
/scratch/pdoshi/audio_comp/urbansound8k_audio/07183_drilling.wav,7183,63095-4-0-6.wav,63095,4,drilling,3
/scratch/pdoshi/audio_comp/urbansound8k_audio/07184_drilling.wav,7184,63095-4-0-8.wav,63095,4,drilling,3
/scratch/pdoshi/audio_comp/urbansound8k_audio/07185_drilling.wav,7185,63095-4-1-10.wav,63095,4,drilling,3
/scratch/pdoshi/audio_comp/urbansound8k_audio/07186_drilling.wav,7186,63095-4-1-18.wav,63095,4,drilling,3
/scratch/pdoshi/audio_comp/urbansound8k_audio/07187_drilling.wav,7187,63095-4-1-19.wav,63095,4,drilling,3
/scratch/pdoshi/audio_comp/urbansound8k_audio/07188_drilling.wav,7188,63095-4-1-20.wav,63095,4,drilling,3
/scratch/pdoshi/audio_comp/urbansound8k_audio/07189_drilling.wav,7189,63095-4-1-23.wav,63095,4,drilling,3
/scratch/pdoshi/audio_comp/urbansound8k_audio/07190_drilling.wav,7190,63095-4-1-27.wav,63095,4,drilling,3
/scratch/pdoshi/audio_comp/urbansound8k_audio/07191_drilling.wav,7191,63095-4-1-33.wav,63095,4,drilling,3
/scratch/pdoshi/audio_comp/urbansound8k_audio/07192_drilling.wav,7192,63095-4-1-4.wav,63095,4,drilling,3
/scratch/pdoshi/audio_comp/urbansound8k_audio/07193_drilling.wav,7193,63095-4-1-6.wav,63095,4,drilling,3
/scratch/pdoshi/audio_comp/urbansound8k_audio/07194_drilling.wav,7194,63095-4-1-7.wav,63095,4,drilling,3
/scratch/pdoshi/audio_comp/urbansound8k_audio/07195_dog_bark.wav,7195,63261-3-0-0.wav,63261,3,dog_bark,2
/scratch/pdoshi/audio_comp/urbansound8k_audio/07196_dog_bark.wav,7196,63261-3-0-1.wav,63261,3,dog_bark,2
/scratch/pdoshi/audio_comp/urbansound8k_audio/07197_dog_bark.wav,7197,63292-3-0-0.wav,63292,3,dog_bark,3
/scratch/pdoshi/audio_comp/urbansound8k_audio/07198_dog_bark.wav,7198,63292-3-0-1.wav,63292,3,dog_bark,3
/scratch/pdoshi/audio_comp/urbansound8k_audio/07199_air_conditioner.wav,7199,63724-0-0-0.wav,63724,0,air_conditioner,6
/scratch/pdoshi/audio_comp/urbansound8k_audio/07200_air_conditioner.wav,7200,63724-0-0-1.wav,63724,0,air_conditioner,6
/scratch/pdoshi/audio_comp/urbansound8k_audio/07201_air_conditioner.wav,7201,63724-0-0-10.wav,63724,0,air_conditioner,6
/scratch/pdoshi/audio_comp/urbansound8k_audio/07202_air_conditioner.wav,7202,63724-0-0-11.wav,63724,0,air_conditioner,6
/scratch/pdoshi/audio_comp/urbansound8k_audio/07203_air_conditioner.wav,7203,63724-0-0-12.wav,63724,0,air_conditioner,6
/scratch/pdoshi/audio_comp/urbansound8k_audio/07204_air_conditioner.wav,7204,63724-0-0-13.wav,63724,0,air_conditioner,6
/scratch/pdoshi/audio_comp/urbansound8k_audio/07205_air_conditioner.wav,7205,63724-0-0-14.wav,63724,0,air_conditioner,6
/scratch/pdoshi/audio_comp/urbansound8k_audio/07206_air_conditioner.wav,7206,63724-0-0-15.wav,63724,0,air_conditioner,6
/scratch/pdoshi/audio_comp/urbansound8k_audio/07207_air_conditioner.wav,7207,63724-0-0-16.wav,63724,0,air_conditioner,6
/scratch/pdoshi/audio_comp/urbansound8k_audio/07208_air_conditioner.wav,7208,63724-0-0-2.wav,63724,0,air_conditioner,6
/scratch/pdoshi/audio_comp/urbansound8k_audio/07209_air_conditioner.wav,7209,63724-0-0-3.wav,63724,0,air_conditioner,6
/scratch/pdoshi/audio_comp/urbansound8k_audio/07210_air_conditioner.wav,7210,63724-0-0-4.wav,63724,0,air_conditioner,6
/scratch/pdoshi/audio_comp/urbansound8k_audio/07211_air_conditioner.wav,7211,63724-0-0-5.wav,63724,0,air_conditioner,6
/scratch/pdoshi/audio_comp/urbansound8k_audio/07212_air_conditioner.wav,7212,63724-0-0-6.wav,63724,0,air_conditioner,6
/scratch/pdoshi/audio_comp/urbansound8k_audio/07213_air_conditioner.wav,7213,63724-0-0-7.wav,63724,0,air_conditioner,6
/scratch/pdoshi/audio_comp/urbansound8k_audio/07214_air_conditioner.wav,7214,63724-0-0-8.wav,63724,0,air_conditioner,6
/scratch/pdoshi/audio_comp/urbansound8k_audio/07215_air_conditioner.wav,7215,63724-0-0-9.wav,63724,0,air_conditioner,6
/scratch/pdoshi/audio_comp/urbansound8k_audio/07216_dog_bark.wav,7216,63932-3-0-1.wav,63932,3,dog_bark,4
/scratch/pdoshi/audio_comp/urbansound8k_audio/07217_dog_bark.wav,7217,63932-3-0-2.wav,63932,3,dog_bark,4
/scratch/pdoshi/audio_comp/urbansound8k_audio/07218_dog_bark.wav,7218,63932-3-1-0.wav,63932,3,dog_bark,4
/scratch/pdoshi/audio_comp/urbansound8k_audio/07219_dog_bark.wav,7219,63932-3-1-1.wav,63932,3,dog_bark,4
/scratch/pdoshi/audio_comp/urbansound8k_audio/07220_gun_shot.wav,7220,64346-6-0-0.wav,64346,6,gun_shot,6
/scratch/pdoshi/audio_comp/urbansound8k_audio/07221_street_music.wav,7221,6508-9-0-1.wav,6508,9,street_music,5
/scratch/pdoshi/audio_comp/urbansound8k_audio/07222_street_music.wav,7222,6508-9-0-2.wav,6508,9,street_music,5
/scratch/pdoshi/audio_comp/urbansound8k_audio/07223_street_music.wav,7223,6508-9-0-3.wav,6508,9,street_music,5
/scratch/pdoshi/audio_comp/urbansound8k_audio/07224_street_music.wav,7224,6508-9-0-4.wav,6508,9,street_music,5
/scratch/pdoshi/audio_comp/urbansound8k_audio/07225_street_music.wav,7225,6508-9-0-6.wav,6508,9,street_music,5
/scratch/pdoshi/audio_comp/urbansound8k_audio/07226_street_music.wav,7226,6508-9-1-0.wav,6508,9,street_music,5
/scratch/pdoshi/audio_comp/urbansound8k_audio/07227_dog_bark.wav,7227,65381-3-0-3.wav,65381,3,dog_bark,5
/scratch/pdoshi/audio_comp/urbansound8k_audio/07228_dog_bark.wav,7228,65381-3-0-6.wav,65381,3,dog_bark,5
/scratch/pdoshi/audio_comp/urbansound8k_audio/07229_dog_bark.wav,7229,65381-3-0-7.wav,65381,3,dog_bark,5
/scratch/pdoshi/audio_comp/urbansound8k_audio/07230_car_horn.wav,7230,65472-1-0-0.wav,65472,1,car_horn,5
/scratch/pdoshi/audio_comp/urbansound8k_audio/07231_dog_bark.wav,7231,65745-3-0-21.wav,65745,3,dog_bark,7
/scratch/pdoshi/audio_comp/urbansound8k_audio/07232_dog_bark.wav,7232,65745-3-0-49.wav,65745,3,dog_bark,7
/scratch/pdoshi/audio_comp/urbansound8k_audio/07233_dog_bark.wav,7233,65745-3-0-61.wav,65745,3,dog_bark,7
/scratch/pdoshi/audio_comp/urbansound8k_audio/07234_dog_bark.wav,7234,65745-3-0-88.wav,65745,3,dog_bark,7
/scratch/pdoshi/audio_comp/urbansound8k_audio/07235_dog_bark.wav,7235,65749-3-1-12.wav,65749,3,dog_bark,1
/scratch/pdoshi/audio_comp/urbansound8k_audio/07236_dog_bark.wav,7236,65749-3-1-14.wav,65749,3,dog_bark,1
/scratch/pdoshi/audio_comp/urbansound8k_audio/07237_dog_bark.wav,7237,65749-3-1-24.wav,65749,3,dog_bark,1
/scratch/pdoshi/audio_comp/urbansound8k_audio/07238_dog_bark.wav,7238,65749-3-1-9.wav,65749,3,dog_bark,1
/scratch/pdoshi/audio_comp/urbansound8k_audio/07239_dog_bark.wav,7239,65750-3-0-5.wav,65750,3,dog_bark,3
/scratch/pdoshi/audio_comp/urbansound8k_audio/07240_dog_bark.wav,7240,65750-3-3-48.wav,65750,3,dog_bark,3
/scratch/pdoshi/audio_comp/urbansound8k_audio/07241_dog_bark.wav,7241,65750-3-3-68.wav,65750,3,dog_bark,3
/scratch/pdoshi/audio_comp/urbansound8k_audio/07242_dog_bark.wav,7242,65750-3-3-74.wav,65750,3,dog_bark,3
/scratch/pdoshi/audio_comp/urbansound8k_audio/07243_street_music.wav,7243,66000-9-0-0.wav,66000,9,street_music,6
/scratch/pdoshi/audio_comp/urbansound8k_audio/07244_street_music.wav,7244,66000-9-0-1.wav,66000,9,street_music,6
/scratch/pdoshi/audio_comp/urbansound8k_audio/07245_street_music.wav,7245,66000-9-0-2.wav,66000,9,street_music,6
/scratch/pdoshi/audio_comp/urbansound8k_audio/07246_street_music.wav,7246,66000-9-0-3.wav,66000,9,street_music,6
/scratch/pdoshi/audio_comp/urbansound8k_audio/07247_street_music.wav,7247,66000-9-0-6.wav,66000,9,street_music,6
/scratch/pdoshi/audio_comp/urbansound8k_audio/07248_street_music.wav,7248,66000-9-0-8.wav,66000,9,street_music,6
/scratch/pdoshi/audio_comp/urbansound8k_audio/07249_car_horn.wav,7249,66115-1-0-0.wav,66115,1,car_horn,10
/scratch/pdoshi/audio_comp/urbansound8k_audio/07250_car_horn.wav,7250,66115-1-0-1.wav,66115,1,car_horn,10
/scratch/pdoshi/audio_comp/urbansound8k_audio/07251_street_music.wav,7251,66324-9-0-19.wav,66324,9,street_music,8
/scratch/pdoshi/audio_comp/urbansound8k_audio/07252_street_music.wav,7252,66324-9-0-30.wav,66324,9,street_music,8
/scratch/pdoshi/audio_comp/urbansound8k_audio/07253_street_music.wav,7253,66324-9-0-4.wav,66324,9,street_music,8
/scratch/pdoshi/audio_comp/urbansound8k_audio/07254_street_music.wav,7254,66324-9-0-42.wav,66324,9,street_music,8
/scratch/pdoshi/audio_comp/urbansound8k_audio/07255_street_music.wav,7255,66324-9-0-53.wav,66324,9,street_music,8
/scratch/pdoshi/audio_comp/urbansound8k_audio/07256_street_music.wav,7256,66324-9-0-54.wav,66324,9,street_music,8
/scratch/pdoshi/audio_comp/urbansound8k_audio/07257_dog_bark.wav,7257,66587-3-0-0.wav,66587,3,dog_bark,5
/scratch/pdoshi/audio_comp/urbansound8k_audio/07258_dog_bark.wav,7258,66587-3-1-0.wav,66587,3,dog_bark,5
/scratch/pdoshi/audio_comp/urbansound8k_audio/07259_dog_bark.wav,7259,66587-3-2-0.wav,66587,3,dog_bark,5
/scratch/pdoshi/audio_comp/urbansound8k_audio/07260_dog_bark.wav,7260,66587-3-3-0.wav,66587,3,dog_bark,5
/scratch/pdoshi/audio_comp/urbansound8k_audio/07261_street_music.wav,7261,66599-9-0-11.wav,66599,9,street_music,8
/scratch/pdoshi/audio_comp/urbansound8k_audio/07262_street_music.wav,7262,66599-9-0-17.wav,66599,9,street_music,8
/scratch/pdoshi/audio_comp/urbansound8k_audio/07263_street_music.wav,7263,66599-9-1-11.wav,66599,9,street_music,8
/scratch/pdoshi/audio_comp/urbansound8k_audio/07264_street_music.wav,7264,66599-9-1-21.wav,66599,9,street_music,8
/scratch/pdoshi/audio_comp/urbansound8k_audio/07265_street_music.wav,7265,66599-9-1-23.wav,66599,9,street_music,8
/scratch/pdoshi/audio_comp/urbansound8k_audio/07266_street_music.wav,7266,66599-9-1-4.wav,66599,9,street_music,8
/scratch/pdoshi/audio_comp/urbansound8k_audio/07267_siren.wav,7267,66601-8-0-0.wav,66601,8,siren,9
/scratch/pdoshi/audio_comp/urbansound8k_audio/07268_siren.wav,7268,66601-8-0-1.wav,66601,8,siren,9
/scratch/pdoshi/audio_comp/urbansound8k_audio/07269_siren.wav,7269,66601-8-0-2.wav,66601,8,siren,9
/scratch/pdoshi/audio_comp/urbansound8k_audio/07270_siren.wav,7270,66601-8-0-3.wav,66601,8,siren,9
/scratch/pdoshi/audio_comp/urbansound8k_audio/07271_siren.wav,7271,66601-8-0-4.wav,66601,8,siren,9
/scratch/pdoshi/audio_comp/urbansound8k_audio/07272_siren.wav,7272,66601-8-0-5.wav,66601,8,siren,9
/scratch/pdoshi/audio_comp/urbansound8k_audio/07273_children_playing.wav,7273,66619-2-0-0.wav,66619,2,children_playing,7
/scratch/pdoshi/audio_comp/urbansound8k_audio/07274_children_playing.wav,7274,66619-2-0-1.wav,66619,2,children_playing,7
/scratch/pdoshi/audio_comp/urbansound8k_audio/07275_children_playing.wav,7275,66619-2-0-11.wav,66619,2,children_playing,7
/scratch/pdoshi/audio_comp/urbansound8k_audio/07276_children_playing.wav,7276,66619-2-0-18.wav,66619,2,children_playing,7
/scratch/pdoshi/audio_comp/urbansound8k_audio/07277_children_playing.wav,7277,66619-2-0-22.wav,66619,2,children_playing,7
/scratch/pdoshi/audio_comp/urbansound8k_audio/07278_children_playing.wav,7278,66619-2-0-5.wav,66619,2,children_playing,7
/scratch/pdoshi/audio_comp/urbansound8k_audio/07279_children_playing.wav,7279,66619-2-0-6.wav,66619,2,children_playing,7
/scratch/pdoshi/audio_comp/urbansound8k_audio/07280_children_playing.wav,7280,66619-2-0-7.wav,66619,2,children_playing,7
/scratch/pdoshi/audio_comp/urbansound8k_audio/07281_drilling.wav,7281,66622-4-0-0.wav,66622,4,drilling,3
/scratch/pdoshi/audio_comp/urbansound8k_audio/07282_drilling.wav,7282,66622-4-0-1.wav,66622,4,drilling,3
/scratch/pdoshi/audio_comp/urbansound8k_audio/07283_drilling.wav,7283,66622-4-0-2.wav,66622,4,drilling,3
/scratch/pdoshi/audio_comp/urbansound8k_audio/07284_drilling.wav,7284,66622-4-0-3.wav,66622,4,drilling,3
/scratch/pdoshi/audio_comp/urbansound8k_audio/07285_drilling.wav,7285,66622-4-0-4.wav,66622,4,drilling,3
/scratch/pdoshi/audio_comp/urbansound8k_audio/07286_drilling.wav,7286,66622-4-0-5.wav,66622,4,drilling,3
/scratch/pdoshi/audio_comp/urbansound8k_audio/07287_drilling.wav,7287,66622-4-0-6.wav,66622,4,drilling,3
/scratch/pdoshi/audio_comp/urbansound8k_audio/07288_drilling.wav,7288,66622-4-0-7.wav,66622,4,drilling,3
/scratch/pdoshi/audio_comp/urbansound8k_audio/07289_drilling.wav,7289,66622-4-0-8.wav,66622,4,drilling,3
/scratch/pdoshi/audio_comp/urbansound8k_audio/07290_drilling.wav,7290,66623-4-0-0.wav,66623,4,drilling,6
/scratch/pdoshi/audio_comp/urbansound8k_audio/07291_drilling.wav,7291,66623-4-0-1.wav,66623,4,drilling,6
/scratch/pdoshi/audio_comp/urbansound8k_audio/07292_drilling.wav,7292,66623-4-0-2.wav,66623,4,drilling,6
/scratch/pdoshi/audio_comp/urbansound8k_audio/07293_drilling.wav,7293,66623-4-0-3.wav,66623,4,drilling,6
/scratch/pdoshi/audio_comp/urbansound8k_audio/07294_drilling.wav,7294,66623-4-0-4.wav,66623,4,drilling,6
/scratch/pdoshi/audio_comp/urbansound8k_audio/07295_drilling.wav,7295,66623-4-0-5.wav,66623,4,drilling,6
/scratch/pdoshi/audio_comp/urbansound8k_audio/07296_drilling.wav,7296,66623-4-0-6.wav,66623,4,drilling,6
/scratch/pdoshi/audio_comp/urbansound8k_audio/07297_siren.wav,7297,66996-8-1-0.wav,66996,8,siren,2
/scratch/pdoshi/audio_comp/urbansound8k_audio/07298_siren.wav,7298,66996-8-3-0.wav,66996,8,siren,2
/scratch/pdoshi/audio_comp/urbansound8k_audio/07299_dog_bark.wav,7299,67049-3-0-0.wav,67049,3,dog_bark,7
/scratch/pdoshi/audio_comp/urbansound8k_audio/07300_dog_bark.wav,7300,67049-3-0-1.wav,67049,3,dog_bark,7
/scratch/pdoshi/audio_comp/urbansound8k_audio/07301_dog_bark.wav,7301,67049-3-0-2.wav,67049,3,dog_bark,7
/scratch/pdoshi/audio_comp/urbansound8k_audio/07302_jackhammer.wav,7302,68080-7-0-0.wav,68080,7,jackhammer,8
/scratch/pdoshi/audio_comp/urbansound8k_audio/07303_jackhammer.wav,7303,68080-7-0-1.wav,68080,7,jackhammer,8
/scratch/pdoshi/audio_comp/urbansound8k_audio/07304_jackhammer.wav,7304,68080-7-0-2.wav,68080,7,jackhammer,8
/scratch/pdoshi/audio_comp/urbansound8k_audio/07305_jackhammer.wav,7305,68080-7-0-3.wav,68080,7,jackhammer,8
/scratch/pdoshi/audio_comp/urbansound8k_audio/07306_jackhammer.wav,7306,68080-7-0-4.wav,68080,7,jackhammer,8
/scratch/pdoshi/audio_comp/urbansound8k_audio/07307_jackhammer.wav,7307,68080-7-0-5.wav,68080,7,jackhammer,8
/scratch/pdoshi/audio_comp/urbansound8k_audio/07308_jackhammer.wav,7308,68080-7-0-6.wav,68080,7,jackhammer,8
/scratch/pdoshi/audio_comp/urbansound8k_audio/07309_jackhammer.wav,7309,68080-7-0-7.wav,68080,7,jackhammer,8
/scratch/pdoshi/audio_comp/urbansound8k_audio/07310_jackhammer.wav,7310,68080-7-0-8.wav,68080,7,jackhammer,8
/scratch/pdoshi/audio_comp/urbansound8k_audio/07311_jackhammer.wav,7311,68080-7-0-9.wav,68080,7,jackhammer,8
/scratch/pdoshi/audio_comp/urbansound8k_audio/07312_dog_bark.wav,7312,68389-3-0-0.wav,68389,3,dog_bark,4
/scratch/pdoshi/audio_comp/urbansound8k_audio/07313_dog_bark.wav,7313,68389-3-1-0.wav,68389,3,dog_bark,4
/scratch/pdoshi/audio_comp/urbansound8k_audio/07314_dog_bark.wav,7314,68389-3-2-0.wav,68389,3,dog_bark,4
/scratch/pdoshi/audio_comp/urbansound8k_audio/07315_car_horn.wav,7315,68657-1-0-0.wav,68657,1,car_horn,6
/scratch/pdoshi/audio_comp/urbansound8k_audio/07316_children_playing.wav,7316,6902-2-0-12.wav,6902,2,children_playing,7
/scratch/pdoshi/audio_comp/urbansound8k_audio/07317_children_playing.wav,7317,6902-2-0-18.wav,6902,2,children_playing,7
/scratch/pdoshi/audio_comp/urbansound8k_audio/07318_children_playing.wav,7318,6902-2-0-26.wav,6902,2,children_playing,7
/scratch/pdoshi/audio_comp/urbansound8k_audio/07319_children_playing.wav,7319,6902-2-0-4.wav,6902,2,children_playing,7
/scratch/pdoshi/audio_comp/urbansound8k_audio/07320_children_playing.wav,7320,6902-2-0-5.wav,6902,2,children_playing,7
/scratch/pdoshi/audio_comp/urbansound8k_audio/07321_children_playing.wav,7321,6902-2-0-7.wav,6902,2,children_playing,7
/scratch/pdoshi/audio_comp/urbansound8k_audio/07322_children_playing.wav,7322,6902-2-0-9.wav,6902,2,children_playing,7
/scratch/pdoshi/audio_comp/urbansound8k_audio/07323_street_music.wav,7323,69304-9-0-0.wav,69304,9,street_music,1
/scratch/pdoshi/audio_comp/urbansound8k_audio/07324_street_music.wav,7324,69304-9-0-12.wav,69304,9,street_music,1
/scratch/pdoshi/audio_comp/urbansound8k_audio/07325_street_music.wav,7325,69304-9-0-14.wav,69304,9,street_music,1
/scratch/pdoshi/audio_comp/urbansound8k_audio/07326_street_music.wav,7326,69304-9-0-15.wav,69304,9,street_music,1
/scratch/pdoshi/audio_comp/urbansound8k_audio/07327_street_music.wav,7327,69304-9-0-6.wav,69304,9,street_music,1
/scratch/pdoshi/audio_comp/urbansound8k_audio/07328_street_music.wav,7328,69304-9-0-7.wav,69304,9,street_music,1
/scratch/pdoshi/audio_comp/urbansound8k_audio/07329_drilling.wav,7329,69598-4-0-0.wav,69598,4,drilling,3
/scratch/pdoshi/audio_comp/urbansound8k_audio/07330_drilling.wav,7330,69598-4-1-0.wav,69598,4,drilling,3
/scratch/pdoshi/audio_comp/urbansound8k_audio/07331_drilling.wav,7331,69598-4-2-0.wav,69598,4,drilling,3
/scratch/pdoshi/audio_comp/urbansound8k_audio/07332_drilling.wav,7332,69598-4-2-1.wav,69598,4,drilling,3
/scratch/pdoshi/audio_comp/urbansound8k_audio/07333_drilling.wav,7333,69598-4-3-0.wav,69598,4,drilling,3
/scratch/pdoshi/audio_comp/urbansound8k_audio/07334_drilling.wav,7334,69598-4-4-0.wav,69598,4,drilling,3
/scratch/pdoshi/audio_comp/urbansound8k_audio/07335_drilling.wav,7335,69598-4-5-0.wav,69598,4,drilling,3
/scratch/pdoshi/audio_comp/urbansound8k_audio/07336_drilling.wav,7336,69598-4-6-0.wav,69598,4,drilling,3
/scratch/pdoshi/audio_comp/urbansound8k_audio/07337_drilling.wav,7337,69598-4-6-1.wav,69598,4,drilling,3
/scratch/pdoshi/audio_comp/urbansound8k_audio/07338_drilling.wav,7338,69598-4-7-0.wav,69598,4,drilling,3
/scratch/pdoshi/audio_comp/urbansound8k_audio/07339_drilling.wav,7339,69598-4-8-0.wav,69598,4,drilling,3
/scratch/pdoshi/audio_comp/urbansound8k_audio/07340_drilling.wav,7340,69598-4-9-0.wav,69598,4,drilling,3
/scratch/pdoshi/audio_comp/urbansound8k_audio/07341_dog_bark.wav,7341,69661-3-0-14.wav,69661,3,dog_bark,10
/scratch/pdoshi/audio_comp/urbansound8k_audio/07342_dog_bark.wav,7342,69661-3-0-23.wav,69661,3,dog_bark,10
/scratch/pdoshi/audio_comp/urbansound8k_audio/07343_dog_bark.wav,7343,69661-3-0-29.wav,69661,3,dog_bark,10
/scratch/pdoshi/audio_comp/urbansound8k_audio/07344_dog_bark.wav,7344,69777-3-0-0.wav,69777,3,dog_bark,9
/scratch/pdoshi/audio_comp/urbansound8k_audio/07345_dog_bark.wav,7345,69777-3-0-1.wav,69777,3,dog_bark,9
/scratch/pdoshi/audio_comp/urbansound8k_audio/07346_dog_bark.wav,7346,69777-3-0-2.wav,69777,3,dog_bark,9
/scratch/pdoshi/audio_comp/urbansound8k_audio/07347_car_horn.wav,7347,6984-1-0-0.wav,6984,1,car_horn,8
/scratch/pdoshi/audio_comp/urbansound8k_audio/07348_engine_idling.wav,7348,6988-5-0-0.wav,6988,5,engine_idling,3
/scratch/pdoshi/audio_comp/urbansound8k_audio/07349_engine_idling.wav,7349,6988-5-0-1.wav,6988,5,engine_idling,3
/scratch/pdoshi/audio_comp/urbansound8k_audio/07350_engine_idling.wav,7350,6988-5-0-2.wav,6988,5,engine_idling,3
/scratch/pdoshi/audio_comp/urbansound8k_audio/07351_engine_idling.wav,7351,6988-5-0-3.wav,6988,5,engine_idling,3
/scratch/pdoshi/audio_comp/urbansound8k_audio/07352_engine_idling.wav,7352,6988-5-0-4.wav,6988,5,engine_idling,3
/scratch/pdoshi/audio_comp/urbansound8k_audio/07353_engine_idling.wav,7353,6988-5-0-5.wav,6988,5,engine_idling,3
/scratch/pdoshi/audio_comp/urbansound8k_audio/07354_dog_bark.wav,7354,69883-3-0-20.wav,69883,3,dog_bark,2
/scratch/pdoshi/audio_comp/urbansound8k_audio/07355_dog_bark.wav,7355,69883-3-0-5.wav,69883,3,dog_bark,2
/scratch/pdoshi/audio_comp/urbansound8k_audio/07356_dog_bark.wav,7356,69883-3-0-9.wav,69883,3,dog_bark,2
/scratch/pdoshi/audio_comp/urbansound8k_audio/07357_children_playing.wav,7357,69962-2-0-11.wav,69962,2,children_playing,6
/scratch/pdoshi/audio_comp/urbansound8k_audio/07358_children_playing.wav,7358,69962-2-0-15.wav,69962,2,children_playing,6
/scratch/pdoshi/audio_comp/urbansound8k_audio/07359_children_playing.wav,7359,69962-2-0-16.wav,69962,2,children_playing,6
/scratch/pdoshi/audio_comp/urbansound8k_audio/07360_children_playing.wav,7360,69962-2-0-17.wav,69962,2,children_playing,6
/scratch/pdoshi/audio_comp/urbansound8k_audio/07361_children_playing.wav,7361,69962-2-0-2.wav,69962,2,children_playing,6
/scratch/pdoshi/audio_comp/urbansound8k_audio/07362_children_playing.wav,7362,69962-2-0-20.wav,69962,2,children_playing,6
/scratch/pdoshi/audio_comp/urbansound8k_audio/07363_children_playing.wav,7363,69962-2-0-22.wav,69962,2,children_playing,6
/scratch/pdoshi/audio_comp/urbansound8k_audio/07364_children_playing.wav,7364,69962-2-0-25.wav,69962,2,children_playing,6
/scratch/pdoshi/audio_comp/urbansound8k_audio/07365_dog_bark.wav,7365,70098-3-0-0.wav,70098,3,dog_bark,9
/scratch/pdoshi/audio_comp/urbansound8k_audio/07366_dog_bark.wav,7366,70098-3-1-0.wav,70098,3,dog_bark,9
/scratch/pdoshi/audio_comp/urbansound8k_audio/07367_dog_bark.wav,7367,70098-3-2-0.wav,70098,3,dog_bark,9
/scratch/pdoshi/audio_comp/urbansound8k_audio/07368_dog_bark.wav,7368,70098-3-3-0.wav,70098,3,dog_bark,9
/scratch/pdoshi/audio_comp/urbansound8k_audio/07369_dog_bark.wav,7369,70168-3-1-11.wav,70168,3,dog_bark,8
/scratch/pdoshi/audio_comp/urbansound8k_audio/07370_dog_bark.wav,7370,70168-3-1-13.wav,70168,3,dog_bark,8
/scratch/pdoshi/audio_comp/urbansound8k_audio/07371_dog_bark.wav,7371,70168-3-1-20.wav,70168,3,dog_bark,8
/scratch/pdoshi/audio_comp/urbansound8k_audio/07372_dog_bark.wav,7372,70168-3-1-24.wav,70168,3,dog_bark,8
/scratch/pdoshi/audio_comp/urbansound8k_audio/07373_gun_shot.wav,7373,7060-6-0-0.wav,7060,6,gun_shot,7
/scratch/pdoshi/audio_comp/urbansound8k_audio/07374_gun_shot.wav,7374,7060-6-1-0.wav,7060,6,gun_shot,7
/scratch/pdoshi/audio_comp/urbansound8k_audio/07375_gun_shot.wav,7375,7060-6-2-0.wav,7060,6,gun_shot,7
/scratch/pdoshi/audio_comp/urbansound8k_audio/07376_gun_shot.wav,7376,7061-6-0-0.wav,7061,6,gun_shot,1
/scratch/pdoshi/audio_comp/urbansound8k_audio/07377_gun_shot.wav,7377,7062-6-0-0.wav,7062,6,gun_shot,10
/scratch/pdoshi/audio_comp/urbansound8k_audio/07378_gun_shot.wav,7378,7063-6-0-0.wav,7063,6,gun_shot,9
/scratch/pdoshi/audio_comp/urbansound8k_audio/07379_gun_shot.wav,7379,7064-6-0-0.wav,7064,6,gun_shot,4
/scratch/pdoshi/audio_comp/urbansound8k_audio/07380_gun_shot.wav,7380,7064-6-1-0.wav,7064,6,gun_shot,4
/scratch/pdoshi/audio_comp/urbansound8k_audio/07381_gun_shot.wav,7381,7064-6-2-0.wav,7064,6,gun_shot,4
/scratch/pdoshi/audio_comp/urbansound8k_audio/07382_gun_shot.wav,7382,7064-6-3-0.wav,7064,6,gun_shot,4
/scratch/pdoshi/audio_comp/urbansound8k_audio/07383_gun_shot.wav,7383,7064-6-4-0.wav,7064,6,gun_shot,4
/scratch/pdoshi/audio_comp/urbansound8k_audio/07384_gun_shot.wav,7384,7064-6-5-0.wav,7064,6,gun_shot,4
/scratch/pdoshi/audio_comp/urbansound8k_audio/07385_gun_shot.wav,7385,7065-6-0-0.wav,7065,6,gun_shot,8
/scratch/pdoshi/audio_comp/urbansound8k_audio/07386_gun_shot.wav,7386,7066-6-0-0.wav,7066,6,gun_shot,5
/scratch/pdoshi/audio_comp/urbansound8k_audio/07387_gun_shot.wav,7387,7066-6-1-0.wav,7066,6,gun_shot,5
/scratch/pdoshi/audio_comp/urbansound8k_audio/07388_gun_shot.wav,7388,7067-6-0-0.wav,7067,6,gun_shot,7
/scratch/pdoshi/audio_comp/urbansound8k_audio/07389_gun_shot.wav,7389,7068-6-0-0.wav,7068,6,gun_shot,8
/scratch/pdoshi/audio_comp/urbansound8k_audio/07390_siren.wav,7390,70740-8-0-0.wav,70740,8,siren,6
/scratch/pdoshi/audio_comp/urbansound8k_audio/07391_drilling.wav,7391,71079-4-0-0.wav,71079,4,drilling,6
/scratch/pdoshi/audio_comp/urbansound8k_audio/07392_drilling.wav,7392,71079-4-1-0.wav,71079,4,drilling,6
/scratch/pdoshi/audio_comp/urbansound8k_audio/07393_drilling.wav,7393,71080-4-0-0.wav,71080,4,drilling,2
/scratch/pdoshi/audio_comp/urbansound8k_audio/07394_drilling.wav,7394,71080-4-1-0.wav,71080,4,drilling,2
/scratch/pdoshi/audio_comp/urbansound8k_audio/07395_drilling.wav,7395,71082-4-0-0.wav,71082,4,drilling,9
/scratch/pdoshi/audio_comp/urbansound8k_audio/07396_drilling.wav,7396,71082-4-1-0.wav,71082,4,drilling,9
/scratch/pdoshi/audio_comp/urbansound8k_audio/07397_drilling.wav,7397,71086-4-0-0.wav,71086,4,drilling,5
/scratch/pdoshi/audio_comp/urbansound8k_audio/07398_drilling.wav,7398,71086-4-1-0.wav,71086,4,drilling,5
/scratch/pdoshi/audio_comp/urbansound8k_audio/07399_drilling.wav,7399,71086-4-2-0.wav,71086,4,drilling,5
/scratch/pdoshi/audio_comp/urbansound8k_audio/07400_drilling.wav,7400,71087-4-0-0.wav,71087,4,drilling,1
/scratch/pdoshi/audio_comp/urbansound8k_audio/07401_drilling.wav,7401,71087-4-1-0.wav,71087,4,drilling,1
/scratch/pdoshi/audio_comp/urbansound8k_audio/07402_drilling.wav,7402,71088-4-0-0.wav,71088,4,drilling,6
/scratch/pdoshi/audio_comp/urbansound8k_audio/07403_drilling.wav,7403,71088-4-1-0.wav,71088,4,drilling,6
/scratch/pdoshi/audio_comp/urbansound8k_audio/07404_drilling.wav,7404,71088-4-2-0.wav,71088,4,drilling,6
/scratch/pdoshi/audio_comp/urbansound8k_audio/07405_drilling.wav,7405,71171-4-0-0.wav,71171,4,drilling,5
/scratch/pdoshi/audio_comp/urbansound8k_audio/07406_drilling.wav,7406,71171-4-0-1.wav,71171,4,drilling,5
/scratch/pdoshi/audio_comp/urbansound8k_audio/07407_drilling.wav,7407,71171-4-0-2.wav,71171,4,drilling,5
/scratch/pdoshi/audio_comp/urbansound8k_audio/07408_drilling.wav,7408,71171-4-0-3.wav,71171,4,drilling,5
/scratch/pdoshi/audio_comp/urbansound8k_audio/07409_drilling.wav,7409,71171-4-0-4.wav,71171,4,drilling,5
/scratch/pdoshi/audio_comp/urbansound8k_audio/07410_drilling.wav,7410,71171-4-1-0.wav,71171,4,drilling,5
/scratch/pdoshi/audio_comp/urbansound8k_audio/07411_drilling.wav,7411,71171-4-1-1.wav,71171,4,drilling,5
/scratch/pdoshi/audio_comp/urbansound8k_audio/07412_drilling.wav,7412,71171-4-1-2.wav,71171,4,drilling,5
/scratch/pdoshi/audio_comp/urbansound8k_audio/07413_drilling.wav,7413,71171-4-1-3.wav,71171,4,drilling,5
/scratch/pdoshi/audio_comp/urbansound8k_audio/07414_drilling.wav,7414,71171-4-1-4.wav,71171,4,drilling,5
/scratch/pdoshi/audio_comp/urbansound8k_audio/07415_drilling.wav,7415,71171-4-1-5.wav,71171,4,drilling,5
/scratch/pdoshi/audio_comp/urbansound8k_audio/07416_drilling.wav,7416,71171-4-2-0.wav,71171,4,drilling,5
/scratch/pdoshi/audio_comp/urbansound8k_audio/07417_drilling.wav,7417,71171-4-2-1.wav,71171,4,drilling,5
/scratch/pdoshi/audio_comp/urbansound8k_audio/07418_drilling.wav,7418,71171-4-3-0.wav,71171,4,drilling,5
/scratch/pdoshi/audio_comp/urbansound8k_audio/07419_drilling.wav,7419,71171-4-3-1.wav,71171,4,drilling,5
/scratch/pdoshi/audio_comp/urbansound8k_audio/07420_drilling.wav,7420,71171-4-3-2.wav,71171,4,drilling,5
/scratch/pdoshi/audio_comp/urbansound8k_audio/07421_drilling.wav,7421,71171-4-4-0.wav,71171,4,drilling,5
/scratch/pdoshi/audio_comp/urbansound8k_audio/07422_drilling.wav,7422,71171-4-5-0.wav,71171,4,drilling,5
/scratch/pdoshi/audio_comp/urbansound8k_audio/07423_children_playing.wav,7423,71173-2-0-103.wav,71173,2,children_playing,5
/scratch/pdoshi/audio_comp/urbansound8k_audio/07424_children_playing.wav,7424,71173-2-0-13.wav,71173,2,children_playing,5
/scratch/pdoshi/audio_comp/urbansound8k_audio/07425_children_playing.wav,7425,71173-2-0-17.wav,71173,2,children_playing,5
/scratch/pdoshi/audio_comp/urbansound8k_audio/07426_children_playing.wav,7426,71173-2-0-21.wav,71173,2,children_playing,5
/scratch/pdoshi/audio_comp/urbansound8k_audio/07427_children_playing.wav,7427,71173-2-0-24.wav,71173,2,children_playing,5
/scratch/pdoshi/audio_comp/urbansound8k_audio/07428_children_playing.wav,7428,71173-2-0-69.wav,71173,2,children_playing,5
/scratch/pdoshi/audio_comp/urbansound8k_audio/07429_children_playing.wav,7429,71173-2-0-71.wav,71173,2,children_playing,5
/scratch/pdoshi/audio_comp/urbansound8k_audio/07430_children_playing.wav,7430,71173-2-0-88.wav,71173,2,children_playing,5
/scratch/pdoshi/audio_comp/urbansound8k_audio/07431_siren.wav,7431,71177-8-0-0.wav,71177,8,siren,8
/scratch/pdoshi/audio_comp/urbansound8k_audio/07432_siren.wav,7432,71177-8-0-1.wav,71177,8,siren,8
/scratch/pdoshi/audio_comp/urbansound8k_audio/07433_siren.wav,7433,71177-8-1-0.wav,71177,8,siren,8
/scratch/pdoshi/audio_comp/urbansound8k_audio/07434_siren.wav,7434,71177-8-1-1.wav,71177,8,siren,8
/scratch/pdoshi/audio_comp/urbansound8k_audio/07435_siren.wav,7435,71177-8-1-2.wav,71177,8,siren,8
/scratch/pdoshi/audio_comp/urbansound8k_audio/07436_siren.wav,7436,71177-8-1-3.wav,71177,8,siren,8
/scratch/pdoshi/audio_comp/urbansound8k_audio/07437_siren.wav,7437,71177-8-1-4.wav,71177,8,siren,8
/scratch/pdoshi/audio_comp/urbansound8k_audio/07438_siren.wav,7438,71177-8-2-0.wav,71177,8,siren,8
/scratch/pdoshi/audio_comp/urbansound8k_audio/07439_siren.wav,7439,71177-8-2-1.wav,71177,8,siren,8
/scratch/pdoshi/audio_comp/urbansound8k_audio/07440_car_horn.wav,7440,71309-1-0-0.wav,71309,1,car_horn,8
/scratch/pdoshi/audio_comp/urbansound8k_audio/07441_car_horn.wav,7441,71309-1-0-1.wav,71309,1,car_horn,8
/scratch/pdoshi/audio_comp/urbansound8k_audio/07442_car_horn.wav,7442,71309-1-0-2.wav,71309,1,car_horn,8
/scratch/pdoshi/audio_comp/urbansound8k_audio/07443_car_horn.wav,7443,71309-1-0-3.wav,71309,1,car_horn,8
/scratch/pdoshi/audio_comp/urbansound8k_audio/07444_car_horn.wav,7444,71309-1-0-4.wav,71309,1,car_horn,8
/scratch/pdoshi/audio_comp/urbansound8k_audio/07445_car_horn.wav,7445,71309-1-0-5.wav,71309,1,car_horn,8
/scratch/pdoshi/audio_comp/urbansound8k_audio/07446_car_horn.wav,7446,71309-1-0-6.wav,71309,1,car_horn,8
/scratch/pdoshi/audio_comp/urbansound8k_audio/07447_car_horn.wav,7447,71309-1-0-7.wav,71309,1,car_horn,8
/scratch/pdoshi/audio_comp/urbansound8k_audio/07448_car_horn.wav,7448,71309-1-0-8.wav,71309,1,car_horn,8
/scratch/pdoshi/audio_comp/urbansound8k_audio/07449_car_horn.wav,7449,71309-1-1-0.wav,71309,1,car_horn,8
/scratch/pdoshi/audio_comp/urbansound8k_audio/07450_car_horn.wav,7450,71309-1-2-0.wav,71309,1,car_horn,8
/scratch/pdoshi/audio_comp/urbansound8k_audio/07451_dog_bark.wav,7451,71312-3-0-1.wav,71312,3,dog_bark,10
/scratch/pdoshi/audio_comp/urbansound8k_audio/07452_dog_bark.wav,7452,71312-3-0-2.wav,71312,3,dog_bark,10
/scratch/pdoshi/audio_comp/urbansound8k_audio/07453_dog_bark.wav,7453,71312-3-0-4.wav,71312,3,dog_bark,10
/scratch/pdoshi/audio_comp/urbansound8k_audio/07454_dog_bark.wav,7454,71312-3-0-5.wav,71312,3,dog_bark,10
/scratch/pdoshi/audio_comp/urbansound8k_audio/07455_car_horn.wav,7455,71439-1-0-0.wav,71439,1,car_horn,5
/scratch/pdoshi/audio_comp/urbansound8k_audio/07456_car_horn.wav,7456,71439-1-1-0.wav,71439,1,car_horn,5
/scratch/pdoshi/audio_comp/urbansound8k_audio/07457_car_horn.wav,7457,71439-1-2-0.wav,71439,1,car_horn,5
/scratch/pdoshi/audio_comp/urbansound8k_audio/07458_car_horn.wav,7458,71439-1-3-0.wav,71439,1,car_horn,5
/scratch/pdoshi/audio_comp/urbansound8k_audio/07459_drilling.wav,7459,71529-4-0-0.wav,71529,4,drilling,7
/scratch/pdoshi/audio_comp/urbansound8k_audio/07460_drilling.wav,7460,71529-4-0-1.wav,71529,4,drilling,7
/scratch/pdoshi/audio_comp/urbansound8k_audio/07461_drilling.wav,7461,71529-4-0-2.wav,71529,4,drilling,7
/scratch/pdoshi/audio_comp/urbansound8k_audio/07462_drilling.wav,7462,71529-4-1-0.wav,71529,4,drilling,7
/scratch/pdoshi/audio_comp/urbansound8k_audio/07463_drilling.wav,7463,71529-4-1-1.wav,71529,4,drilling,7
/scratch/pdoshi/audio_comp/urbansound8k_audio/07464_drilling.wav,7464,71529-4-1-2.wav,71529,4,drilling,7
/scratch/pdoshi/audio_comp/urbansound8k_audio/07465_drilling.wav,7465,71529-4-1-3.wav,71529,4,drilling,7
/scratch/pdoshi/audio_comp/urbansound8k_audio/07466_drilling.wav,7466,71529-4-1-4.wav,71529,4,drilling,7
/scratch/pdoshi/audio_comp/urbansound8k_audio/07467_drilling.wav,7467,71529-4-1-5.wav,71529,4,drilling,7
/scratch/pdoshi/audio_comp/urbansound8k_audio/07468_drilling.wav,7468,71529-4-1-6.wav,71529,4,drilling,7
/scratch/pdoshi/audio_comp/urbansound8k_audio/07469_dog_bark.wav,7469,71700-3-3-2.wav,71700,3,dog_bark,8
/scratch/pdoshi/audio_comp/urbansound8k_audio/07470_dog_bark.wav,7470,71700-3-4-0.wav,71700,3,dog_bark,8
/scratch/pdoshi/audio_comp/urbansound8k_audio/07471_dog_bark.wav,7471,71700-3-4-1.wav,71700,3,dog_bark,8
/scratch/pdoshi/audio_comp/urbansound8k_audio/07472_dog_bark.wav,7472,71700-3-4-3.wav,71700,3,dog_bark,8
/scratch/pdoshi/audio_comp/urbansound8k_audio/07473_street_music.wav,7473,71866-9-0-14.wav,71866,9,street_music,7
/scratch/pdoshi/audio_comp/urbansound8k_audio/07474_street_music.wav,7474,71866-9-0-21.wav,71866,9,street_music,7
/scratch/pdoshi/audio_comp/urbansound8k_audio/07475_street_music.wav,7475,71866-9-0-23.wav,71866,9,street_music,7
/scratch/pdoshi/audio_comp/urbansound8k_audio/07476_street_music.wav,7476,71866-9-0-3.wav,71866,9,street_music,7
/scratch/pdoshi/audio_comp/urbansound8k_audio/07477_street_music.wav,7477,71866-9-0-31.wav,71866,9,street_music,7
/scratch/pdoshi/audio_comp/urbansound8k_audio/07478_street_music.wav,7478,71866-9-0-32.wav,71866,9,street_music,7
/scratch/pdoshi/audio_comp/urbansound8k_audio/07479_children_playing.wav,7479,72015-2-0-0.wav,72015,2,children_playing,8
/scratch/pdoshi/audio_comp/urbansound8k_audio/07480_children_playing.wav,7480,72015-2-0-1.wav,72015,2,children_playing,8
/scratch/pdoshi/audio_comp/urbansound8k_audio/07481_children_playing.wav,7481,72015-2-0-2.wav,72015,2,children_playing,8
/scratch/pdoshi/audio_comp/urbansound8k_audio/07482_children_playing.wav,7482,72015-2-0-3.wav,72015,2,children_playing,8
/scratch/pdoshi/audio_comp/urbansound8k_audio/07483_children_playing.wav,7483,72015-2-0-4.wav,72015,2,children_playing,8
/scratch/pdoshi/audio_comp/urbansound8k_audio/07484_children_playing.wav,7484,72015-2-0-5.wav,72015,2,children_playing,8
/scratch/pdoshi/audio_comp/urbansound8k_audio/07485_dog_bark.wav,7485,72220-3-0-0.wav,72220,3,dog_bark,10
/scratch/pdoshi/audio_comp/urbansound8k_audio/07486_dog_bark.wav,7486,72220-3-2-2.wav,72220,3,dog_bark,10
/scratch/pdoshi/audio_comp/urbansound8k_audio/07487_dog_bark.wav,7487,72220-3-2-3.wav,72220,3,dog_bark,10
/scratch/pdoshi/audio_comp/urbansound8k_audio/07488_dog_bark.wav,7488,72220-3-2-4.wav,72220,3,dog_bark,10
/scratch/pdoshi/audio_comp/urbansound8k_audio/07489_dog_bark.wav,7489,72221-3-1-0.wav,72221,3,dog_bark,8
/scratch/pdoshi/audio_comp/urbansound8k_audio/07490_dog_bark.wav,7490,72221-3-4-1.wav,72221,3,dog_bark,8
/scratch/pdoshi/audio_comp/urbansound8k_audio/07491_dog_bark.wav,7491,72221-3-4-5.wav,72221,3,dog_bark,8
/scratch/pdoshi/audio_comp/urbansound8k_audio/07492_dog_bark.wav,7492,72221-3-4-7.wav,72221,3,dog_bark,8
/scratch/pdoshi/audio_comp/urbansound8k_audio/07493_car_horn.wav,7493,72259-1-0-0.wav,72259,1,car_horn,5
/scratch/pdoshi/audio_comp/urbansound8k_audio/07494_car_horn.wav,7494,72259-1-0-1.wav,72259,1,car_horn,5
/scratch/pdoshi/audio_comp/urbansound8k_audio/07495_car_horn.wav,7495,72259-1-0-2.wav,72259,1,car_horn,5
/scratch/pdoshi/audio_comp/urbansound8k_audio/07496_car_horn.wav,7496,72259-1-0-3.wav,72259,1,car_horn,5
/scratch/pdoshi/audio_comp/urbansound8k_audio/07497_car_horn.wav,7497,72259-1-0-4.wav,72259,1,car_horn,5
/scratch/pdoshi/audio_comp/urbansound8k_audio/07498_car_horn.wav,7498,72259-1-0-5.wav,72259,1,car_horn,5
/scratch/pdoshi/audio_comp/urbansound8k_audio/07499_car_horn.wav,7499,72259-1-1-0.wav,72259,1,car_horn,5
/scratch/pdoshi/audio_comp/urbansound8k_audio/07500_car_horn.wav,7500,72259-1-10-0.wav,72259,1,car_horn,5
/scratch/pdoshi/audio_comp/urbansound8k_audio/07501_car_horn.wav,7501,72259-1-10-1.wav,72259,1,car_horn,5
/scratch/pdoshi/audio_comp/urbansound8k_audio/07502_car_horn.wav,7502,72259-1-10-10.wav,72259,1,car_horn,5
/scratch/pdoshi/audio_comp/urbansound8k_audio/07503_car_horn.wav,7503,72259-1-10-11.wav,72259,1,car_horn,5
/scratch/pdoshi/audio_comp/urbansound8k_audio/07504_car_horn.wav,7504,72259-1-10-12.wav,72259,1,car_horn,5
/scratch/pdoshi/audio_comp/urbansound8k_audio/07505_car_horn.wav,7505,72259-1-10-13.wav,72259,1,car_horn,5
/scratch/pdoshi/audio_comp/urbansound8k_audio/07506_car_horn.wav,7506,72259-1-10-14.wav,72259,1,car_horn,5
/scratch/pdoshi/audio_comp/urbansound8k_audio/07507_car_horn.wav,7507,72259-1-10-2.wav,72259,1,car_horn,5
/scratch/pdoshi/audio_comp/urbansound8k_audio/07508_car_horn.wav,7508,72259-1-10-3.wav,72259,1,car_horn,5
/scratch/pdoshi/audio_comp/urbansound8k_audio/07509_car_horn.wav,7509,72259-1-10-4.wav,72259,1,car_horn,5
/scratch/pdoshi/audio_comp/urbansound8k_audio/07510_car_horn.wav,7510,72259-1-10-5.wav,72259,1,car_horn,5
/scratch/pdoshi/audio_comp/urbansound8k_audio/07511_car_horn.wav,7511,72259-1-10-6.wav,72259,1,car_horn,5
/scratch/pdoshi/audio_comp/urbansound8k_audio/07512_car_horn.wav,7512,72259-1-10-7.wav,72259,1,car_horn,5
/scratch/pdoshi/audio_comp/urbansound8k_audio/07513_car_horn.wav,7513,72259-1-10-8.wav,72259,1,car_horn,5
/scratch/pdoshi/audio_comp/urbansound8k_audio/07514_car_horn.wav,7514,72259-1-10-9.wav,72259,1,car_horn,5
/scratch/pdoshi/audio_comp/urbansound8k_audio/07515_car_horn.wav,7515,72259-1-2-0.wav,72259,1,car_horn,5
/scratch/pdoshi/audio_comp/urbansound8k_audio/07516_car_horn.wav,7516,72259-1-3-0.wav,72259,1,car_horn,5
/scratch/pdoshi/audio_comp/urbansound8k_audio/07517_car_horn.wav,7517,72259-1-5-0.wav,72259,1,car_horn,5
/scratch/pdoshi/audio_comp/urbansound8k_audio/07518_car_horn.wav,7518,72259-1-5-1.wav,72259,1,car_horn,5
/scratch/pdoshi/audio_comp/urbansound8k_audio/07519_car_horn.wav,7519,72259-1-5-2.wav,72259,1,car_horn,5
/scratch/pdoshi/audio_comp/urbansound8k_audio/07520_car_horn.wav,7520,72259-1-5-3.wav,72259,1,car_horn,5
/scratch/pdoshi/audio_comp/urbansound8k_audio/07521_car_horn.wav,7521,72259-1-5-4.wav,72259,1,car_horn,5
/scratch/pdoshi/audio_comp/urbansound8k_audio/07522_car_horn.wav,7522,72259-1-6-0.wav,72259,1,car_horn,5
/scratch/pdoshi/audio_comp/urbansound8k_audio/07523_car_horn.wav,7523,72259-1-6-1.wav,72259,1,car_horn,5
/scratch/pdoshi/audio_comp/urbansound8k_audio/07524_car_horn.wav,7524,72259-1-7-0.wav,72259,1,car_horn,5
/scratch/pdoshi/audio_comp/urbansound8k_audio/07525_car_horn.wav,7525,72259-1-7-1.wav,72259,1,car_horn,5
/scratch/pdoshi/audio_comp/urbansound8k_audio/07526_car_horn.wav,7526,72259-1-7-10.wav,72259,1,car_horn,5
/scratch/pdoshi/audio_comp/urbansound8k_audio/07527_car_horn.wav,7527,72259-1-7-11.wav,72259,1,car_horn,5
/scratch/pdoshi/audio_comp/urbansound8k_audio/07528_car_horn.wav,7528,72259-1-7-12.wav,72259,1,car_horn,5
/scratch/pdoshi/audio_comp/urbansound8k_audio/07529_car_horn.wav,7529,72259-1-7-13.wav,72259,1,car_horn,5
/scratch/pdoshi/audio_comp/urbansound8k_audio/07530_car_horn.wav,7530,72259-1-7-14.wav,72259,1,car_horn,5
/scratch/pdoshi/audio_comp/urbansound8k_audio/07531_car_horn.wav,7531,72259-1-7-15.wav,72259,1,car_horn,5
/scratch/pdoshi/audio_comp/urbansound8k_audio/07532_car_horn.wav,7532,72259-1-7-16.wav,72259,1,car_horn,5
/scratch/pdoshi/audio_comp/urbansound8k_audio/07533_car_horn.wav,7533,72259-1-7-17.wav,72259,1,car_horn,5
/scratch/pdoshi/audio_comp/urbansound8k_audio/07534_car_horn.wav,7534,72259-1-7-18.wav,72259,1,car_horn,5
/scratch/pdoshi/audio_comp/urbansound8k_audio/07535_car_horn.wav,7535,72259-1-7-19.wav,72259,1,car_horn,5
/scratch/pdoshi/audio_comp/urbansound8k_audio/07536_car_horn.wav,7536,72259-1-7-2.wav,72259,1,car_horn,5
/scratch/pdoshi/audio_comp/urbansound8k_audio/07537_car_horn.wav,7537,72259-1-7-20.wav,72259,1,car_horn,5
/scratch/pdoshi/audio_comp/urbansound8k_audio/07538_car_horn.wav,7538,72259-1-7-21.wav,72259,1,car_horn,5
/scratch/pdoshi/audio_comp/urbansound8k_audio/07539_car_horn.wav,7539,72259-1-7-22.wav,72259,1,car_horn,5
/scratch/pdoshi/audio_comp/urbansound8k_audio/07540_car_horn.wav,7540,72259-1-7-3.wav,72259,1,car_horn,5
/scratch/pdoshi/audio_comp/urbansound8k_audio/07541_car_horn.wav,7541,72259-1-7-4.wav,72259,1,car_horn,5
/scratch/pdoshi/audio_comp/urbansound8k_audio/07542_car_horn.wav,7542,72259-1-7-5.wav,72259,1,car_horn,5
/scratch/pdoshi/audio_comp/urbansound8k_audio/07543_car_horn.wav,7543,72259-1-7-6.wav,72259,1,car_horn,5
/scratch/pdoshi/audio_comp/urbansound8k_audio/07544_car_horn.wav,7544,72259-1-7-7.wav,72259,1,car_horn,5
/scratch/pdoshi/audio_comp/urbansound8k_audio/07545_car_horn.wav,7545,72259-1-7-8.wav,72259,1,car_horn,5
/scratch/pdoshi/audio_comp/urbansound8k_audio/07546_car_horn.wav,7546,72259-1-7-9.wav,72259,1,car_horn,5
/scratch/pdoshi/audio_comp/urbansound8k_audio/07547_car_horn.wav,7547,72259-1-8-0.wav,72259,1,car_horn,5
/scratch/pdoshi/audio_comp/urbansound8k_audio/07548_car_horn.wav,7548,72259-1-9-0.wav,72259,1,car_horn,5
/scratch/pdoshi/audio_comp/urbansound8k_audio/07549_car_horn.wav,7549,72259-1-9-1.wav,72259,1,car_horn,5
/scratch/pdoshi/audio_comp/urbansound8k_audio/07550_car_horn.wav,7550,72259-1-9-10.wav,72259,1,car_horn,5
/scratch/pdoshi/audio_comp/urbansound8k_audio/07551_car_horn.wav,7551,72259-1-9-11.wav,72259,1,car_horn,5
/scratch/pdoshi/audio_comp/urbansound8k_audio/07552_car_horn.wav,7552,72259-1-9-12.wav,72259,1,car_horn,5
/scratch/pdoshi/audio_comp/urbansound8k_audio/07553_car_horn.wav,7553,72259-1-9-13.wav,72259,1,car_horn,5
/scratch/pdoshi/audio_comp/urbansound8k_audio/07554_car_horn.wav,7554,72259-1-9-14.wav,72259,1,car_horn,5
/scratch/pdoshi/audio_comp/urbansound8k_audio/07555_car_horn.wav,7555,72259-1-9-15.wav,72259,1,car_horn,5
/scratch/pdoshi/audio_comp/urbansound8k_audio/07556_car_horn.wav,7556,72259-1-9-16.wav,72259,1,car_horn,5
/scratch/pdoshi/audio_comp/urbansound8k_audio/07557_car_horn.wav,7557,72259-1-9-17.wav,72259,1,car_horn,5
/scratch/pdoshi/audio_comp/urbansound8k_audio/07558_car_horn.wav,7558,72259-1-9-2.wav,72259,1,car_horn,5
/scratch/pdoshi/audio_comp/urbansound8k_audio/07559_car_horn.wav,7559,72259-1-9-3.wav,72259,1,car_horn,5
/scratch/pdoshi/audio_comp/urbansound8k_audio/07560_car_horn.wav,7560,72259-1-9-4.wav,72259,1,car_horn,5
/scratch/pdoshi/audio_comp/urbansound8k_audio/07561_car_horn.wav,7561,72259-1-9-5.wav,72259,1,car_horn,5
/scratch/pdoshi/audio_comp/urbansound8k_audio/07562_car_horn.wav,7562,72259-1-9-6.wav,72259,1,car_horn,5
/scratch/pdoshi/audio_comp/urbansound8k_audio/07563_car_horn.wav,7563,72259-1-9-7.wav,72259,1,car_horn,5
/scratch/pdoshi/audio_comp/urbansound8k_audio/07564_car_horn.wav,7564,72259-1-9-8.wav,72259,1,car_horn,5
/scratch/pdoshi/audio_comp/urbansound8k_audio/07565_car_horn.wav,7565,72259-1-9-9.wav,72259,1,car_horn,5
/scratch/pdoshi/audio_comp/urbansound8k_audio/07566_dog_bark.wav,7566,72261-3-0-17.wav,72261,3,dog_bark,1
/scratch/pdoshi/audio_comp/urbansound8k_audio/07567_dog_bark.wav,7567,72261-3-0-23.wav,72261,3,dog_bark,1
/scratch/pdoshi/audio_comp/urbansound8k_audio/07568_dog_bark.wav,7568,72261-3-0-27.wav,72261,3,dog_bark,1
/scratch/pdoshi/audio_comp/urbansound8k_audio/07569_dog_bark.wav,7569,72261-3-0-6.wav,72261,3,dog_bark,1
/scratch/pdoshi/audio_comp/urbansound8k_audio/07570_dog_bark.wav,7570,72265-3-15-0.wav,72265,3,dog_bark,9
/scratch/pdoshi/audio_comp/urbansound8k_audio/07571_dog_bark.wav,7571,72265-3-4-0.wav,72265,3,dog_bark,9
/scratch/pdoshi/audio_comp/urbansound8k_audio/07572_dog_bark.wav,7572,72265-3-5-0.wav,72265,3,dog_bark,9
/scratch/pdoshi/audio_comp/urbansound8k_audio/07573_dog_bark.wav,7573,72265-3-7-0.wav,72265,3,dog_bark,9
/scratch/pdoshi/audio_comp/urbansound8k_audio/07574_dog_bark.wav,7574,72537-3-0-2.wav,72537,3,dog_bark,3
/scratch/pdoshi/audio_comp/urbansound8k_audio/07575_dog_bark.wav,7575,72537-3-0-6.wav,72537,3,dog_bark,3
/scratch/pdoshi/audio_comp/urbansound8k_audio/07576_dog_bark.wav,7576,72537-3-0-8.wav,72537,3,dog_bark,3
/scratch/pdoshi/audio_comp/urbansound8k_audio/07577_dog_bark.wav,7577,72538-3-0-0.wav,72538,3,dog_bark,10
/scratch/pdoshi/audio_comp/urbansound8k_audio/07578_dog_bark.wav,7578,72538-3-0-1.wav,72538,3,dog_bark,10
/scratch/pdoshi/audio_comp/urbansound8k_audio/07579_dog_bark.wav,7579,72538-3-0-3.wav,72538,3,dog_bark,10
/scratch/pdoshi/audio_comp/urbansound8k_audio/07580_dog_bark.wav,7580,72538-3-0-4.wav,72538,3,dog_bark,10
/scratch/pdoshi/audio_comp/urbansound8k_audio/07581_dog_bark.wav,7581,72539-3-0-1.wav,72539,3,dog_bark,2
/scratch/pdoshi/audio_comp/urbansound8k_audio/07582_dog_bark.wav,7582,72539-3-0-5.wav,72539,3,dog_bark,2
/scratch/pdoshi/audio_comp/urbansound8k_audio/07583_dog_bark.wav,7583,72539-3-0-6.wav,72539,3,dog_bark,2
/scratch/pdoshi/audio_comp/urbansound8k_audio/07584_dog_bark.wav,7584,72539-3-0-8.wav,72539,3,dog_bark,2
/scratch/pdoshi/audio_comp/urbansound8k_audio/07585_car_horn.wav,7585,72567-1-0-0.wav,72567,1,car_horn,2
/scratch/pdoshi/audio_comp/urbansound8k_audio/07586_car_horn.wav,7586,72567-1-0-1.wav,72567,1,car_horn,2
/scratch/pdoshi/audio_comp/urbansound8k_audio/07587_car_horn.wav,7587,72567-1-1-0.wav,72567,1,car_horn,2
/scratch/pdoshi/audio_comp/urbansound8k_audio/07588_car_horn.wav,7588,72567-1-2-0.wav,72567,1,car_horn,2
/scratch/pdoshi/audio_comp/urbansound8k_audio/07589_car_horn.wav,7589,72567-1-2-1.wav,72567,1,car_horn,2
/scratch/pdoshi/audio_comp/urbansound8k_audio/07590_car_horn.wav,7590,72567-1-2-2.wav,72567,1,car_horn,2
/scratch/pdoshi/audio_comp/urbansound8k_audio/07591_car_horn.wav,7591,72567-1-2-3.wav,72567,1,car_horn,2
/scratch/pdoshi/audio_comp/urbansound8k_audio/07592_car_horn.wav,7592,72567-1-2-4.wav,72567,1,car_horn,2
/scratch/pdoshi/audio_comp/urbansound8k_audio/07593_car_horn.wav,7593,72567-1-2-5.wav,72567,1,car_horn,2
/scratch/pdoshi/audio_comp/urbansound8k_audio/07594_car_horn.wav,7594,72567-1-3-0.wav,72567,1,car_horn,2
/scratch/pdoshi/audio_comp/urbansound8k_audio/07595_car_horn.wav,7595,72567-1-4-0.wav,72567,1,car_horn,2
/scratch/pdoshi/audio_comp/urbansound8k_audio/07596_car_horn.wav,7596,72567-1-4-1.wav,72567,1,car_horn,2
/scratch/pdoshi/audio_comp/urbansound8k_audio/07597_car_horn.wav,7597,72567-1-4-2.wav,72567,1,car_horn,2
/scratch/pdoshi/audio_comp/urbansound8k_audio/07598_car_horn.wav,7598,72567-1-4-3.wav,72567,1,car_horn,2
/scratch/pdoshi/audio_comp/urbansound8k_audio/07599_car_horn.wav,7599,72567-1-4-4.wav,72567,1,car_horn,2
/scratch/pdoshi/audio_comp/urbansound8k_audio/07600_car_horn.wav,7600,72567-1-4-5.wav,72567,1,car_horn,2
/scratch/pdoshi/audio_comp/urbansound8k_audio/07601_car_horn.wav,7601,72567-1-4-6.wav,72567,1,car_horn,2
/scratch/pdoshi/audio_comp/urbansound8k_audio/07602_car_horn.wav,7602,72567-1-4-7.wav,72567,1,car_horn,2
/scratch/pdoshi/audio_comp/urbansound8k_audio/07603_car_horn.wav,7603,72567-1-5-0.wav,72567,1,car_horn,2
/scratch/pdoshi/audio_comp/urbansound8k_audio/07604_dog_bark.wav,7604,72579-3-0-0.wav,72579,3,dog_bark,1
/scratch/pdoshi/audio_comp/urbansound8k_audio/07605_dog_bark.wav,7605,72579-3-0-2.wav,72579,3,dog_bark,1
/scratch/pdoshi/audio_comp/urbansound8k_audio/07606_dog_bark.wav,7606,72579-3-0-3.wav,72579,3,dog_bark,1
/scratch/pdoshi/audio_comp/urbansound8k_audio/07607_dog_bark.wav,7607,72579-3-0-4.wav,72579,3,dog_bark,1
/scratch/pdoshi/audio_comp/urbansound8k_audio/07608_dog_bark.wav,7608,72723-3-0-0.wav,72723,3,dog_bark,9
/scratch/pdoshi/audio_comp/urbansound8k_audio/07609_dog_bark.wav,7609,72724-3-1-0.wav,72724,3,dog_bark,4
/scratch/pdoshi/audio_comp/urbansound8k_audio/07610_dog_bark.wav,7610,72724-3-2-7.wav,72724,3,dog_bark,4
/scratch/pdoshi/audio_comp/urbansound8k_audio/07611_dog_bark.wav,7611,72724-3-2-8.wav,72724,3,dog_bark,4
/scratch/pdoshi/audio_comp/urbansound8k_audio/07612_dog_bark.wav,7612,72724-3-2-9.wav,72724,3,dog_bark,4
/scratch/pdoshi/audio_comp/urbansound8k_audio/07613_dog_bark.wav,7613,72829-3-0-0.wav,72829,3,dog_bark,4
/scratch/pdoshi/audio_comp/urbansound8k_audio/07614_dog_bark.wav,7614,72829-3-0-1.wav,72829,3,dog_bark,4
/scratch/pdoshi/audio_comp/urbansound8k_audio/07615_dog_bark.wav,7615,72829-3-0-2.wav,72829,3,dog_bark,4
/scratch/pdoshi/audio_comp/urbansound8k_audio/07616_car_horn.wav,7616,73168-1-0-0.wav,73168,1,car_horn,9
/scratch/pdoshi/audio_comp/urbansound8k_audio/07617_car_horn.wav,7617,73168-1-1-0.wav,73168,1,car_horn,9
/scratch/pdoshi/audio_comp/urbansound8k_audio/07618_car_horn.wav,7618,73168-1-2-0.wav,73168,1,car_horn,9
/scratch/pdoshi/audio_comp/urbansound8k_audio/07619_street_music.wav,7619,73277-9-0-0.wav,73277,9,street_music,1
/scratch/pdoshi/audio_comp/urbansound8k_audio/07620_street_music.wav,7620,73277-9-0-16.wav,73277,9,street_music,1
/scratch/pdoshi/audio_comp/urbansound8k_audio/07621_street_music.wav,7621,73277-9-0-17.wav,73277,9,street_music,1
/scratch/pdoshi/audio_comp/urbansound8k_audio/07622_street_music.wav,7622,73277-9-0-19.wav,73277,9,street_music,1
/scratch/pdoshi/audio_comp/urbansound8k_audio/07623_street_music.wav,7623,73277-9-0-24.wav,73277,9,street_music,1
/scratch/pdoshi/audio_comp/urbansound8k_audio/07624_street_music.wav,7624,73277-9-0-28.wav,73277,9,street_music,1
/scratch/pdoshi/audio_comp/urbansound8k_audio/07625_dog_bark.wav,7625,73373-3-0-0.wav,73373,3,dog_bark,3
/scratch/pdoshi/audio_comp/urbansound8k_audio/07626_air_conditioner.wav,7626,73524-0-0-0.wav,73524,0,air_conditioner,10
/scratch/pdoshi/audio_comp/urbansound8k_audio/07627_air_conditioner.wav,7627,73524-0-0-101.wav,73524,0,air_conditioner,10
/scratch/pdoshi/audio_comp/urbansound8k_audio/07628_air_conditioner.wav,7628,73524-0-0-105.wav,73524,0,air_conditioner,10
/scratch/pdoshi/audio_comp/urbansound8k_audio/07629_air_conditioner.wav,7629,73524-0-0-113.wav,73524,0,air_conditioner,10
/scratch/pdoshi/audio_comp/urbansound8k_audio/07630_air_conditioner.wav,7630,73524-0-0-114.wav,73524,0,air_conditioner,10
/scratch/pdoshi/audio_comp/urbansound8k_audio/07631_air_conditioner.wav,7631,73524-0-0-126.wav,73524,0,air_conditioner,10
/scratch/pdoshi/audio_comp/urbansound8k_audio/07632_air_conditioner.wav,7632,73524-0-0-127.wav,73524,0,air_conditioner,10
/scratch/pdoshi/audio_comp/urbansound8k_audio/07633_air_conditioner.wav,7633,73524-0-0-128.wav,73524,0,air_conditioner,10
/scratch/pdoshi/audio_comp/urbansound8k_audio/07634_air_conditioner.wav,7634,73524-0-0-133.wav,73524,0,air_conditioner,10
/scratch/pdoshi/audio_comp/urbansound8k_audio/07635_air_conditioner.wav,7635,73524-0-0-137.wav,73524,0,air_conditioner,10
/scratch/pdoshi/audio_comp/urbansound8k_audio/07636_air_conditioner.wav,7636,73524-0-0-2.wav,73524,0,air_conditioner,10
/scratch/pdoshi/audio_comp/urbansound8k_audio/07637_air_conditioner.wav,7637,73524-0-0-23.wav,73524,0,air_conditioner,10
/scratch/pdoshi/audio_comp/urbansound8k_audio/07638_air_conditioner.wav,7638,73524-0-0-30.wav,73524,0,air_conditioner,10
/scratch/pdoshi/audio_comp/urbansound8k_audio/07639_air_conditioner.wav,7639,73524-0-0-31.wav,73524,0,air_conditioner,10
/scratch/pdoshi/audio_comp/urbansound8k_audio/07640_air_conditioner.wav,7640,73524-0-0-32.wav,73524,0,air_conditioner,10
/scratch/pdoshi/audio_comp/urbansound8k_audio/07641_air_conditioner.wav,7641,73524-0-0-5.wav,73524,0,air_conditioner,10
/scratch/pdoshi/audio_comp/urbansound8k_audio/07642_air_conditioner.wav,7642,73524-0-0-52.wav,73524,0,air_conditioner,10
/scratch/pdoshi/audio_comp/urbansound8k_audio/07643_air_conditioner.wav,7643,73524-0-0-54.wav,73524,0,air_conditioner,10
/scratch/pdoshi/audio_comp/urbansound8k_audio/07644_air_conditioner.wav,7644,73524-0-0-6.wav,73524,0,air_conditioner,10
/scratch/pdoshi/audio_comp/urbansound8k_audio/07645_air_conditioner.wav,7645,73524-0-0-63.wav,73524,0,air_conditioner,10
/scratch/pdoshi/audio_comp/urbansound8k_audio/07646_air_conditioner.wav,7646,73524-0-0-73.wav,73524,0,air_conditioner,10
/scratch/pdoshi/audio_comp/urbansound8k_audio/07647_air_conditioner.wav,7647,73524-0-0-74.wav,73524,0,air_conditioner,10
/scratch/pdoshi/audio_comp/urbansound8k_audio/07648_air_conditioner.wav,7648,73524-0-0-8.wav,73524,0,air_conditioner,10
/scratch/pdoshi/audio_comp/urbansound8k_audio/07649_air_conditioner.wav,7649,73524-0-0-92.wav,73524,0,air_conditioner,10
/scratch/pdoshi/audio_comp/urbansound8k_audio/07650_air_conditioner.wav,7650,73524-0-0-98.wav,73524,0,air_conditioner,10
/scratch/pdoshi/audio_comp/urbansound8k_audio/07651_air_conditioner.wav,7651,73524-0-0-99.wav,73524,0,air_conditioner,10
/scratch/pdoshi/audio_comp/urbansound8k_audio/07652_jackhammer.wav,7652,73623-7-0-0.wav,73623,7,jackhammer,2
/scratch/pdoshi/audio_comp/urbansound8k_audio/07653_jackhammer.wav,7653,73623-7-1-0.wav,73623,7,jackhammer,2
/scratch/pdoshi/audio_comp/urbansound8k_audio/07654_jackhammer.wav,7654,73623-7-1-1.wav,73623,7,jackhammer,2
/scratch/pdoshi/audio_comp/urbansound8k_audio/07655_jackhammer.wav,7655,73623-7-2-0.wav,73623,7,jackhammer,2
/scratch/pdoshi/audio_comp/urbansound8k_audio/07656_jackhammer.wav,7656,73623-7-3-0.wav,73623,7,jackhammer,2
/scratch/pdoshi/audio_comp/urbansound8k_audio/07657_jackhammer.wav,7657,73623-7-4-0.wav,73623,7,jackhammer,2
/scratch/pdoshi/audio_comp/urbansound8k_audio/07658_jackhammer.wav,7658,73623-7-5-0.wav,73623,7,jackhammer,2
/scratch/pdoshi/audio_comp/urbansound8k_audio/07659_jackhammer.wav,7659,73623-7-6-0.wav,73623,7,jackhammer,2
/scratch/pdoshi/audio_comp/urbansound8k_audio/07660_dog_bark.wav,7660,7383-3-0-0.wav,7383,3,dog_bark,1
/scratch/pdoshi/audio_comp/urbansound8k_audio/07661_dog_bark.wav,7661,7383-3-0-1.wav,7383,3,dog_bark,1
/scratch/pdoshi/audio_comp/urbansound8k_audio/07662_dog_bark.wav,7662,7383-3-1-0.wav,7383,3,dog_bark,1
/scratch/pdoshi/audio_comp/urbansound8k_audio/07663_car_horn.wav,7663,7389-1-0-0.wav,7389,1,car_horn,4
/scratch/pdoshi/audio_comp/urbansound8k_audio/07664_car_horn.wav,7664,7389-1-0-1.wav,7389,1,car_horn,4
/scratch/pdoshi/audio_comp/urbansound8k_audio/07665_car_horn.wav,7665,7389-1-0-2.wav,7389,1,car_horn,4
/scratch/pdoshi/audio_comp/urbansound8k_audio/07666_car_horn.wav,7666,7389-1-0-3.wav,7389,1,car_horn,4
/scratch/pdoshi/audio_comp/urbansound8k_audio/07667_car_horn.wav,7667,7389-1-0-4.wav,7389,1,car_horn,4
/scratch/pdoshi/audio_comp/urbansound8k_audio/07668_car_horn.wav,7668,7389-1-0-5.wav,7389,1,car_horn,4
/scratch/pdoshi/audio_comp/urbansound8k_audio/07669_car_horn.wav,7669,7389-1-0-6.wav,7389,1,car_horn,4
/scratch/pdoshi/audio_comp/urbansound8k_audio/07670_car_horn.wav,7670,7389-1-0-7.wav,7389,1,car_horn,4
/scratch/pdoshi/audio_comp/urbansound8k_audio/07671_car_horn.wav,7671,7389-1-1-0.wav,7389,1,car_horn,4
/scratch/pdoshi/audio_comp/urbansound8k_audio/07672_car_horn.wav,7672,7389-1-2-0.wav,7389,1,car_horn,4
/scratch/pdoshi/audio_comp/urbansound8k_audio/07673_car_horn.wav,7673,7389-1-2-1.wav,7389,1,car_horn,4
/scratch/pdoshi/audio_comp/urbansound8k_audio/07674_car_horn.wav,7674,7389-1-2-2.wav,7389,1,car_horn,4
/scratch/pdoshi/audio_comp/urbansound8k_audio/07675_car_horn.wav,7675,7389-1-2-3.wav,7389,1,car_horn,4
/scratch/pdoshi/audio_comp/urbansound8k_audio/07676_car_horn.wav,7676,7389-1-3-0.wav,7389,1,car_horn,4
/scratch/pdoshi/audio_comp/urbansound8k_audio/07677_car_horn.wav,7677,7389-1-3-1.wav,7389,1,car_horn,4
/scratch/pdoshi/audio_comp/urbansound8k_audio/07678_car_horn.wav,7678,7389-1-3-2.wav,7389,1,car_horn,4
/scratch/pdoshi/audio_comp/urbansound8k_audio/07679_car_horn.wav,7679,7389-1-3-3.wav,7389,1,car_horn,4
/scratch/pdoshi/audio_comp/urbansound8k_audio/07680_car_horn.wav,7680,7389-1-3-4.wav,7389,1,car_horn,4
/scratch/pdoshi/audio_comp/urbansound8k_audio/07681_car_horn.wav,7681,7389-1-3-5.wav,7389,1,car_horn,4
/scratch/pdoshi/audio_comp/urbansound8k_audio/07682_car_horn.wav,7682,7389-1-4-0.wav,7389,1,car_horn,4
/scratch/pdoshi/audio_comp/urbansound8k_audio/07683_car_horn.wav,7683,7389-1-4-1.wav,7389,1,car_horn,4
/scratch/pdoshi/audio_comp/urbansound8k_audio/07684_car_horn.wav,7684,7389-1-4-10.wav,7389,1,car_horn,4
/scratch/pdoshi/audio_comp/urbansound8k_audio/07685_car_horn.wav,7685,7389-1-4-11.wav,7389,1,car_horn,4
/scratch/pdoshi/audio_comp/urbansound8k_audio/07686_car_horn.wav,7686,7389-1-4-12.wav,7389,1,car_horn,4
/scratch/pdoshi/audio_comp/urbansound8k_audio/07687_car_horn.wav,7687,7389-1-4-13.wav,7389,1,car_horn,4
/scratch/pdoshi/audio_comp/urbansound8k_audio/07688_car_horn.wav,7688,7389-1-4-14.wav,7389,1,car_horn,4
/scratch/pdoshi/audio_comp/urbansound8k_audio/07689_car_horn.wav,7689,7389-1-4-15.wav,7389,1,car_horn,4
/scratch/pdoshi/audio_comp/urbansound8k_audio/07690_car_horn.wav,7690,7389-1-4-2.wav,7389,1,car_horn,4
/scratch/pdoshi/audio_comp/urbansound8k_audio/07691_car_horn.wav,7691,7389-1-4-3.wav,7389,1,car_horn,4
/scratch/pdoshi/audio_comp/urbansound8k_audio/07692_car_horn.wav,7692,7389-1-4-4.wav,7389,1,car_horn,4
/scratch/pdoshi/audio_comp/urbansound8k_audio/07693_car_horn.wav,7693,7389-1-4-5.wav,7389,1,car_horn,4
/scratch/pdoshi/audio_comp/urbansound8k_audio/07694_car_horn.wav,7694,7389-1-4-6.wav,7389,1,car_horn,4
/scratch/pdoshi/audio_comp/urbansound8k_audio/07695_car_horn.wav,7695,7389-1-4-7.wav,7389,1,car_horn,4
/scratch/pdoshi/audio_comp/urbansound8k_audio/07696_car_horn.wav,7696,7389-1-4-8.wav,7389,1,car_horn,4
/scratch/pdoshi/audio_comp/urbansound8k_audio/07697_car_horn.wav,7697,7389-1-4-9.wav,7389,1,car_horn,4
/scratch/pdoshi/audio_comp/urbansound8k_audio/07698_street_music.wav,7698,7390-9-0-0.wav,7390,9,street_music,8
/scratch/pdoshi/audio_comp/urbansound8k_audio/07699_street_music.wav,7699,7390-9-0-3.wav,7390,9,street_music,8
/scratch/pdoshi/audio_comp/urbansound8k_audio/07700_street_music.wav,7700,7390-9-0-6.wav,7390,9,street_music,8
/scratch/pdoshi/audio_comp/urbansound8k_audio/07701_street_music.wav,7701,7390-9-0-9.wav,7390,9,street_music,8
/scratch/pdoshi/audio_comp/urbansound8k_audio/07702_street_music.wav,7702,7390-9-1-11.wav,7390,9,street_music,8
/scratch/pdoshi/audio_comp/urbansound8k_audio/07703_street_music.wav,7703,7390-9-1-12.wav,7390,9,street_music,8
/scratch/pdoshi/audio_comp/urbansound8k_audio/07704_street_music.wav,7704,7390-9-1-5.wav,7390,9,street_music,8
/scratch/pdoshi/audio_comp/urbansound8k_audio/07705_street_music.wav,7705,74226-9-0-0.wav,74226,9,street_music,2
/scratch/pdoshi/audio_comp/urbansound8k_audio/07706_street_music.wav,7706,74226-9-0-10.wav,74226,9,street_music,2
/scratch/pdoshi/audio_comp/urbansound8k_audio/07707_street_music.wav,7707,74226-9-0-13.wav,74226,9,street_music,2
/scratch/pdoshi/audio_comp/urbansound8k_audio/07708_street_music.wav,7708,74226-9-0-14.wav,74226,9,street_music,2
/scratch/pdoshi/audio_comp/urbansound8k_audio/07709_street_music.wav,7709,74226-9-0-21.wav,74226,9,street_music,2
/scratch/pdoshi/audio_comp/urbansound8k_audio/07710_street_music.wav,7710,74226-9-0-6.wav,74226,9,street_music,2
/scratch/pdoshi/audio_comp/urbansound8k_audio/07711_street_music.wav,7711,74226-9-0-7.wav,74226,9,street_music,2
/scratch/pdoshi/audio_comp/urbansound8k_audio/07712_siren.wav,7712,74364-8-1-0.wav,74364,8,siren,10
/scratch/pdoshi/audio_comp/urbansound8k_audio/07713_siren.wav,7713,74364-8-1-1.wav,74364,8,siren,10
/scratch/pdoshi/audio_comp/urbansound8k_audio/07714_siren.wav,7714,74364-8-1-10.wav,74364,8,siren,10
/scratch/pdoshi/audio_comp/urbansound8k_audio/07715_siren.wav,7715,74364-8-1-11.wav,74364,8,siren,10
/scratch/pdoshi/audio_comp/urbansound8k_audio/07716_siren.wav,7716,74364-8-1-12.wav,74364,8,siren,10
/scratch/pdoshi/audio_comp/urbansound8k_audio/07717_siren.wav,7717,74364-8-1-13.wav,74364,8,siren,10
/scratch/pdoshi/audio_comp/urbansound8k_audio/07718_siren.wav,7718,74364-8-1-14.wav,74364,8,siren,10
/scratch/pdoshi/audio_comp/urbansound8k_audio/07719_siren.wav,7719,74364-8-1-15.wav,74364,8,siren,10
/scratch/pdoshi/audio_comp/urbansound8k_audio/07720_siren.wav,7720,74364-8-1-16.wav,74364,8,siren,10
/scratch/pdoshi/audio_comp/urbansound8k_audio/07721_siren.wav,7721,74364-8-1-17.wav,74364,8,siren,10
/scratch/pdoshi/audio_comp/urbansound8k_audio/07722_siren.wav,7722,74364-8-1-18.wav,74364,8,siren,10
/scratch/pdoshi/audio_comp/urbansound8k_audio/07723_siren.wav,7723,74364-8-1-19.wav,74364,8,siren,10
/scratch/pdoshi/audio_comp/urbansound8k_audio/07724_siren.wav,7724,74364-8-1-2.wav,74364,8,siren,10
/scratch/pdoshi/audio_comp/urbansound8k_audio/07725_siren.wav,7725,74364-8-1-20.wav,74364,8,siren,10
/scratch/pdoshi/audio_comp/urbansound8k_audio/07726_siren.wav,7726,74364-8-1-21.wav,74364,8,siren,10
/scratch/pdoshi/audio_comp/urbansound8k_audio/07727_siren.wav,7727,74364-8-1-22.wav,74364,8,siren,10
/scratch/pdoshi/audio_comp/urbansound8k_audio/07728_siren.wav,7728,74364-8-1-23.wav,74364,8,siren,10
/scratch/pdoshi/audio_comp/urbansound8k_audio/07729_siren.wav,7729,74364-8-1-24.wav,74364,8,siren,10
/scratch/pdoshi/audio_comp/urbansound8k_audio/07730_siren.wav,7730,74364-8-1-25.wav,74364,8,siren,10
/scratch/pdoshi/audio_comp/urbansound8k_audio/07731_siren.wav,7731,74364-8-1-26.wav,74364,8,siren,10
/scratch/pdoshi/audio_comp/urbansound8k_audio/07732_siren.wav,7732,74364-8-1-27.wav,74364,8,siren,10
/scratch/pdoshi/audio_comp/urbansound8k_audio/07733_siren.wav,7733,74364-8-1-3.wav,74364,8,siren,10
/scratch/pdoshi/audio_comp/urbansound8k_audio/07734_siren.wav,7734,74364-8-1-4.wav,74364,8,siren,10
/scratch/pdoshi/audio_comp/urbansound8k_audio/07735_siren.wav,7735,74364-8-1-5.wav,74364,8,siren,10
/scratch/pdoshi/audio_comp/urbansound8k_audio/07736_siren.wav,7736,74364-8-1-6.wav,74364,8,siren,10
/scratch/pdoshi/audio_comp/urbansound8k_audio/07737_siren.wav,7737,74364-8-1-7.wav,74364,8,siren,10
/scratch/pdoshi/audio_comp/urbansound8k_audio/07738_siren.wav,7738,74364-8-1-8.wav,74364,8,siren,10
/scratch/pdoshi/audio_comp/urbansound8k_audio/07739_siren.wav,7739,74364-8-1-9.wav,74364,8,siren,10
/scratch/pdoshi/audio_comp/urbansound8k_audio/07740_street_music.wav,7740,74458-9-0-5.wav,74458,9,street_music,2
/scratch/pdoshi/audio_comp/urbansound8k_audio/07741_street_music.wav,7741,74458-9-0-7.wav,74458,9,street_music,2
/scratch/pdoshi/audio_comp/urbansound8k_audio/07742_street_music.wav,7742,74458-9-1-12.wav,74458,9,street_music,2
/scratch/pdoshi/audio_comp/urbansound8k_audio/07743_street_music.wav,7743,74458-9-1-13.wav,74458,9,street_music,2
/scratch/pdoshi/audio_comp/urbansound8k_audio/07744_street_music.wav,7744,74458-9-1-5.wav,74458,9,street_music,2
/scratch/pdoshi/audio_comp/urbansound8k_audio/07745_street_music.wav,7745,74458-9-2-18.wav,74458,9,street_music,2
/scratch/pdoshi/audio_comp/urbansound8k_audio/07746_dog_bark.wav,7746,74495-3-0-0.wav,74495,3,dog_bark,2
/scratch/pdoshi/audio_comp/urbansound8k_audio/07747_dog_bark.wav,7747,74495-3-0-1.wav,74495,3,dog_bark,2
/scratch/pdoshi/audio_comp/urbansound8k_audio/07748_air_conditioner.wav,7748,74507-0-0-0.wav,74507,0,air_conditioner,2
/scratch/pdoshi/audio_comp/urbansound8k_audio/07749_air_conditioner.wav,7749,74507-0-0-1.wav,74507,0,air_conditioner,2
/scratch/pdoshi/audio_comp/urbansound8k_audio/07750_air_conditioner.wav,7750,74507-0-0-10.wav,74507,0,air_conditioner,2
/scratch/pdoshi/audio_comp/urbansound8k_audio/07751_air_conditioner.wav,7751,74507-0-0-11.wav,74507,0,air_conditioner,2
/scratch/pdoshi/audio_comp/urbansound8k_audio/07752_air_conditioner.wav,7752,74507-0-0-12.wav,74507,0,air_conditioner,2
/scratch/pdoshi/audio_comp/urbansound8k_audio/07753_air_conditioner.wav,7753,74507-0-0-13.wav,74507,0,air_conditioner,2
/scratch/pdoshi/audio_comp/urbansound8k_audio/07754_air_conditioner.wav,7754,74507-0-0-14.wav,74507,0,air_conditioner,2
/scratch/pdoshi/audio_comp/urbansound8k_audio/07755_air_conditioner.wav,7755,74507-0-0-15.wav,74507,0,air_conditioner,2
/scratch/pdoshi/audio_comp/urbansound8k_audio/07756_air_conditioner.wav,7756,74507-0-0-16.wav,74507,0,air_conditioner,2
/scratch/pdoshi/audio_comp/urbansound8k_audio/07757_air_conditioner.wav,7757,74507-0-0-17.wav,74507,0,air_conditioner,2
/scratch/pdoshi/audio_comp/urbansound8k_audio/07758_air_conditioner.wav,7758,74507-0-0-18.wav,74507,0,air_conditioner,2
/scratch/pdoshi/audio_comp/urbansound8k_audio/07759_air_conditioner.wav,7759,74507-0-0-2.wav,74507,0,air_conditioner,2
/scratch/pdoshi/audio_comp/urbansound8k_audio/07760_air_conditioner.wav,7760,74507-0-0-20.wav,74507,0,air_conditioner,2
/scratch/pdoshi/audio_comp/urbansound8k_audio/07761_air_conditioner.wav,7761,74507-0-0-22.wav,74507,0,air_conditioner,2
/scratch/pdoshi/audio_comp/urbansound8k_audio/07762_air_conditioner.wav,7762,74507-0-0-23.wav,74507,0,air_conditioner,2
/scratch/pdoshi/audio_comp/urbansound8k_audio/07763_air_conditioner.wav,7763,74507-0-0-24.wav,74507,0,air_conditioner,2
/scratch/pdoshi/audio_comp/urbansound8k_audio/07764_air_conditioner.wav,7764,74507-0-0-25.wav,74507,0,air_conditioner,2
/scratch/pdoshi/audio_comp/urbansound8k_audio/07765_air_conditioner.wav,7765,74507-0-0-27.wav,74507,0,air_conditioner,2
/scratch/pdoshi/audio_comp/urbansound8k_audio/07766_air_conditioner.wav,7766,74507-0-0-28.wav,74507,0,air_conditioner,2
/scratch/pdoshi/audio_comp/urbansound8k_audio/07767_air_conditioner.wav,7767,74507-0-0-3.wav,74507,0,air_conditioner,2
/scratch/pdoshi/audio_comp/urbansound8k_audio/07768_air_conditioner.wav,7768,74507-0-0-4.wav,74507,0,air_conditioner,2
/scratch/pdoshi/audio_comp/urbansound8k_audio/07769_air_conditioner.wav,7769,74507-0-0-5.wav,74507,0,air_conditioner,2
/scratch/pdoshi/audio_comp/urbansound8k_audio/07770_air_conditioner.wav,7770,74507-0-0-6.wav,74507,0,air_conditioner,2
/scratch/pdoshi/audio_comp/urbansound8k_audio/07771_air_conditioner.wav,7771,74507-0-0-8.wav,74507,0,air_conditioner,2
/scratch/pdoshi/audio_comp/urbansound8k_audio/07772_air_conditioner.wav,7772,74507-0-0-9.wav,74507,0,air_conditioner,2
/scratch/pdoshi/audio_comp/urbansound8k_audio/07773_dog_bark.wav,7773,74513-3-0-0.wav,74513,3,dog_bark,7
/scratch/pdoshi/audio_comp/urbansound8k_audio/07774_dog_bark.wav,7774,74513-3-0-3.wav,74513,3,dog_bark,7
/scratch/pdoshi/audio_comp/urbansound8k_audio/07775_dog_bark.wav,7775,74513-3-0-5.wav,74513,3,dog_bark,7
/scratch/pdoshi/audio_comp/urbansound8k_audio/07776_dog_bark.wav,7776,74513-3-0-6.wav,74513,3,dog_bark,7
/scratch/pdoshi/audio_comp/urbansound8k_audio/07777_air_conditioner.wav,7777,74677-0-0-0.wav,74677,0,air_conditioner,8
/scratch/pdoshi/audio_comp/urbansound8k_audio/07778_air_conditioner.wav,7778,74677-0-0-10.wav,74677,0,air_conditioner,8
/scratch/pdoshi/audio_comp/urbansound8k_audio/07779_air_conditioner.wav,7779,74677-0-0-105.wav,74677,0,air_conditioner,8
/scratch/pdoshi/audio_comp/urbansound8k_audio/07780_air_conditioner.wav,7780,74677-0-0-116.wav,74677,0,air_conditioner,8
/scratch/pdoshi/audio_comp/urbansound8k_audio/07781_air_conditioner.wav,7781,74677-0-0-13.wav,74677,0,air_conditioner,8
/scratch/pdoshi/audio_comp/urbansound8k_audio/07782_air_conditioner.wav,7782,74677-0-0-130.wav,74677,0,air_conditioner,8
/scratch/pdoshi/audio_comp/urbansound8k_audio/07783_air_conditioner.wav,7783,74677-0-0-134.wav,74677,0,air_conditioner,8
/scratch/pdoshi/audio_comp/urbansound8k_audio/07784_air_conditioner.wav,7784,74677-0-0-135.wav,74677,0,air_conditioner,8
/scratch/pdoshi/audio_comp/urbansound8k_audio/07785_air_conditioner.wav,7785,74677-0-0-14.wav,74677,0,air_conditioner,8
/scratch/pdoshi/audio_comp/urbansound8k_audio/07786_air_conditioner.wav,7786,74677-0-0-19.wav,74677,0,air_conditioner,8
/scratch/pdoshi/audio_comp/urbansound8k_audio/07787_air_conditioner.wav,7787,74677-0-0-2.wav,74677,0,air_conditioner,8
/scratch/pdoshi/audio_comp/urbansound8k_audio/07788_air_conditioner.wav,7788,74677-0-0-21.wav,74677,0,air_conditioner,8
/scratch/pdoshi/audio_comp/urbansound8k_audio/07789_air_conditioner.wav,7789,74677-0-0-28.wav,74677,0,air_conditioner,8
/scratch/pdoshi/audio_comp/urbansound8k_audio/07790_air_conditioner.wav,7790,74677-0-0-3.wav,74677,0,air_conditioner,8
/scratch/pdoshi/audio_comp/urbansound8k_audio/07791_air_conditioner.wav,7791,74677-0-0-35.wav,74677,0,air_conditioner,8
/scratch/pdoshi/audio_comp/urbansound8k_audio/07792_air_conditioner.wav,7792,74677-0-0-36.wav,74677,0,air_conditioner,8
/scratch/pdoshi/audio_comp/urbansound8k_audio/07793_air_conditioner.wav,7793,74677-0-0-38.wav,74677,0,air_conditioner,8
/scratch/pdoshi/audio_comp/urbansound8k_audio/07794_air_conditioner.wav,7794,74677-0-0-47.wav,74677,0,air_conditioner,8
/scratch/pdoshi/audio_comp/urbansound8k_audio/07795_air_conditioner.wav,7795,74677-0-0-56.wav,74677,0,air_conditioner,8
/scratch/pdoshi/audio_comp/urbansound8k_audio/07796_air_conditioner.wav,7796,74677-0-0-57.wav,74677,0,air_conditioner,8
/scratch/pdoshi/audio_comp/urbansound8k_audio/07797_air_conditioner.wav,7797,74677-0-0-58.wav,74677,0,air_conditioner,8
/scratch/pdoshi/audio_comp/urbansound8k_audio/07798_air_conditioner.wav,7798,74677-0-0-6.wav,74677,0,air_conditioner,8
/scratch/pdoshi/audio_comp/urbansound8k_audio/07799_air_conditioner.wav,7799,74677-0-0-61.wav,74677,0,air_conditioner,8
/scratch/pdoshi/audio_comp/urbansound8k_audio/07800_air_conditioner.wav,7800,74677-0-0-64.wav,74677,0,air_conditioner,8
/scratch/pdoshi/audio_comp/urbansound8k_audio/07801_air_conditioner.wav,7801,74677-0-0-66.wav,74677,0,air_conditioner,8
/scratch/pdoshi/audio_comp/urbansound8k_audio/07802_air_conditioner.wav,7802,74677-0-0-67.wav,74677,0,air_conditioner,8
/scratch/pdoshi/audio_comp/urbansound8k_audio/07803_air_conditioner.wav,7803,74677-0-0-69.wav,74677,0,air_conditioner,8
/scratch/pdoshi/audio_comp/urbansound8k_audio/07804_air_conditioner.wav,7804,74677-0-0-75.wav,74677,0,air_conditioner,8
/scratch/pdoshi/audio_comp/urbansound8k_audio/07805_air_conditioner.wav,7805,74677-0-0-92.wav,74677,0,air_conditioner,8
/scratch/pdoshi/audio_comp/urbansound8k_audio/07806_air_conditioner.wav,7806,74677-0-0-94.wav,74677,0,air_conditioner,8
/scratch/pdoshi/audio_comp/urbansound8k_audio/07807_air_conditioner.wav,7807,74677-0-0-95.wav,74677,0,air_conditioner,8
/scratch/pdoshi/audio_comp/urbansound8k_audio/07808_dog_bark.wav,7808,74723-3-0-0.wav,74723,3,dog_bark,4
/scratch/pdoshi/audio_comp/urbansound8k_audio/07809_dog_bark.wav,7809,74723-3-0-1.wav,74723,3,dog_bark,4
/scratch/pdoshi/audio_comp/urbansound8k_audio/07810_dog_bark.wav,7810,74723-3-0-2.wav,74723,3,dog_bark,4
/scratch/pdoshi/audio_comp/urbansound8k_audio/07811_dog_bark.wav,7811,74725-3-0-0.wav,74725,3,dog_bark,4
/scratch/pdoshi/audio_comp/urbansound8k_audio/07812_dog_bark.wav,7812,74725-3-0-1.wav,74725,3,dog_bark,4
/scratch/pdoshi/audio_comp/urbansound8k_audio/07813_siren.wav,7813,74726-8-0-0.wav,74726,8,siren,6
/scratch/pdoshi/audio_comp/urbansound8k_audio/07814_siren.wav,7814,74726-8-0-1.wav,74726,8,siren,6
/scratch/pdoshi/audio_comp/urbansound8k_audio/07815_siren.wav,7815,74726-8-0-10.wav,74726,8,siren,6
/scratch/pdoshi/audio_comp/urbansound8k_audio/07816_siren.wav,7816,74726-8-0-11.wav,74726,8,siren,6
/scratch/pdoshi/audio_comp/urbansound8k_audio/07817_siren.wav,7817,74726-8-0-12.wav,74726,8,siren,6
/scratch/pdoshi/audio_comp/urbansound8k_audio/07818_siren.wav,7818,74726-8-0-13.wav,74726,8,siren,6
/scratch/pdoshi/audio_comp/urbansound8k_audio/07819_siren.wav,7819,74726-8-0-14.wav,74726,8,siren,6
/scratch/pdoshi/audio_comp/urbansound8k_audio/07820_siren.wav,7820,74726-8-0-15.wav,74726,8,siren,6
/scratch/pdoshi/audio_comp/urbansound8k_audio/07821_siren.wav,7821,74726-8-0-16.wav,74726,8,siren,6
/scratch/pdoshi/audio_comp/urbansound8k_audio/07822_siren.wav,7822,74726-8-0-2.wav,74726,8,siren,6
/scratch/pdoshi/audio_comp/urbansound8k_audio/07823_siren.wav,7823,74726-8-0-3.wav,74726,8,siren,6
/scratch/pdoshi/audio_comp/urbansound8k_audio/07824_siren.wav,7824,74726-8-0-4.wav,74726,8,siren,6
/scratch/pdoshi/audio_comp/urbansound8k_audio/07825_siren.wav,7825,74726-8-0-5.wav,74726,8,siren,6
/scratch/pdoshi/audio_comp/urbansound8k_audio/07826_siren.wav,7826,74726-8-0-6.wav,74726,8,siren,6
/scratch/pdoshi/audio_comp/urbansound8k_audio/07827_siren.wav,7827,74726-8-0-7.wav,74726,8,siren,6
/scratch/pdoshi/audio_comp/urbansound8k_audio/07828_siren.wav,7828,74726-8-0-8.wav,74726,8,siren,6
/scratch/pdoshi/audio_comp/urbansound8k_audio/07829_siren.wav,7829,74726-8-0-9.wav,74726,8,siren,6
/scratch/pdoshi/audio_comp/urbansound8k_audio/07830_siren.wav,7830,74726-8-1-0.wav,74726,8,siren,6
/scratch/pdoshi/audio_comp/urbansound8k_audio/07831_siren.wav,7831,74726-8-1-1.wav,74726,8,siren,6
/scratch/pdoshi/audio_comp/urbansound8k_audio/07832_siren.wav,7832,74726-8-1-2.wav,74726,8,siren,6
/scratch/pdoshi/audio_comp/urbansound8k_audio/07833_siren.wav,7833,74726-8-2-0.wav,74726,8,siren,6
/scratch/pdoshi/audio_comp/urbansound8k_audio/07834_siren.wav,7834,74726-8-2-1.wav,74726,8,siren,6
/scratch/pdoshi/audio_comp/urbansound8k_audio/07835_siren.wav,7835,74726-8-2-2.wav,74726,8,siren,6
/scratch/pdoshi/audio_comp/urbansound8k_audio/07836_siren.wav,7836,74726-8-2-3.wav,74726,8,siren,6
/scratch/pdoshi/audio_comp/urbansound8k_audio/07837_siren.wav,7837,74726-8-2-4.wav,74726,8,siren,6
/scratch/pdoshi/audio_comp/urbansound8k_audio/07838_siren.wav,7838,74726-8-2-5.wav,74726,8,siren,6
/scratch/pdoshi/audio_comp/urbansound8k_audio/07839_street_music.wav,7839,74810-9-0-27.wav,74810,9,street_music,3
/scratch/pdoshi/audio_comp/urbansound8k_audio/07840_street_music.wav,7840,74810-9-0-32.wav,74810,9,street_music,3
/scratch/pdoshi/audio_comp/urbansound8k_audio/07841_street_music.wav,7841,74810-9-0-5.wav,74810,9,street_music,3
/scratch/pdoshi/audio_comp/urbansound8k_audio/07842_street_music.wav,7842,74810-9-1-12.wav,74810,9,street_music,3
/scratch/pdoshi/audio_comp/urbansound8k_audio/07843_street_music.wav,7843,74810-9-1-5.wav,74810,9,street_music,3
/scratch/pdoshi/audio_comp/urbansound8k_audio/07844_street_music.wav,7844,74850-9-0-11.wav,74850,9,street_music,7
/scratch/pdoshi/audio_comp/urbansound8k_audio/07845_street_music.wav,7845,74850-9-0-18.wav,74850,9,street_music,7
/scratch/pdoshi/audio_comp/urbansound8k_audio/07846_street_music.wav,7846,74850-9-0-22.wav,74850,9,street_music,7
/scratch/pdoshi/audio_comp/urbansound8k_audio/07847_street_music.wav,7847,74850-9-0-27.wav,74850,9,street_music,7
/scratch/pdoshi/audio_comp/urbansound8k_audio/07848_street_music.wav,7848,74850-9-0-5.wav,74850,9,street_music,7
/scratch/pdoshi/audio_comp/urbansound8k_audio/07849_street_music.wav,7849,74850-9-0-6.wav,74850,9,street_music,7
/scratch/pdoshi/audio_comp/urbansound8k_audio/07850_drilling.wav,7850,74922-4-0-0.wav,74922,4,drilling,10
/scratch/pdoshi/audio_comp/urbansound8k_audio/07851_drilling.wav,7851,74922-4-0-1.wav,74922,4,drilling,10
/scratch/pdoshi/audio_comp/urbansound8k_audio/07852_drilling.wav,7852,74922-4-0-2.wav,74922,4,drilling,10
/scratch/pdoshi/audio_comp/urbansound8k_audio/07853_drilling.wav,7853,74922-4-0-3.wav,74922,4,drilling,10
/scratch/pdoshi/audio_comp/urbansound8k_audio/07854_drilling.wav,7854,74922-4-0-4.wav,74922,4,drilling,10
/scratch/pdoshi/audio_comp/urbansound8k_audio/07855_drilling.wav,7855,74922-4-0-5.wav,74922,4,drilling,10
/scratch/pdoshi/audio_comp/urbansound8k_audio/07856_drilling.wav,7856,74922-4-0-6.wav,74922,4,drilling,10
/scratch/pdoshi/audio_comp/urbansound8k_audio/07857_drilling.wav,7857,74922-4-0-7.wav,74922,4,drilling,10
/scratch/pdoshi/audio_comp/urbansound8k_audio/07858_dog_bark.wav,7858,74950-3-0-0.wav,74950,3,dog_bark,4
/scratch/pdoshi/audio_comp/urbansound8k_audio/07859_dog_bark.wav,7859,74950-3-2-4.wav,74950,3,dog_bark,4
/scratch/pdoshi/audio_comp/urbansound8k_audio/07860_dog_bark.wav,7860,74950-3-2-5.wav,74950,3,dog_bark,4
/scratch/pdoshi/audio_comp/urbansound8k_audio/07861_drilling.wav,7861,74965-4-0-0.wav,74965,4,drilling,7
/scratch/pdoshi/audio_comp/urbansound8k_audio/07862_drilling.wav,7862,74965-4-0-1.wav,74965,4,drilling,7
/scratch/pdoshi/audio_comp/urbansound8k_audio/07863_drilling.wav,7863,74965-4-0-2.wav,74965,4,drilling,7
/scratch/pdoshi/audio_comp/urbansound8k_audio/07864_drilling.wav,7864,74965-4-0-3.wav,74965,4,drilling,7
/scratch/pdoshi/audio_comp/urbansound8k_audio/07865_drilling.wav,7865,74965-4-1-0.wav,74965,4,drilling,7
/scratch/pdoshi/audio_comp/urbansound8k_audio/07866_drilling.wav,7866,74965-4-1-1.wav,74965,4,drilling,7
/scratch/pdoshi/audio_comp/urbansound8k_audio/07867_drilling.wav,7867,74965-4-1-2.wav,74965,4,drilling,7
/scratch/pdoshi/audio_comp/urbansound8k_audio/07868_siren.wav,7868,75490-8-0-0.wav,75490,8,siren,6
/scratch/pdoshi/audio_comp/urbansound8k_audio/07869_siren.wav,7869,75490-8-0-1.wav,75490,8,siren,6
/scratch/pdoshi/audio_comp/urbansound8k_audio/07870_siren.wav,7870,75490-8-0-2.wav,75490,8,siren,6
/scratch/pdoshi/audio_comp/urbansound8k_audio/07871_siren.wav,7871,75490-8-1-0.wav,75490,8,siren,6
/scratch/pdoshi/audio_comp/urbansound8k_audio/07872_siren.wav,7872,75490-8-1-1.wav,75490,8,siren,6
/scratch/pdoshi/audio_comp/urbansound8k_audio/07873_air_conditioner.wav,7873,75743-0-0-0.wav,75743,0,air_conditioner,9
/scratch/pdoshi/audio_comp/urbansound8k_audio/07874_air_conditioner.wav,7874,75743-0-0-1.wav,75743,0,air_conditioner,9
/scratch/pdoshi/audio_comp/urbansound8k_audio/07875_air_conditioner.wav,7875,75743-0-0-10.wav,75743,0,air_conditioner,9
/scratch/pdoshi/audio_comp/urbansound8k_audio/07876_air_conditioner.wav,7876,75743-0-0-11.wav,75743,0,air_conditioner,9
/scratch/pdoshi/audio_comp/urbansound8k_audio/07877_air_conditioner.wav,7877,75743-0-0-12.wav,75743,0,air_conditioner,9
/scratch/pdoshi/audio_comp/urbansound8k_audio/07878_air_conditioner.wav,7878,75743-0-0-13.wav,75743,0,air_conditioner,9
/scratch/pdoshi/audio_comp/urbansound8k_audio/07879_air_conditioner.wav,7879,75743-0-0-14.wav,75743,0,air_conditioner,9
/scratch/pdoshi/audio_comp/urbansound8k_audio/07880_air_conditioner.wav,7880,75743-0-0-15.wav,75743,0,air_conditioner,9
/scratch/pdoshi/audio_comp/urbansound8k_audio/07881_air_conditioner.wav,7881,75743-0-0-16.wav,75743,0,air_conditioner,9
/scratch/pdoshi/audio_comp/urbansound8k_audio/07882_air_conditioner.wav,7882,75743-0-0-17.wav,75743,0,air_conditioner,9
/scratch/pdoshi/audio_comp/urbansound8k_audio/07883_air_conditioner.wav,7883,75743-0-0-18.wav,75743,0,air_conditioner,9
/scratch/pdoshi/audio_comp/urbansound8k_audio/07884_air_conditioner.wav,7884,75743-0-0-19.wav,75743,0,air_conditioner,9
/scratch/pdoshi/audio_comp/urbansound8k_audio/07885_air_conditioner.wav,7885,75743-0-0-2.wav,75743,0,air_conditioner,9
/scratch/pdoshi/audio_comp/urbansound8k_audio/07886_air_conditioner.wav,7886,75743-0-0-20.wav,75743,0,air_conditioner,9
/scratch/pdoshi/audio_comp/urbansound8k_audio/07887_air_conditioner.wav,7887,75743-0-0-21.wav,75743,0,air_conditioner,9
/scratch/pdoshi/audio_comp/urbansound8k_audio/07888_air_conditioner.wav,7888,75743-0-0-22.wav,75743,0,air_conditioner,9
/scratch/pdoshi/audio_comp/urbansound8k_audio/07889_air_conditioner.wav,7889,75743-0-0-23.wav,75743,0,air_conditioner,9
/scratch/pdoshi/audio_comp/urbansound8k_audio/07890_air_conditioner.wav,7890,75743-0-0-3.wav,75743,0,air_conditioner,9
/scratch/pdoshi/audio_comp/urbansound8k_audio/07891_air_conditioner.wav,7891,75743-0-0-4.wav,75743,0,air_conditioner,9
/scratch/pdoshi/audio_comp/urbansound8k_audio/07892_air_conditioner.wav,7892,75743-0-0-5.wav,75743,0,air_conditioner,9
/scratch/pdoshi/audio_comp/urbansound8k_audio/07893_air_conditioner.wav,7893,75743-0-0-6.wav,75743,0,air_conditioner,9
/scratch/pdoshi/audio_comp/urbansound8k_audio/07894_air_conditioner.wav,7894,75743-0-0-7.wav,75743,0,air_conditioner,9
/scratch/pdoshi/audio_comp/urbansound8k_audio/07895_air_conditioner.wav,7895,75743-0-0-8.wav,75743,0,air_conditioner,9
/scratch/pdoshi/audio_comp/urbansound8k_audio/07896_air_conditioner.wav,7896,75743-0-0-9.wav,75743,0,air_conditioner,9
/scratch/pdoshi/audio_comp/urbansound8k_audio/07897_drilling.wav,7897,76085-4-0-103.wav,76085,4,drilling,8
/scratch/pdoshi/audio_comp/urbansound8k_audio/07898_drilling.wav,7898,76085-4-0-14.wav,76085,4,drilling,8
/scratch/pdoshi/audio_comp/urbansound8k_audio/07899_drilling.wav,7899,76085-4-0-24.wav,76085,4,drilling,8
/scratch/pdoshi/audio_comp/urbansound8k_audio/07900_drilling.wav,7900,76085-4-0-27.wav,76085,4,drilling,8
/scratch/pdoshi/audio_comp/urbansound8k_audio/07901_drilling.wav,7901,76085-4-0-35.wav,76085,4,drilling,8
/scratch/pdoshi/audio_comp/urbansound8k_audio/07902_drilling.wav,7902,76085-4-0-37.wav,76085,4,drilling,8
/scratch/pdoshi/audio_comp/urbansound8k_audio/07903_drilling.wav,7903,76085-4-0-38.wav,76085,4,drilling,8
/scratch/pdoshi/audio_comp/urbansound8k_audio/07904_drilling.wav,7904,76085-4-0-55.wav,76085,4,drilling,8
/scratch/pdoshi/audio_comp/urbansound8k_audio/07905_drilling.wav,7905,76085-4-0-6.wav,76085,4,drilling,8
/scratch/pdoshi/audio_comp/urbansound8k_audio/07906_drilling.wav,7906,76085-4-0-61.wav,76085,4,drilling,8
/scratch/pdoshi/audio_comp/urbansound8k_audio/07907_drilling.wav,7907,76085-4-0-62.wav,76085,4,drilling,8
/scratch/pdoshi/audio_comp/urbansound8k_audio/07908_drilling.wav,7908,76085-4-0-66.wav,76085,4,drilling,8
/scratch/pdoshi/audio_comp/urbansound8k_audio/07909_drilling.wav,7909,76085-4-0-81.wav,76085,4,drilling,8
/scratch/pdoshi/audio_comp/urbansound8k_audio/07910_drilling.wav,7910,76085-4-0-89.wav,76085,4,drilling,8
/scratch/pdoshi/audio_comp/urbansound8k_audio/07911_drilling.wav,7911,76085-4-0-93.wav,76085,4,drilling,8
/scratch/pdoshi/audio_comp/urbansound8k_audio/07912_drilling.wav,7912,76085-4-0-97.wav,76085,4,drilling,8
/scratch/pdoshi/audio_comp/urbansound8k_audio/07913_drilling.wav,7913,76086-4-0-12.wav,76086,4,drilling,2
/scratch/pdoshi/audio_comp/urbansound8k_audio/07914_drilling.wav,7914,76086-4-0-14.wav,76086,4,drilling,2
/scratch/pdoshi/audio_comp/urbansound8k_audio/07915_drilling.wav,7915,76086-4-0-17.wav,76086,4,drilling,2
/scratch/pdoshi/audio_comp/urbansound8k_audio/07916_drilling.wav,7916,76086-4-0-18.wav,76086,4,drilling,2
/scratch/pdoshi/audio_comp/urbansound8k_audio/07917_drilling.wav,7917,76086-4-0-19.wav,76086,4,drilling,2
/scratch/pdoshi/audio_comp/urbansound8k_audio/07918_drilling.wav,7918,76086-4-0-2.wav,76086,4,drilling,2
/scratch/pdoshi/audio_comp/urbansound8k_audio/07919_drilling.wav,7919,76086-4-0-22.wav,76086,4,drilling,2
/scratch/pdoshi/audio_comp/urbansound8k_audio/07920_drilling.wav,7920,76086-4-0-23.wav,76086,4,drilling,2
/scratch/pdoshi/audio_comp/urbansound8k_audio/07921_drilling.wav,7921,76086-4-0-24.wav,76086,4,drilling,2
/scratch/pdoshi/audio_comp/urbansound8k_audio/07922_drilling.wav,7922,76086-4-0-27.wav,76086,4,drilling,2
/scratch/pdoshi/audio_comp/urbansound8k_audio/07923_drilling.wav,7923,76086-4-0-29.wav,76086,4,drilling,2
/scratch/pdoshi/audio_comp/urbansound8k_audio/07924_drilling.wav,7924,76086-4-0-3.wav,76086,4,drilling,2
/scratch/pdoshi/audio_comp/urbansound8k_audio/07925_drilling.wav,7925,76086-4-0-32.wav,76086,4,drilling,2
/scratch/pdoshi/audio_comp/urbansound8k_audio/07926_drilling.wav,7926,76086-4-0-36.wav,76086,4,drilling,2
/scratch/pdoshi/audio_comp/urbansound8k_audio/07927_drilling.wav,7927,76086-4-0-38.wav,76086,4,drilling,2
/scratch/pdoshi/audio_comp/urbansound8k_audio/07928_drilling.wav,7928,76086-4-0-43.wav,76086,4,drilling,2
/scratch/pdoshi/audio_comp/urbansound8k_audio/07929_drilling.wav,7929,76086-4-0-50.wav,76086,4,drilling,2
/scratch/pdoshi/audio_comp/urbansound8k_audio/07930_drilling.wav,7930,76086-4-0-53.wav,76086,4,drilling,2
/scratch/pdoshi/audio_comp/urbansound8k_audio/07931_drilling.wav,7931,76086-4-0-55.wav,76086,4,drilling,2
/scratch/pdoshi/audio_comp/urbansound8k_audio/07932_drilling.wav,7932,76086-4-0-56.wav,76086,4,drilling,2
/scratch/pdoshi/audio_comp/urbansound8k_audio/07933_drilling.wav,7933,76086-4-0-58.wav,76086,4,drilling,2
/scratch/pdoshi/audio_comp/urbansound8k_audio/07934_gun_shot.wav,7934,76089-6-0-0.wav,76089,6,gun_shot,2
/scratch/pdoshi/audio_comp/urbansound8k_audio/07935_gun_shot.wav,7935,76090-6-0-0.wav,76090,6,gun_shot,2
/scratch/pdoshi/audio_comp/urbansound8k_audio/07936_gun_shot.wav,7936,76090-6-1-0.wav,76090,6,gun_shot,2
/scratch/pdoshi/audio_comp/urbansound8k_audio/07937_gun_shot.wav,7937,76091-6-0-0.wav,76091,6,gun_shot,2
/scratch/pdoshi/audio_comp/urbansound8k_audio/07938_gun_shot.wav,7938,76091-6-1-0.wav,76091,6,gun_shot,2
/scratch/pdoshi/audio_comp/urbansound8k_audio/07939_gun_shot.wav,7939,76091-6-2-0.wav,76091,6,gun_shot,2
/scratch/pdoshi/audio_comp/urbansound8k_audio/07940_gun_shot.wav,7940,76091-6-3-0.wav,76091,6,gun_shot,2
/scratch/pdoshi/audio_comp/urbansound8k_audio/07941_gun_shot.wav,7941,76091-6-4-0.wav,76091,6,gun_shot,2
/scratch/pdoshi/audio_comp/urbansound8k_audio/07942_gun_shot.wav,7942,76091-6-5-0.wav,76091,6,gun_shot,2
/scratch/pdoshi/audio_comp/urbansound8k_audio/07943_gun_shot.wav,7943,76093-6-0-0.wav,76093,6,gun_shot,1
/scratch/pdoshi/audio_comp/urbansound8k_audio/07944_gun_shot.wav,7944,76093-6-1-0.wav,76093,6,gun_shot,1
/scratch/pdoshi/audio_comp/urbansound8k_audio/07945_gun_shot.wav,7945,76094-6-0-0.wav,76094,6,gun_shot,3
/scratch/pdoshi/audio_comp/urbansound8k_audio/07946_gun_shot.wav,7946,76094-6-1-0.wav,76094,6,gun_shot,3
/scratch/pdoshi/audio_comp/urbansound8k_audio/07947_children_playing.wav,7947,76221-2-0-0.wav,76221,2,children_playing,3
/scratch/pdoshi/audio_comp/urbansound8k_audio/07948_children_playing.wav,7948,76221-2-0-1.wav,76221,2,children_playing,3
/scratch/pdoshi/audio_comp/urbansound8k_audio/07949_children_playing.wav,7949,76221-2-0-10.wav,76221,2,children_playing,3
/scratch/pdoshi/audio_comp/urbansound8k_audio/07950_children_playing.wav,7950,76221-2-0-2.wav,76221,2,children_playing,3
/scratch/pdoshi/audio_comp/urbansound8k_audio/07951_children_playing.wav,7951,76221-2-0-3.wav,76221,2,children_playing,3
/scratch/pdoshi/audio_comp/urbansound8k_audio/07952_children_playing.wav,7952,76221-2-0-4.wav,76221,2,children_playing,3
/scratch/pdoshi/audio_comp/urbansound8k_audio/07953_children_playing.wav,7953,76221-2-0-5.wav,76221,2,children_playing,3
/scratch/pdoshi/audio_comp/urbansound8k_audio/07954_children_playing.wav,7954,76221-2-0-6.wav,76221,2,children_playing,3
/scratch/pdoshi/audio_comp/urbansound8k_audio/07955_children_playing.wav,7955,76266-2-0-40.wav,76266,2,children_playing,8
/scratch/pdoshi/audio_comp/urbansound8k_audio/07956_children_playing.wav,7956,76266-2-0-46.wav,76266,2,children_playing,8
/scratch/pdoshi/audio_comp/urbansound8k_audio/07957_children_playing.wav,7957,76266-2-0-50.wav,76266,2,children_playing,8
/scratch/pdoshi/audio_comp/urbansound8k_audio/07958_children_playing.wav,7958,76266-2-0-55.wav,76266,2,children_playing,8
/scratch/pdoshi/audio_comp/urbansound8k_audio/07959_children_playing.wav,7959,76266-2-0-7.wav,76266,2,children_playing,8
/scratch/pdoshi/audio_comp/urbansound8k_audio/07960_children_playing.wav,7960,76266-2-0-76.wav,76266,2,children_playing,8
/scratch/pdoshi/audio_comp/urbansound8k_audio/07961_children_playing.wav,7961,76266-2-0-80.wav,76266,2,children_playing,8
/scratch/pdoshi/audio_comp/urbansound8k_audio/07962_children_playing.wav,7962,76266-2-0-91.wav,76266,2,children_playing,8
/scratch/pdoshi/audio_comp/urbansound8k_audio/07963_dog_bark.wav,7963,76566-3-0-11.wav,76566,3,dog_bark,5
/scratch/pdoshi/audio_comp/urbansound8k_audio/07964_dog_bark.wav,7964,76566-3-0-3.wav,76566,3,dog_bark,5
/scratch/pdoshi/audio_comp/urbansound8k_audio/07965_dog_bark.wav,7965,76566-3-0-6.wav,76566,3,dog_bark,5
/scratch/pdoshi/audio_comp/urbansound8k_audio/07966_dog_bark.wav,7966,76566-3-0-8.wav,76566,3,dog_bark,5
/scratch/pdoshi/audio_comp/urbansound8k_audio/07967_street_music.wav,7967,76568-9-0-10.wav,76568,9,street_music,4
/scratch/pdoshi/audio_comp/urbansound8k_audio/07968_street_music.wav,7968,76568-9-0-11.wav,76568,9,street_music,4
/scratch/pdoshi/audio_comp/urbansound8k_audio/07969_street_music.wav,7969,76568-9-0-12.wav,76568,9,street_music,4
/scratch/pdoshi/audio_comp/urbansound8k_audio/07970_street_music.wav,7970,76568-9-0-13.wav,76568,9,street_music,4
/scratch/pdoshi/audio_comp/urbansound8k_audio/07971_street_music.wav,7971,76568-9-0-14.wav,76568,9,street_music,4
/scratch/pdoshi/audio_comp/urbansound8k_audio/07972_street_music.wav,7972,76568-9-0-2.wav,76568,9,street_music,4
/scratch/pdoshi/audio_comp/urbansound8k_audio/07973_street_music.wav,7973,76585-9-0-10.wav,76585,9,street_music,4
/scratch/pdoshi/audio_comp/urbansound8k_audio/07974_street_music.wav,7974,76585-9-0-38.wav,76585,9,street_music,4
/scratch/pdoshi/audio_comp/urbansound8k_audio/07975_street_music.wav,7975,76585-9-0-5.wav,76585,9,street_music,4
/scratch/pdoshi/audio_comp/urbansound8k_audio/07976_street_music.wav,7976,76585-9-0-57.wav,76585,9,street_music,4
/scratch/pdoshi/audio_comp/urbansound8k_audio/07977_street_music.wav,7977,76585-9-0-60.wav,76585,9,street_music,4
/scratch/pdoshi/audio_comp/urbansound8k_audio/07978_street_music.wav,7978,76585-9-0-69.wav,76585,9,street_music,4
/scratch/pdoshi/audio_comp/urbansound8k_audio/07979_dog_bark.wav,7979,76640-3-0-0.wav,76640,3,dog_bark,9
/scratch/pdoshi/audio_comp/urbansound8k_audio/07980_dog_bark.wav,7980,77233-3-0-105.wav,77233,3,dog_bark,5
/scratch/pdoshi/audio_comp/urbansound8k_audio/07981_dog_bark.wav,7981,77233-3-0-67.wav,77233,3,dog_bark,5
/scratch/pdoshi/audio_comp/urbansound8k_audio/07982_dog_bark.wav,7982,77233-3-0-7.wav,77233,3,dog_bark,5
/scratch/pdoshi/audio_comp/urbansound8k_audio/07983_dog_bark.wav,7983,77233-3-0-79.wav,77233,3,dog_bark,5
/scratch/pdoshi/audio_comp/urbansound8k_audio/07984_gun_shot.wav,7984,77246-6-0-0.wav,77246,6,gun_shot,1
/scratch/pdoshi/audio_comp/urbansound8k_audio/07985_gun_shot.wav,7985,77247-6-0-0.wav,77247,6,gun_shot,5
/scratch/pdoshi/audio_comp/urbansound8k_audio/07986_car_horn.wav,7986,77509-1-0-0.wav,77509,1,car_horn,5
/scratch/pdoshi/audio_comp/urbansound8k_audio/07987_dog_bark.wav,7987,77674-3-0-0.wav,77674,3,dog_bark,7
/scratch/pdoshi/audio_comp/urbansound8k_audio/07988_drilling.wav,7988,77751-4-0-0.wav,77751,4,drilling,2
/scratch/pdoshi/audio_comp/urbansound8k_audio/07989_drilling.wav,7989,77751-4-0-1.wav,77751,4,drilling,2
/scratch/pdoshi/audio_comp/urbansound8k_audio/07990_drilling.wav,7990,77751-4-1-0.wav,77751,4,drilling,2
/scratch/pdoshi/audio_comp/urbansound8k_audio/07991_drilling.wav,7991,77751-4-1-1.wav,77751,4,drilling,2
/scratch/pdoshi/audio_comp/urbansound8k_audio/07992_drilling.wav,7992,77751-4-2-0.wav,77751,4,drilling,2
/scratch/pdoshi/audio_comp/urbansound8k_audio/07993_drilling.wav,7993,77751-4-3-0.wav,77751,4,drilling,2
/scratch/pdoshi/audio_comp/urbansound8k_audio/07994_drilling.wav,7994,77751-4-4-0.wav,77751,4,drilling,2
/scratch/pdoshi/audio_comp/urbansound8k_audio/07995_drilling.wav,7995,77751-4-5-0.wav,77751,4,drilling,2
/scratch/pdoshi/audio_comp/urbansound8k_audio/07996_drilling.wav,7996,77751-4-6-0.wav,77751,4,drilling,2
/scratch/pdoshi/audio_comp/urbansound8k_audio/07997_drilling.wav,7997,77751-4-7-0.wav,77751,4,drilling,2
/scratch/pdoshi/audio_comp/urbansound8k_audio/07998_drilling.wav,7998,77751-4-8-0.wav,77751,4,drilling,2
/scratch/pdoshi/audio_comp/urbansound8k_audio/07999_drilling.wav,7999,77751-4-9-0.wav,77751,4,drilling,2
/scratch/pdoshi/audio_comp/urbansound8k_audio/08000_drilling.wav,8000,77751-4-9-1.wav,77751,4,drilling,2
/scratch/pdoshi/audio_comp/urbansound8k_audio/08001_drilling.wav,8001,77751-4-9-2.wav,77751,4,drilling,2
/scratch/pdoshi/audio_comp/urbansound8k_audio/08002_drilling.wav,8002,77751-4-9-3.wav,77751,4,drilling,2
/scratch/pdoshi/audio_comp/urbansound8k_audio/08003_jackhammer.wav,8003,77751-7-0-0.wav,77751,7,jackhammer,7
/scratch/pdoshi/audio_comp/urbansound8k_audio/08004_jackhammer.wav,8004,77751-7-0-1.wav,77751,7,jackhammer,7
/scratch/pdoshi/audio_comp/urbansound8k_audio/08005_jackhammer.wav,8005,77751-7-1-0.wav,77751,7,jackhammer,7
/scratch/pdoshi/audio_comp/urbansound8k_audio/08006_jackhammer.wav,8006,77751-7-1-1.wav,77751,7,jackhammer,7
/scratch/pdoshi/audio_comp/urbansound8k_audio/08007_jackhammer.wav,8007,77751-7-2-0.wav,77751,7,jackhammer,7
/scratch/pdoshi/audio_comp/urbansound8k_audio/08008_jackhammer.wav,8008,77751-7-3-0.wav,77751,7,jackhammer,7
/scratch/pdoshi/audio_comp/urbansound8k_audio/08009_jackhammer.wav,8009,77751-7-4-0.wav,77751,7,jackhammer,7
/scratch/pdoshi/audio_comp/urbansound8k_audio/08010_jackhammer.wav,8010,77751-7-5-0.wav,77751,7,jackhammer,7
/scratch/pdoshi/audio_comp/urbansound8k_audio/08011_jackhammer.wav,8011,77751-7-6-0.wav,77751,7,jackhammer,7
/scratch/pdoshi/audio_comp/urbansound8k_audio/08012_jackhammer.wav,8012,77751-7-7-0.wav,77751,7,jackhammer,7
/scratch/pdoshi/audio_comp/urbansound8k_audio/08013_jackhammer.wav,8013,77751-7-8-0.wav,77751,7,jackhammer,7
/scratch/pdoshi/audio_comp/urbansound8k_audio/08014_jackhammer.wav,8014,77751-7-9-0.wav,77751,7,jackhammer,7
/scratch/pdoshi/audio_comp/urbansound8k_audio/08015_jackhammer.wav,8015,77751-7-9-1.wav,77751,7,jackhammer,7
/scratch/pdoshi/audio_comp/urbansound8k_audio/08016_jackhammer.wav,8016,77751-7-9-2.wav,77751,7,jackhammer,7
/scratch/pdoshi/audio_comp/urbansound8k_audio/08017_jackhammer.wav,8017,77751-7-9-3.wav,77751,7,jackhammer,7
/scratch/pdoshi/audio_comp/urbansound8k_audio/08018_street_music.wav,8018,77766-9-0-0.wav,77766,9,street_music,1
/scratch/pdoshi/audio_comp/urbansound8k_audio/08019_street_music.wav,8019,77766-9-0-3.wav,77766,9,street_music,1
/scratch/pdoshi/audio_comp/urbansound8k_audio/08020_street_music.wav,8020,77766-9-0-4.wav,77766,9,street_music,1
/scratch/pdoshi/audio_comp/urbansound8k_audio/08021_street_music.wav,8021,77766-9-0-5.wav,77766,9,street_music,1
/scratch/pdoshi/audio_comp/urbansound8k_audio/08022_street_music.wav,8022,77766-9-0-6.wav,77766,9,street_music,1
/scratch/pdoshi/audio_comp/urbansound8k_audio/08023_street_music.wav,8023,77766-9-0-7.wav,77766,9,street_music,1
/scratch/pdoshi/audio_comp/urbansound8k_audio/08024_street_music.wav,8024,77769-9-0-0.wav,77769,9,street_music,3
/scratch/pdoshi/audio_comp/urbansound8k_audio/08025_street_music.wav,8025,77769-9-0-12.wav,77769,9,street_music,3
/scratch/pdoshi/audio_comp/urbansound8k_audio/08026_street_music.wav,8026,77769-9-0-17.wav,77769,9,street_music,3
/scratch/pdoshi/audio_comp/urbansound8k_audio/08027_street_music.wav,8027,77769-9-0-2.wav,77769,9,street_music,3
/scratch/pdoshi/audio_comp/urbansound8k_audio/08028_street_music.wav,8028,77769-9-0-4.wav,77769,9,street_music,3
/scratch/pdoshi/audio_comp/urbansound8k_audio/08029_street_music.wav,8029,77769-9-0-8.wav,77769,9,street_music,3
/scratch/pdoshi/audio_comp/urbansound8k_audio/08030_street_music.wav,8030,77770-9-0-1.wav,77770,9,street_music,7
/scratch/pdoshi/audio_comp/urbansound8k_audio/08031_street_music.wav,8031,77770-9-0-15.wav,77770,9,street_music,7
/scratch/pdoshi/audio_comp/urbansound8k_audio/08032_street_music.wav,8032,77770-9-0-17.wav,77770,9,street_music,7
/scratch/pdoshi/audio_comp/urbansound8k_audio/08033_street_music.wav,8033,77770-9-0-20.wav,77770,9,street_music,7
/scratch/pdoshi/audio_comp/urbansound8k_audio/08034_street_music.wav,8034,77770-9-0-6.wav,77770,9,street_music,7
/scratch/pdoshi/audio_comp/urbansound8k_audio/08035_street_music.wav,8035,77770-9-0-8.wav,77770,9,street_music,7
/scratch/pdoshi/audio_comp/urbansound8k_audio/08036_street_music.wav,8036,77770-9-0-9.wav,77770,9,street_music,7
/scratch/pdoshi/audio_comp/urbansound8k_audio/08037_drilling.wav,8037,77774-4-0-0.wav,77774,4,drilling,5
/scratch/pdoshi/audio_comp/urbansound8k_audio/08038_drilling.wav,8038,77774-4-0-1.wav,77774,4,drilling,5
/scratch/pdoshi/audio_comp/urbansound8k_audio/08039_drilling.wav,8039,77774-4-0-2.wav,77774,4,drilling,5
/scratch/pdoshi/audio_comp/urbansound8k_audio/08040_drilling.wav,8040,77774-4-0-3.wav,77774,4,drilling,5
/scratch/pdoshi/audio_comp/urbansound8k_audio/08041_drilling.wav,8041,77774-4-1-0.wav,77774,4,drilling,5
/scratch/pdoshi/audio_comp/urbansound8k_audio/08042_drilling.wav,8042,77774-4-1-1.wav,77774,4,drilling,5
/scratch/pdoshi/audio_comp/urbansound8k_audio/08043_street_music.wav,8043,77901-9-0-0.wav,77901,9,street_music,10
/scratch/pdoshi/audio_comp/urbansound8k_audio/08044_street_music.wav,8044,77901-9-0-1.wav,77901,9,street_music,10
/scratch/pdoshi/audio_comp/urbansound8k_audio/08045_street_music.wav,8045,77901-9-0-2.wav,77901,9,street_music,10
/scratch/pdoshi/audio_comp/urbansound8k_audio/08046_street_music.wav,8046,77901-9-0-3.wav,77901,9,street_music,10
/scratch/pdoshi/audio_comp/urbansound8k_audio/08047_street_music.wav,8047,77901-9-0-4.wav,77901,9,street_music,10
/scratch/pdoshi/audio_comp/urbansound8k_audio/08048_street_music.wav,8048,77901-9-0-6.wav,77901,9,street_music,10
/scratch/pdoshi/audio_comp/urbansound8k_audio/08049_street_music.wav,8049,77901-9-0-7.wav,77901,9,street_music,10
/scratch/pdoshi/audio_comp/urbansound8k_audio/08050_dog_bark.wav,8050,77927-3-0-0.wav,77927,3,dog_bark,10
/scratch/pdoshi/audio_comp/urbansound8k_audio/08051_dog_bark.wav,8051,77927-3-0-1.wav,77927,3,dog_bark,10
/scratch/pdoshi/audio_comp/urbansound8k_audio/08052_dog_bark.wav,8052,77927-3-0-2.wav,77927,3,dog_bark,10
/scratch/pdoshi/audio_comp/urbansound8k_audio/08053_dog_bark.wav,8053,77927-3-1-1.wav,77927,3,dog_bark,10
/scratch/pdoshi/audio_comp/urbansound8k_audio/08054_street_music.wav,8054,78326-9-0-0.wav,78326,9,street_music,3
/scratch/pdoshi/audio_comp/urbansound8k_audio/08055_street_music.wav,8055,78326-9-0-1.wav,78326,9,street_music,3
/scratch/pdoshi/audio_comp/urbansound8k_audio/08056_street_music.wav,8056,78326-9-0-3.wav,78326,9,street_music,3
/scratch/pdoshi/audio_comp/urbansound8k_audio/08057_street_music.wav,8057,78326-9-0-5.wav,78326,9,street_music,3
/scratch/pdoshi/audio_comp/urbansound8k_audio/08058_street_music.wav,8058,78326-9-0-6.wav,78326,9,street_music,3
/scratch/pdoshi/audio_comp/urbansound8k_audio/08059_street_music.wav,8059,78326-9-0-7.wav,78326,9,street_music,3
/scratch/pdoshi/audio_comp/urbansound8k_audio/08060_drilling.wav,8060,78360-4-0-0.wav,78360,4,drilling,1
/scratch/pdoshi/audio_comp/urbansound8k_audio/08061_drilling.wav,8061,78360-4-0-1.wav,78360,4,drilling,1
/scratch/pdoshi/audio_comp/urbansound8k_audio/08062_drilling.wav,8062,78360-4-0-11.wav,78360,4,drilling,1
/scratch/pdoshi/audio_comp/urbansound8k_audio/08063_drilling.wav,8063,78360-4-0-12.wav,78360,4,drilling,1
/scratch/pdoshi/audio_comp/urbansound8k_audio/08064_drilling.wav,8064,78360-4-0-14.wav,78360,4,drilling,1
/scratch/pdoshi/audio_comp/urbansound8k_audio/08065_drilling.wav,8065,78360-4-0-15.wav,78360,4,drilling,1
/scratch/pdoshi/audio_comp/urbansound8k_audio/08066_drilling.wav,8066,78360-4-0-16.wav,78360,4,drilling,1
/scratch/pdoshi/audio_comp/urbansound8k_audio/08067_drilling.wav,8067,78360-4-0-17.wav,78360,4,drilling,1
/scratch/pdoshi/audio_comp/urbansound8k_audio/08068_drilling.wav,8068,78360-4-0-18.wav,78360,4,drilling,1
/scratch/pdoshi/audio_comp/urbansound8k_audio/08069_drilling.wav,8069,78360-4-0-19.wav,78360,4,drilling,1
/scratch/pdoshi/audio_comp/urbansound8k_audio/08070_drilling.wav,8070,78360-4-0-2.wav,78360,4,drilling,1
/scratch/pdoshi/audio_comp/urbansound8k_audio/08071_drilling.wav,8071,78360-4-0-20.wav,78360,4,drilling,1
/scratch/pdoshi/audio_comp/urbansound8k_audio/08072_drilling.wav,8072,78360-4-0-21.wav,78360,4,drilling,1
/scratch/pdoshi/audio_comp/urbansound8k_audio/08073_drilling.wav,8073,78360-4-0-22.wav,78360,4,drilling,1
/scratch/pdoshi/audio_comp/urbansound8k_audio/08074_drilling.wav,8074,78360-4-0-23.wav,78360,4,drilling,1
/scratch/pdoshi/audio_comp/urbansound8k_audio/08075_drilling.wav,8075,78360-4-0-3.wav,78360,4,drilling,1
/scratch/pdoshi/audio_comp/urbansound8k_audio/08076_drilling.wav,8076,78360-4-0-4.wav,78360,4,drilling,1
/scratch/pdoshi/audio_comp/urbansound8k_audio/08077_drilling.wav,8077,78360-4-0-5.wav,78360,4,drilling,1
/scratch/pdoshi/audio_comp/urbansound8k_audio/08078_drilling.wav,8078,78360-4-0-6.wav,78360,4,drilling,1
/scratch/pdoshi/audio_comp/urbansound8k_audio/08079_drilling.wav,8079,78360-4-0-7.wav,78360,4,drilling,1
/scratch/pdoshi/audio_comp/urbansound8k_audio/08080_drilling.wav,8080,78360-4-0-8.wav,78360,4,drilling,1
/scratch/pdoshi/audio_comp/urbansound8k_audio/08081_drilling.wav,8081,78360-4-0-9.wav,78360,4,drilling,1
/scratch/pdoshi/audio_comp/urbansound8k_audio/08082_engine_idling.wav,8082,78651-5-0-0.wav,78651,5,engine_idling,6
/scratch/pdoshi/audio_comp/urbansound8k_audio/08083_engine_idling.wav,8083,78651-5-0-1.wav,78651,5,engine_idling,6
/scratch/pdoshi/audio_comp/urbansound8k_audio/08084_engine_idling.wav,8084,78651-5-0-10.wav,78651,5,engine_idling,6
/scratch/pdoshi/audio_comp/urbansound8k_audio/08085_engine_idling.wav,8085,78651-5-0-11.wav,78651,5,engine_idling,6
/scratch/pdoshi/audio_comp/urbansound8k_audio/08086_engine_idling.wav,8086,78651-5-0-12.wav,78651,5,engine_idling,6
/scratch/pdoshi/audio_comp/urbansound8k_audio/08087_engine_idling.wav,8087,78651-5-0-13.wav,78651,5,engine_idling,6
/scratch/pdoshi/audio_comp/urbansound8k_audio/08088_engine_idling.wav,8088,78651-5-0-14.wav,78651,5,engine_idling,6
/scratch/pdoshi/audio_comp/urbansound8k_audio/08089_engine_idling.wav,8089,78651-5-0-15.wav,78651,5,engine_idling,6
/scratch/pdoshi/audio_comp/urbansound8k_audio/08090_engine_idling.wav,8090,78651-5-0-16.wav,78651,5,engine_idling,6
/scratch/pdoshi/audio_comp/urbansound8k_audio/08091_engine_idling.wav,8091,78651-5-0-17.wav,78651,5,engine_idling,6
/scratch/pdoshi/audio_comp/urbansound8k_audio/08092_engine_idling.wav,8092,78651-5-0-2.wav,78651,5,engine_idling,6
/scratch/pdoshi/audio_comp/urbansound8k_audio/08093_engine_idling.wav,8093,78651-5-0-3.wav,78651,5,engine_idling,6
/scratch/pdoshi/audio_comp/urbansound8k_audio/08094_engine_idling.wav,8094,78651-5-0-4.wav,78651,5,engine_idling,6
/scratch/pdoshi/audio_comp/urbansound8k_audio/08095_engine_idling.wav,8095,78651-5-0-5.wav,78651,5,engine_idling,6
/scratch/pdoshi/audio_comp/urbansound8k_audio/08096_engine_idling.wav,8096,78651-5-0-6.wav,78651,5,engine_idling,6
/scratch/pdoshi/audio_comp/urbansound8k_audio/08097_engine_idling.wav,8097,78651-5-0-7.wav,78651,5,engine_idling,6
/scratch/pdoshi/audio_comp/urbansound8k_audio/08098_engine_idling.wav,8098,78651-5-0-8.wav,78651,5,engine_idling,6
/scratch/pdoshi/audio_comp/urbansound8k_audio/08099_engine_idling.wav,8099,78651-5-0-9.wav,78651,5,engine_idling,6
/scratch/pdoshi/audio_comp/urbansound8k_audio/08100_gun_shot.wav,8100,78776-6-0-0.wav,78776,6,gun_shot,3
/scratch/pdoshi/audio_comp/urbansound8k_audio/08101_air_conditioner.wav,8101,79089-0-0-106.wav,79089,0,air_conditioner,9
/scratch/pdoshi/audio_comp/urbansound8k_audio/08102_air_conditioner.wav,8102,79089-0-0-115.wav,79089,0,air_conditioner,9
/scratch/pdoshi/audio_comp/urbansound8k_audio/08103_air_conditioner.wav,8103,79089-0-0-12.wav,79089,0,air_conditioner,9
/scratch/pdoshi/audio_comp/urbansound8k_audio/08104_air_conditioner.wav,8104,79089-0-0-122.wav,79089,0,air_conditioner,9
/scratch/pdoshi/audio_comp/urbansound8k_audio/08105_air_conditioner.wav,8105,79089-0-0-123.wav,79089,0,air_conditioner,9
/scratch/pdoshi/audio_comp/urbansound8k_audio/08106_air_conditioner.wav,8106,79089-0-0-134.wav,79089,0,air_conditioner,9
/scratch/pdoshi/audio_comp/urbansound8k_audio/08107_air_conditioner.wav,8107,79089-0-0-135.wav,79089,0,air_conditioner,9
/scratch/pdoshi/audio_comp/urbansound8k_audio/08108_air_conditioner.wav,8108,79089-0-0-136.wav,79089,0,air_conditioner,9
/scratch/pdoshi/audio_comp/urbansound8k_audio/08109_air_conditioner.wav,8109,79089-0-0-138.wav,79089,0,air_conditioner,9
/scratch/pdoshi/audio_comp/urbansound8k_audio/08110_air_conditioner.wav,8110,79089-0-0-19.wav,79089,0,air_conditioner,9
/scratch/pdoshi/audio_comp/urbansound8k_audio/08111_air_conditioner.wav,8111,79089-0-0-25.wav,79089,0,air_conditioner,9
/scratch/pdoshi/audio_comp/urbansound8k_audio/08112_air_conditioner.wav,8112,79089-0-0-28.wav,79089,0,air_conditioner,9
/scratch/pdoshi/audio_comp/urbansound8k_audio/08113_air_conditioner.wav,8113,79089-0-0-4.wav,79089,0,air_conditioner,9
/scratch/pdoshi/audio_comp/urbansound8k_audio/08114_air_conditioner.wav,8114,79089-0-0-40.wav,79089,0,air_conditioner,9
/scratch/pdoshi/audio_comp/urbansound8k_audio/08115_air_conditioner.wav,8115,79089-0-0-41.wav,79089,0,air_conditioner,9
/scratch/pdoshi/audio_comp/urbansound8k_audio/08116_air_conditioner.wav,8116,79089-0-0-43.wav,79089,0,air_conditioner,9
/scratch/pdoshi/audio_comp/urbansound8k_audio/08117_air_conditioner.wav,8117,79089-0-0-48.wav,79089,0,air_conditioner,9
/scratch/pdoshi/audio_comp/urbansound8k_audio/08118_air_conditioner.wav,8118,79089-0-0-51.wav,79089,0,air_conditioner,9
/scratch/pdoshi/audio_comp/urbansound8k_audio/08119_air_conditioner.wav,8119,79089-0-0-52.wav,79089,0,air_conditioner,9
/scratch/pdoshi/audio_comp/urbansound8k_audio/08120_air_conditioner.wav,8120,79089-0-0-56.wav,79089,0,air_conditioner,9
/scratch/pdoshi/audio_comp/urbansound8k_audio/08121_air_conditioner.wav,8121,79089-0-0-6.wav,79089,0,air_conditioner,9
/scratch/pdoshi/audio_comp/urbansound8k_audio/08122_air_conditioner.wav,8122,79089-0-0-60.wav,79089,0,air_conditioner,9
/scratch/pdoshi/audio_comp/urbansound8k_audio/08123_air_conditioner.wav,8123,79089-0-0-63.wav,79089,0,air_conditioner,9
/scratch/pdoshi/audio_comp/urbansound8k_audio/08124_air_conditioner.wav,8124,79089-0-0-70.wav,79089,0,air_conditioner,9
/scratch/pdoshi/audio_comp/urbansound8k_audio/08125_air_conditioner.wav,8125,79089-0-0-73.wav,79089,0,air_conditioner,9
/scratch/pdoshi/audio_comp/urbansound8k_audio/08126_air_conditioner.wav,8126,79089-0-0-75.wav,79089,0,air_conditioner,9
/scratch/pdoshi/audio_comp/urbansound8k_audio/08127_air_conditioner.wav,8127,79089-0-0-92.wav,79089,0,air_conditioner,9
/scratch/pdoshi/audio_comp/urbansound8k_audio/08128_dog_bark.wav,8128,7913-3-0-0.wav,7913,3,dog_bark,10
/scratch/pdoshi/audio_comp/urbansound8k_audio/08129_dog_bark.wav,8129,7913-3-1-0.wav,7913,3,dog_bark,10
/scratch/pdoshi/audio_comp/urbansound8k_audio/08130_dog_bark.wav,8130,7913-3-2-0.wav,7913,3,dog_bark,10
/scratch/pdoshi/audio_comp/urbansound8k_audio/08131_dog_bark.wav,8131,7913-3-3-0.wav,7913,3,dog_bark,10
/scratch/pdoshi/audio_comp/urbansound8k_audio/08132_street_music.wav,8132,79377-9-0-10.wav,79377,9,street_music,2
/scratch/pdoshi/audio_comp/urbansound8k_audio/08133_street_music.wav,8133,79377-9-0-12.wav,79377,9,street_music,2
/scratch/pdoshi/audio_comp/urbansound8k_audio/08134_street_music.wav,8134,79377-9-0-13.wav,79377,9,street_music,2
/scratch/pdoshi/audio_comp/urbansound8k_audio/08135_street_music.wav,8135,79377-9-0-2.wav,79377,9,street_music,2
/scratch/pdoshi/audio_comp/urbansound8k_audio/08136_street_music.wav,8136,79377-9-0-4.wav,79377,9,street_music,2
/scratch/pdoshi/audio_comp/urbansound8k_audio/08137_street_music.wav,8137,79377-9-0-8.wav,79377,9,street_music,2
/scratch/pdoshi/audio_comp/urbansound8k_audio/08138_dog_bark.wav,8138,79584-3-0-4.wav,79584,3,dog_bark,9
/scratch/pdoshi/audio_comp/urbansound8k_audio/08139_dog_bark.wav,8139,79584-3-0-5.wav,79584,3,dog_bark,9
/scratch/pdoshi/audio_comp/urbansound8k_audio/08140_dog_bark.wav,8140,79584-3-0-8.wav,79584,3,dog_bark,9
/scratch/pdoshi/audio_comp/urbansound8k_audio/08141_dog_bark.wav,8141,79584-3-1-2.wav,79584,3,dog_bark,9
/scratch/pdoshi/audio_comp/urbansound8k_audio/08142_dog_bark.wav,8142,7965-3-11-0.wav,7965,3,dog_bark,10
/scratch/pdoshi/audio_comp/urbansound8k_audio/08143_dog_bark.wav,8143,7965-3-16-0.wav,7965,3,dog_bark,10
/scratch/pdoshi/audio_comp/urbansound8k_audio/08144_dog_bark.wav,8144,7965-3-22-0.wav,7965,3,dog_bark,10
/scratch/pdoshi/audio_comp/urbansound8k_audio/08145_dog_bark.wav,8145,7965-3-3-0.wav,7965,3,dog_bark,10
/scratch/pdoshi/audio_comp/urbansound8k_audio/08146_dog_bark.wav,8146,7975-3-0-0.wav,7975,3,dog_bark,9
/scratch/pdoshi/audio_comp/urbansound8k_audio/08147_air_conditioner.wav,8147,80589-0-0-0.wav,80589,0,air_conditioner,8
/scratch/pdoshi/audio_comp/urbansound8k_audio/08148_air_conditioner.wav,8148,80589-0-0-1.wav,80589,0,air_conditioner,8
/scratch/pdoshi/audio_comp/urbansound8k_audio/08149_air_conditioner.wav,8149,80589-0-0-2.wav,80589,0,air_conditioner,8
/scratch/pdoshi/audio_comp/urbansound8k_audio/08150_air_conditioner.wav,8150,80589-0-0-3.wav,80589,0,air_conditioner,8
/scratch/pdoshi/audio_comp/urbansound8k_audio/08151_air_conditioner.wav,8151,80589-0-0-4.wav,80589,0,air_conditioner,8
/scratch/pdoshi/audio_comp/urbansound8k_audio/08152_children_playing.wav,8152,80806-2-0-0.wav,80806,2,children_playing,5
/scratch/pdoshi/audio_comp/urbansound8k_audio/08153_children_playing.wav,8153,80806-2-0-1.wav,80806,2,children_playing,5
/scratch/pdoshi/audio_comp/urbansound8k_audio/08154_children_playing.wav,8154,80806-2-0-10.wav,80806,2,children_playing,5
/scratch/pdoshi/audio_comp/urbansound8k_audio/08155_children_playing.wav,8155,80806-2-0-2.wav,80806,2,children_playing,5
/scratch/pdoshi/audio_comp/urbansound8k_audio/08156_children_playing.wav,8156,80806-2-0-3.wav,80806,2,children_playing,5
/scratch/pdoshi/audio_comp/urbansound8k_audio/08157_children_playing.wav,8157,80806-2-0-4.wav,80806,2,children_playing,5
/scratch/pdoshi/audio_comp/urbansound8k_audio/08158_children_playing.wav,8158,80806-2-0-5.wav,80806,2,children_playing,5
/scratch/pdoshi/audio_comp/urbansound8k_audio/08159_children_playing.wav,8159,80806-2-0-7.wav,80806,2,children_playing,5
/scratch/pdoshi/audio_comp/urbansound8k_audio/08160_engine_idling.wav,8160,81068-5-0-0.wav,81068,5,engine_idling,4
/scratch/pdoshi/audio_comp/urbansound8k_audio/08161_engine_idling.wav,8161,81068-5-0-1.wav,81068,5,engine_idling,4
/scratch/pdoshi/audio_comp/urbansound8k_audio/08162_engine_idling.wav,8162,81068-5-0-2.wav,81068,5,engine_idling,4
/scratch/pdoshi/audio_comp/urbansound8k_audio/08163_engine_idling.wav,8163,81068-5-0-3.wav,81068,5,engine_idling,4
/scratch/pdoshi/audio_comp/urbansound8k_audio/08164_engine_idling.wav,8164,81068-5-0-4.wav,81068,5,engine_idling,4
/scratch/pdoshi/audio_comp/urbansound8k_audio/08165_engine_idling.wav,8165,81068-5-0-5.wav,81068,5,engine_idling,4
/scratch/pdoshi/audio_comp/urbansound8k_audio/08166_engine_idling.wav,8166,81068-5-1-0.wav,81068,5,engine_idling,4
/scratch/pdoshi/audio_comp/urbansound8k_audio/08167_engine_idling.wav,8167,81068-5-2-0.wav,81068,5,engine_idling,4
/scratch/pdoshi/audio_comp/urbansound8k_audio/08168_drilling.wav,8168,81117-4-0-0.wav,81117,4,drilling,9
/scratch/pdoshi/audio_comp/urbansound8k_audio/08169_drilling.wav,8169,81117-4-0-1.wav,81117,4,drilling,9
/scratch/pdoshi/audio_comp/urbansound8k_audio/08170_drilling.wav,8170,81117-4-0-2.wav,81117,4,drilling,9
/scratch/pdoshi/audio_comp/urbansound8k_audio/08171_drilling.wav,8171,81117-4-0-3.wav,81117,4,drilling,9
/scratch/pdoshi/audio_comp/urbansound8k_audio/08172_drilling.wav,8172,81117-4-0-4.wav,81117,4,drilling,9
/scratch/pdoshi/audio_comp/urbansound8k_audio/08173_drilling.wav,8173,81117-4-0-5.wav,81117,4,drilling,9
/scratch/pdoshi/audio_comp/urbansound8k_audio/08174_dog_bark.wav,8174,81722-3-0-21.wav,81722,3,dog_bark,9
/scratch/pdoshi/audio_comp/urbansound8k_audio/08175_dog_bark.wav,8175,81722-3-0-22.wav,81722,3,dog_bark,9
/scratch/pdoshi/audio_comp/urbansound8k_audio/08176_dog_bark.wav,8176,81722-3-0-26.wav,81722,3,dog_bark,9
/scratch/pdoshi/audio_comp/urbansound8k_audio/08177_dog_bark.wav,8177,81722-3-0-28.wav,81722,3,dog_bark,9
/scratch/pdoshi/audio_comp/urbansound8k_audio/08178_children_playing.wav,8178,81787-2-0-0.wav,81787,2,children_playing,8
/scratch/pdoshi/audio_comp/urbansound8k_audio/08179_children_playing.wav,8179,81787-2-0-14.wav,81787,2,children_playing,8
/scratch/pdoshi/audio_comp/urbansound8k_audio/08180_children_playing.wav,8180,81787-2-0-23.wav,81787,2,children_playing,8
/scratch/pdoshi/audio_comp/urbansound8k_audio/08181_children_playing.wav,8181,81787-2-0-35.wav,81787,2,children_playing,8
/scratch/pdoshi/audio_comp/urbansound8k_audio/08182_children_playing.wav,8182,81787-2-0-39.wav,81787,2,children_playing,8
/scratch/pdoshi/audio_comp/urbansound8k_audio/08183_children_playing.wav,8183,81787-2-0-4.wav,81787,2,children_playing,8
/scratch/pdoshi/audio_comp/urbansound8k_audio/08184_children_playing.wav,8184,81787-2-0-48.wav,81787,2,children_playing,8
/scratch/pdoshi/audio_comp/urbansound8k_audio/08185_children_playing.wav,8185,81787-2-0-49.wav,81787,2,children_playing,8
/scratch/pdoshi/audio_comp/urbansound8k_audio/08186_children_playing.wav,8186,81788-2-0-12.wav,81788,2,children_playing,7
/scratch/pdoshi/audio_comp/urbansound8k_audio/08187_children_playing.wav,8187,81788-2-0-14.wav,81788,2,children_playing,7
/scratch/pdoshi/audio_comp/urbansound8k_audio/08188_children_playing.wav,8188,81788-2-0-16.wav,81788,2,children_playing,7
/scratch/pdoshi/audio_comp/urbansound8k_audio/08189_children_playing.wav,8189,81788-2-0-35.wav,81788,2,children_playing,7
/scratch/pdoshi/audio_comp/urbansound8k_audio/08190_children_playing.wav,8190,81788-2-0-44.wav,81788,2,children_playing,7
/scratch/pdoshi/audio_comp/urbansound8k_audio/08191_children_playing.wav,8191,81788-2-0-51.wav,81788,2,children_playing,7
/scratch/pdoshi/audio_comp/urbansound8k_audio/08192_children_playing.wav,8192,81788-2-0-69.wav,81788,2,children_playing,7
/scratch/pdoshi/audio_comp/urbansound8k_audio/08193_dog_bark.wav,8193,81791-3-0-0.wav,81791,3,dog_bark,10
/scratch/pdoshi/audio_comp/urbansound8k_audio/08194_dog_bark.wav,8194,81791-3-0-1.wav,81791,3,dog_bark,10
/scratch/pdoshi/audio_comp/urbansound8k_audio/08195_dog_bark.wav,8195,81791-3-1-0.wav,81791,3,dog_bark,10
/scratch/pdoshi/audio_comp/urbansound8k_audio/08196_dog_bark.wav,8196,81799-3-0-0.wav,81799,3,dog_bark,7
/scratch/pdoshi/audio_comp/urbansound8k_audio/08197_dog_bark.wav,8197,81799-3-0-1.wav,81799,3,dog_bark,7
/scratch/pdoshi/audio_comp/urbansound8k_audio/08198_dog_bark.wav,8198,81799-3-1-0.wav,81799,3,dog_bark,7
/scratch/pdoshi/audio_comp/urbansound8k_audio/08199_dog_bark.wav,8199,81799-3-1-2.wav,81799,3,dog_bark,7
/scratch/pdoshi/audio_comp/urbansound8k_audio/08200_dog_bark.wav,8200,82024-3-0-4.wav,82024,3,dog_bark,7
/scratch/pdoshi/audio_comp/urbansound8k_audio/08201_dog_bark.wav,8201,82024-3-0-5.wav,82024,3,dog_bark,7
/scratch/pdoshi/audio_comp/urbansound8k_audio/08202_dog_bark.wav,8202,82024-3-0-6.wav,82024,3,dog_bark,7
/scratch/pdoshi/audio_comp/urbansound8k_audio/08203_dog_bark.wav,8203,82024-3-0-8.wav,82024,3,dog_bark,7
/scratch/pdoshi/audio_comp/urbansound8k_audio/08204_car_horn.wav,8204,82317-1-0-0.wav,82317,1,car_horn,6
/scratch/pdoshi/audio_comp/urbansound8k_audio/08205_children_playing.wav,8205,82368-2-0-0.wav,82368,2,children_playing,6
/scratch/pdoshi/audio_comp/urbansound8k_audio/08206_children_playing.wav,8206,82368-2-0-1.wav,82368,2,children_playing,6
/scratch/pdoshi/audio_comp/urbansound8k_audio/08207_children_playing.wav,8207,82368-2-0-10.wav,82368,2,children_playing,6
/scratch/pdoshi/audio_comp/urbansound8k_audio/08208_children_playing.wav,8208,82368-2-0-17.wav,82368,2,children_playing,6
/scratch/pdoshi/audio_comp/urbansound8k_audio/08209_children_playing.wav,8209,82368-2-0-23.wav,82368,2,children_playing,6
/scratch/pdoshi/audio_comp/urbansound8k_audio/08210_children_playing.wav,8210,82368-2-0-25.wav,82368,2,children_playing,6
/scratch/pdoshi/audio_comp/urbansound8k_audio/08211_children_playing.wav,8211,82368-2-0-30.wav,82368,2,children_playing,6
/scratch/pdoshi/audio_comp/urbansound8k_audio/08212_children_playing.wav,8212,82368-2-0-7.wav,82368,2,children_playing,6
/scratch/pdoshi/audio_comp/urbansound8k_audio/08213_dog_bark.wav,8213,82811-3-0-1.wav,82811,3,dog_bark,3
/scratch/pdoshi/audio_comp/urbansound8k_audio/08214_dog_bark.wav,8214,82811-3-0-2.wav,82811,3,dog_bark,3
/scratch/pdoshi/audio_comp/urbansound8k_audio/08215_dog_bark.wav,8215,82811-3-3-0.wav,82811,3,dog_bark,3
/scratch/pdoshi/audio_comp/urbansound8k_audio/08216_dog_bark.wav,8216,82811-3-4-0.wav,82811,3,dog_bark,3
/scratch/pdoshi/audio_comp/urbansound8k_audio/08217_street_music.wav,8217,83191-9-0-0.wav,83191,9,street_music,10
/scratch/pdoshi/audio_comp/urbansound8k_audio/08218_street_music.wav,8218,83191-9-0-11.wav,83191,9,street_music,10
/scratch/pdoshi/audio_comp/urbansound8k_audio/08219_street_music.wav,8219,83191-9-0-13.wav,83191,9,street_music,10
/scratch/pdoshi/audio_comp/urbansound8k_audio/08220_street_music.wav,8220,83191-9-0-17.wav,83191,9,street_music,10
/scratch/pdoshi/audio_comp/urbansound8k_audio/08221_street_music.wav,8221,83191-9-0-4.wav,83191,9,street_music,10
/scratch/pdoshi/audio_comp/urbansound8k_audio/08222_street_music.wav,8222,83191-9-0-6.wav,83191,9,street_music,10
/scratch/pdoshi/audio_comp/urbansound8k_audio/08223_street_music.wav,8223,83195-9-0-11.wav,83195,9,street_music,10
/scratch/pdoshi/audio_comp/urbansound8k_audio/08224_street_music.wav,8224,83195-9-0-14.wav,83195,9,street_music,10
/scratch/pdoshi/audio_comp/urbansound8k_audio/08225_street_music.wav,8225,83195-9-0-2.wav,83195,9,street_music,10
/scratch/pdoshi/audio_comp/urbansound8k_audio/08226_street_music.wav,8226,83195-9-0-3.wav,83195,9,street_music,10
/scratch/pdoshi/audio_comp/urbansound8k_audio/08227_street_music.wav,8227,83195-9-0-6.wav,83195,9,street_music,10
/scratch/pdoshi/audio_comp/urbansound8k_audio/08228_street_music.wav,8228,83195-9-0-7.wav,83195,9,street_music,10
/scratch/pdoshi/audio_comp/urbansound8k_audio/08229_street_music.wav,8229,83196-9-0-10.wav,83196,9,street_music,5
/scratch/pdoshi/audio_comp/urbansound8k_audio/08230_street_music.wav,8230,83196-9-0-13.wav,83196,9,street_music,5
/scratch/pdoshi/audio_comp/urbansound8k_audio/08231_street_music.wav,8231,83196-9-0-14.wav,83196,9,street_music,5
/scratch/pdoshi/audio_comp/urbansound8k_audio/08232_street_music.wav,8232,83196-9-0-15.wav,83196,9,street_music,5
/scratch/pdoshi/audio_comp/urbansound8k_audio/08233_street_music.wav,8233,83196-9-0-3.wav,83196,9,street_music,5
/scratch/pdoshi/audio_comp/urbansound8k_audio/08234_street_music.wav,8234,83196-9-0-9.wav,83196,9,street_music,5
/scratch/pdoshi/audio_comp/urbansound8k_audio/08235_street_music.wav,8235,83199-9-0-0.wav,83199,9,street_music,1
/scratch/pdoshi/audio_comp/urbansound8k_audio/08236_car_horn.wav,8236,83465-1-0-0.wav,83465,1,car_horn,8
/scratch/pdoshi/audio_comp/urbansound8k_audio/08237_car_horn.wav,8237,83488-1-0-0.wav,83488,1,car_horn,7
/scratch/pdoshi/audio_comp/urbansound8k_audio/08238_car_horn.wav,8238,83488-1-1-0.wav,83488,1,car_horn,7
/scratch/pdoshi/audio_comp/urbansound8k_audio/08239_air_conditioner.wav,8239,83502-0-0-0.wav,83502,0,air_conditioner,10
/scratch/pdoshi/audio_comp/urbansound8k_audio/08240_air_conditioner.wav,8240,83502-0-0-1.wav,83502,0,air_conditioner,10
/scratch/pdoshi/audio_comp/urbansound8k_audio/08241_air_conditioner.wav,8241,83502-0-0-10.wav,83502,0,air_conditioner,10
/scratch/pdoshi/audio_comp/urbansound8k_audio/08242_air_conditioner.wav,8242,83502-0-0-11.wav,83502,0,air_conditioner,10
/scratch/pdoshi/audio_comp/urbansound8k_audio/08243_air_conditioner.wav,8243,83502-0-0-12.wav,83502,0,air_conditioner,10
/scratch/pdoshi/audio_comp/urbansound8k_audio/08244_air_conditioner.wav,8244,83502-0-0-13.wav,83502,0,air_conditioner,10
/scratch/pdoshi/audio_comp/urbansound8k_audio/08245_air_conditioner.wav,8245,83502-0-0-2.wav,83502,0,air_conditioner,10
/scratch/pdoshi/audio_comp/urbansound8k_audio/08246_air_conditioner.wav,8246,83502-0-0-3.wav,83502,0,air_conditioner,10
/scratch/pdoshi/audio_comp/urbansound8k_audio/08247_air_conditioner.wav,8247,83502-0-0-4.wav,83502,0,air_conditioner,10
/scratch/pdoshi/audio_comp/urbansound8k_audio/08248_air_conditioner.wav,8248,83502-0-0-5.wav,83502,0,air_conditioner,10
/scratch/pdoshi/audio_comp/urbansound8k_audio/08249_air_conditioner.wav,8249,83502-0-0-6.wav,83502,0,air_conditioner,10
/scratch/pdoshi/audio_comp/urbansound8k_audio/08250_air_conditioner.wav,8250,83502-0-0-7.wav,83502,0,air_conditioner,10
/scratch/pdoshi/audio_comp/urbansound8k_audio/08251_air_conditioner.wav,8251,83502-0-0-8.wav,83502,0,air_conditioner,10
/scratch/pdoshi/audio_comp/urbansound8k_audio/08252_air_conditioner.wav,8252,83502-0-0-9.wav,83502,0,air_conditioner,10
/scratch/pdoshi/audio_comp/urbansound8k_audio/08253_engine_idling.wav,8253,83680-5-0-0.wav,83680,5,engine_idling,6
/scratch/pdoshi/audio_comp/urbansound8k_audio/08254_engine_idling.wav,8254,83680-5-0-1.wav,83680,5,engine_idling,6
/scratch/pdoshi/audio_comp/urbansound8k_audio/08255_engine_idling.wav,8255,83680-5-0-2.wav,83680,5,engine_idling,6
/scratch/pdoshi/audio_comp/urbansound8k_audio/08256_engine_idling.wav,8256,83680-5-0-3.wav,83680,5,engine_idling,6
/scratch/pdoshi/audio_comp/urbansound8k_audio/08257_children_playing.wav,8257,84143-2-0-10.wav,84143,2,children_playing,7
/scratch/pdoshi/audio_comp/urbansound8k_audio/08258_children_playing.wav,8258,84143-2-0-12.wav,84143,2,children_playing,7
/scratch/pdoshi/audio_comp/urbansound8k_audio/08259_children_playing.wav,8259,84143-2-0-13.wav,84143,2,children_playing,7
/scratch/pdoshi/audio_comp/urbansound8k_audio/08260_children_playing.wav,8260,84143-2-0-14.wav,84143,2,children_playing,7
/scratch/pdoshi/audio_comp/urbansound8k_audio/08261_children_playing.wav,8261,84143-2-0-15.wav,84143,2,children_playing,7
/scratch/pdoshi/audio_comp/urbansound8k_audio/08262_children_playing.wav,8262,84143-2-0-32.wav,84143,2,children_playing,7
/scratch/pdoshi/audio_comp/urbansound8k_audio/08263_children_playing.wav,8263,84143-2-0-38.wav,84143,2,children_playing,7
/scratch/pdoshi/audio_comp/urbansound8k_audio/08264_children_playing.wav,8264,84143-2-0-7.wav,84143,2,children_playing,7
/scratch/pdoshi/audio_comp/urbansound8k_audio/08265_street_music.wav,8265,84249-9-0-10.wav,84249,9,street_music,10
/scratch/pdoshi/audio_comp/urbansound8k_audio/08266_street_music.wav,8266,84249-9-0-11.wav,84249,9,street_music,10
/scratch/pdoshi/audio_comp/urbansound8k_audio/08267_street_music.wav,8267,84249-9-0-3.wav,84249,9,street_music,10
/scratch/pdoshi/audio_comp/urbansound8k_audio/08268_street_music.wav,8268,84249-9-0-6.wav,84249,9,street_music,10
/scratch/pdoshi/audio_comp/urbansound8k_audio/08269_street_music.wav,8269,84249-9-0-7.wav,84249,9,street_music,10
/scratch/pdoshi/audio_comp/urbansound8k_audio/08270_street_music.wav,8270,84249-9-0-8.wav,84249,9,street_music,10
/scratch/pdoshi/audio_comp/urbansound8k_audio/08271_gun_shot.wav,8271,84254-6-0-0.wav,84254,6,gun_shot,5
/scratch/pdoshi/audio_comp/urbansound8k_audio/08272_dog_bark.wav,8272,84317-3-0-0.wav,84317,3,dog_bark,4
/scratch/pdoshi/audio_comp/urbansound8k_audio/08273_children_playing.wav,8273,84359-2-0-0.wav,84359,2,children_playing,2
/scratch/pdoshi/audio_comp/urbansound8k_audio/08274_children_playing.wav,8274,84359-2-0-1.wav,84359,2,children_playing,2
/scratch/pdoshi/audio_comp/urbansound8k_audio/08275_children_playing.wav,8275,84359-2-0-2.wav,84359,2,children_playing,2
/scratch/pdoshi/audio_comp/urbansound8k_audio/08276_children_playing.wav,8276,84359-2-0-5.wav,84359,2,children_playing,2
/scratch/pdoshi/audio_comp/urbansound8k_audio/08277_children_playing.wav,8277,84359-2-0-6.wav,84359,2,children_playing,2
/scratch/pdoshi/audio_comp/urbansound8k_audio/08278_children_playing.wav,8278,84359-2-0-8.wav,84359,2,children_playing,2
/scratch/pdoshi/audio_comp/urbansound8k_audio/08279_children_playing.wav,8279,84359-2-0-9.wav,84359,2,children_playing,2
/scratch/pdoshi/audio_comp/urbansound8k_audio/08280_drilling.wav,8280,84699-4-0-0.wav,84699,4,drilling,5
/scratch/pdoshi/audio_comp/urbansound8k_audio/08281_drilling.wav,8281,84699-4-1-0.wav,84699,4,drilling,5
/scratch/pdoshi/audio_comp/urbansound8k_audio/08282_drilling.wav,8282,84699-4-2-0.wav,84699,4,drilling,5
/scratch/pdoshi/audio_comp/urbansound8k_audio/08283_drilling.wav,8283,84699-4-3-0.wav,84699,4,drilling,5
/scratch/pdoshi/audio_comp/urbansound8k_audio/08284_drilling.wav,8284,84699-4-4-0.wav,84699,4,drilling,5
/scratch/pdoshi/audio_comp/urbansound8k_audio/08285_drilling.wav,8285,84699-4-5-0.wav,84699,4,drilling,5
/scratch/pdoshi/audio_comp/urbansound8k_audio/08286_drilling.wav,8286,84699-4-6-0.wav,84699,4,drilling,5
/scratch/pdoshi/audio_comp/urbansound8k_audio/08287_children_playing.wav,8287,85249-2-0-10.wav,85249,2,children_playing,6
/scratch/pdoshi/audio_comp/urbansound8k_audio/08288_children_playing.wav,8288,85249-2-0-14.wav,85249,2,children_playing,6
/scratch/pdoshi/audio_comp/urbansound8k_audio/08289_children_playing.wav,8289,85249-2-0-25.wav,85249,2,children_playing,6
/scratch/pdoshi/audio_comp/urbansound8k_audio/08290_children_playing.wav,8290,85249-2-0-29.wav,85249,2,children_playing,6
/scratch/pdoshi/audio_comp/urbansound8k_audio/08291_children_playing.wav,8291,85249-2-0-61.wav,85249,2,children_playing,6
/scratch/pdoshi/audio_comp/urbansound8k_audio/08292_children_playing.wav,8292,85249-2-0-62.wav,85249,2,children_playing,6
/scratch/pdoshi/audio_comp/urbansound8k_audio/08293_children_playing.wav,8293,85249-2-0-68.wav,85249,2,children_playing,6
/scratch/pdoshi/audio_comp/urbansound8k_audio/08294_children_playing.wav,8294,85249-2-0-79.wav,85249,2,children_playing,6
/scratch/pdoshi/audio_comp/urbansound8k_audio/08295_dog_bark.wav,8295,85362-3-0-0.wav,85362,3,dog_bark,7
/scratch/pdoshi/audio_comp/urbansound8k_audio/08296_dog_bark.wav,8296,85362-3-1-0.wav,85362,3,dog_bark,7
/scratch/pdoshi/audio_comp/urbansound8k_audio/08297_dog_bark.wav,8297,85362-3-2-0.wav,85362,3,dog_bark,7
/scratch/pdoshi/audio_comp/urbansound8k_audio/08298_dog_bark.wav,8298,85362-3-3-0.wav,85362,3,dog_bark,7
/scratch/pdoshi/audio_comp/urbansound8k_audio/08299_dog_bark.wav,8299,85544-3-5-0.wav,85544,3,dog_bark,4
/scratch/pdoshi/audio_comp/urbansound8k_audio/08300_dog_bark.wav,8300,85544-3-6-0.wav,85544,3,dog_bark,4
/scratch/pdoshi/audio_comp/urbansound8k_audio/08301_dog_bark.wav,8301,85544-3-7-0.wav,85544,3,dog_bark,4
/scratch/pdoshi/audio_comp/urbansound8k_audio/08302_air_conditioner.wav,8302,85569-0-0-0.wav,85569,0,air_conditioner,5
/scratch/pdoshi/audio_comp/urbansound8k_audio/08303_air_conditioner.wav,8303,85569-0-0-1.wav,85569,0,air_conditioner,5
/scratch/pdoshi/audio_comp/urbansound8k_audio/08304_air_conditioner.wav,8304,85569-0-0-2.wav,85569,0,air_conditioner,5
/scratch/pdoshi/audio_comp/urbansound8k_audio/08305_air_conditioner.wav,8305,85569-0-0-3.wav,85569,0,air_conditioner,5
/scratch/pdoshi/audio_comp/urbansound8k_audio/08306_air_conditioner.wav,8306,85569-0-0-4.wav,85569,0,air_conditioner,5
/scratch/pdoshi/audio_comp/urbansound8k_audio/08307_air_conditioner.wav,8307,85569-0-0-5.wav,85569,0,air_conditioner,5
/scratch/pdoshi/audio_comp/urbansound8k_audio/08308_air_conditioner.wav,8308,85569-0-0-6.wav,85569,0,air_conditioner,5
/scratch/pdoshi/audio_comp/urbansound8k_audio/08309_air_conditioner.wav,8309,85569-0-0-7.wav,85569,0,air_conditioner,5
/scratch/pdoshi/audio_comp/urbansound8k_audio/08310_air_conditioner.wav,8310,85569-0-0-8.wav,85569,0,air_conditioner,5
/scratch/pdoshi/audio_comp/urbansound8k_audio/08311_air_conditioner.wav,8311,85569-0-0-9.wav,85569,0,air_conditioner,5
/scratch/pdoshi/audio_comp/urbansound8k_audio/08312_dog_bark.wav,8312,85574-3-0-0.wav,85574,3,dog_bark,10
/scratch/pdoshi/audio_comp/urbansound8k_audio/08313_dog_bark.wav,8313,85574-3-0-12.wav,85574,3,dog_bark,10
/scratch/pdoshi/audio_comp/urbansound8k_audio/08314_dog_bark.wav,8314,85574-3-0-2.wav,85574,3,dog_bark,10
/scratch/pdoshi/audio_comp/urbansound8k_audio/08315_dog_bark.wav,8315,85574-3-0-8.wav,85574,3,dog_bark,10
/scratch/pdoshi/audio_comp/urbansound8k_audio/08316_dog_bark.wav,8316,85661-3-0-0.wav,85661,3,dog_bark,9
/scratch/pdoshi/audio_comp/urbansound8k_audio/08317_dog_bark.wav,8317,85662-3-0-0.wav,85662,3,dog_bark,7
/scratch/pdoshi/audio_comp/urbansound8k_audio/08318_dog_bark.wav,8318,85663-3-0-0.wav,85663,3,dog_bark,5
/scratch/pdoshi/audio_comp/urbansound8k_audio/08319_dog_bark.wav,8319,85664-3-0-0.wav,85664,3,dog_bark,9
/scratch/pdoshi/audio_comp/urbansound8k_audio/08320_dog_bark.wav,8320,85665-3-0-0.wav,85665,3,dog_bark,10
/scratch/pdoshi/audio_comp/urbansound8k_audio/08321_gun_shot.wav,8321,86278-6-0-0.wav,86278,6,gun_shot,1
/scratch/pdoshi/audio_comp/urbansound8k_audio/08322_dog_bark.wav,8322,86279-3-0-0.wav,86279,3,dog_bark,1
/scratch/pdoshi/audio_comp/urbansound8k_audio/08323_dog_bark.wav,8323,86284-3-0-0.wav,86284,3,dog_bark,5
/scratch/pdoshi/audio_comp/urbansound8k_audio/08324_dog_bark.wav,8324,86284-3-1-0.wav,86284,3,dog_bark,5
/scratch/pdoshi/audio_comp/urbansound8k_audio/08325_car_horn.wav,8325,87275-1-0-0.wav,87275,1,car_horn,1
/scratch/pdoshi/audio_comp/urbansound8k_audio/08326_car_horn.wav,8326,87275-1-1-0.wav,87275,1,car_horn,1
/scratch/pdoshi/audio_comp/urbansound8k_audio/08327_car_horn.wav,8327,87275-1-2-0.wav,87275,1,car_horn,1
/scratch/pdoshi/audio_comp/urbansound8k_audio/08328_car_horn.wav,8328,87275-1-3-0.wav,87275,1,car_horn,1
/scratch/pdoshi/audio_comp/urbansound8k_audio/08329_car_horn.wav,8329,87275-1-4-0.wav,87275,1,car_horn,1
/scratch/pdoshi/audio_comp/urbansound8k_audio/08330_car_horn.wav,8330,87275-1-5-0.wav,87275,1,car_horn,1
/scratch/pdoshi/audio_comp/urbansound8k_audio/08331_gun_shot.wav,8331,87562-6-0-0.wav,87562,6,gun_shot,9
/scratch/pdoshi/audio_comp/urbansound8k_audio/08332_siren.wav,8332,88121-8-0-0.wav,88121,8,siren,10
/scratch/pdoshi/audio_comp/urbansound8k_audio/08333_siren.wav,8333,88121-8-0-1.wav,88121,8,siren,10
/scratch/pdoshi/audio_comp/urbansound8k_audio/08334_siren.wav,8334,88121-8-0-2.wav,88121,8,siren,10
/scratch/pdoshi/audio_comp/urbansound8k_audio/08335_siren.wav,8335,88121-8-0-3.wav,88121,8,siren,10
/scratch/pdoshi/audio_comp/urbansound8k_audio/08336_siren.wav,8336,88121-8-1-0.wav,88121,8,siren,10
/scratch/pdoshi/audio_comp/urbansound8k_audio/08337_siren.wav,8337,88121-8-2-0.wav,88121,8,siren,10
/scratch/pdoshi/audio_comp/urbansound8k_audio/08338_jackhammer.wav,8338,88466-7-0-0.wav,88466,7,jackhammer,1
/scratch/pdoshi/audio_comp/urbansound8k_audio/08339_children_playing.wav,8339,88569-2-0-14.wav,88569,2,children_playing,3
/scratch/pdoshi/audio_comp/urbansound8k_audio/08340_children_playing.wav,8340,88569-2-0-21.wav,88569,2,children_playing,3
/scratch/pdoshi/audio_comp/urbansound8k_audio/08341_children_playing.wav,8341,88569-2-0-36.wav,88569,2,children_playing,3
/scratch/pdoshi/audio_comp/urbansound8k_audio/08342_children_playing.wav,8342,88569-2-0-54.wav,88569,2,children_playing,3
/scratch/pdoshi/audio_comp/urbansound8k_audio/08343_children_playing.wav,8343,88569-2-0-67.wav,88569,2,children_playing,3
/scratch/pdoshi/audio_comp/urbansound8k_audio/08344_children_playing.wav,8344,88569-2-0-77.wav,88569,2,children_playing,3
/scratch/pdoshi/audio_comp/urbansound8k_audio/08345_children_playing.wav,8345,88569-2-0-85.wav,88569,2,children_playing,3
/scratch/pdoshi/audio_comp/urbansound8k_audio/08346_drilling.wav,8346,89099-4-0-0.wav,89099,4,drilling,7
/scratch/pdoshi/audio_comp/urbansound8k_audio/08347_drilling.wav,8347,89099-4-0-1.wav,89099,4,drilling,7
/scratch/pdoshi/audio_comp/urbansound8k_audio/08348_drilling.wav,8348,89099-4-0-2.wav,89099,4,drilling,7
/scratch/pdoshi/audio_comp/urbansound8k_audio/08349_dog_bark.wav,8349,89207-3-0-0.wav,89207,3,dog_bark,8
/scratch/pdoshi/audio_comp/urbansound8k_audio/08350_dog_bark.wav,8350,89209-3-0-0.wav,89209,3,dog_bark,7
/scratch/pdoshi/audio_comp/urbansound8k_audio/08351_dog_bark.wav,8351,89210-3-0-0.wav,89210,3,dog_bark,7
/scratch/pdoshi/audio_comp/urbansound8k_audio/08352_dog_bark.wav,8352,89211-3-0-0.wav,89211,3,dog_bark,2
/scratch/pdoshi/audio_comp/urbansound8k_audio/08353_dog_bark.wav,8353,89212-3-0-0.wav,89212,3,dog_bark,1
/scratch/pdoshi/audio_comp/urbansound8k_audio/08354_dog_bark.wav,8354,89213-3-0-0.wav,89213,3,dog_bark,5
/scratch/pdoshi/audio_comp/urbansound8k_audio/08355_street_music.wav,8355,89442-9-0-14.wav,89442,9,street_music,6
/scratch/pdoshi/audio_comp/urbansound8k_audio/08356_street_music.wav,8356,89442-9-0-17.wav,89442,9,street_music,6
/scratch/pdoshi/audio_comp/urbansound8k_audio/08357_street_music.wav,8357,89442-9-0-34.wav,89442,9,street_music,6
/scratch/pdoshi/audio_comp/urbansound8k_audio/08358_street_music.wav,8358,89442-9-0-5.wav,89442,9,street_music,6
/scratch/pdoshi/audio_comp/urbansound8k_audio/08359_street_music.wav,8359,89442-9-0-6.wav,89442,9,street_music,6
/scratch/pdoshi/audio_comp/urbansound8k_audio/08360_street_music.wav,8360,89442-9-0-7.wav,89442,9,street_music,6
/scratch/pdoshi/audio_comp/urbansound8k_audio/08361_street_music.wav,8361,89443-9-0-1.wav,89443,9,street_music,7
/scratch/pdoshi/audio_comp/urbansound8k_audio/08362_street_music.wav,8362,89443-9-0-16.wav,89443,9,street_music,7
/scratch/pdoshi/audio_comp/urbansound8k_audio/08363_street_music.wav,8363,89443-9-0-17.wav,89443,9,street_music,7
/scratch/pdoshi/audio_comp/urbansound8k_audio/08364_street_music.wav,8364,89443-9-0-2.wav,89443,9,street_music,7
/scratch/pdoshi/audio_comp/urbansound8k_audio/08365_street_music.wav,8365,89443-9-0-48.wav,89443,9,street_music,7
/scratch/pdoshi/audio_comp/urbansound8k_audio/08366_street_music.wav,8366,89443-9-0-50.wav,89443,9,street_music,7
/scratch/pdoshi/audio_comp/urbansound8k_audio/08367_car_horn.wav,8367,89679-1-0-0.wav,89679,1,car_horn,7
/scratch/pdoshi/audio_comp/urbansound8k_audio/08368_car_horn.wav,8368,89679-1-1-0.wav,89679,1,car_horn,7
/scratch/pdoshi/audio_comp/urbansound8k_audio/08369_engine_idling.wav,8369,89724-5-0-0.wav,89724,5,engine_idling,5
/scratch/pdoshi/audio_comp/urbansound8k_audio/08370_engine_idling.wav,8370,89724-5-0-1.wav,89724,5,engine_idling,5
/scratch/pdoshi/audio_comp/urbansound8k_audio/08371_engine_idling.wav,8371,89724-5-0-2.wav,89724,5,engine_idling,5
/scratch/pdoshi/audio_comp/urbansound8k_audio/08372_engine_idling.wav,8372,89724-5-0-3.wav,89724,5,engine_idling,5
/scratch/pdoshi/audio_comp/urbansound8k_audio/08373_engine_idling.wav,8373,89724-5-0-4.wav,89724,5,engine_idling,5
/scratch/pdoshi/audio_comp/urbansound8k_audio/08374_engine_idling.wav,8374,89724-5-0-5.wav,89724,5,engine_idling,5
/scratch/pdoshi/audio_comp/urbansound8k_audio/08375_engine_idling.wav,8375,89948-5-0-0.wav,89948,5,engine_idling,1
/scratch/pdoshi/audio_comp/urbansound8k_audio/08376_jackhammer.wav,8376,90013-7-0-0.wav,90013,7,jackhammer,5
/scratch/pdoshi/audio_comp/urbansound8k_audio/08377_jackhammer.wav,8377,90013-7-0-1.wav,90013,7,jackhammer,5
/scratch/pdoshi/audio_comp/urbansound8k_audio/08378_jackhammer.wav,8378,90013-7-0-2.wav,90013,7,jackhammer,5
/scratch/pdoshi/audio_comp/urbansound8k_audio/08379_jackhammer.wav,8379,90013-7-0-3.wav,90013,7,jackhammer,5
/scratch/pdoshi/audio_comp/urbansound8k_audio/08380_jackhammer.wav,8380,90013-7-0-4.wav,90013,7,jackhammer,5
/scratch/pdoshi/audio_comp/urbansound8k_audio/08381_jackhammer.wav,8381,90013-7-0-5.wav,90013,7,jackhammer,5
/scratch/pdoshi/audio_comp/urbansound8k_audio/08382_jackhammer.wav,8382,90013-7-0-6.wav,90013,7,jackhammer,5
/scratch/pdoshi/audio_comp/urbansound8k_audio/08383_jackhammer.wav,8383,90013-7-0-7.wav,90013,7,jackhammer,5
/scratch/pdoshi/audio_comp/urbansound8k_audio/08384_jackhammer.wav,8384,90013-7-1-0.wav,90013,7,jackhammer,5
/scratch/pdoshi/audio_comp/urbansound8k_audio/08385_jackhammer.wav,8385,90013-7-1-1.wav,90013,7,jackhammer,5
/scratch/pdoshi/audio_comp/urbansound8k_audio/08386_jackhammer.wav,8386,90013-7-1-2.wav,90013,7,jackhammer,5
/scratch/pdoshi/audio_comp/urbansound8k_audio/08387_jackhammer.wav,8387,90013-7-1-3.wav,90013,7,jackhammer,5
/scratch/pdoshi/audio_comp/urbansound8k_audio/08388_jackhammer.wav,8388,90013-7-1-4.wav,90013,7,jackhammer,5
/scratch/pdoshi/audio_comp/urbansound8k_audio/08389_jackhammer.wav,8389,90013-7-1-5.wav,90013,7,jackhammer,5
/scratch/pdoshi/audio_comp/urbansound8k_audio/08390_siren.wav,8390,90014-8-0-0.wav,90014,8,siren,3
/scratch/pdoshi/audio_comp/urbansound8k_audio/08391_siren.wav,8391,90014-8-0-1.wav,90014,8,siren,3
/scratch/pdoshi/audio_comp/urbansound8k_audio/08392_siren.wav,8392,90014-8-0-2.wav,90014,8,siren,3
/scratch/pdoshi/audio_comp/urbansound8k_audio/08393_siren.wav,8393,90014-8-0-3.wav,90014,8,siren,3
/scratch/pdoshi/audio_comp/urbansound8k_audio/08394_siren.wav,8394,90014-8-0-4.wav,90014,8,siren,3
/scratch/pdoshi/audio_comp/urbansound8k_audio/08395_siren.wav,8395,90014-8-0-5.wav,90014,8,siren,3
/scratch/pdoshi/audio_comp/urbansound8k_audio/08396_siren.wav,8396,90014-8-0-6.wav,90014,8,siren,3
/scratch/pdoshi/audio_comp/urbansound8k_audio/08397_dog_bark.wav,8397,9031-3-1-0.wav,9031,3,dog_bark,1
/scratch/pdoshi/audio_comp/urbansound8k_audio/08398_dog_bark.wav,8398,9031-3-2-0.wav,9031,3,dog_bark,1
/scratch/pdoshi/audio_comp/urbansound8k_audio/08399_dog_bark.wav,8399,9031-3-3-0.wav,9031,3,dog_bark,1
/scratch/pdoshi/audio_comp/urbansound8k_audio/08400_dog_bark.wav,8400,9031-3-4-0.wav,9031,3,dog_bark,1
/scratch/pdoshi/audio_comp/urbansound8k_audio/08401_dog_bark.wav,8401,9032-3-0-0.wav,9032,3,dog_bark,6
/scratch/pdoshi/audio_comp/urbansound8k_audio/08402_dog_bark.wav,8402,9032-3-1-0.wav,9032,3,dog_bark,6
/scratch/pdoshi/audio_comp/urbansound8k_audio/08403_dog_bark.wav,8403,9032-3-2-0.wav,9032,3,dog_bark,6
/scratch/pdoshi/audio_comp/urbansound8k_audio/08404_siren.wav,8404,90846-8-0-0.wav,90846,8,siren,3
/scratch/pdoshi/audio_comp/urbansound8k_audio/08405_engine_idling.wav,8405,91209-5-0-0.wav,91209,5,engine_idling,8
/scratch/pdoshi/audio_comp/urbansound8k_audio/08406_engine_idling.wav,8406,91209-5-0-1.wav,91209,5,engine_idling,8
/scratch/pdoshi/audio_comp/urbansound8k_audio/08407_engine_idling.wav,8407,91209-5-0-2.wav,91209,5,engine_idling,8
/scratch/pdoshi/audio_comp/urbansound8k_audio/08408_engine_idling.wav,8408,91209-5-1-0.wav,91209,5,engine_idling,8
/scratch/pdoshi/audio_comp/urbansound8k_audio/08409_engine_idling.wav,8409,91209-5-1-1.wav,91209,5,engine_idling,8
/scratch/pdoshi/audio_comp/urbansound8k_audio/08410_engine_idling.wav,8410,91209-5-1-2.wav,91209,5,engine_idling,8
/scratch/pdoshi/audio_comp/urbansound8k_audio/08411_engine_idling.wav,8411,91209-5-1-3.wav,91209,5,engine_idling,8
/scratch/pdoshi/audio_comp/urbansound8k_audio/08412_engine_idling.wav,8412,91209-5-1-4.wav,91209,5,engine_idling,8
/scratch/pdoshi/audio_comp/urbansound8k_audio/08413_engine_idling.wav,8413,91209-5-1-5.wav,91209,5,engine_idling,8
/scratch/pdoshi/audio_comp/urbansound8k_audio/08414_siren.wav,8414,91396-8-0-0.wav,91396,8,siren,2
/scratch/pdoshi/audio_comp/urbansound8k_audio/08415_siren.wav,8415,91396-8-0-1.wav,91396,8,siren,2
/scratch/pdoshi/audio_comp/urbansound8k_audio/08416_siren.wav,8416,91396-8-0-2.wav,91396,8,siren,2
/scratch/pdoshi/audio_comp/urbansound8k_audio/08417_siren.wav,8417,91396-8-0-3.wav,91396,8,siren,2
/scratch/pdoshi/audio_comp/urbansound8k_audio/08418_engine_idling.wav,8418,91533-5-0-0.wav,91533,5,engine_idling,5
/scratch/pdoshi/audio_comp/urbansound8k_audio/08419_engine_idling.wav,8419,91533-5-0-1.wav,91533,5,engine_idling,5
/scratch/pdoshi/audio_comp/urbansound8k_audio/08420_engine_idling.wav,8420,91533-5-0-2.wav,91533,5,engine_idling,5
/scratch/pdoshi/audio_comp/urbansound8k_audio/08421_engine_idling.wav,8421,91533-5-0-3.wav,91533,5,engine_idling,5
/scratch/pdoshi/audio_comp/urbansound8k_audio/08422_children_playing.wav,8422,9223-2-0-10.wav,9223,2,children_playing,3
/scratch/pdoshi/audio_comp/urbansound8k_audio/08423_children_playing.wav,8423,9223-2-0-15.wav,9223,2,children_playing,3
/scratch/pdoshi/audio_comp/urbansound8k_audio/08424_children_playing.wav,8424,9223-2-0-17.wav,9223,2,children_playing,3
/scratch/pdoshi/audio_comp/urbansound8k_audio/08425_children_playing.wav,8425,9223-2-0-2.wav,9223,2,children_playing,3
/scratch/pdoshi/audio_comp/urbansound8k_audio/08426_children_playing.wav,8426,9223-2-0-4.wav,9223,2,children_playing,3
/scratch/pdoshi/audio_comp/urbansound8k_audio/08427_children_playing.wav,8427,9223-2-0-5.wav,9223,2,children_playing,3
/scratch/pdoshi/audio_comp/urbansound8k_audio/08428_children_playing.wav,8428,9223-2-0-9.wav,9223,2,children_playing,3
/scratch/pdoshi/audio_comp/urbansound8k_audio/08429_street_music.wav,8429,93065-9-0-12.wav,93065,9,street_music,3
/scratch/pdoshi/audio_comp/urbansound8k_audio/08430_street_music.wav,8430,93065-9-0-14.wav,93065,9,street_music,3
/scratch/pdoshi/audio_comp/urbansound8k_audio/08431_street_music.wav,8431,93065-9-0-17.wav,93065,9,street_music,3
/scratch/pdoshi/audio_comp/urbansound8k_audio/08432_street_music.wav,8432,93065-9-0-2.wav,93065,9,street_music,3
/scratch/pdoshi/audio_comp/urbansound8k_audio/08433_street_music.wav,8433,93065-9-0-4.wav,93065,9,street_music,3
/scratch/pdoshi/audio_comp/urbansound8k_audio/08434_street_music.wav,8434,93065-9-0-7.wav,93065,9,street_music,3
/scratch/pdoshi/audio_comp/urbansound8k_audio/08435_gun_shot.wav,8435,93139-6-0-0.wav,93139,6,gun_shot,5
/scratch/pdoshi/audio_comp/urbansound8k_audio/08436_street_music.wav,8436,93193-9-0-4.wav,93193,9,street_music,2
/scratch/pdoshi/audio_comp/urbansound8k_audio/08437_street_music.wav,8437,93193-9-1-11.wav,93193,9,street_music,2
/scratch/pdoshi/audio_comp/urbansound8k_audio/08438_street_music.wav,8438,93193-9-1-18.wav,93193,9,street_music,2
/scratch/pdoshi/audio_comp/urbansound8k_audio/08439_street_music.wav,8439,93193-9-1-19.wav,93193,9,street_music,2
/scratch/pdoshi/audio_comp/urbansound8k_audio/08440_street_music.wav,8440,93193-9-1-22.wav,93193,9,street_music,2
/scratch/pdoshi/audio_comp/urbansound8k_audio/08441_street_music.wav,8441,93193-9-1-6.wav,93193,9,street_music,2
/scratch/pdoshi/audio_comp/urbansound8k_audio/08442_siren.wav,8442,93567-8-0-0.wav,93567,8,siren,10
/scratch/pdoshi/audio_comp/urbansound8k_audio/08443_siren.wav,8443,93567-8-0-1.wav,93567,8,siren,10
/scratch/pdoshi/audio_comp/urbansound8k_audio/08444_siren.wav,8444,93567-8-0-10.wav,93567,8,siren,10
/scratch/pdoshi/audio_comp/urbansound8k_audio/08445_siren.wav,8445,93567-8-0-11.wav,93567,8,siren,10
/scratch/pdoshi/audio_comp/urbansound8k_audio/08446_siren.wav,8446,93567-8-0-12.wav,93567,8,siren,10
/scratch/pdoshi/audio_comp/urbansound8k_audio/08447_siren.wav,8447,93567-8-0-13.wav,93567,8,siren,10
/scratch/pdoshi/audio_comp/urbansound8k_audio/08448_siren.wav,8448,93567-8-0-14.wav,93567,8,siren,10
/scratch/pdoshi/audio_comp/urbansound8k_audio/08449_siren.wav,8449,93567-8-0-15.wav,93567,8,siren,10
/scratch/pdoshi/audio_comp/urbansound8k_audio/08450_siren.wav,8450,93567-8-0-16.wav,93567,8,siren,10
/scratch/pdoshi/audio_comp/urbansound8k_audio/08451_siren.wav,8451,93567-8-0-17.wav,93567,8,siren,10
/scratch/pdoshi/audio_comp/urbansound8k_audio/08452_siren.wav,8452,93567-8-0-18.wav,93567,8,siren,10
/scratch/pdoshi/audio_comp/urbansound8k_audio/08453_siren.wav,8453,93567-8-0-19.wav,93567,8,siren,10
/scratch/pdoshi/audio_comp/urbansound8k_audio/08454_siren.wav,8454,93567-8-0-2.wav,93567,8,siren,10
/scratch/pdoshi/audio_comp/urbansound8k_audio/08455_siren.wav,8455,93567-8-0-3.wav,93567,8,siren,10
/scratch/pdoshi/audio_comp/urbansound8k_audio/08456_siren.wav,8456,93567-8-0-4.wav,93567,8,siren,10
/scratch/pdoshi/audio_comp/urbansound8k_audio/08457_siren.wav,8457,93567-8-0-5.wav,93567,8,siren,10
/scratch/pdoshi/audio_comp/urbansound8k_audio/08458_siren.wav,8458,93567-8-0-6.wav,93567,8,siren,10
/scratch/pdoshi/audio_comp/urbansound8k_audio/08459_siren.wav,8459,93567-8-0-7.wav,93567,8,siren,10
/scratch/pdoshi/audio_comp/urbansound8k_audio/08460_siren.wav,8460,93567-8-0-8.wav,93567,8,siren,10
/scratch/pdoshi/audio_comp/urbansound8k_audio/08461_siren.wav,8461,93567-8-0-9.wav,93567,8,siren,10
/scratch/pdoshi/audio_comp/urbansound8k_audio/08462_siren.wav,8462,94020-8-0-0.wav,94020,8,siren,4
/scratch/pdoshi/audio_comp/urbansound8k_audio/08463_siren.wav,8463,94020-8-1-0.wav,94020,8,siren,4
/scratch/pdoshi/audio_comp/urbansound8k_audio/08464_street_music.wav,8464,94182-9-0-0.wav,94182,9,street_music,9
/scratch/pdoshi/audio_comp/urbansound8k_audio/08465_street_music.wav,8465,94182-9-0-10.wav,94182,9,street_music,9
/scratch/pdoshi/audio_comp/urbansound8k_audio/08466_street_music.wav,8466,94182-9-0-16.wav,94182,9,street_music,9
/scratch/pdoshi/audio_comp/urbansound8k_audio/08467_street_music.wav,8467,94182-9-0-20.wav,94182,9,street_music,9
/scratch/pdoshi/audio_comp/urbansound8k_audio/08468_street_music.wav,8468,94182-9-0-23.wav,94182,9,street_music,9
/scratch/pdoshi/audio_comp/urbansound8k_audio/08469_street_music.wav,8469,94182-9-0-25.wav,94182,9,street_music,9
/scratch/pdoshi/audio_comp/urbansound8k_audio/08470_street_music.wav,8470,94182-9-0-9.wav,94182,9,street_music,9
/scratch/pdoshi/audio_comp/urbansound8k_audio/08471_car_horn.wav,8471,94401-1-0-0.wav,94401,1,car_horn,2
/scratch/pdoshi/audio_comp/urbansound8k_audio/08472_street_music.wav,8472,94631-9-0-12.wav,94631,9,street_music,3
/scratch/pdoshi/audio_comp/urbansound8k_audio/08473_street_music.wav,8473,94631-9-0-16.wav,94631,9,street_music,3
/scratch/pdoshi/audio_comp/urbansound8k_audio/08474_street_music.wav,8474,94631-9-1-16.wav,94631,9,street_music,3
/scratch/pdoshi/audio_comp/urbansound8k_audio/08475_street_music.wav,8475,94631-9-1-2.wav,94631,9,street_music,3
/scratch/pdoshi/audio_comp/urbansound8k_audio/08476_street_music.wav,8476,94631-9-1-25.wav,94631,9,street_music,3
/scratch/pdoshi/audio_comp/urbansound8k_audio/08477_street_music.wav,8477,94631-9-1-3.wav,94631,9,street_music,3
/scratch/pdoshi/audio_comp/urbansound8k_audio/08478_engine_idling.wav,8478,94632-5-0-0.wav,94632,5,engine_idling,6
/scratch/pdoshi/audio_comp/urbansound8k_audio/08479_engine_idling.wav,8479,94632-5-0-10.wav,94632,5,engine_idling,6
/scratch/pdoshi/audio_comp/urbansound8k_audio/08480_engine_idling.wav,8480,94632-5-0-13.wav,94632,5,engine_idling,6
/scratch/pdoshi/audio_comp/urbansound8k_audio/08481_engine_idling.wav,8481,94632-5-0-14.wav,94632,5,engine_idling,6
/scratch/pdoshi/audio_comp/urbansound8k_audio/08482_engine_idling.wav,8482,94632-5-0-15.wav,94632,5,engine_idling,6
/scratch/pdoshi/audio_comp/urbansound8k_audio/08483_engine_idling.wav,8483,94632-5-0-2.wav,94632,5,engine_idling,6
/scratch/pdoshi/audio_comp/urbansound8k_audio/08484_engine_idling.wav,8484,94632-5-0-21.wav,94632,5,engine_idling,6
/scratch/pdoshi/audio_comp/urbansound8k_audio/08485_engine_idling.wav,8485,94632-5-0-22.wav,94632,5,engine_idling,6
/scratch/pdoshi/audio_comp/urbansound8k_audio/08486_engine_idling.wav,8486,94632-5-0-25.wav,94632,5,engine_idling,6
/scratch/pdoshi/audio_comp/urbansound8k_audio/08487_engine_idling.wav,8487,94632-5-0-27.wav,94632,5,engine_idling,6
/scratch/pdoshi/audio_comp/urbansound8k_audio/08488_engine_idling.wav,8488,94632-5-0-28.wav,94632,5,engine_idling,6
/scratch/pdoshi/audio_comp/urbansound8k_audio/08489_engine_idling.wav,8489,94632-5-0-29.wav,94632,5,engine_idling,6
/scratch/pdoshi/audio_comp/urbansound8k_audio/08490_engine_idling.wav,8490,94632-5-0-31.wav,94632,5,engine_idling,6
/scratch/pdoshi/audio_comp/urbansound8k_audio/08491_engine_idling.wav,8491,94632-5-0-33.wav,94632,5,engine_idling,6
/scratch/pdoshi/audio_comp/urbansound8k_audio/08492_engine_idling.wav,8492,94632-5-0-34.wav,94632,5,engine_idling,6
/scratch/pdoshi/audio_comp/urbansound8k_audio/08493_engine_idling.wav,8493,94632-5-0-6.wav,94632,5,engine_idling,6
/scratch/pdoshi/audio_comp/urbansound8k_audio/08494_engine_idling.wav,8494,94632-5-0-8.wav,94632,5,engine_idling,6
/scratch/pdoshi/audio_comp/urbansound8k_audio/08495_engine_idling.wav,8495,94632-5-0-9.wav,94632,5,engine_idling,6
/scratch/pdoshi/audio_comp/urbansound8k_audio/08496_engine_idling.wav,8496,94632-5-1-11.wav,94632,5,engine_idling,6
/scratch/pdoshi/audio_comp/urbansound8k_audio/08497_engine_idling.wav,8497,94632-5-1-13.wav,94632,5,engine_idling,6
/scratch/pdoshi/audio_comp/urbansound8k_audio/08498_engine_idling.wav,8498,94632-5-1-14.wav,94632,5,engine_idling,6
/scratch/pdoshi/audio_comp/urbansound8k_audio/08499_engine_idling.wav,8499,94632-5-1-17.wav,94632,5,engine_idling,6
/scratch/pdoshi/audio_comp/urbansound8k_audio/08500_engine_idling.wav,8500,94632-5-1-18.wav,94632,5,engine_idling,6
/scratch/pdoshi/audio_comp/urbansound8k_audio/08501_engine_idling.wav,8501,94632-5-1-19.wav,94632,5,engine_idling,6
/scratch/pdoshi/audio_comp/urbansound8k_audio/08502_engine_idling.wav,8502,94632-5-1-2.wav,94632,5,engine_idling,6
/scratch/pdoshi/audio_comp/urbansound8k_audio/08503_engine_idling.wav,8503,94632-5-1-23.wav,94632,5,engine_idling,6
/scratch/pdoshi/audio_comp/urbansound8k_audio/08504_engine_idling.wav,8504,94632-5-1-26.wav,94632,5,engine_idling,6
/scratch/pdoshi/audio_comp/urbansound8k_audio/08505_engine_idling.wav,8505,94632-5-1-28.wav,94632,5,engine_idling,6
/scratch/pdoshi/audio_comp/urbansound8k_audio/08506_engine_idling.wav,8506,94632-5-1-30.wav,94632,5,engine_idling,6
/scratch/pdoshi/audio_comp/urbansound8k_audio/08507_engine_idling.wav,8507,94632-5-1-7.wav,94632,5,engine_idling,6
/scratch/pdoshi/audio_comp/urbansound8k_audio/08508_engine_idling.wav,8508,94632-5-1-9.wav,94632,5,engine_idling,6
/scratch/pdoshi/audio_comp/urbansound8k_audio/08509_siren.wav,8509,94636-8-0-0.wav,94636,8,siren,3
/scratch/pdoshi/audio_comp/urbansound8k_audio/08510_siren.wav,8510,94636-8-0-1.wav,94636,8,siren,3
/scratch/pdoshi/audio_comp/urbansound8k_audio/08511_siren.wav,8511,94636-8-0-10.wav,94636,8,siren,3
/scratch/pdoshi/audio_comp/urbansound8k_audio/08512_siren.wav,8512,94636-8-0-11.wav,94636,8,siren,3
/scratch/pdoshi/audio_comp/urbansound8k_audio/08513_siren.wav,8513,94636-8-0-12.wav,94636,8,siren,3
/scratch/pdoshi/audio_comp/urbansound8k_audio/08514_siren.wav,8514,94636-8-0-13.wav,94636,8,siren,3
/scratch/pdoshi/audio_comp/urbansound8k_audio/08515_siren.wav,8515,94636-8-0-14.wav,94636,8,siren,3
/scratch/pdoshi/audio_comp/urbansound8k_audio/08516_siren.wav,8516,94636-8-0-15.wav,94636,8,siren,3
/scratch/pdoshi/audio_comp/urbansound8k_audio/08517_siren.wav,8517,94636-8-0-16.wav,94636,8,siren,3
/scratch/pdoshi/audio_comp/urbansound8k_audio/08518_siren.wav,8518,94636-8-0-17.wav,94636,8,siren,3
/scratch/pdoshi/audio_comp/urbansound8k_audio/08519_siren.wav,8519,94636-8-0-18.wav,94636,8,siren,3
/scratch/pdoshi/audio_comp/urbansound8k_audio/08520_siren.wav,8520,94636-8-0-19.wav,94636,8,siren,3
/scratch/pdoshi/audio_comp/urbansound8k_audio/08521_siren.wav,8521,94636-8-0-2.wav,94636,8,siren,3
/scratch/pdoshi/audio_comp/urbansound8k_audio/08522_siren.wav,8522,94636-8-0-20.wav,94636,8,siren,3
/scratch/pdoshi/audio_comp/urbansound8k_audio/08523_siren.wav,8523,94636-8-0-21.wav,94636,8,siren,3
/scratch/pdoshi/audio_comp/urbansound8k_audio/08524_siren.wav,8524,94636-8-0-3.wav,94636,8,siren,3
/scratch/pdoshi/audio_comp/urbansound8k_audio/08525_siren.wav,8525,94636-8-0-4.wav,94636,8,siren,3
/scratch/pdoshi/audio_comp/urbansound8k_audio/08526_siren.wav,8526,94636-8-0-5.wav,94636,8,siren,3
/scratch/pdoshi/audio_comp/urbansound8k_audio/08527_siren.wav,8527,94636-8-0-6.wav,94636,8,siren,3
/scratch/pdoshi/audio_comp/urbansound8k_audio/08528_siren.wav,8528,94636-8-0-7.wav,94636,8,siren,3
/scratch/pdoshi/audio_comp/urbansound8k_audio/08529_siren.wav,8529,94636-8-0-8.wav,94636,8,siren,3
/scratch/pdoshi/audio_comp/urbansound8k_audio/08530_siren.wav,8530,94636-8-0-9.wav,94636,8,siren,3
/scratch/pdoshi/audio_comp/urbansound8k_audio/08531_engine_idling.wav,8531,94710-5-0-0.wav,94710,5,engine_idling,2
/scratch/pdoshi/audio_comp/urbansound8k_audio/08532_engine_idling.wav,8532,94710-5-0-1.wav,94710,5,engine_idling,2
/scratch/pdoshi/audio_comp/urbansound8k_audio/08533_engine_idling.wav,8533,94710-5-0-2.wav,94710,5,engine_idling,2
/scratch/pdoshi/audio_comp/urbansound8k_audio/08534_engine_idling.wav,8534,94710-5-0-3.wav,94710,5,engine_idling,2
/scratch/pdoshi/audio_comp/urbansound8k_audio/08535_engine_idling.wav,8535,94710-5-1-0.wav,94710,5,engine_idling,2
/scratch/pdoshi/audio_comp/urbansound8k_audio/08536_car_horn.wav,8536,94868-1-0-0.wav,94868,1,car_horn,1
/scratch/pdoshi/audio_comp/urbansound8k_audio/08537_car_horn.wav,8537,94868-1-1-0.wav,94868,1,car_horn,1
/scratch/pdoshi/audio_comp/urbansound8k_audio/08538_car_horn.wav,8538,94868-1-2-0.wav,94868,1,car_horn,1
/scratch/pdoshi/audio_comp/urbansound8k_audio/08539_engine_idling.wav,8539,95077-5-0-0.wav,95077,5,engine_idling,3
/scratch/pdoshi/audio_comp/urbansound8k_audio/08540_dog_bark.wav,8540,95404-3-0-0.wav,95404,3,dog_bark,4
/scratch/pdoshi/audio_comp/urbansound8k_audio/08541_dog_bark.wav,8541,95404-3-0-1.wav,95404,3,dog_bark,4
/scratch/pdoshi/audio_comp/urbansound8k_audio/08542_dog_bark.wav,8542,95404-3-0-4.wav,95404,3,dog_bark,4
/scratch/pdoshi/audio_comp/urbansound8k_audio/08543_dog_bark.wav,8543,95404-3-0-5.wav,95404,3,dog_bark,4
/scratch/pdoshi/audio_comp/urbansound8k_audio/08544_dog_bark.wav,8544,95532-3-0-0.wav,95532,3,dog_bark,6
/scratch/pdoshi/audio_comp/urbansound8k_audio/08545_dog_bark.wav,8545,95536-3-0-1.wav,95536,3,dog_bark,6
/scratch/pdoshi/audio_comp/urbansound8k_audio/08546_dog_bark.wav,8546,95536-3-0-2.wav,95536,3,dog_bark,6
/scratch/pdoshi/audio_comp/urbansound8k_audio/08547_dog_bark.wav,8547,95536-3-0-4.wav,95536,3,dog_bark,6
/scratch/pdoshi/audio_comp/urbansound8k_audio/08548_dog_bark.wav,8548,95536-3-0-5.wav,95536,3,dog_bark,6
/scratch/pdoshi/audio_comp/urbansound8k_audio/08549_dog_bark.wav,8549,95549-3-0-14.wav,95549,3,dog_bark,8
/scratch/pdoshi/audio_comp/urbansound8k_audio/08550_dog_bark.wav,8550,95549-3-0-20.wav,95549,3,dog_bark,8
/scratch/pdoshi/audio_comp/urbansound8k_audio/08551_dog_bark.wav,8551,95549-3-0-6.wav,95549,3,dog_bark,8
/scratch/pdoshi/audio_comp/urbansound8k_audio/08552_dog_bark.wav,8552,95549-3-0-7.wav,95549,3,dog_bark,8
/scratch/pdoshi/audio_comp/urbansound8k_audio/08553_drilling.wav,8553,95562-4-0-0.wav,95562,4,drilling,3
/scratch/pdoshi/audio_comp/urbansound8k_audio/08554_drilling.wav,8554,95562-4-1-0.wav,95562,4,drilling,3
/scratch/pdoshi/audio_comp/urbansound8k_audio/08555_drilling.wav,8555,95562-4-2-0.wav,95562,4,drilling,3
/scratch/pdoshi/audio_comp/urbansound8k_audio/08556_drilling.wav,8556,95562-4-3-0.wav,95562,4,drilling,3
/scratch/pdoshi/audio_comp/urbansound8k_audio/08557_drilling.wav,8557,95562-4-3-1.wav,95562,4,drilling,3
/scratch/pdoshi/audio_comp/urbansound8k_audio/08558_drilling.wav,8558,96158-4-0-0.wav,96158,4,drilling,1
/scratch/pdoshi/audio_comp/urbansound8k_audio/08559_drilling.wav,8559,96159-4-0-0.wav,96159,4,drilling,8
/scratch/pdoshi/audio_comp/urbansound8k_audio/08560_drilling.wav,8560,96159-4-1-0.wav,96159,4,drilling,8
/scratch/pdoshi/audio_comp/urbansound8k_audio/08561_street_music.wav,8561,96169-9-1-10.wav,96169,9,street_music,2
/scratch/pdoshi/audio_comp/urbansound8k_audio/08562_street_music.wav,8562,96169-9-1-3.wav,96169,9,street_music,2
/scratch/pdoshi/audio_comp/urbansound8k_audio/08563_street_music.wav,8563,96169-9-1-49.wav,96169,9,street_music,2
/scratch/pdoshi/audio_comp/urbansound8k_audio/08564_street_music.wav,8564,96169-9-1-55.wav,96169,9,street_music,2
/scratch/pdoshi/audio_comp/urbansound8k_audio/08565_street_music.wav,8565,96169-9-1-61.wav,96169,9,street_music,2
/scratch/pdoshi/audio_comp/urbansound8k_audio/08566_street_music.wav,8566,96169-9-1-74.wav,96169,9,street_music,2
/scratch/pdoshi/audio_comp/urbansound8k_audio/08567_street_music.wav,8567,96475-9-0-0.wav,96475,9,street_music,2
/scratch/pdoshi/audio_comp/urbansound8k_audio/08568_street_music.wav,8568,96475-9-0-3.wav,96475,9,street_music,2
/scratch/pdoshi/audio_comp/urbansound8k_audio/08569_street_music.wav,8569,96475-9-0-4.wav,96475,9,street_music,2
/scratch/pdoshi/audio_comp/urbansound8k_audio/08570_street_music.wav,8570,96475-9-0-5.wav,96475,9,street_music,2
/scratch/pdoshi/audio_comp/urbansound8k_audio/08571_street_music.wav,8571,96475-9-0-6.wav,96475,9,street_music,2
/scratch/pdoshi/audio_comp/urbansound8k_audio/08572_street_music.wav,8572,96475-9-0-9.wav,96475,9,street_music,2
/scratch/pdoshi/audio_comp/urbansound8k_audio/08573_siren.wav,8573,96657-8-0-0.wav,96657,8,siren,8
/scratch/pdoshi/audio_comp/urbansound8k_audio/08574_siren.wav,8574,96657-8-0-1.wav,96657,8,siren,8
/scratch/pdoshi/audio_comp/urbansound8k_audio/08575_siren.wav,8575,96657-8-0-2.wav,96657,8,siren,8
/scratch/pdoshi/audio_comp/urbansound8k_audio/08576_siren.wav,8576,96657-8-0-3.wav,96657,8,siren,8
/scratch/pdoshi/audio_comp/urbansound8k_audio/08577_car_horn.wav,8577,9674-1-0-0.wav,9674,1,car_horn,3
/scratch/pdoshi/audio_comp/urbansound8k_audio/08578_car_horn.wav,8578,9674-1-0-1.wav,9674,1,car_horn,3
/scratch/pdoshi/audio_comp/urbansound8k_audio/08579_car_horn.wav,8579,9674-1-0-2.wav,9674,1,car_horn,3
/scratch/pdoshi/audio_comp/urbansound8k_audio/08580_street_music.wav,8580,96920-9-0-0.wav,96920,9,street_music,2
/scratch/pdoshi/audio_comp/urbansound8k_audio/08581_street_music.wav,8581,96920-9-0-11.wav,96920,9,street_music,2
/scratch/pdoshi/audio_comp/urbansound8k_audio/08582_street_music.wav,8582,96920-9-0-13.wav,96920,9,street_music,2
/scratch/pdoshi/audio_comp/urbansound8k_audio/08583_street_music.wav,8583,96920-9-0-2.wav,96920,9,street_music,2
/scratch/pdoshi/audio_comp/urbansound8k_audio/08584_street_music.wav,8584,96920-9-0-3.wav,96920,9,street_music,2
/scratch/pdoshi/audio_comp/urbansound8k_audio/08585_street_music.wav,8585,96920-9-0-8.wav,96920,9,street_music,2
/scratch/pdoshi/audio_comp/urbansound8k_audio/08586_street_music.wav,8586,96921-9-0-1.wav,96921,9,street_music,9
/scratch/pdoshi/audio_comp/urbansound8k_audio/08587_street_music.wav,8587,96921-9-0-11.wav,96921,9,street_music,9
/scratch/pdoshi/audio_comp/urbansound8k_audio/08588_street_music.wav,8588,96921-9-0-17.wav,96921,9,street_music,9
/scratch/pdoshi/audio_comp/urbansound8k_audio/08589_street_music.wav,8589,96921-9-0-18.wav,96921,9,street_music,9
/scratch/pdoshi/audio_comp/urbansound8k_audio/08590_street_music.wav,8590,96921-9-0-4.wav,96921,9,street_music,9
/scratch/pdoshi/audio_comp/urbansound8k_audio/08591_street_music.wav,8591,96921-9-0-9.wav,96921,9,street_music,9
/scratch/pdoshi/audio_comp/urbansound8k_audio/08592_dog_bark.wav,8592,97193-3-0-0.wav,97193,3,dog_bark,2
/scratch/pdoshi/audio_comp/urbansound8k_audio/08593_dog_bark.wav,8593,97193-3-0-1.wav,97193,3,dog_bark,2
/scratch/pdoshi/audio_comp/urbansound8k_audio/08594_dog_bark.wav,8594,97193-3-0-4.wav,97193,3,dog_bark,2
/scratch/pdoshi/audio_comp/urbansound8k_audio/08595_dog_bark.wav,8595,97193-3-0-6.wav,97193,3,dog_bark,2
/scratch/pdoshi/audio_comp/urbansound8k_audio/08596_children_playing.wav,8596,97317-2-0-22.wav,97317,2,children_playing,1
/scratch/pdoshi/audio_comp/urbansound8k_audio/08597_children_playing.wav,8597,97317-2-0-23.wav,97317,2,children_playing,1
/scratch/pdoshi/audio_comp/urbansound8k_audio/08598_children_playing.wav,8598,97317-2-0-25.wav,97317,2,children_playing,1
/scratch/pdoshi/audio_comp/urbansound8k_audio/08599_children_playing.wav,8599,97317-2-0-28.wav,97317,2,children_playing,1
/scratch/pdoshi/audio_comp/urbansound8k_audio/08600_children_playing.wav,8600,97317-2-0-34.wav,97317,2,children_playing,1
/scratch/pdoshi/audio_comp/urbansound8k_audio/08601_children_playing.wav,8601,97317-2-0-36.wav,97317,2,children_playing,1
/scratch/pdoshi/audio_comp/urbansound8k_audio/08602_children_playing.wav,8602,97317-2-0-5.wav,97317,2,children_playing,1
/scratch/pdoshi/audio_comp/urbansound8k_audio/08603_children_playing.wav,8603,97331-2-0-13.wav,97331,2,children_playing,6
/scratch/pdoshi/audio_comp/urbansound8k_audio/08604_children_playing.wav,8604,97331-2-0-17.wav,97331,2,children_playing,6
/scratch/pdoshi/audio_comp/urbansound8k_audio/08605_children_playing.wav,8605,97331-2-0-20.wav,97331,2,children_playing,6
/scratch/pdoshi/audio_comp/urbansound8k_audio/08606_children_playing.wav,8606,97331-2-0-35.wav,97331,2,children_playing,6
/scratch/pdoshi/audio_comp/urbansound8k_audio/08607_children_playing.wav,8607,97331-2-0-50.wav,97331,2,children_playing,6
/scratch/pdoshi/audio_comp/urbansound8k_audio/08608_children_playing.wav,8608,97331-2-0-55.wav,97331,2,children_playing,6
/scratch/pdoshi/audio_comp/urbansound8k_audio/08609_children_playing.wav,8609,97331-2-0-59.wav,97331,2,children_playing,6
/scratch/pdoshi/audio_comp/urbansound8k_audio/08610_children_playing.wav,8610,97331-2-0-98.wav,97331,2,children_playing,6
/scratch/pdoshi/audio_comp/urbansound8k_audio/08611_dog_bark.wav,8611,97392-3-0-0.wav,97392,3,dog_bark,6
/scratch/pdoshi/audio_comp/urbansound8k_audio/08612_jackhammer.wav,8612,97606-7-0-0.wav,97606,7,jackhammer,7
/scratch/pdoshi/audio_comp/urbansound8k_audio/08613_jackhammer.wav,8613,97606-7-1-0.wav,97606,7,jackhammer,7
/scratch/pdoshi/audio_comp/urbansound8k_audio/08614_jackhammer.wav,8614,97606-7-2-0.wav,97606,7,jackhammer,7
/scratch/pdoshi/audio_comp/urbansound8k_audio/08615_jackhammer.wav,8615,97606-7-3-0.wav,97606,7,jackhammer,7
/scratch/pdoshi/audio_comp/urbansound8k_audio/08616_jackhammer.wav,8616,97606-7-4-0.wav,97606,7,jackhammer,7
/scratch/pdoshi/audio_comp/urbansound8k_audio/08617_jackhammer.wav,8617,97606-7-5-0.wav,97606,7,jackhammer,7
/scratch/pdoshi/audio_comp/urbansound8k_audio/08618_dog_bark.wav,8618,97756-3-0-0.wav,97756,3,dog_bark,10
/scratch/pdoshi/audio_comp/urbansound8k_audio/08619_street_music.wav,8619,98202-9-0-10.wav,98202,9,street_music,2
/scratch/pdoshi/audio_comp/urbansound8k_audio/08620_street_music.wav,8620,98202-9-0-4.wav,98202,9,street_music,2
/scratch/pdoshi/audio_comp/urbansound8k_audio/08621_street_music.wav,8621,98202-9-0-7.wav,98202,9,street_music,2
/scratch/pdoshi/audio_comp/urbansound8k_audio/08622_street_music.wav,8622,98202-9-1-20.wav,98202,9,street_music,2
/scratch/pdoshi/audio_comp/urbansound8k_audio/08623_street_music.wav,8623,98202-9-1-27.wav,98202,9,street_music,2
/scratch/pdoshi/audio_comp/urbansound8k_audio/08624_street_music.wav,8624,98202-9-1-5.wav,98202,9,street_music,2
/scratch/pdoshi/audio_comp/urbansound8k_audio/08625_jackhammer.wav,8625,98223-7-0-0.wav,98223,7,jackhammer,1
/scratch/pdoshi/audio_comp/urbansound8k_audio/08626_jackhammer.wav,8626,98223-7-1-0.wav,98223,7,jackhammer,1
/scratch/pdoshi/audio_comp/urbansound8k_audio/08627_jackhammer.wav,8627,98223-7-10-0.wav,98223,7,jackhammer,1
/scratch/pdoshi/audio_comp/urbansound8k_audio/08628_jackhammer.wav,8628,98223-7-2-0.wav,98223,7,jackhammer,1
/scratch/pdoshi/audio_comp/urbansound8k_audio/08629_jackhammer.wav,8629,98223-7-3-0.wav,98223,7,jackhammer,1
/scratch/pdoshi/audio_comp/urbansound8k_audio/08630_jackhammer.wav,8630,98223-7-4-0.wav,98223,7,jackhammer,1
/scratch/pdoshi/audio_comp/urbansound8k_audio/08631_jackhammer.wav,8631,98223-7-5-0.wav,98223,7,jackhammer,1
/scratch/pdoshi/audio_comp/urbansound8k_audio/08632_jackhammer.wav,8632,98223-7-6-0.wav,98223,7,jackhammer,1
/scratch/pdoshi/audio_comp/urbansound8k_audio/08633_jackhammer.wav,8633,98223-7-7-0.wav,98223,7,jackhammer,1
/scratch/pdoshi/audio_comp/urbansound8k_audio/08634_jackhammer.wav,8634,98223-7-8-0.wav,98223,7,jackhammer,1
/scratch/pdoshi/audio_comp/urbansound8k_audio/08635_jackhammer.wav,8635,98223-7-9-0.wav,98223,7,jackhammer,1
/scratch/pdoshi/audio_comp/urbansound8k_audio/08636_street_music.wav,8636,98263-9-0-1.wav,98263,9,street_music,6
/scratch/pdoshi/audio_comp/urbansound8k_audio/08637_street_music.wav,8637,98263-9-0-10.wav,98263,9,street_music,6
/scratch/pdoshi/audio_comp/urbansound8k_audio/08638_street_music.wav,8638,98263-9-0-22.wav,98263,9,street_music,6
/scratch/pdoshi/audio_comp/urbansound8k_audio/08639_street_music.wav,8639,98263-9-0-24.wav,98263,9,street_music,6
/scratch/pdoshi/audio_comp/urbansound8k_audio/08640_street_music.wav,8640,98263-9-0-33.wav,98263,9,street_music,6
/scratch/pdoshi/audio_comp/urbansound8k_audio/08641_street_music.wav,8641,98263-9-0-35.wav,98263,9,street_music,6
/scratch/pdoshi/audio_comp/urbansound8k_audio/08642_siren.wav,8642,98525-8-0-0.wav,98525,8,siren,7
/scratch/pdoshi/audio_comp/urbansound8k_audio/08643_siren.wav,8643,98536-8-0-0.wav,98536,8,siren,8
/scratch/pdoshi/audio_comp/urbansound8k_audio/08644_street_music.wav,8644,98680-9-0-11.wav,98680,9,street_music,6
/scratch/pdoshi/audio_comp/urbansound8k_audio/08645_street_music.wav,8645,98680-9-0-14.wav,98680,9,street_music,6
/scratch/pdoshi/audio_comp/urbansound8k_audio/08646_street_music.wav,8646,98680-9-0-2.wav,98680,9,street_music,6
/scratch/pdoshi/audio_comp/urbansound8k_audio/08647_street_music.wav,8647,98680-9-0-3.wav,98680,9,street_music,6
/scratch/pdoshi/audio_comp/urbansound8k_audio/08648_street_music.wav,8648,98680-9-0-5.wav,98680,9,street_music,6
/scratch/pdoshi/audio_comp/urbansound8k_audio/08649_street_music.wav,8649,98681-9-0-0.wav,98681,9,street_music,3
/scratch/pdoshi/audio_comp/urbansound8k_audio/08650_street_music.wav,8650,98681-9-0-11.wav,98681,9,street_music,3
/scratch/pdoshi/audio_comp/urbansound8k_audio/08651_street_music.wav,8651,98681-9-0-12.wav,98681,9,street_music,3
/scratch/pdoshi/audio_comp/urbansound8k_audio/08652_street_music.wav,8652,98681-9-0-5.wav,98681,9,street_music,3
/scratch/pdoshi/audio_comp/urbansound8k_audio/08653_street_music.wav,8653,98681-9-0-6.wav,98681,9,street_music,3
/scratch/pdoshi/audio_comp/urbansound8k_audio/08654_street_music.wav,8654,98681-9-0-7.wav,98681,9,street_music,3
/scratch/pdoshi/audio_comp/urbansound8k_audio/08655_jackhammer.wav,8655,98859-7-0-0.wav,98859,7,jackhammer,9
/scratch/pdoshi/audio_comp/urbansound8k_audio/08656_jackhammer.wav,8656,98859-7-1-0.wav,98859,7,jackhammer,9
/scratch/pdoshi/audio_comp/urbansound8k_audio/08657_jackhammer.wav,8657,98859-7-2-0.wav,98859,7,jackhammer,9
/scratch/pdoshi/audio_comp/urbansound8k_audio/08658_jackhammer.wav,8658,98859-7-2-1.wav,98859,7,jackhammer,9
/scratch/pdoshi/audio_comp/urbansound8k_audio/08659_jackhammer.wav,8659,98859-7-2-2.wav,98859,7,jackhammer,9
/scratch/pdoshi/audio_comp/urbansound8k_audio/08660_jackhammer.wav,8660,98859-7-2-3.wav,98859,7,jackhammer,9
/scratch/pdoshi/audio_comp/urbansound8k_audio/08661_jackhammer.wav,8661,98859-7-2-4.wav,98859,7,jackhammer,9
/scratch/pdoshi/audio_comp/urbansound8k_audio/08662_jackhammer.wav,8662,98859-7-2-5.wav,98859,7,jackhammer,9
/scratch/pdoshi/audio_comp/urbansound8k_audio/08663_street_music.wav,8663,99157-9-0-10.wav,99157,9,street_music,4
/scratch/pdoshi/audio_comp/urbansound8k_audio/08664_street_music.wav,8664,99157-9-0-15.wav,99157,9,street_music,4
/scratch/pdoshi/audio_comp/urbansound8k_audio/08665_street_music.wav,8665,99157-9-0-16.wav,99157,9,street_music,4
/scratch/pdoshi/audio_comp/urbansound8k_audio/08666_street_music.wav,8666,99157-9-0-22.wav,99157,9,street_music,4
/scratch/pdoshi/audio_comp/urbansound8k_audio/08667_street_music.wav,8667,99157-9-0-24.wav,99157,9,street_music,4
/scratch/pdoshi/audio_comp/urbansound8k_audio/08668_street_music.wav,8668,99157-9-0-31.wav,99157,9,street_music,4
/scratch/pdoshi/audio_comp/urbansound8k_audio/08669_street_music.wav,8669,99179-9-0-12.wav,99179,9,street_music,8
/scratch/pdoshi/audio_comp/urbansound8k_audio/08670_street_music.wav,8670,99179-9-0-17.wav,99179,9,street_music,8
/scratch/pdoshi/audio_comp/urbansound8k_audio/08671_street_music.wav,8671,99179-9-0-19.wav,99179,9,street_music,8
/scratch/pdoshi/audio_comp/urbansound8k_audio/08672_street_music.wav,8672,99179-9-0-38.wav,99179,9,street_music,8
/scratch/pdoshi/audio_comp/urbansound8k_audio/08673_street_music.wav,8673,99179-9-0-53.wav,99179,9,street_music,8
/scratch/pdoshi/audio_comp/urbansound8k_audio/08674_street_music.wav,8674,99179-9-0-58.wav,99179,9,street_music,8
/scratch/pdoshi/audio_comp/urbansound8k_audio/08675_street_music.wav,8675,99180-9-0-0.wav,99180,9,street_music,1
/scratch/pdoshi/audio_comp/urbansound8k_audio/08676_street_music.wav,8676,99180-9-0-2.wav,99180,9,street_music,1
/scratch/pdoshi/audio_comp/urbansound8k_audio/08677_street_music.wav,8677,99180-9-0-36.wav,99180,9,street_music,1
/scratch/pdoshi/audio_comp/urbansound8k_audio/08678_street_music.wav,8678,99180-9-0-48.wav,99180,9,street_music,1
/scratch/pdoshi/audio_comp/urbansound8k_audio/08679_street_music.wav,8679,99180-9-0-49.wav,99180,9,street_music,1
/scratch/pdoshi/audio_comp/urbansound8k_audio/08680_street_music.wav,8680,99180-9-0-7.wav,99180,9,street_music,1
/scratch/pdoshi/audio_comp/urbansound8k_audio/08681_dog_bark.wav,8681,99185-3-0-0.wav,99185,3,dog_bark,5
/scratch/pdoshi/audio_comp/urbansound8k_audio/08682_drilling.wav,8682,99192-4-0-0.wav,99192,4,drilling,10
/scratch/pdoshi/audio_comp/urbansound8k_audio/08683_drilling.wav,8683,99192-4-0-1.wav,99192,4,drilling,10
/scratch/pdoshi/audio_comp/urbansound8k_audio/08684_drilling.wav,8684,99192-4-0-12.wav,99192,4,drilling,10
/scratch/pdoshi/audio_comp/urbansound8k_audio/08685_drilling.wav,8685,99192-4-0-15.wav,99192,4,drilling,10
/scratch/pdoshi/audio_comp/urbansound8k_audio/08686_drilling.wav,8686,99192-4-0-17.wav,99192,4,drilling,10
/scratch/pdoshi/audio_comp/urbansound8k_audio/08687_drilling.wav,8687,99192-4-0-18.wav,99192,4,drilling,10
/scratch/pdoshi/audio_comp/urbansound8k_audio/08688_drilling.wav,8688,99192-4-0-20.wav,99192,4,drilling,10
/scratch/pdoshi/audio_comp/urbansound8k_audio/08689_drilling.wav,8689,99192-4-0-24.wav,99192,4,drilling,10
/scratch/pdoshi/audio_comp/urbansound8k_audio/08690_drilling.wav,8690,99192-4-0-26.wav,99192,4,drilling,10
/scratch/pdoshi/audio_comp/urbansound8k_audio/08691_drilling.wav,8691,99192-4-0-27.wav,99192,4,drilling,10
/scratch/pdoshi/audio_comp/urbansound8k_audio/08692_drilling.wav,8692,99192-4-0-28.wav,99192,4,drilling,10
/scratch/pdoshi/audio_comp/urbansound8k_audio/08693_drilling.wav,8693,99192-4-0-3.wav,99192,4,drilling,10
/scratch/pdoshi/audio_comp/urbansound8k_audio/08694_drilling.wav,8694,99192-4-0-30.wav,99192,4,drilling,10
/scratch/pdoshi/audio_comp/urbansound8k_audio/08695_drilling.wav,8695,99192-4-0-32.wav,99192,4,drilling,10
/scratch/pdoshi/audio_comp/urbansound8k_audio/08696_drilling.wav,8696,99192-4-0-33.wav,99192,4,drilling,10
/scratch/pdoshi/audio_comp/urbansound8k_audio/08697_drilling.wav,8697,99192-4-0-38.wav,99192,4,drilling,10
/scratch/pdoshi/audio_comp/urbansound8k_audio/08698_drilling.wav,8698,99192-4-0-40.wav,99192,4,drilling,10
/scratch/pdoshi/audio_comp/urbansound8k_audio/08699_drilling.wav,8699,99192-4-0-41.wav,99192,4,drilling,10
/scratch/pdoshi/audio_comp/urbansound8k_audio/08700_drilling.wav,8700,99192-4-0-43.wav,99192,4,drilling,10
/scratch/pdoshi/audio_comp/urbansound8k_audio/08701_drilling.wav,8701,99192-4-0-47.wav,99192,4,drilling,10
/scratch/pdoshi/audio_comp/urbansound8k_audio/08702_drilling.wav,8702,99192-4-0-48.wav,99192,4,drilling,10
/scratch/pdoshi/audio_comp/urbansound8k_audio/08703_drilling.wav,8703,99192-4-0-49.wav,99192,4,drilling,10
/scratch/pdoshi/audio_comp/urbansound8k_audio/08704_drilling.wav,8704,99192-4-0-52.wav,99192,4,drilling,10
/scratch/pdoshi/audio_comp/urbansound8k_audio/08705_drilling.wav,8705,99192-4-0-53.wav,99192,4,drilling,10
/scratch/pdoshi/audio_comp/urbansound8k_audio/08706_drilling.wav,8706,99192-4-0-54.wav,99192,4,drilling,10
/scratch/pdoshi/audio_comp/urbansound8k_audio/08707_drilling.wav,8707,99192-4-0-55.wav,99192,4,drilling,10
/scratch/pdoshi/audio_comp/urbansound8k_audio/08708_drilling.wav,8708,99192-4-0-7.wav,99192,4,drilling,10
/scratch/pdoshi/audio_comp/urbansound8k_audio/08709_children_playing.wav,8709,99500-2-0-1.wav,99500,2,children_playing,9
/scratch/pdoshi/audio_comp/urbansound8k_audio/08710_children_playing.wav,8710,99500-2-0-11.wav,99500,2,children_playing,9
/scratch/pdoshi/audio_comp/urbansound8k_audio/08711_children_playing.wav,8711,99500-2-0-2.wav,99500,2,children_playing,9
/scratch/pdoshi/audio_comp/urbansound8k_audio/08712_children_playing.wav,8712,99500-2-0-23.wav,99500,2,children_playing,9
/scratch/pdoshi/audio_comp/urbansound8k_audio/08713_children_playing.wav,8713,99500-2-0-29.wav,99500,2,children_playing,9
/scratch/pdoshi/audio_comp/urbansound8k_audio/08714_children_playing.wav,8714,99500-2-0-39.wav,99500,2,children_playing,9
/scratch/pdoshi/audio_comp/urbansound8k_audio/08715_children_playing.wav,8715,99500-2-0-41.wav,99500,2,children_playing,9
/scratch/pdoshi/audio_comp/urbansound8k_audio/08716_children_playing.wav,8716,99500-2-0-50.wav,99500,2,children_playing,9
/scratch/pdoshi/audio_comp/urbansound8k_audio/08717_street_music.wav,8717,99710-9-0-11.wav,99710,9,street_music,6
/scratch/pdoshi/audio_comp/urbansound8k_audio/08718_street_music.wav,8718,99710-9-0-12.wav,99710,9,street_music,6
/scratch/pdoshi/audio_comp/urbansound8k_audio/08719_street_music.wav,8719,99710-9-0-16.wav,99710,9,street_music,6
/scratch/pdoshi/audio_comp/urbansound8k_audio/08720_street_music.wav,8720,99710-9-0-2.wav,99710,9,street_music,6
/scratch/pdoshi/audio_comp/urbansound8k_audio/08721_street_music.wav,8721,99710-9-0-5.wav,99710,9,street_music,6
/scratch/pdoshi/audio_comp/urbansound8k_audio/08722_street_music.wav,8722,99710-9-0-6.wav,99710,9,street_music,6
/scratch/pdoshi/audio_comp/urbansound8k_audio/08723_car_horn.wav,8723,99812-1-0-0.wav,99812,1,car_horn,7
/scratch/pdoshi/audio_comp/urbansound8k_audio/08724_car_horn.wav,8724,99812-1-0-1.wav,99812,1,car_horn,7
/scratch/pdoshi/audio_comp/urbansound8k_audio/08725_car_horn.wav,8725,99812-1-0-2.wav,99812,1,car_horn,7
/scratch/pdoshi/audio_comp/urbansound8k_audio/08726_car_horn.wav,8726,99812-1-1-0.wav,99812,1,car_horn,7
/scratch/pdoshi/audio_comp/urbansound8k_audio/08727_car_horn.wav,8727,99812-1-2-0.wav,99812,1,car_horn,7
/scratch/pdoshi/audio_comp/urbansound8k_audio/08728_car_horn.wav,8728,99812-1-3-0.wav,99812,1,car_horn,7
/scratch/pdoshi/audio_comp/urbansound8k_audio/08729_car_horn.wav,8729,99812-1-4-0.wav,99812,1,car_horn,7
/scratch/pdoshi/audio_comp/urbansound8k_audio/08730_car_horn.wav,8730,99812-1-5-0.wav,99812,1,car_horn,7
/scratch/pdoshi/audio_comp/urbansound8k_audio/08731_car_horn.wav,8731,99812-1-6-0.wav,99812,1,car_horn,7
